id,created_at,updated_at,version,srd_version,name,item_category,rarity_tier,rarity_note,applies_to,attunement,attunement_note,cost_gp,weight_lb,description,tool_ability,weapon_category,weapon_dice_count,weapon_dice_faces,weapon_dice_bonus,weapon_damage_type,versatile_dice_count,versatile_dice_faces,mastery_id,range_normal_feet,range_long_feet,weapon_reach_feet,ammunition_id,armor_category,base_armor_class,adds_dexterity,dexterity_cap,strength_requirement,stealth_disadvantage,armor_class_bonus
194a0906-3ac5-59cd-877b-5dd609840d8e,2026-09-08T00:00:00,2026-09-08T00:00:00,0,SRD_5_2,Club,WEAPON,NULL,NULL,NULL,false,NULL,0.1,2,NULL,NULL,SIMPLE_MELEE,1,4,NULL,BLUDGEONING,NULL,NULL,a5700000-0000-4000-a000-000000000006,NULL,NULL,NULL,NULL,NULL,NULL,NULL,NULL,NULL,NULL,NULL
6cd93b4e-f374-5e18-9f9c-64214d1ab52a,2026-09-08T00:00:00,2026-09-08T00:00:00,0,SRD_5_2,Dagger,WEAPON,NULL,NULL,NULL,false,NULL,2.0,1,NULL,NULL,SIMPLE_MELEE,1,4,NULL,PIERCING,NULL,NULL,a5700000-0000-4000-a000-000000000003,20,60,NULL,NULL,NULL,NULL,NULL,NULL,NULL,NULL,NULL
e9c509af-c798-5af6-8a88-4f28e77de06f,2026-09-08T00:00:00,2026-09-08T00:00:00,0,SRD_5_2,Greatclub,WEAPON,NULL,NULL,NULL,false,NULL,0.2,10,NULL,NULL,SIMPLE_MELEE,1,8,NULL,BLUDGEONING,NULL,NULL,a5700000-0000-4000-a000-000000000004,NULL,NULL,NULL,NULL,NULL,NULL,NULL,NULL,NULL,NULL,NULL
8e99f5d3-6a8c-5ad0-90e2-02f226700b55,2026-09-08T00:00:00,2026-09-08T00:00:00,0,SRD_5_2,Handaxe,WEAPON,NULL,NULL,NULL,false,NULL,5.0,2,NULL,NULL,SIMPLE_MELEE,1,6,NULL,SLASHING,NULL,NULL,a5700000-0000-4000-a000-000000000008,20,60,NULL,NULL,NULL,NULL,NULL,NULL,NULL,NULL,NULL
ecdbadc2-fdab-5f94-8b87-6af5f9bb6683,2026-09-08T00:00:00,2026-09-08T00:00:00,0,SRD_5_2,Javelin,WEAPON,NULL,NULL,NULL,false,NULL,0.5,2,NULL,NULL,SIMPLE_MELEE,1,6,NULL,PIERCING,NULL,NULL,a5700000-0000-4000-a000-000000000006,30,120,NULL,NULL,NULL,NULL,NULL,NULL,NULL,NULL,NULL
c5f0d130-dac1-5b69-8121-5aeea592fdbf,2026-09-08T00:00:00,2026-09-08T00:00:00,0,SRD_5_2,Light Hammer,WEAPON,NULL,NULL,NULL,false,NULL,2.0,2,NULL,NULL,SIMPLE_MELEE,1,4,NULL,BLUDGEONING,NULL,NULL,a5700000-0000-4000-a000-000000000003,20,60,NULL,NULL,NULL,NULL,NULL,NULL,NULL,NULL,NULL
644f69b6-2f91-58dc-b51b-7cee3eb08ce9,2026-09-08T00:00:00,2026-09-08T00:00:00,0,SRD_5_2,Mace,WEAPON,NULL,NULL,NULL,false,NULL,5.0,4,NULL,NULL,SIMPLE_MELEE,1,6,NULL,BLUDGEONING,NULL,NULL,a5700000-0000-4000-a000-000000000005,NULL,NULL,NULL,NULL,NULL,NULL,NULL,NULL,NULL,NULL,NULL
6b57b751-aa30-5683-acfd-99a14a8c3982,2026-09-08T00:00:00,2026-09-08T00:00:00,0,SRD_5_2,Quarterstaff,WEAPON,NULL,NULL,NULL,false,NULL,0.2,4,NULL,NULL,SIMPLE_MELEE,1,6,NULL,BLUDGEONING,1,8,a5700000-0000-4000-a000-000000000007,NULL,NULL,NULL,NULL,NULL,NULL,NULL,NULL,NULL,NULL,NULL
41a8ff95-1707-56ef-b60c-136353fb09e6,2026-09-08T00:00:00,2026-09-08T00:00:00,0,SRD_5_2,Sickle,WEAPON,NULL,NULL,NULL,false,NULL,1.0,2,NULL,NULL,SIMPLE_MELEE,1,4,NULL,SLASHING,NULL,NULL,a5700000-0000-4000-a000-000000000003,NULL,NULL,NULL,NULL,NULL,NULL,NULL,NULL,NULL,NULL,NULL
e5dc7685-1101-5f7d-93ec-fe54305bbf27,2026-09-08T00:00:00,2026-09-08T00:00:00,0,SRD_5_2,Spear,WEAPON,NULL,NULL,NULL,false,NULL,1.0,3,NULL,NULL,SIMPLE_MELEE,1,6,NULL,PIERCING,1,8,a5700000-0000-4000-a000-000000000005,20,60,NULL,NULL,NULL,NULL,NULL,NULL,NULL,NULL,NULL
27fdc56c-4486-5bde-b9d5-62e4c6d9271d,2026-09-08T00:00:00,2026-09-08T00:00:00,0,SRD_5_2,Dart,WEAPON,NULL,NULL,NULL,false,NULL,0.05,0.25,NULL,NULL,SIMPLE_RANGED,1,4,NULL,PIERCING,NULL,NULL,a5700000-0000-4000-a000-000000000008,20,60,NULL,NULL,NULL,NULL,NULL,NULL,NULL,NULL,NULL
a12fc33c-1130-5ac9-820b-90b2ac1dcd9e,2026-09-08T00:00:00,2026-09-08T00:00:00,0,SRD_5_2,Light Crossbow,WEAPON,NULL,NULL,NULL,false,NULL,25.0,5,NULL,NULL,SIMPLE_RANGED,1,8,NULL,PIERCING,NULL,NULL,a5700000-0000-4000-a000-000000000006,80,320,NULL,7be1a21d-3bf2-53f8-8b14-47eabede177e,NULL,NULL,NULL,NULL,NULL,NULL,NULL
4dd506f2-3279-547d-ac5f-a6e959049f41,2026-09-08T00:00:00,2026-09-08T00:00:00,0,SRD_5_2,Shortbow,WEAPON,NULL,NULL,NULL,false,NULL,25.0,2,NULL,NULL,SIMPLE_RANGED,1,6,NULL,PIERCING,NULL,NULL,a5700000-0000-4000-a000-000000000008,80,320,NULL,ed88e30f-29eb-52db-b6d1-abd12a042208,NULL,NULL,NULL,NULL,NULL,NULL,NULL
f8087ed2-34a8-5c5c-86f0-5822efa783d5,2026-09-08T00:00:00,2026-09-08T00:00:00,0,SRD_5_2,Sling,WEAPON,NULL,NULL,NULL,false,NULL,0.1,NULL,NULL,NULL,SIMPLE_RANGED,1,4,NULL,BLUDGEONING,NULL,NULL,a5700000-0000-4000-a000-000000000006,30,120,NULL,0f872433-f266-5c3e-b13f-f5a6136b987a,NULL,NULL,NULL,NULL,NULL,NULL,NULL
207463e9-c9a9-53ef-9319-949b46a0dc4b,2026-09-08T00:00:00,2026-09-08T00:00:00,0,SRD_5_2,Battleaxe,WEAPON,NULL,NULL,NULL,false,NULL,10.0,4,NULL,NULL,MARTIAL_MELEE,1,8,NULL,SLASHING,1,10,a5700000-0000-4000-a000-000000000007,NULL,NULL,NULL,NULL,NULL,NULL,NULL,NULL,NULL,NULL,NULL
07edad4c-de97-5b60-b367-94d3b9160532,2026-09-08T00:00:00,2026-09-08T00:00:00,0,SRD_5_2,Flail,WEAPON,NULL,NULL,NULL,false,NULL,10.0,2,NULL,NULL,MARTIAL_MELEE,1,8,NULL,BLUDGEONING,NULL,NULL,a5700000-0000-4000-a000-000000000005,NULL,NULL,NULL,NULL,NULL,NULL,NULL,NULL,NULL,NULL,NULL
be8123f0-e90e-50a2-ac6b-8921e66fac5c,2026-09-08T00:00:00,2026-09-08T00:00:00,0,SRD_5_2,Glaive,WEAPON,NULL,NULL,NULL,false,NULL,20.0,6,NULL,NULL,MARTIAL_MELEE,1,10,NULL,SLASHING,NULL,NULL,a5700000-0000-4000-a000-000000000002,NULL,NULL,10,NULL,NULL,NULL,NULL,NULL,NULL,NULL,NULL
b6810b43-2ed6-521d-a2ad-5a9c33684fc2,2026-09-08T00:00:00,2026-09-08T00:00:00,0,SRD_5_2,Greataxe,WEAPON,NULL,NULL,NULL,false,NULL,30.0,7,NULL,NULL,MARTIAL_MELEE,1,12,NULL,SLASHING,NULL,NULL,a5700000-0000-4000-a000-000000000001,NULL,NULL,NULL,NULL,NULL,NULL,NULL,NULL,NULL,NULL,NULL
b5c05f13-24d2-54a5-af83-8aca0f8a6c06,2026-09-08T00:00:00,2026-09-08T00:00:00,0,SRD_5_2,Greatsword,WEAPON,NULL,NULL,NULL,false,NULL,50.0,6,NULL,NULL,MARTIAL_MELEE,2,6,NULL,SLASHING,NULL,NULL,a5700000-0000-4000-a000-000000000002,NULL,NULL,NULL,NULL,NULL,NULL,NULL,NULL,NULL,NULL,NULL
9f68602e-a9a6-5612-a85c-3bf6d2a65c62,2026-09-08T00:00:00,2026-09-08T00:00:00,0,SRD_5_2,Halberd,WEAPON,NULL,NULL,NULL,false,NULL,20.0,6,NULL,NULL,MARTIAL_MELEE,1,10,NULL,SLASHING,NULL,NULL,a5700000-0000-4000-a000-000000000001,NULL,NULL,10,NULL,NULL,NULL,NULL,NULL,NULL,NULL,NULL
a4843515-c3c9-5a3c-ac4e-3a971a747dcc,2026-09-08T00:00:00,2026-09-08T00:00:00,0,SRD_5_2,Lance,WEAPON,NULL,NULL,NULL,false,NULL,10.0,6,NULL,NULL,MARTIAL_MELEE,1,10,NULL,PIERCING,NULL,NULL,a5700000-0000-4000-a000-000000000007,NULL,NULL,10,NULL,NULL,NULL,NULL,NULL,NULL,NULL,NULL
a0f59cfe-f110-5e2a-a029-416d89e13544,2026-09-08T00:00:00,2026-09-08T00:00:00,0,SRD_5_2,Longsword,WEAPON,NULL,NULL,NULL,false,NULL,15.0,3,NULL,NULL,MARTIAL_MELEE,1,8,NULL,SLASHING,1,10,a5700000-0000-4000-a000-000000000005,NULL,NULL,NULL,NULL,NULL,NULL,NULL,NULL,NULL,NULL,NULL
100e2646-cba2-5c4e-b32f-bdda2d76e216,2026-09-08T00:00:00,2026-09-08T00:00:00,0,SRD_5_2,Maul,WEAPON,NULL,NULL,NULL,false,NULL,10.0,10,NULL,NULL,MARTIAL_MELEE,2,6,NULL,BLUDGEONING,NULL,NULL,a5700000-0000-4000-a000-000000000007,NULL,NULL,NULL,NULL,NULL,NULL,NULL,NULL,NULL,NULL,NULL
d3e34f7b-ea64-5d1a-98dd-9957c8e62be8,2026-09-08T00:00:00,2026-09-08T00:00:00,0,SRD_5_2,Morningstar,WEAPON,NULL,NULL,NULL,false,NULL,15.0,4,NULL,NULL,MARTIAL_MELEE,1,8,NULL,PIERCING,NULL,NULL,a5700000-0000-4000-a000-000000000005,NULL,NULL,NULL,NULL,NULL,NULL,NULL,NULL,NULL,NULL,NULL
6186aa49-c69e-5775-abbb-2163803fab04,2026-09-08T00:00:00,2026-09-08T00:00:00,0,SRD_5_2,Pike,WEAPON,NULL,NULL,NULL,false,NULL,5.0,18,NULL,NULL,MARTIAL_MELEE,1,10,NULL,PIERCING,NULL,NULL,a5700000-0000-4000-a000-000000000004,NULL,NULL,10,NULL,NULL,NULL,NULL,NULL,NULL,NULL,NULL
92ef8e60-7c43-5048-b972-aefbe8108359,2026-09-08T00:00:00,2026-09-08T00:00:00,0,SRD_5_2,Rapier,WEAPON,NULL,NULL,NULL,false,NULL,25.0,2,NULL,NULL,MARTIAL_MELEE,1,8,NULL,PIERCING,NULL,NULL,a5700000-0000-4000-a000-000000000008,NULL,NULL,NULL,NULL,NULL,NULL,NULL,NULL,NULL,NULL,NULL
d8f3c826-aa8a-5ee2-bff5-f3451582c3ea,2026-09-08T00:00:00,2026-09-08T00:00:00,0,SRD_5_2,Scimitar,WEAPON,NULL,NULL,NULL,false,NULL,25.0,3,NULL,NULL,MARTIAL_MELEE,1,6,NULL,SLASHING,NULL,NULL,a5700000-0000-4000-a000-000000000003,NULL,NULL,NULL,NULL,NULL,NULL,NULL,NULL,NULL,NULL,NULL
1f2b5e74-a5ab-5ba0-8832-862e01e69fee,2026-09-08T00:00:00,2026-09-08T00:00:00,0,SRD_5_2,Shortsword,WEAPON,NULL,NULL,NULL,false,NULL,10.0,2,NULL,NULL,MARTIAL_MELEE,1,6,NULL,PIERCING,NULL,NULL,a5700000-0000-4000-a000-000000000008,NULL,NULL,NULL,NULL,NULL,NULL,NULL,NULL,NULL,NULL,NULL
90ae4214-ae62-5f74-a086-f2e4460f670e,2026-09-08T00:00:00,2026-09-08T00:00:00,0,SRD_5_2,Trident,WEAPON,NULL,NULL,NULL,false,NULL,5.0,4,NULL,NULL,MARTIAL_MELEE,1,8,NULL,PIERCING,1,10,a5700000-0000-4000-a000-000000000007,20,60,NULL,NULL,NULL,NULL,NULL,NULL,NULL,NULL,NULL
9df9d0a4-422d-585a-9e7c-6d2adfcc2e2e,2026-09-08T00:00:00,2026-09-08T00:00:00,0,SRD_5_2,Warhammer,WEAPON,NULL,NULL,NULL,false,NULL,15.0,5,NULL,NULL,MARTIAL_MELEE,1,8,NULL,BLUDGEONING,1,10,a5700000-0000-4000-a000-000000000004,NULL,NULL,NULL,NULL,NULL,NULL,NULL,NULL,NULL,NULL,NULL
7fcd25e8-d4db-5fe2-84c3-ba56b3df7fe8,2026-09-08T00:00:00,2026-09-08T00:00:00,0,SRD_5_2,War Pick,WEAPON,NULL,NULL,NULL,false,NULL,5.0,2,NULL,NULL,MARTIAL_MELEE,1,8,NULL,PIERCING,1,10,a5700000-0000-4000-a000-000000000005,NULL,NULL,NULL,NULL,NULL,NULL,NULL,NULL,NULL,NULL,NULL
75fda211-b7b0-5555-b223-9ec94c998b2d,2026-09-08T00:00:00,2026-09-08T00:00:00,0,SRD_5_2,Whip,WEAPON,NULL,NULL,NULL,false,NULL,2.0,3,NULL,NULL,MARTIAL_MELEE,1,4,NULL,SLASHING,NULL,NULL,a5700000-0000-4000-a000-000000000006,NULL,NULL,10,NULL,NULL,NULL,NULL,NULL,NULL,NULL,NULL
396a94d4-6fec-59dc-8d8f-c0b4652e45ab,2026-09-08T00:00:00,2026-09-08T00:00:00,0,SRD_5_2,Blowgun,WEAPON,NULL,NULL,NULL,false,NULL,10.0,1,NULL,NULL,MARTIAL_RANGED,NULL,NULL,1,PIERCING,NULL,NULL,a5700000-0000-4000-a000-000000000008,25,100,NULL,0e7fc3cc-4429-5e0e-82ab-9cd5fbbabace,NULL,NULL,NULL,NULL,NULL,NULL,NULL
d751460b-5c9b-5614-a830-86ab32b1f6f1,2026-09-08T00:00:00,2026-09-08T00:00:00,0,SRD_5_2,Hand Crossbow,WEAPON,NULL,NULL,NULL,false,NULL,75.0,3,NULL,NULL,MARTIAL_RANGED,1,6,NULL,PIERCING,NULL,NULL,a5700000-0000-4000-a000-000000000008,30,120,NULL,7be1a21d-3bf2-53f8-8b14-47eabede177e,NULL,NULL,NULL,NULL,NULL,NULL,NULL
b6e7bae6-9421-584b-bb9a-a0bf3f1b4ece,2026-09-08T00:00:00,2026-09-08T00:00:00,0,SRD_5_2,Heavy Crossbow,WEAPON,NULL,NULL,NULL,false,NULL,50.0,18,NULL,NULL,MARTIAL_RANGED,1,10,NULL,PIERCING,NULL,NULL,a5700000-0000-4000-a000-000000000004,100,400,NULL,7be1a21d-3bf2-53f8-8b14-47eabede177e,NULL,NULL,NULL,NULL,NULL,NULL,NULL
12528311-107f-58bf-b8d1-8055dfa9c034,2026-09-08T00:00:00,2026-09-08T00:00:00,0,SRD_5_2,Longbow,WEAPON,NULL,NULL,NULL,false,NULL,50.0,2,NULL,NULL,MARTIAL_RANGED,1,8,NULL,PIERCING,NULL,NULL,a5700000-0000-4000-a000-000000000006,150,600,NULL,ed88e30f-29eb-52db-b6d1-abd12a042208,NULL,NULL,NULL,NULL,NULL,NULL,NULL
99391c75-3d86-5339-8be6-512c60aacb5a,2026-09-08T00:00:00,2026-09-08T00:00:00,0,SRD_5_2,Musket,WEAPON,NULL,NULL,NULL,false,NULL,500.0,10,NULL,NULL,MARTIAL_RANGED,1,12,NULL,PIERCING,NULL,NULL,a5700000-0000-4000-a000-000000000006,40,120,NULL,53ad4fa1-c267-5071-b7bf-ca2a81ceb04c,NULL,NULL,NULL,NULL,NULL,NULL,NULL
5f8bd190-3248-5a47-975b-e6854bdf60f5,2026-09-08T00:00:00,2026-09-08T00:00:00,0,SRD_5_2,Pistol,WEAPON,NULL,NULL,NULL,false,NULL,250.0,3,NULL,NULL,MARTIAL_RANGED,1,10,NULL,PIERCING,NULL,NULL,a5700000-0000-4000-a000-000000000008,30,90,NULL,53ad4fa1-c267-5071-b7bf-ca2a81ceb04c,NULL,NULL,NULL,NULL,NULL,NULL,NULL
e6ce03ce-cb31-5d1c-abdf-0c8d18a8dd9f,2026-09-08T00:00:00,2026-09-08T00:00:00,0,SRD_5_2,Padded Armor,ARMOR,NULL,NULL,NULL,false,NULL,5.0,8,NULL,NULL,NULL,NULL,NULL,NULL,NULL,NULL,NULL,NULL,NULL,NULL,NULL,NULL,LIGHT,11,true,NULL,NULL,true,NULL
10cb5067-7b6a-53fc-924f-3421aaaaa41f,2026-09-08T00:00:00,2026-09-08T00:00:00,0,SRD_5_2,Leather Armor,ARMOR,NULL,NULL,NULL,false,NULL,10.0,10,NULL,NULL,NULL,NULL,NULL,NULL,NULL,NULL,NULL,NULL,NULL,NULL,NULL,NULL,LIGHT,11,true,NULL,NULL,false,NULL
69221ae9-4c04-579e-8ff6-b94068dcfff3,2026-09-08T00:00:00,2026-09-08T00:00:00,0,SRD_5_2,Studded Leather Armor,ARMOR,NULL,NULL,NULL,false,NULL,45.0,13,NULL,NULL,NULL,NULL,NULL,NULL,NULL,NULL,NULL,NULL,NULL,NULL,NULL,NULL,LIGHT,12,true,NULL,NULL,false,NULL
72f9bb43-cee3-5aca-8705-7f19770c2089,2026-09-08T00:00:00,2026-09-08T00:00:00,0,SRD_5_2,Hide Armor,ARMOR,NULL,NULL,NULL,false,NULL,10.0,12,NULL,NULL,NULL,NULL,NULL,NULL,NULL,NULL,NULL,NULL,NULL,NULL,NULL,NULL,MEDIUM,12,true,2,NULL,false,NULL
a74ad564-7aa5-53a9-a7d3-4ace8c187308,2026-09-08T00:00:00,2026-09-08T00:00:00,0,SRD_5_2,Chain Shirt,ARMOR,NULL,NULL,NULL,false,NULL,50.0,20,NULL,NULL,NULL,NULL,NULL,NULL,NULL,NULL,NULL,NULL,NULL,NULL,NULL,NULL,MEDIUM,13,true,2,NULL,false,NULL
637cbabc-d916-59d2-b074-6052f36269d0,2026-09-08T00:00:00,2026-09-08T00:00:00,0,SRD_5_2,Scale Mail,ARMOR,NULL,NULL,NULL,false,NULL,50.0,45,NULL,NULL,NULL,NULL,NULL,NULL,NULL,NULL,NULL,NULL,NULL,NULL,NULL,NULL,MEDIUM,14,true,2,NULL,true,NULL
cd7da83c-e477-5c6e-82be-a8dbc797b5dc,2026-09-08T00:00:00,2026-09-08T00:00:00,0,SRD_5_2,Breastplate,ARMOR,NULL,NULL,NULL,false,NULL,400.0,20,NULL,NULL,NULL,NULL,NULL,NULL,NULL,NULL,NULL,NULL,NULL,NULL,NULL,NULL,MEDIUM,14,true,2,NULL,false,NULL
7a6794d9-0c44-579b-8574-812f02dd07bc,2026-09-08T00:00:00,2026-09-08T00:00:00,0,SRD_5_2,Half Plate Armor,ARMOR,NULL,NULL,NULL,false,NULL,750.0,40,NULL,NULL,NULL,NULL,NULL,NULL,NULL,NULL,NULL,NULL,NULL,NULL,NULL,NULL,MEDIUM,15,true,2,NULL,true,NULL
f47725f4-ca5e-5a40-84d5-7d5534a46a2a,2026-09-08T00:00:00,2026-09-08T00:00:00,0,SRD_5_2,Ring Mail,ARMOR,NULL,NULL,NULL,false,NULL,30.0,40,NULL,NULL,NULL,NULL,NULL,NULL,NULL,NULL,NULL,NULL,NULL,NULL,NULL,NULL,HEAVY,14,false,NULL,NULL,true,NULL
ab11c16e-31e7-5d50-98ff-c0e8d90ebd2c,2026-09-08T00:00:00,2026-09-08T00:00:00,0,SRD_5_2,Chain Mail,ARMOR,NULL,NULL,NULL,false,NULL,75.0,55,NULL,NULL,NULL,NULL,NULL,NULL,NULL,NULL,NULL,NULL,NULL,NULL,NULL,NULL,HEAVY,16,false,NULL,13,true,NULL
2c1ce4c5-9e90-502d-94f4-0fef6f88cc80,2026-09-08T00:00:00,2026-09-08T00:00:00,0,SRD_5_2,Splint Armor,ARMOR,NULL,NULL,NULL,false,NULL,200.0,60,NULL,NULL,NULL,NULL,NULL,NULL,NULL,NULL,NULL,NULL,NULL,NULL,NULL,NULL,HEAVY,17,false,NULL,15,true,NULL
373b2869-467b-5cbc-a332-a9ab780f1fd6,2026-09-08T00:00:00,2026-09-08T00:00:00,0,SRD_5_2,Plate Armor,ARMOR,NULL,NULL,NULL,false,NULL,1500.0,65,NULL,NULL,NULL,NULL,NULL,NULL,NULL,NULL,NULL,NULL,NULL,NULL,NULL,NULL,HEAVY,18,false,NULL,15,true,NULL
64280b79-420c-5c3b-91be-b299013be532,2026-09-08T00:00:00,2026-09-08T00:00:00,0,SRD_5_2,Shield,SHIELD,NULL,NULL,NULL,false,NULL,10.0,6,NULL,NULL,NULL,NULL,NULL,NULL,NULL,NULL,NULL,NULL,NULL,NULL,NULL,NULL,SHIELD,NULL,false,NULL,NULL,false,2
ed88e30f-29eb-52db-b6d1-abd12a042208,2026-09-08T00:00:00,2026-09-08T00:00:00,0,SRD_5_2,Arrows,AMMUNITION,NULL,NULL,NULL,false,NULL,1.0,1,"Sold in lots of 20, stored in a Quiver.",NULL,NULL,NULL,NULL,NULL,NULL,NULL,NULL,NULL,NULL,NULL,NULL,NULL,NULL,NULL,NULL,NULL,NULL,NULL,NULL
7be1a21d-3bf2-53f8-8b14-47eabede177e,2026-09-08T00:00:00,2026-09-08T00:00:00,0,SRD_5_2,Bolts,AMMUNITION,NULL,NULL,NULL,false,NULL,1.0,1.5,"Sold in lots of 20, stored in a Case.",NULL,NULL,NULL,NULL,NULL,NULL,NULL,NULL,NULL,NULL,NULL,NULL,NULL,NULL,NULL,NULL,NULL,NULL,NULL,NULL
53ad4fa1-c267-5071-b7bf-ca2a81ceb04c,2026-09-08T00:00:00,2026-09-08T00:00:00,0,SRD_5_2,"Bullets, Firearm",AMMUNITION,NULL,NULL,NULL,false,NULL,3.0,2,"Sold in lots of 10, stored in a Pouch.",NULL,NULL,NULL,NULL,NULL,NULL,NULL,NULL,NULL,NULL,NULL,NULL,NULL,NULL,NULL,NULL,NULL,NULL,NULL,NULL
0f872433-f266-5c3e-b13f-f5a6136b987a,2026-09-08T00:00:00,2026-09-08T00:00:00,0,SRD_5_2,"Bullets, Sling",AMMUNITION,NULL,NULL,NULL,false,NULL,0.04,1.5,"Sold in lots of 20, stored in a Pouch.",NULL,NULL,NULL,NULL,NULL,NULL,NULL,NULL,NULL,NULL,NULL,NULL,NULL,NULL,NULL,NULL,NULL,NULL,NULL,NULL
0e7fc3cc-4429-5e0e-82ab-9cd5fbbabace,2026-09-08T00:00:00,2026-09-08T00:00:00,0,SRD_5_2,Needles,AMMUNITION,NULL,NULL,NULL,false,NULL,1.0,1,"Sold in lots of 50, stored in a Pouch.",NULL,NULL,NULL,NULL,NULL,NULL,NULL,NULL,NULL,NULL,NULL,NULL,NULL,NULL,NULL,NULL,NULL,NULL,NULL,NULL
819171b4-f624-51c0-8c53-5e0c38940a34,2026-09-08T00:00:00,2026-09-08T00:00:00,0,SRD_5_2,Alchemist's Supplies,TOOL,NULL,NULL,NULL,false,NULL,50.0,8,"Utilize: Identify a substance (DC 15), or start a fire (DC 15)

Craft: Acid, Alchemist's Fire, Component Pouch, Oil, Paper, Perfume",INTELLIGENCE,NULL,NULL,NULL,NULL,NULL,NULL,NULL,NULL,NULL,NULL,NULL,NULL,NULL,NULL,NULL,NULL,NULL,NULL,NULL
263aa011-c9f3-5265-8aaa-ec0101bdfbe5,2026-09-08T00:00:00,2026-09-08T00:00:00,0,SRD_5_2,Brewer's Supplies,TOOL,NULL,NULL,NULL,false,NULL,20.0,9,"Utilize: Detect poisoned drink (DC 15), or identify alcohol (DC 10)

Craft: Antitoxin",INTELLIGENCE,NULL,NULL,NULL,NULL,NULL,NULL,NULL,NULL,NULL,NULL,NULL,NULL,NULL,NULL,NULL,NULL,NULL,NULL,NULL
74f98126-8f52-56c6-9c3e-9cffdbb98bad,2026-09-08T00:00:00,2026-09-08T00:00:00,0,SRD_5_2,Calligrapher's Supplies,TOOL,NULL,NULL,NULL,false,NULL,10.0,5,"Utilize: Write text with impressive flourishes that guard against forgery (DC 15)

Craft: Ink, Spell Scroll",DEXTERITY,NULL,NULL,NULL,NULL,NULL,NULL,NULL,NULL,NULL,NULL,NULL,NULL,NULL,NULL,NULL,NULL,NULL,NULL,NULL
bfb2c367-be27-5cb6-b8d3-1739dd856e0b,2026-09-08T00:00:00,2026-09-08T00:00:00,0,SRD_5_2,Carpenter's Tools,TOOL,NULL,NULL,NULL,false,NULL,8.0,6,"Utilize: Seal or pry open a door or container (DC 20)

Craft: Club, Greatclub, Quarterstaff, Barrel, Chest, Ladder, Pole, Portable Ram, Torch",STRENGTH,NULL,NULL,NULL,NULL,NULL,NULL,NULL,NULL,NULL,NULL,NULL,NULL,NULL,NULL,NULL,NULL,NULL,NULL,NULL
0908be7f-2b52-56e8-b891-9190fa4b0cae,2026-09-08T00:00:00,2026-09-08T00:00:00,0,SRD_5_2,Cartographer's Tools,TOOL,NULL,NULL,NULL,false,NULL,15.0,6,"Utilize: Draft a map of a small area (DC 15)

Craft: Map",WISDOM,NULL,NULL,NULL,NULL,NULL,NULL,NULL,NULL,NULL,NULL,NULL,NULL,NULL,NULL,NULL,NULL,NULL,NULL,NULL
93826d1d-1c87-5dc7-ae01-340514467662,2026-09-08T00:00:00,2026-09-08T00:00:00,0,SRD_5_2,Cobbler's Tools,TOOL,NULL,NULL,NULL,false,NULL,5.0,5,"Utilize: Modify footwear to give Advantage on the wearer's next Dexterity (Acrobatics) check (DC 10)

Craft: Climber's Kit",DEXTERITY,NULL,NULL,NULL,NULL,NULL,NULL,NULL,NULL,NULL,NULL,NULL,NULL,NULL,NULL,NULL,NULL,NULL,NULL,NULL
a22c6f24-a1a5-557c-8a6e-96576e05963c,2026-09-08T00:00:00,2026-09-08T00:00:00,0,SRD_5_2,Cook's Utensils,TOOL,NULL,NULL,NULL,false,NULL,1.0,8,"Utilize: Improve food's flavor (DC 10), or detect spoiled or poisoned food (DC 15)

Craft: Rations",WISDOM,NULL,NULL,NULL,NULL,NULL,NULL,NULL,NULL,NULL,NULL,NULL,NULL,NULL,NULL,NULL,NULL,NULL,NULL,NULL
c5359a1b-ddc9-5864-bab4-81e8542366e5,2026-09-08T00:00:00,2026-09-08T00:00:00,0,SRD_5_2,Glassblower's Tools,TOOL,NULL,NULL,NULL,false,NULL,30.0,5,"Utilize: Discern what a glass object held in the past 24 hours (DC 15)

Craft: Glass Bottle, Magnifying Glass, Spyglass, Vial",INTELLIGENCE,NULL,NULL,NULL,NULL,NULL,NULL,NULL,NULL,NULL,NULL,NULL,NULL,NULL,NULL,NULL,NULL,NULL,NULL,NULL
2dc73820-8a5a-5764-b54f-1787dbc3a7cf,2026-09-08T00:00:00,2026-09-08T00:00:00,0,SRD_5_2,Jeweler's Tools,TOOL,NULL,NULL,NULL,false,NULL,25.0,2,"Utilize: Discern a gem's value (DC 15)

Craft: Arcane Focus, Holy Symbol",INTELLIGENCE,NULL,NULL,NULL,NULL,NULL,NULL,NULL,NULL,NULL,NULL,NULL,NULL,NULL,NULL,NULL,NULL,NULL,NULL,NULL
1cf75748-acd6-53c2-8eb9-e063334b5b6b,2026-09-08T00:00:00,2026-09-08T00:00:00,0,SRD_5_2,Leatherworker's Tools,TOOL,NULL,NULL,NULL,false,NULL,5.0,5,"Utilize: Add a design to a leather item (DC 10)

Craft: Sling, Whip, Hide Armor, Leather Armor, Studded Leather Armor, Backpack, Crossbow Bolt Case, Map or Scroll Case, Parchment, Pouch, Quiver, Waterskin",DEXTERITY,NULL,NULL,NULL,NULL,NULL,NULL,NULL,NULL,NULL,NULL,NULL,NULL,NULL,NULL,NULL,NULL,NULL,NULL,NULL
d5654f62-45fe-5459-b8c5-94f01368bccb,2026-09-08T00:00:00,2026-09-08T00:00:00,0,SRD_5_2,Mason's Tools,TOOL,NULL,NULL,NULL,false,NULL,10.0,8,"Utilize: Chisel a symbol or hole in stone (DC 10)

Craft: Block and Tackle",STRENGTH,NULL,NULL,NULL,NULL,NULL,NULL,NULL,NULL,NULL,NULL,NULL,NULL,NULL,NULL,NULL,NULL,NULL,NULL,NULL
78890c9f-2f8c-541c-b333-d635dcb8bd0c,2026-09-08T00:00:00,2026-09-08T00:00:00,0,SRD_5_2,Painter's Supplies,TOOL,NULL,NULL,NULL,false,NULL,10.0,5,"Utilize: Paint a recognizable image of something you've seen (DC 10)

Craft: Druidic Focus, Holy Symbol",WISDOM,NULL,NULL,NULL,NULL,NULL,NULL,NULL,NULL,NULL,NULL,NULL,NULL,NULL,NULL,NULL,NULL,NULL,NULL,NULL
5757e02c-af9e-5b28-902c-c28c9538c3b9,2026-09-08T00:00:00,2026-09-08T00:00:00,0,SRD_5_2,Potter's Tools,TOOL,NULL,NULL,NULL,false,NULL,10.0,3,"Utilize: Discern what a ceramic object held in the past 24 hours (DC 15)

Craft: Jug, Lamp",INTELLIGENCE,NULL,NULL,NULL,NULL,NULL,NULL,NULL,NULL,NULL,NULL,NULL,NULL,NULL,NULL,NULL,NULL,NULL,NULL,NULL
809d1f44-1309-59ce-af82-b527726e668c,2026-09-08T00:00:00,2026-09-08T00:00:00,0,SRD_5_2,Smith's Tools,TOOL,NULL,NULL,NULL,false,NULL,20.0,8,"Utilize: Pry open a door or container (DC 20)

Craft: Any Melee weapon (except Club, Greatclub, Quarterstaff, and Whip), Medium armor (except Hide), Heavy armor, Ball Bearings, Bucket, Caltrops, Chain, Crowbar, Firearm Bullets, Grappling Hook, Iron Pot, Iron Spikes, Sling Bullets",STRENGTH,NULL,NULL,NULL,NULL,NULL,NULL,NULL,NULL,NULL,NULL,NULL,NULL,NULL,NULL,NULL,NULL,NULL,NULL,NULL
c12854d6-6aff-5491-a3cc-4771aeb46fb5,2026-09-08T00:00:00,2026-09-08T00:00:00,0,SRD_5_2,Tinker's Tools,TOOL,NULL,NULL,NULL,false,NULL,50.0,10,"Utilize: Assemble a Tiny item composed of scrap, which falls apart in 1 minute (DC 20)

Craft: Musket, Pistol, Bell, Bullseye Lantern, Flask, Hooded Lantern, Hunting Trap, Lock, Manacles, Mirror, Shovel, Signal Whistle, Tinderbox",DEXTERITY,NULL,NULL,NULL,NULL,NULL,NULL,NULL,NULL,NULL,NULL,NULL,NULL,NULL,NULL,NULL,NULL,NULL,NULL,NULL
434a1726-74df-5750-829b-7dffb94980fb,2026-09-08T00:00:00,2026-09-08T00:00:00,0,SRD_5_2,Weaver's Tools,TOOL,NULL,NULL,NULL,false,NULL,1.0,5,"Utilize: Mend a tear in clothing (DC 10), or sew a Tiny design (DC 10)

Craft: Padded Armor, Basket, Bedroll, Blanket, Fine Clothes, Net, Robe, Rope, Sack, String, Tent, Traveler's Clothes",DEXTERITY,NULL,NULL,NULL,NULL,NULL,NULL,NULL,NULL,NULL,NULL,NULL,NULL,NULL,NULL,NULL,NULL,NULL,NULL,NULL
e3413c4d-6440-5b1b-851e-30f2c5cd5756,2026-09-08T00:00:00,2026-09-08T00:00:00,0,SRD_5_2,Woodcarver's Tools,TOOL,NULL,NULL,NULL,false,NULL,1.0,5,"Utilize: Carve a pattern in wood (DC 10)

Craft: Club, Greatclub, Quarterstaff, Ranged weapons (except Pistol, Musket, and Sling), Arcane Focus, Arrows, Bolts, Druidic Focus, Ink Pen, Needles",DEXTERITY,NULL,NULL,NULL,NULL,NULL,NULL,NULL,NULL,NULL,NULL,NULL,NULL,NULL,NULL,NULL,NULL,NULL,NULL,NULL
d23ad6c9-8317-5830-acb1-9103fc76a430,2026-09-08T00:00:00,2026-09-08T00:00:00,0,SRD_5_2,Disguise Kit,TOOL,NULL,NULL,NULL,false,NULL,25.0,3,"Utilize: Apply makeup (DC 10)

Craft: Costume",CHARISMA,NULL,NULL,NULL,NULL,NULL,NULL,NULL,NULL,NULL,NULL,NULL,NULL,NULL,NULL,NULL,NULL,NULL,NULL,NULL
61470b8a-d109-5521-8109-8677e319a3ff,2026-09-08T00:00:00,2026-09-08T00:00:00,0,SRD_5_2,Forgery Kit,TOOL,NULL,NULL,NULL,false,NULL,15.0,5,"Utilize: Mimic 10 or fewer words of someone else's handwriting (DC 15), or duplicate a wax seal (DC 20)",DEXTERITY,NULL,NULL,NULL,NULL,NULL,NULL,NULL,NULL,NULL,NULL,NULL,NULL,NULL,NULL,NULL,NULL,NULL,NULL,NULL
539d90f0-d0c9-53a6-a0ca-d5128793e2af,2026-09-08T00:00:00,2026-09-08T00:00:00,0,SRD_5_2,Gaming Set,TOOL,NULL,NULL,NULL,false,NULL,NULL,NULL,"Utilize: Discern whether someone is cheating (DC 10), or win the game (DC 20)

Variants: Dice (1 SP), dragonchess (1 GP), playing cards (5 SP), three-dragon ante (1 GP)",WISDOM,NULL,NULL,NULL,NULL,NULL,NULL,NULL,NULL,NULL,NULL,NULL,NULL,NULL,NULL,NULL,NULL,NULL,NULL,NULL
f4a8b257-e578-5e1b-90a9-08ec90145415,2026-09-08T00:00:00,2026-09-08T00:00:00,0,SRD_5_2,Herbalism Kit,TOOL,NULL,NULL,NULL,false,NULL,5.0,3,"Utilize: Identify a plant (DC 10)

Craft: Antitoxin, Candle, Healer's Kit, Potion of Healing",INTELLIGENCE,NULL,NULL,NULL,NULL,NULL,NULL,NULL,NULL,NULL,NULL,NULL,NULL,NULL,NULL,NULL,NULL,NULL,NULL,NULL
a56bc7dd-09e8-5c69-9a24-0d1752712799,2026-09-08T00:00:00,2026-09-08T00:00:00,0,SRD_5_2,Musical Instrument,TOOL,NULL,NULL,NULL,false,NULL,NULL,NULL,"Utilize: Play a known tune (DC 10), or improvise a song (DC 15)

Variants: Bagpipes (30 GP, 6 lb.), drum (6 GP, 3 lb.), dulcimer (25 GP, 10 lb.), flute (2 GP, 1 lb.), horn (3 GP, 2 lb.), lute (35 GP, 2 lb.), lyre (30 GP, 2 lb.), pan flute (12 GP, 2 lb.), shawm (2 GP, 1 lb.), viol (30 GP, 1 lb.)",CHARISMA,NULL,NULL,NULL,NULL,NULL,NULL,NULL,NULL,NULL,NULL,NULL,NULL,NULL,NULL,NULL,NULL,NULL,NULL,NULL
df4c9648-67a3-53de-8196-9b7843b62627,2026-09-08T00:00:00,2026-09-08T00:00:00,0,SRD_5_2,Navigator's Tools,TOOL,NULL,NULL,NULL,false,NULL,25.0,2,"Utilize: Plot a course (DC 10), or determine position by stargazing (DC 15)",WISDOM,NULL,NULL,NULL,NULL,NULL,NULL,NULL,NULL,NULL,NULL,NULL,NULL,NULL,NULL,NULL,NULL,NULL,NULL,NULL
22dec447-dd6c-5b0e-a97d-a58391c50010,2026-09-08T00:00:00,2026-09-08T00:00:00,0,SRD_5_2,Poisoner's Kit,TOOL,NULL,NULL,NULL,false,NULL,50.0,2,"Utilize: Detect a poisoned object (DC 10)

Craft: Basic Poison",INTELLIGENCE,NULL,NULL,NULL,NULL,NULL,NULL,NULL,NULL,NULL,NULL,NULL,NULL,NULL,NULL,NULL,NULL,NULL,NULL,NULL
250b57c1-a68f-5316-8f2d-068badda58ed,2026-09-08T00:00:00,2026-09-08T00:00:00,0,SRD_5_2,Thieves' Tools,TOOL,NULL,NULL,NULL,false,NULL,25.0,1,"Utilize: Pick a lock (DC 15), or disarm a trap (DC 15)",DEXTERITY,NULL,NULL,NULL,NULL,NULL,NULL,NULL,NULL,NULL,NULL,NULL,NULL,NULL,NULL,NULL,NULL,NULL,NULL,NULL
0d940984-2faa-585e-86b0-02f280ff786d,2026-09-08T00:00:00,2026-09-08T00:00:00,0,SRD_5_2,Acid,ADVENTURING_GEAR,NULL,NULL,NULL,false,NULL,25.0,1,"When you take the Attack action, you can replace one of your attacks with throwing a vial of Acid. Target one creature or object you can see within 20 feet of yourself. The target must succeed on a Dexterity saving throw (DC 8 plus your Dexterity modifier and Proficiency Bonus) or take 2d6 Acid damage.",NULL,NULL,NULL,NULL,NULL,NULL,NULL,NULL,NULL,NULL,NULL,NULL,NULL,NULL,NULL,NULL,NULL,NULL,NULL,NULL
d9111b84-a66d-51cb-a445-0bdbf3a5b6b6,2026-09-08T00:00:00,2026-09-08T00:00:00,0,SRD_5_2,Alchemist's Fire,ADVENTURING_GEAR,NULL,NULL,NULL,false,NULL,50.0,1,"When you take the Attack action, you can replace one of your attacks with throwing a flask of Alchemist's Fire. Target one creature or object you can see within 20 feet of yourself. The target must succeed on a Dexterity saving throw (DC 8 plus your Dexterity modifier and Proficiency Bonus) or take 1d4 Fire damage and start burning (see ""Rules Glossary"").",NULL,NULL,NULL,NULL,NULL,NULL,NULL,NULL,NULL,NULL,NULL,NULL,NULL,NULL,NULL,NULL,NULL,NULL,NULL,NULL
ea433216-51f9-5ed5-9c16-d02ae78088a0,2026-09-08T00:00:00,2026-09-08T00:00:00,0,SRD_5_2,Ammunition,ADVENTURING_GEAR,NULL,NULL,NULL,false,NULL,NULL,NULL,"Ammunition is required by a weapon that has the Ammunition property. A weapon's description specifies the type of ammunition used by the weapon. The Ammunition table lists the different types and the amount you get when you buy them. The table also lists the item that is typically used to store each type; storage must be bought separately.

Adventuring Gear
Item  Weight  Cost
Acid  1 lb.  25 GP
Alchemist's Fire  1 lb.  50 GP
Ammunition  Varies  Varies
Antitoxin  —  50 GP
Arcane Focus  Varies  Varies
Backpack  5 lb.  2 GP
Ball Bearings  2 lb.  1 GP
Barrel  70 lb.  2 GP
Basket  2 lb.  4 SP
Bedroll  7 lb.  1 GP
Bell  —  1 GP
Blanket  3 lb.  5 SP
Block and Tackle  5 lb.  1 GP
Book  5 lb.  25 GP
Bottle, Glass  2 lb.  2 GP
Bucket  2 lb.  5 CP
Burglar's Pack  42 lb.  16 GP
Caltrops  2 lb.  1 GP
Candle  —  1 CP
Case, Crossbow Bolt  1 lb.  1 GP
Case, Map or Scroll  1 lb.  1 GP
Chain  10 lb.  5 GP
Chest  25 lb.  5 GP
Climber's Kit  12 lb.  25 GP
Clothes, Fine  6 lb.  15 GP
Clothes, Traveler's  4 lb.  2 GP
Component Pouch  2 lb.  25 GP
Costume  4 lb.  5 GP
Crowbar  5 lb.  2 GP
Diplomat's Pack  39 lb.  39 GP
Druidic Focus  Varies  Varies
Dungeoneer's Pack  55 lb.  12 GP
Entertainer's Pack  58½ lb.  40 GP
Explorer's Pack  55 lb.  10 GP
Flask  1 lb.  2 CP
Grappling Hook  4 lb.  2 GP
Healer's Kit  3 lb.  5 GP
Holy Symbol  Varies  Varies
Holy Water  1 lb.  25 GP
Hunting Trap  25 lb.  5 GP
Ink  —  10 GP
Item  Weight  Cost
Ink Pen  —  2 CP
Jug  4 lb.  2 CP
Ladder  25 lb.  1 SP
Lamp  1 lb.  5 SP
Lantern, Bullseye  2 lb.  10 GP
Lantern, Hooded  2 lb.  5 GP
Lock  1 lb.  10 GP
Magnifying Glass  —  100 GP
Manacles  6 lb.  2 GP
Map  —  1 GP
Mirror  1/2 lb.  5 GP
Net  3 lb.  1 GP
Oil  1 lb.  1 SP
Paper  —  2 SP
Parchment  —  1 SP
Perfume  —  5 GP
Poison, Basic  —  100 GP
Pole  7 lb.  5 CP
Pot, Iron  10 lb.  2 GP
Potion of Healing  1/2 lb.  50 GP
Pouch  1 lb.  5 SP
Priest's Pack  29 lb.  33 GP
Quiver  1 lb.  1 GP
Ram, Portable  35 lb.  4 GP
Rations  2 lb.  5 SP
Robe  4 lb.  1 GP
Rope  5 lb.  1 GP
Sack  1/2 lb.  1 CP
Scholar's Pack  22 lb.  40 GP
Shovel  5 lb.  2 GP
Signal Whistle  —  5 CP
Spell Scroll (Cantrip)  —  30 GP
Spell Scroll (Level 1)  —  50 GP
Spikes, Iron  5 lb.  1 GP
Spyglass  1 lb. 1,000 GP
String  —  1 SP
Tent  20 lb.  2 GP
Tinderbox  1 lb.  5 SP
Torch  1 lb.  1 CP
Vial  —  1 GP
Waterskin  5 lb. (full)  2 SP
Ammunition
Type  Amount Storage  Weight Cost
Arrows  20  Quiver  1 lb. 1 GP
Bolts  20  Case  1½ lb. 1 GP
Bullets, Firearm  10  Pouch  2 lb. 3 GP
Bullets, Sling  20  Pouch  1½ lb.  4 CP
Needles  50  Pouch  1 lb. 1 GP",NULL,NULL,NULL,NULL,NULL,NULL,NULL,NULL,NULL,NULL,NULL,NULL,NULL,NULL,NULL,NULL,NULL,NULL,NULL,NULL
e5d2939b-8a14-5761-b1a5-3ee0e56a8e73,2026-09-08T00:00:00,2026-09-08T00:00:00,0,SRD_5_2,Antitoxin,ADVENTURING_GEAR,NULL,NULL,NULL,false,NULL,50.0,NULL,"As a Bonus Action, you can drink a vial of Antitoxin to gain Advantage on saving throws to avoid or end the Poisoned condition for 1 hour.",NULL,NULL,NULL,NULL,NULL,NULL,NULL,NULL,NULL,NULL,NULL,NULL,NULL,NULL,NULL,NULL,NULL,NULL,NULL,NULL
cf75eaa1-cbb7-5134-a476-bc9a84346449,2026-09-08T00:00:00,2026-09-08T00:00:00,0,SRD_5_2,Arcane Focus,ADVENTURING_GEAR,NULL,NULL,NULL,false,NULL,NULL,NULL,"An Arcane Focus takes one of the forms in the Arcane Focuses table and is bejeweled or carved to channel arcane magic. A Sorcerer, Warlock, or Wizard can use such an item as a Spellcasting Focus.

Arcane Focuses
Focus  Weight  Cost
Crystal  1 lb.  10 GP
Orb  3 lb.  20 GP
Rod  2 lb.  10 GP
Staff (also a Quarterstaff)  4 lb.  5 GP
Wand  1 lb.  10 GP",NULL,NULL,NULL,NULL,NULL,NULL,NULL,NULL,NULL,NULL,NULL,NULL,NULL,NULL,NULL,NULL,NULL,NULL,NULL,NULL
cbec1c4d-a2a5-58d0-a6f8-06b8c8e3b8d4,2026-09-08T00:00:00,2026-09-08T00:00:00,0,SRD_5_2,Backpack,ADVENTURING_GEAR,NULL,NULL,NULL,false,NULL,2.0,5,A Backpack holds up to 30 pounds within 1 cubic foot. It can also serve as a saddlebag.,NULL,NULL,NULL,NULL,NULL,NULL,NULL,NULL,NULL,NULL,NULL,NULL,NULL,NULL,NULL,NULL,NULL,NULL,NULL,NULL
3e938aa0-cd58-5564-a386-5336a4c7294d,2026-09-08T00:00:00,2026-09-08T00:00:00,0,SRD_5_2,Ball Bearings,ADVENTURING_GEAR,NULL,NULL,NULL,false,NULL,1.0,2,"As a Utilize action, you can spill Ball Bearings from their pouch. They spread to cover a level, 10-footsquare area within 10 feet of yourself. A creature that enters this area for the first time on a turn must succeed on a DC 10 Dexterity saving throw or have the Prone condition. It takes 10 minutes to recover the Ball Bearings.",NULL,NULL,NULL,NULL,NULL,NULL,NULL,NULL,NULL,NULL,NULL,NULL,NULL,NULL,NULL,NULL,NULL,NULL,NULL,NULL
d246a736-2b63-53ce-8d46-bd97cf27d948,2026-09-08T00:00:00,2026-09-08T00:00:00,0,SRD_5_2,Barrel,ADVENTURING_GEAR,NULL,NULL,NULL,false,NULL,2.0,70,A Barrel holds up to 40 gallons of liquid or up to 4 cubic feet of dry goods.,NULL,NULL,NULL,NULL,NULL,NULL,NULL,NULL,NULL,NULL,NULL,NULL,NULL,NULL,NULL,NULL,NULL,NULL,NULL,NULL
44eb88af-8fcf-57c1-9aef-24d26c94afd7,2026-09-08T00:00:00,2026-09-08T00:00:00,0,SRD_5_2,Basket,ADVENTURING_GEAR,NULL,NULL,NULL,false,NULL,0.4,2,A Basket holds up to 40 pounds within 2 cubic feet.,NULL,NULL,NULL,NULL,NULL,NULL,NULL,NULL,NULL,NULL,NULL,NULL,NULL,NULL,NULL,NULL,NULL,NULL,NULL,NULL
c8cfd33b-dacf-562b-a5f8-35ff7c3c81db,2026-09-08T00:00:00,2026-09-08T00:00:00,0,SRD_5_2,Bedroll,ADVENTURING_GEAR,NULL,NULL,NULL,false,NULL,1.0,7,"A Bedroll sleeps one Small or Medium creature. While in a Bedroll, you automatically succeed on saving throws against extreme cold (see ""Gameplay Toolbox"").",NULL,NULL,NULL,NULL,NULL,NULL,NULL,NULL,NULL,NULL,NULL,NULL,NULL,NULL,NULL,NULL,NULL,NULL,NULL,NULL
a671d628-0f60-52b5-9211-b3ae5e673075,2026-09-08T00:00:00,2026-09-08T00:00:00,0,SRD_5_2,Bell,ADVENTURING_GEAR,NULL,NULL,NULL,false,NULL,1.0,NULL,"When rung as a Utilize action, a Bell produces a sound that can be heard up to 60 feet away.",NULL,NULL,NULL,NULL,NULL,NULL,NULL,NULL,NULL,NULL,NULL,NULL,NULL,NULL,NULL,NULL,NULL,NULL,NULL,NULL
9eb12ebb-5675-5528-bc44-4cb7affd1ddf,2026-09-08T00:00:00,2026-09-08T00:00:00,0,SRD_5_2,Blanket,ADVENTURING_GEAR,NULL,NULL,NULL,false,NULL,0.5,3,"While wrapped in a blanket, you have Advantage on saving throws against extreme cold (see ""Gameplay Toolbox"").",NULL,NULL,NULL,NULL,NULL,NULL,NULL,NULL,NULL,NULL,NULL,NULL,NULL,NULL,NULL,NULL,NULL,NULL,NULL,NULL
517513bd-d0bc-5650-b68a-4b3c26b18293,2026-09-08T00:00:00,2026-09-08T00:00:00,0,SRD_5_2,Block and Tackle,ADVENTURING_GEAR,NULL,NULL,NULL,false,NULL,1.0,5,A Block and Tackle allows you to hoist up to four times the weight you can normally lift.,NULL,NULL,NULL,NULL,NULL,NULL,NULL,NULL,NULL,NULL,NULL,NULL,NULL,NULL,NULL,NULL,NULL,NULL,NULL,NULL
f0c86543-8cf0-5173-bf5d-3dc6188d5cd4,2026-09-08T00:00:00,2026-09-08T00:00:00,0,SRD_5_2,Book,ADVENTURING_GEAR,NULL,NULL,NULL,false,NULL,25.0,5,"A Book contains fiction or nonfiction. If you consult an accurate nonfiction Book about its topic, you gain a +5 bonus to Intelligence (Arcana, History, Nature, or Religion) checks you make about that topic.",NULL,NULL,NULL,NULL,NULL,NULL,NULL,NULL,NULL,NULL,NULL,NULL,NULL,NULL,NULL,NULL,NULL,NULL,NULL,NULL
8cd42bb0-4314-56ca-be9c-4864125d5c47,2026-09-08T00:00:00,2026-09-08T00:00:00,0,SRD_5_2,"Bottle, Glass",ADVENTURING_GEAR,NULL,NULL,NULL,false,NULL,2.0,2,A Glass Bottle holds up to 11/2 pints.,NULL,NULL,NULL,NULL,NULL,NULL,NULL,NULL,NULL,NULL,NULL,NULL,NULL,NULL,NULL,NULL,NULL,NULL,NULL,NULL
f2544943-5e2b-5806-8721-e71e7a6c436d,2026-09-08T00:00:00,2026-09-08T00:00:00,0,SRD_5_2,Bucket,ADVENTURING_GEAR,NULL,NULL,NULL,false,NULL,0.05,2,A Bucket holds up to half a cubic foot of contents.,NULL,NULL,NULL,NULL,NULL,NULL,NULL,NULL,NULL,NULL,NULL,NULL,NULL,NULL,NULL,NULL,NULL,NULL,NULL,NULL
480002a2-b872-58dd-8923-1981e2542f9f,2026-09-08T00:00:00,2026-09-08T00:00:00,0,SRD_5_2,Burglar's Pack,ADVENTURING_GEAR,NULL,NULL,NULL,false,NULL,16.0,42,"A Burglar's Pack contains the following items: Backpack, Ball Bearings, Bell, 10 Candles, Crowbar, Hooded Lantern, 7 flasks of Oil, 5 days of Rations, Rope, Tinderbox, and Waterskin.",NULL,NULL,NULL,NULL,NULL,NULL,NULL,NULL,NULL,NULL,NULL,NULL,NULL,NULL,NULL,NULL,NULL,NULL,NULL,NULL
7dfde1eb-8789-55e5-9f9b-31a99e465e7c,2026-09-08T00:00:00,2026-09-08T00:00:00,0,SRD_5_2,Caltrops,ADVENTURING_GEAR,NULL,NULL,NULL,false,NULL,1.0,2,"As a Utilize action, you can spread Caltrops from their bag to cover a 5-foot-square area within 5 feet of yourself. A creature that enters this area for the first time on a turn must succeed on a DC 15 Dexterity saving throw or take 1 Piercing damage and have its Speed reduced to 0 until the start of its next turn. It takes 10 minutes to recover the Caltrops.",NULL,NULL,NULL,NULL,NULL,NULL,NULL,NULL,NULL,NULL,NULL,NULL,NULL,NULL,NULL,NULL,NULL,NULL,NULL,NULL
6bfa8eb5-f678-533d-80f8-c84fcea87b12,2026-09-08T00:00:00,2026-09-08T00:00:00,0,SRD_5_2,Candle,ADVENTURING_GEAR,NULL,NULL,NULL,false,NULL,0.01,NULL,"For 1 hour, a lit Candle sheds Bright Light in a 5-foot radius and Dim Light for an additional 5 feet.",NULL,NULL,NULL,NULL,NULL,NULL,NULL,NULL,NULL,NULL,NULL,NULL,NULL,NULL,NULL,NULL,NULL,NULL,NULL,NULL
a6728b32-2517-5b0c-9e93-6eab0199a987,2026-09-08T00:00:00,2026-09-08T00:00:00,0,SRD_5_2,"Case, Crossbow Bolt",ADVENTURING_GEAR,NULL,NULL,NULL,false,NULL,1.0,1,A Crossbow Bolt Case holds up to 20 Bolts.,NULL,NULL,NULL,NULL,NULL,NULL,NULL,NULL,NULL,NULL,NULL,NULL,NULL,NULL,NULL,NULL,NULL,NULL,NULL,NULL
9504f94e-dc32-5ead-b120-abcbd9311ab4,2026-09-08T00:00:00,2026-09-08T00:00:00,0,SRD_5_2,"Case, Map or Scroll",ADVENTURING_GEAR,NULL,NULL,NULL,false,NULL,1.0,1,A Map or Scroll Case holds up to 10 sheets of paper or 5 sheets of parchment.,NULL,NULL,NULL,NULL,NULL,NULL,NULL,NULL,NULL,NULL,NULL,NULL,NULL,NULL,NULL,NULL,NULL,NULL,NULL,NULL
1a1738df-e84f-53f2-b170-0565b87f0f21,2026-09-08T00:00:00,2026-09-08T00:00:00,0,SRD_5_2,Chain,ADVENTURING_GEAR,NULL,NULL,NULL,false,NULL,5.0,10,"As a Utilize action, you can wrap a Chain around an unwilling creature within 5 feet of yourself that has the Grappled, Incapacitated, or Restrained condition if you succeed on a DC 13 Strength (Athletics) check. If the creature's legs are bound, the creature has the Restrained condition until it escapes. Escaping the Chain requires the creature to make a successful DC 18 Dexterity (Acrobatics) check as an action. Bursting the Chain requires a successful DC 20 Strength (Athletics) check as an action.",NULL,NULL,NULL,NULL,NULL,NULL,NULL,NULL,NULL,NULL,NULL,NULL,NULL,NULL,NULL,NULL,NULL,NULL,NULL,NULL
1d59a21e-f524-53ca-a0be-42244d67db5b,2026-09-08T00:00:00,2026-09-08T00:00:00,0,SRD_5_2,Chest,ADVENTURING_GEAR,NULL,NULL,NULL,false,NULL,5.0,25,A Chest holds up to 12 cubic feet of contents.,NULL,NULL,NULL,NULL,NULL,NULL,NULL,NULL,NULL,NULL,NULL,NULL,NULL,NULL,NULL,NULL,NULL,NULL,NULL,NULL
f8709759-2cdc-5e2f-a0c2-9e9ed5b0507f,2026-09-08T00:00:00,2026-09-08T00:00:00,0,SRD_5_2,Climber's Kit,ADVENTURING_GEAR,NULL,NULL,NULL,false,NULL,25.0,12,"A Climber's Kit includes boot tips, gloves, pitons, and a harness. As a Utilize action, you can use the Climber's Kit to anchor yourself; when you do, you can't fall more than 25 feet from the anchor point, and you can't move more than 25 feet from there without undoing the anchor as a Bonus Action.",NULL,NULL,NULL,NULL,NULL,NULL,NULL,NULL,NULL,NULL,NULL,NULL,NULL,NULL,NULL,NULL,NULL,NULL,NULL,NULL
45eded0a-37cb-597e-bffa-a4e87f76684b,2026-09-08T00:00:00,2026-09-08T00:00:00,0,SRD_5_2,"Clothes, Fine",ADVENTURING_GEAR,NULL,NULL,NULL,false,NULL,15.0,6,Fine Clothes are made of expensive fabrics and adorned with expertly crafted details. Some events and locations admit only people wearing these clothes.,NULL,NULL,NULL,NULL,NULL,NULL,NULL,NULL,NULL,NULL,NULL,NULL,NULL,NULL,NULL,NULL,NULL,NULL,NULL,NULL
9cf28042-abb9-5285-a045-45fa9002f706,2026-09-08T00:00:00,2026-09-08T00:00:00,0,SRD_5_2,"Clothes, Traveler's",ADVENTURING_GEAR,NULL,NULL,NULL,false,NULL,2.0,4,Traveler's Clothes are resilient garments designed for travel in various environments.,NULL,NULL,NULL,NULL,NULL,NULL,NULL,NULL,NULL,NULL,NULL,NULL,NULL,NULL,NULL,NULL,NULL,NULL,NULL,NULL
ed0dc3db-1190-514c-9d74-782cc91df583,2026-09-08T00:00:00,2026-09-08T00:00:00,0,SRD_5_2,Component Pouch,ADVENTURING_GEAR,NULL,NULL,NULL,false,NULL,25.0,2,A Component Pouch is watertight and filled with compartments that hold all the free Material components of your spells.,NULL,NULL,NULL,NULL,NULL,NULL,NULL,NULL,NULL,NULL,NULL,NULL,NULL,NULL,NULL,NULL,NULL,NULL,NULL,NULL
8cd12b63-400c-5ec2-9d1d-22ad6992497f,2026-09-08T00:00:00,2026-09-08T00:00:00,0,SRD_5_2,Costume,ADVENTURING_GEAR,NULL,NULL,NULL,false,NULL,5.0,4,"While wearing a Costume, you have Advantage on any ability check you make to impersonate the person or type of person it represents.",NULL,NULL,NULL,NULL,NULL,NULL,NULL,NULL,NULL,NULL,NULL,NULL,NULL,NULL,NULL,NULL,NULL,NULL,NULL,NULL
ce98fc77-7c59-54a1-bf6b-e0087dabefbe,2026-09-08T00:00:00,2026-09-08T00:00:00,0,SRD_5_2,Crowbar,ADVENTURING_GEAR,NULL,NULL,NULL,false,NULL,2.0,5,Using a Crowbar gives you Advantage on Strength checks where the Crowbar's leverage can be applied.,NULL,NULL,NULL,NULL,NULL,NULL,NULL,NULL,NULL,NULL,NULL,NULL,NULL,NULL,NULL,NULL,NULL,NULL,NULL,NULL
0f6b474c-9266-55d3-8003-2e1617f22a33,2026-09-08T00:00:00,2026-09-08T00:00:00,0,SRD_5_2,Diplomat's Pack,ADVENTURING_GEAR,NULL,NULL,NULL,false,NULL,39.0,39,"A Diplomat's Pack contains the following items: Chest, Fine Clothes, Ink, 5 Ink Pens, Lamp, 2 Map or Scroll Cases, 4 flasks of Oil, 5 sheets of Paper, 5 sheets of Parchment, Perfume, and Tinderbox.",NULL,NULL,NULL,NULL,NULL,NULL,NULL,NULL,NULL,NULL,NULL,NULL,NULL,NULL,NULL,NULL,NULL,NULL,NULL,NULL
3205e5f3-654f-597e-8fbb-0537d9a2d5b7,2026-09-08T00:00:00,2026-09-08T00:00:00,0,SRD_5_2,Druidic Focus,ADVENTURING_GEAR,NULL,NULL,NULL,false,NULL,NULL,NULL,"A Druidic Focus takes one of the forms in the Druidic Focuses table and is carved, tied with ribbon, or painted to channel primal magic. A Druid or Ranger can use such an object as a Spellcasting Focus.

Druidic Focuses
Focus  Weight  Cost
Sprig of mistletoe  —  1 GP
Wooden staff (also a Quarterstaff)  4 lb.  5 GP
Yew wand  1 lb. 10 GP",NULL,NULL,NULL,NULL,NULL,NULL,NULL,NULL,NULL,NULL,NULL,NULL,NULL,NULL,NULL,NULL,NULL,NULL,NULL,NULL
b63c5d7f-f24c-589a-9f42-1d9be2d135dd,2026-09-08T00:00:00,2026-09-08T00:00:00,0,SRD_5_2,Dungeoneer's Pack,ADVENTURING_GEAR,NULL,NULL,NULL,false,NULL,12.0,55,"A Dungeoneer's Pack contains the following items: Backpack, Caltrops, Crowbar, 2 flasks of Oil, 10 days of Rations, Rope, Tinderbox, 10 Torches, and Waterskin.",NULL,NULL,NULL,NULL,NULL,NULL,NULL,NULL,NULL,NULL,NULL,NULL,NULL,NULL,NULL,NULL,NULL,NULL,NULL,NULL
b4ce9125-44ab-55ab-ba85-0281bb23b835,2026-09-08T00:00:00,2026-09-08T00:00:00,0,SRD_5_2,Entertainer's Pack,ADVENTURING_GEAR,NULL,NULL,NULL,false,NULL,40.0,58.5,"An Entertainer's Pack contains the following items: Backpack, Bedroll, Bell, Bullseye Lantern, 3 Costumes, Mirror, 8 flasks of Oil, 9 days of Rations, Tinderbox, and Waterskin.",NULL,NULL,NULL,NULL,NULL,NULL,NULL,NULL,NULL,NULL,NULL,NULL,NULL,NULL,NULL,NULL,NULL,NULL,NULL,NULL
e2bc860c-dd69-559f-a180-244846a3854c,2026-09-08T00:00:00,2026-09-08T00:00:00,0,SRD_5_2,Explorer's Pack,ADVENTURING_GEAR,NULL,NULL,NULL,false,NULL,10.0,55,"An Explorer's Pack contains the following items: Backpack, Bedroll, 2 flasks of Oil, 10 days of Rations, Rope, Tinderbox, 10 Torches, and Waterskin.",NULL,NULL,NULL,NULL,NULL,NULL,NULL,NULL,NULL,NULL,NULL,NULL,NULL,NULL,NULL,NULL,NULL,NULL,NULL,NULL
ce69e089-bffd-5e21-8b72-bf947361f33b,2026-09-08T00:00:00,2026-09-08T00:00:00,0,SRD_5_2,Flask,ADVENTURING_GEAR,NULL,NULL,NULL,false,NULL,0.02,1,A Flask holds up to 1 pint.,NULL,NULL,NULL,NULL,NULL,NULL,NULL,NULL,NULL,NULL,NULL,NULL,NULL,NULL,NULL,NULL,NULL,NULL,NULL,NULL
e9707af0-de13-5940-a87b-9d647e40b013,2026-09-08T00:00:00,2026-09-08T00:00:00,0,SRD_5_2,Grappling Hook,ADVENTURING_GEAR,NULL,NULL,NULL,false,NULL,2.0,4,"As a Utilize action, you can throw the Grappling Hook at a railing, a ledge, or another catch within 50 feet of yourself, and the hook catches on if you succeed on a DC 13 Dexterity (Acrobatics) check. If you tied a Rope to the hook, you can then climb it.",NULL,NULL,NULL,NULL,NULL,NULL,NULL,NULL,NULL,NULL,NULL,NULL,NULL,NULL,NULL,NULL,NULL,NULL,NULL,NULL
da6e2d83-207c-5809-82e7-8eaf6c2958db,2026-09-08T00:00:00,2026-09-08T00:00:00,0,SRD_5_2,Healer's Kit,ADVENTURING_GEAR,NULL,NULL,NULL,false,NULL,5.0,3,"A Healer's Kit has ten uses. As a Utilize action, you can expend one of its uses to stabilize an Unconscious creature that has 0 Hit Points without needing to make a Wisdom (Medicine) check.",NULL,NULL,NULL,NULL,NULL,NULL,NULL,NULL,NULL,NULL,NULL,NULL,NULL,NULL,NULL,NULL,NULL,NULL,NULL,NULL
eed50ecc-f9b3-5d30-9586-60c6e085fdba,2026-09-08T00:00:00,2026-09-08T00:00:00,0,SRD_5_2,Holy Symbol,ADVENTURING_GEAR,NULL,NULL,NULL,false,NULL,NULL,NULL,"A Holy Symbol takes one of the forms in the Holy Symbol table and is bejeweled or painted to channel divine magic. A Cleric or Paladin can use a Holy Symbol as a Spellcasting Focus.

The table indicates whether a Holy Symbol needs to be held, worn, or borne on fabric (such as a tabard or banner) or a Shield.

Holy Symbols
Symbol  Weight  Cost
Amulet (worn or held)  1 lb.  5 GP
Emblem (borne on fabric or a Shield)  —  5 GP
Reliquary (held)  2 lb.  5 GP",NULL,NULL,NULL,NULL,NULL,NULL,NULL,NULL,NULL,NULL,NULL,NULL,NULL,NULL,NULL,NULL,NULL,NULL,NULL,NULL
b753093c-0890-5664-aa3e-7ef0cb70c4a6,2026-09-08T00:00:00,2026-09-08T00:00:00,0,SRD_5_2,Holy Water,ADVENTURING_GEAR,NULL,NULL,NULL,false,NULL,25.0,1,"When you take the Attack action, you can replace one of your attacks with throwing a flask of Holy Water. Target one creature you can see within 20 feet of yourself. The target must succeed on a Dexterity saving throw (DC 8 plus your Dexterity modifier and Proficiency Bonus) or take 2d8 Radiant damage if it is a Fiend or an Undead.",NULL,NULL,NULL,NULL,NULL,NULL,NULL,NULL,NULL,NULL,NULL,NULL,NULL,NULL,NULL,NULL,NULL,NULL,NULL,NULL
74df88f3-0f9c-5896-a009-1d212ea2c9dd,2026-09-08T00:00:00,2026-09-08T00:00:00,0,SRD_5_2,Hunting Trap,ADVENTURING_GEAR,NULL,NULL,NULL,false,NULL,5.0,25,"As a Utilize action, you can set a Hunting Trap, which is a sawtooth steel ring that snaps shut when a creature steps on a pressure plate in the center. The trap is affixed by a heavy chain to an immobile object, such as a tree or a spike driven into the ground. A creature that steps on the plate must succeed on a DC 13 Dexterity saving throw or take 1d4 Piercing damage and have its Speed reduced to 0 until the start of its next turn. Thereafter, until the creature breaks free of the trap, its movement is limited by the length of the chain (typically 3 feet). A creature can use its action to make a DC 13 Strength (Athletics) check, freeing itself or another creature within its reach on a success. Each failed check deals 1 Piercing damage to the trapped creature.",NULL,NULL,NULL,NULL,NULL,NULL,NULL,NULL,NULL,NULL,NULL,NULL,NULL,NULL,NULL,NULL,NULL,NULL,NULL,NULL
93536ed6-2134-5a1e-877e-f6101c12e781,2026-09-08T00:00:00,2026-09-08T00:00:00,0,SRD_5_2,Ink,ADVENTURING_GEAR,NULL,NULL,NULL,false,NULL,10.0,NULL,"Ink comes in a 1-ounce bottle, which provides enough ink to write about 500 pages.",NULL,NULL,NULL,NULL,NULL,NULL,NULL,NULL,NULL,NULL,NULL,NULL,NULL,NULL,NULL,NULL,NULL,NULL,NULL,NULL
8a0e23ae-1a96-57b6-bc52-ff63376eb53a,2026-09-08T00:00:00,2026-09-08T00:00:00,0,SRD_5_2,Ink Pen,ADVENTURING_GEAR,NULL,NULL,NULL,false,NULL,0.02,NULL,"Using Ink, an Ink Pen is used to write or draw.",NULL,NULL,NULL,NULL,NULL,NULL,NULL,NULL,NULL,NULL,NULL,NULL,NULL,NULL,NULL,NULL,NULL,NULL,NULL,NULL
699c01f4-fbe7-5900-9a36-74180ff55100,2026-09-08T00:00:00,2026-09-08T00:00:00,0,SRD_5_2,Jug,ADVENTURING_GEAR,NULL,NULL,NULL,false,NULL,0.02,4,A Jug holds up to 1 gallon.,NULL,NULL,NULL,NULL,NULL,NULL,NULL,NULL,NULL,NULL,NULL,NULL,NULL,NULL,NULL,NULL,NULL,NULL,NULL,NULL
505c0802-227b-5972-ab32-ac3abb5f6ec1,2026-09-08T00:00:00,2026-09-08T00:00:00,0,SRD_5_2,Ladder,ADVENTURING_GEAR,NULL,NULL,NULL,false,NULL,0.1,25,A Ladder is 10 feet tall. You must climb to move up or down it.,NULL,NULL,NULL,NULL,NULL,NULL,NULL,NULL,NULL,NULL,NULL,NULL,NULL,NULL,NULL,NULL,NULL,NULL,NULL,NULL
666e6ed5-ac55-5a3d-9126-6cea17d3d003,2026-09-08T00:00:00,2026-09-08T00:00:00,0,SRD_5_2,Lamp,ADVENTURING_GEAR,NULL,NULL,NULL,false,NULL,0.5,1,A Lamp burns Oil as fuel to cast Bright Light in a 15-foot radius and Dim Light for an additional 30 feet.,NULL,NULL,NULL,NULL,NULL,NULL,NULL,NULL,NULL,NULL,NULL,NULL,NULL,NULL,NULL,NULL,NULL,NULL,NULL,NULL
3400245b-c731-5e37-bb11-9242e6c48f21,2026-09-08T00:00:00,2026-09-08T00:00:00,0,SRD_5_2,"Lantern, Bullseye",ADVENTURING_GEAR,NULL,NULL,NULL,false,NULL,10.0,2,A Bullseye Lantern burns Oil as fuel to cast Bright Light in a 60-foot Cone and Dim Light for an additional 60 feet.,NULL,NULL,NULL,NULL,NULL,NULL,NULL,NULL,NULL,NULL,NULL,NULL,NULL,NULL,NULL,NULL,NULL,NULL,NULL,NULL
0aad91d5-d980-5d9a-8154-55547c376055,2026-09-08T00:00:00,2026-09-08T00:00:00,0,SRD_5_2,"Lantern, Hooded",ADVENTURING_GEAR,NULL,NULL,NULL,false,NULL,5.0,2,"A Hooded Lantern burns Oil as fuel to cast Bright Light in a 30-foot radius and Dim Light for an additional 30 feet. As a Bonus Action, you can lower the hood, reducing the light to Dim Light in a 5-foot radius, or raise it again.",NULL,NULL,NULL,NULL,NULL,NULL,NULL,NULL,NULL,NULL,NULL,NULL,NULL,NULL,NULL,NULL,NULL,NULL,NULL,NULL
94d6fd0d-65ea-555d-9783-e38c7e1811b4,2026-09-08T00:00:00,2026-09-08T00:00:00,0,SRD_5_2,Lock,ADVENTURING_GEAR,NULL,NULL,NULL,false,NULL,10.0,1,"A Lock comes with a key. Without the key, a creature can use Thieves' Tools to pick this Lock with a successful DC 15 Dexterity (Sleight of Hand) check.",NULL,NULL,NULL,NULL,NULL,NULL,NULL,NULL,NULL,NULL,NULL,NULL,NULL,NULL,NULL,NULL,NULL,NULL,NULL,NULL
6de775a1-133b-5acb-8257-7171721c4206,2026-09-08T00:00:00,2026-09-08T00:00:00,0,SRD_5_2,Magnifying Glass,ADVENTURING_GEAR,NULL,NULL,NULL,false,NULL,100.0,NULL,"A Magnifying Glass grants Advantage on any ability check made to appraise or inspect a highly detailed item. Lighting a fire with a Magnifying Glass requires light as bright as sunlight to focus, tinder to ignite, and about 5 minutes for the fire to ignite.",NULL,NULL,NULL,NULL,NULL,NULL,NULL,NULL,NULL,NULL,NULL,NULL,NULL,NULL,NULL,NULL,NULL,NULL,NULL,NULL
d9b4519c-8626-520b-892b-f03ee8445fa4,2026-09-08T00:00:00,2026-09-08T00:00:00,0,SRD_5_2,Manacles,ADVENTURING_GEAR,NULL,NULL,NULL,false,NULL,2.0,6,"As a Utilize action, you can use Manacles to bind an unwilling Small or Medium creature within 5 feet of yourself that has the Grappled, Incapacitated, or Restrained condition if you succeed on a DC 13 Dexterity (Sleight of Hand) check. While bound, a creature has Disadvantage on attack rolls, and the creature is Restrained if the Manacles are attached to a chain or hook that is fixed in place. Escaping the Manacles requires a successful DC 20 Dexterity (Sleight of Hand) check as an action. Bursting them requires a successful DC 25 Strength (Athletics) check as an action.

Each set of Manacles comes with a key. Without the key, a creature can use Thieves' Tools to pick the Manacles' lock with a successful DC 15 Dexterity (Sleight of Hand) check.",NULL,NULL,NULL,NULL,NULL,NULL,NULL,NULL,NULL,NULL,NULL,NULL,NULL,NULL,NULL,NULL,NULL,NULL,NULL,NULL
b0e94dd3-d30a-56cf-b998-f74c5fb7333a,2026-09-08T00:00:00,2026-09-08T00:00:00,0,SRD_5_2,Map,ADVENTURING_GEAR,NULL,NULL,NULL,false,NULL,1.0,NULL,"If you consult an accurate Map, you gain a +5 bonus to Wisdom (Survival) checks you make to find your way in the place represented on it.",NULL,NULL,NULL,NULL,NULL,NULL,NULL,NULL,NULL,NULL,NULL,NULL,NULL,NULL,NULL,NULL,NULL,NULL,NULL,NULL
c73a35e7-6d2b-5c73-b127-dfc0bdd8dcba,2026-09-08T00:00:00,2026-09-08T00:00:00,0,SRD_5_2,Mirror,ADVENTURING_GEAR,NULL,NULL,NULL,false,NULL,5.0,0.5,A handheld steel Mirror is useful for personal cosmetics but also for peeking around corners and reflecting light as a signal.,NULL,NULL,NULL,NULL,NULL,NULL,NULL,NULL,NULL,NULL,NULL,NULL,NULL,NULL,NULL,NULL,NULL,NULL,NULL,NULL
5b8f1bb2-2fb3-5ff0-91e2-d98a856694af,2026-09-08T00:00:00,2026-09-08T00:00:00,0,SRD_5_2,Net,ADVENTURING_GEAR,NULL,NULL,NULL,false,NULL,1.0,3,"When you take the Attack action, you can replace one of your attacks with throwing a Net. Target a creature you can see within 15 feet of yourself. The target must succeed on a Dexterity saving throw (DC 8 plus your Dexterity modifier and Proficiency Bonus) or have the Restrained condition until it escapes. The target succeeds automatically if it is Huge or larger.

To escape, the target or a creature within 5 feet of it must take an action to make a DC 10 Strength (Athletics) check, freeing the Restrained creature on a success. Destroying the Net (AC 10; 5 HP; Immunity to Bludgeoning, Poison, and Psychic damage) also frees the target, ending the effect.",NULL,NULL,NULL,NULL,NULL,NULL,NULL,NULL,NULL,NULL,NULL,NULL,NULL,NULL,NULL,NULL,NULL,NULL,NULL,NULL
f846a6b7-2073-5b58-b291-b20233579dbf,2026-09-08T00:00:00,2026-09-08T00:00:00,0,SRD_5_2,Oil,ADVENTURING_GEAR,NULL,NULL,NULL,false,NULL,0.1,1,"You can douse a creature, object, or space with Oil or use it as fuel, as detailed below.

Dousing a Creature or an Object. When you take the Attack action, you can replace one of your attacks with throwing an Oil flask. Target one creature or object within 20 feet of yourself. The target must succeed on a Dexterity saving throw (DC 8 plus your Dexterity modifier and Proficiency Bonus) or be covered in oil. If the target takes Fire damage before the oil dries (after 1 minute), the target takes an extra 5 Fire damage from burning oil.

Dousing a Space. You can take the Utilize action to pour an Oil flask on level ground to cover a 5-foot-square area within 5 feet of yourself. If lit, the oil burns until the end of the turn 2 rounds from when the oil was lit (or 12 seconds) and deals 5 Fire damage to any creature that enters the area or ends its turn there. A creature can take this damage only once per turn.

Fuel. Oil serves as fuel for Lamps and Lanterns. Once lit, a flask of Oil burns for 6 hours in a Lamp or Lantern. That duration doesn't need to be consecutive; you can extinguish the burning Oil (as a Utilize action) and rekindle it again until it has burned for a total of 6 hours.",NULL,NULL,NULL,NULL,NULL,NULL,NULL,NULL,NULL,NULL,NULL,NULL,NULL,NULL,NULL,NULL,NULL,NULL,NULL,NULL
56da8ed5-4677-5aaf-bae2-b345c33060e4,2026-09-08T00:00:00,2026-09-08T00:00:00,0,SRD_5_2,Paper,ADVENTURING_GEAR,NULL,NULL,NULL,false,NULL,0.2,NULL,One sheet of Paper can hold about 250 handwritten words.,NULL,NULL,NULL,NULL,NULL,NULL,NULL,NULL,NULL,NULL,NULL,NULL,NULL,NULL,NULL,NULL,NULL,NULL,NULL,NULL
13134b0a-7bfa-5a0b-87ed-a3ff8e99b5c0,2026-09-08T00:00:00,2026-09-08T00:00:00,0,SRD_5_2,Parchment,ADVENTURING_GEAR,NULL,NULL,NULL,false,NULL,0.1,NULL,One sheet of Parchment can hold about 250 handwritten words.,NULL,NULL,NULL,NULL,NULL,NULL,NULL,NULL,NULL,NULL,NULL,NULL,NULL,NULL,NULL,NULL,NULL,NULL,NULL,NULL
84d1f578-9a40-57d7-be05-a063c04137da,2026-09-08T00:00:00,2026-09-08T00:00:00,0,SRD_5_2,Perfume,ADVENTURING_GEAR,NULL,NULL,NULL,false,NULL,5.0,NULL,"Perfume comes in a 4-ounce vial. For 1 hour after applying Perfume to yourself, you have Advantage on Charisma (Persuasion) checks made to influence an Indifferent Humanoid within 5 feet of yourself.",NULL,NULL,NULL,NULL,NULL,NULL,NULL,NULL,NULL,NULL,NULL,NULL,NULL,NULL,NULL,NULL,NULL,NULL,NULL,NULL
91dae09c-914e-5a7b-af47-e5c165212792,2026-09-08T00:00:00,2026-09-08T00:00:00,0,SRD_5_2,"Poison, Basic",ADVENTURING_GEAR,NULL,NULL,NULL,false,NULL,100.0,NULL,"As a Bonus Action, you can use a vial of Basic Poison to coat one weapon or up to three pieces of ammunition. A creature that takes Piercing or Slashing damage from the poisoned weapon or ammunition takes an extra 1d4 Poison damage. Once applied, the poison retains potency for 1 minute or until its damage is dealt, whichever comes first.",NULL,NULL,NULL,NULL,NULL,NULL,NULL,NULL,NULL,NULL,NULL,NULL,NULL,NULL,NULL,NULL,NULL,NULL,NULL,NULL
1f7ba0dd-6d97-52e3-82a0-8ecf94c0785d,2026-09-08T00:00:00,2026-09-08T00:00:00,0,SRD_5_2,Pole,ADVENTURING_GEAR,NULL,NULL,NULL,false,NULL,0.05,7,"A Pole is 10 feet long. You can use it to touch something up to 10 feet away. If you must make a Strength (Athletics) check as part of a High or Long Jump, you can use the Pole to vault, giving yourself Advantage on the check.",NULL,NULL,NULL,NULL,NULL,NULL,NULL,NULL,NULL,NULL,NULL,NULL,NULL,NULL,NULL,NULL,NULL,NULL,NULL,NULL
7e6a2f87-b006-5190-85f5-6f4e881a203d,2026-09-08T00:00:00,2026-09-08T00:00:00,0,SRD_5_2,"Pot, Iron",ADVENTURING_GEAR,NULL,NULL,NULL,false,NULL,2.0,10,An Iron Pot holds up to 1 gallon.,NULL,NULL,NULL,NULL,NULL,NULL,NULL,NULL,NULL,NULL,NULL,NULL,NULL,NULL,NULL,NULL,NULL,NULL,NULL,NULL
30b27c7f-3aae-5059-8fc7-a79751f9dc05,2026-09-08T00:00:00,2026-09-08T00:00:00,0,SRD_5_2,Potion of Healing,POTION,NULL,NULL,NULL,false,NULL,50.0,0.5,"This potion is a magic item. As a Bonus Action, you can drink it or administer it to another creature within 5 feet of yourself. The creature that drinks the magical red fluid in this vial regains 2d4 + 2 Hit Points.",NULL,NULL,NULL,NULL,NULL,NULL,NULL,NULL,NULL,NULL,NULL,NULL,NULL,NULL,NULL,NULL,NULL,NULL,NULL,NULL
ecd2a1a3-dce4-5ea9-a919-2f571859820d,2026-09-08T00:00:00,2026-09-08T00:00:00,0,SRD_5_2,Pouch,ADVENTURING_GEAR,NULL,NULL,NULL,false,NULL,0.5,1,A Pouch holds up to 6 pounds within one-fifth of a cubic foot.,NULL,NULL,NULL,NULL,NULL,NULL,NULL,NULL,NULL,NULL,NULL,NULL,NULL,NULL,NULL,NULL,NULL,NULL,NULL,NULL
5453b27c-5adc-583a-8a84-91ffcd115d90,2026-09-08T00:00:00,2026-09-08T00:00:00,0,SRD_5_2,Priest's Pack,ADVENTURING_GEAR,NULL,NULL,NULL,false,NULL,33.0,29,"A Priest's Pack contains the following items: Backpack, Blanket, Holy Water, Lamp, 7 days of Rations, Robe, and Tinderbox.",NULL,NULL,NULL,NULL,NULL,NULL,NULL,NULL,NULL,NULL,NULL,NULL,NULL,NULL,NULL,NULL,NULL,NULL,NULL,NULL
82768cd4-3386-5e7c-b33d-61391a3d0413,2026-09-08T00:00:00,2026-09-08T00:00:00,0,SRD_5_2,Quiver,ADVENTURING_GEAR,NULL,NULL,NULL,false,NULL,1.0,1,A Quiver holds up to 20 Arrows.,NULL,NULL,NULL,NULL,NULL,NULL,NULL,NULL,NULL,NULL,NULL,NULL,NULL,NULL,NULL,NULL,NULL,NULL,NULL,NULL
556c7971-9ebe-5f70-bab4-8081f853b36d,2026-09-08T00:00:00,2026-09-08T00:00:00,0,SRD_5_2,"Ram, Portable",ADVENTURING_GEAR,NULL,NULL,NULL,false,NULL,4.0,35,"You can use a Portable Ram to break down doors. When doing so, you gain a +4 bonus to the Strength check. One other character can help you use the ram, giving you Advantage on this check.",NULL,NULL,NULL,NULL,NULL,NULL,NULL,NULL,NULL,NULL,NULL,NULL,NULL,NULL,NULL,NULL,NULL,NULL,NULL,NULL
9950ae51-3a2a-512e-a3be-0c1df2eb750d,2026-09-08T00:00:00,2026-09-08T00:00:00,0,SRD_5_2,Rations,ADVENTURING_GEAR,NULL,NULL,NULL,false,NULL,0.5,2,"Rations consist of travel-ready food, including jerky, dried fruit, hardtack, and nuts. See ""Malnutrition"" in ""Rules Glossary"" for the risks of not eating.",NULL,NULL,NULL,NULL,NULL,NULL,NULL,NULL,NULL,NULL,NULL,NULL,NULL,NULL,NULL,NULL,NULL,NULL,NULL,NULL
83b795e2-2448-5d0b-9f22-ef9765d8d4f9,2026-09-08T00:00:00,2026-09-08T00:00:00,0,SRD_5_2,Robe,ADVENTURING_GEAR,NULL,NULL,NULL,false,NULL,1.0,4,A Robe has vocational or ceremonial significance. Some events and locations admit only people wearing a Robe bearing certain colors or symbols.,NULL,NULL,NULL,NULL,NULL,NULL,NULL,NULL,NULL,NULL,NULL,NULL,NULL,NULL,NULL,NULL,NULL,NULL,NULL,NULL
700e05ef-0b3f-5752-ad66-fe4200ae2949,2026-09-08T00:00:00,2026-09-08T00:00:00,0,SRD_5_2,Rope,ADVENTURING_GEAR,NULL,NULL,NULL,false,NULL,1.0,5,"As a Utilize action, you can tie a knot with Rope if you succeed on a DC 10 Dexterity (Sleight of Hand) check. The Rope can be burst with a successful DC 20 Strength (Athletics) check.

You can bind an unwilling creature with the Rope only if the creature has the Grappled, Incapacitated, or Restrained condition. If the creature's legs are bound, the creature has the Restrained condition until it escapes. Escaping the Rope requires the creature to make a successful DC 15 Dexterity (Acrobatics) check as an action.",NULL,NULL,NULL,NULL,NULL,NULL,NULL,NULL,NULL,NULL,NULL,NULL,NULL,NULL,NULL,NULL,NULL,NULL,NULL,NULL
962708a2-31aa-56a2-a7fc-719b71c9c44c,2026-09-08T00:00:00,2026-09-08T00:00:00,0,SRD_5_2,Sack,ADVENTURING_GEAR,NULL,NULL,NULL,false,NULL,0.01,0.5,A Sack holds up to 30 pounds within 1 cubic foot.,NULL,NULL,NULL,NULL,NULL,NULL,NULL,NULL,NULL,NULL,NULL,NULL,NULL,NULL,NULL,NULL,NULL,NULL,NULL,NULL
522f5734-0468-522d-b9a5-2c5d6b7c01e1,2026-09-08T00:00:00,2026-09-08T00:00:00,0,SRD_5_2,Scholar's Pack,ADVENTURING_GEAR,NULL,NULL,NULL,false,NULL,40.0,22,"A Scholar's Pack contains the following items: Backpack, Book, Ink, Ink Pen, Lamp, 10 flasks of Oil, 10 sheets of Parchment, and Tinderbox.",NULL,NULL,NULL,NULL,NULL,NULL,NULL,NULL,NULL,NULL,NULL,NULL,NULL,NULL,NULL,NULL,NULL,NULL,NULL,NULL
a21a8b7e-0689-5f46-bdef-34bbbd883966,2026-09-08T00:00:00,2026-09-08T00:00:00,0,SRD_5_2,Shovel,ADVENTURING_GEAR,NULL,NULL,NULL,false,NULL,2.0,5,"Working for 1 hour, you can use a Shovel to dig a hole that is 5 feet on each side in soil or similar material.",NULL,NULL,NULL,NULL,NULL,NULL,NULL,NULL,NULL,NULL,NULL,NULL,NULL,NULL,NULL,NULL,NULL,NULL,NULL,NULL
7b29e687-3cc0-5279-9205-7b16e70a8ea0,2026-09-08T00:00:00,2026-09-08T00:00:00,0,SRD_5_2,Signal Whistle,ADVENTURING_GEAR,NULL,NULL,NULL,false,NULL,0.05,NULL,"When blown as a Utilize action, a Signal Whistle produces a sound that can be heard up to 600 feet away.",NULL,NULL,NULL,NULL,NULL,NULL,NULL,NULL,NULL,NULL,NULL,NULL,NULL,NULL,NULL,NULL,NULL,NULL,NULL,NULL
78080e50-5a96-5732-84ad-01214748c516,2026-09-08T00:00:00,2026-09-08T00:00:00,0,SRD_5_2,Spell Scroll (Cantrip),SCROLL,NULL,NULL,NULL,false,NULL,30.0,NULL,"A Spell Scroll (Cantrip) or Spell Scroll (Level 1) is a magic item that bears the words of a cantrip or level 1 spell, respectively, determined by the scroll's creator. If the spell is on your class's spell list, you can read the scroll and cast the spell using its normal casting time and without providing any Material components.

If the spell requires a saving throw or an attack roll, the spell save DC is 13, and the attack bonus is +5. The scroll disintegrates when the casting is completed.",NULL,NULL,NULL,NULL,NULL,NULL,NULL,NULL,NULL,NULL,NULL,NULL,NULL,NULL,NULL,NULL,NULL,NULL,NULL,NULL
07572a0f-5484-5033-8ed4-e74bf0f0d51d,2026-09-08T00:00:00,2026-09-08T00:00:00,0,SRD_5_2,Spell Scroll (Level 1),SCROLL,NULL,NULL,NULL,false,NULL,50.0,NULL,"A Spell Scroll (Cantrip) or Spell Scroll (Level 1) is a magic item that bears the words of a cantrip or level 1 spell, respectively, determined by the scroll's creator. If the spell is on your class's spell list, you can read the scroll and cast the spell using its normal casting time and without providing any Material components.

If the spell requires a saving throw or an attack roll, the spell save DC is 13, and the attack bonus is +5. The scroll disintegrates when the casting is completed.",NULL,NULL,NULL,NULL,NULL,NULL,NULL,NULL,NULL,NULL,NULL,NULL,NULL,NULL,NULL,NULL,NULL,NULL,NULL,NULL
fa2c149a-5474-5eb5-aa6b-c27958593d66,2026-09-08T00:00:00,2026-09-08T00:00:00,0,SRD_5_2,"Spikes, Iron",ADVENTURING_GEAR,NULL,NULL,NULL,false,NULL,1.0,5,"Iron Spikes come in bundles of ten. As a Utilize action, you can use a blunt object, such as a Light Hammer, to hammer a spike into wood, earth, or a similar material. You can do so to jam a door shut or to then tie a Rope or Chain to the Spike.",NULL,NULL,NULL,NULL,NULL,NULL,NULL,NULL,NULL,NULL,NULL,NULL,NULL,NULL,NULL,NULL,NULL,NULL,NULL,NULL
01a91fd6-3c50-5e0d-9aad-426cf328adb9,2026-09-08T00:00:00,2026-09-08T00:00:00,0,SRD_5_2,Spyglass,ADVENTURING_GEAR,NULL,NULL,NULL,false,NULL,1000.0,1,Objects viewed through a Spyglass are magnified to twice their size.,NULL,NULL,NULL,NULL,NULL,NULL,NULL,NULL,NULL,NULL,NULL,NULL,NULL,NULL,NULL,NULL,NULL,NULL,NULL,NULL
f613613d-3011-52e4-be55-f263d858dac1,2026-09-08T00:00:00,2026-09-08T00:00:00,0,SRD_5_2,String,ADVENTURING_GEAR,NULL,NULL,NULL,false,NULL,0.1,NULL,String is 10 feet long. You can tie a knot in it as a Utilize action.,NULL,NULL,NULL,NULL,NULL,NULL,NULL,NULL,NULL,NULL,NULL,NULL,NULL,NULL,NULL,NULL,NULL,NULL,NULL,NULL
99df1960-3caa-5c24-b02f-7449ad413865,2026-09-08T00:00:00,2026-09-08T00:00:00,0,SRD_5_2,Tent,ADVENTURING_GEAR,NULL,NULL,NULL,false,NULL,2.0,20,A Tent sleeps up to two Small or Medium creatures.,NULL,NULL,NULL,NULL,NULL,NULL,NULL,NULL,NULL,NULL,NULL,NULL,NULL,NULL,NULL,NULL,NULL,NULL,NULL,NULL
a9cf8a83-e293-549d-9aa8-2ddf935c8f84,2026-09-08T00:00:00,2026-09-08T00:00:00,0,SRD_5_2,Tinderbox,ADVENTURING_GEAR,NULL,NULL,NULL,false,NULL,0.5,1,"A Tinderbox is a small container holding flint, fire steel, and tinder (usually dry cloth soaked in light oil) used to kindle a fire. Using it to light a Candle, Lamp, Lantern, or Torch—or anything else with exposed fuel—takes a Bonus Action. Lighting any other fire takes 1 minute.",NULL,NULL,NULL,NULL,NULL,NULL,NULL,NULL,NULL,NULL,NULL,NULL,NULL,NULL,NULL,NULL,NULL,NULL,NULL,NULL
61cc1a7e-148f-5735-ba22-ec320924917f,2026-09-08T00:00:00,2026-09-08T00:00:00,0,SRD_5_2,Torch,ADVENTURING_GEAR,NULL,NULL,NULL,false,NULL,0.01,1,"A Torch burns for 1 hour, casting Bright Light in a 20-foot radius and Dim Light for an additional 20 feet. When you take the Attack action, you can attack with the Torch, using it as a Simple Melee weapon. On a hit, the target takes 1 Fire damage.",NULL,NULL,NULL,NULL,NULL,NULL,NULL,NULL,NULL,NULL,NULL,NULL,NULL,NULL,NULL,NULL,NULL,NULL,NULL,NULL
d02d7440-8e91-5791-83a6-9423f78bbc62,2026-09-08T00:00:00,2026-09-08T00:00:00,0,SRD_5_2,Vial,ADVENTURING_GEAR,NULL,NULL,NULL,false,NULL,1.0,NULL,A Vial holds up to 4 ounces.,NULL,NULL,NULL,NULL,NULL,NULL,NULL,NULL,NULL,NULL,NULL,NULL,NULL,NULL,NULL,NULL,NULL,NULL,NULL,NULL
c069dbdc-3f7b-5b62-a8c3-e44c178289bc,2026-09-08T00:00:00,2026-09-08T00:00:00,0,SRD_5_2,Waterskin,ADVENTURING_GEAR,NULL,NULL,NULL,false,NULL,0.2,5,"A Waterskin holds up to 4 pints. If you don't drink sufficient water, you risk dehydration (see ""Rules Glossary"").",NULL,NULL,NULL,NULL,NULL,NULL,NULL,NULL,NULL,NULL,NULL,NULL,NULL,NULL,NULL,NULL,NULL,NULL,NULL,NULL
73ab3ddf-b33a-5383-9da8-70750817b13e,2026-09-08T00:00:00,2026-09-08T00:00:00,0,SRD_5_2,Camel,MOUNT_OR_VEHICLE,NULL,NULL,NULL,false,NULL,50.0,NULL,"This animal has a carrying capacity of 450 pounds. See ""Monsters"" for its stat block.",NULL,NULL,NULL,NULL,NULL,NULL,NULL,NULL,NULL,NULL,NULL,NULL,NULL,NULL,NULL,NULL,NULL,NULL,NULL,NULL
56dd3cab-489a-52fc-8cd5-617044b7c679,2026-09-08T00:00:00,2026-09-08T00:00:00,0,SRD_5_2,Elephant,MOUNT_OR_VEHICLE,NULL,NULL,NULL,false,NULL,200.0,NULL,"This animal has a carrying capacity of 1,320 pounds. See ""Monsters"" for its stat block.",NULL,NULL,NULL,NULL,NULL,NULL,NULL,NULL,NULL,NULL,NULL,NULL,NULL,NULL,NULL,NULL,NULL,NULL,NULL,NULL
b8cf8359-5e6f-5a08-a132-874683db9c85,2026-09-08T00:00:00,2026-09-08T00:00:00,0,SRD_5_2,"Horse, Draft",MOUNT_OR_VEHICLE,NULL,NULL,NULL,false,NULL,50.0,NULL,"This animal has a carrying capacity of 540 pounds. See ""Monsters"" for its stat block.",NULL,NULL,NULL,NULL,NULL,NULL,NULL,NULL,NULL,NULL,NULL,NULL,NULL,NULL,NULL,NULL,NULL,NULL,NULL,NULL
92201cd5-9ebc-53d6-9bc0-015f3bbc457e,2026-09-08T00:00:00,2026-09-08T00:00:00,0,SRD_5_2,"Horse, Riding",MOUNT_OR_VEHICLE,NULL,NULL,NULL,false,NULL,75.0,NULL,"This animal has a carrying capacity of 480 pounds. See ""Monsters"" for its stat block.",NULL,NULL,NULL,NULL,NULL,NULL,NULL,NULL,NULL,NULL,NULL,NULL,NULL,NULL,NULL,NULL,NULL,NULL,NULL,NULL
29fa748d-5084-506b-b2d7-cc4212306ea1,2026-09-08T00:00:00,2026-09-08T00:00:00,0,SRD_5_2,Mastiff,MOUNT_OR_VEHICLE,NULL,NULL,NULL,false,NULL,25.0,NULL,"This animal has a carrying capacity of 195 pounds. See ""Monsters"" for its stat block.",NULL,NULL,NULL,NULL,NULL,NULL,NULL,NULL,NULL,NULL,NULL,NULL,NULL,NULL,NULL,NULL,NULL,NULL,NULL,NULL
48b06796-03ff-5e2d-8c45-a42fb44ee194,2026-09-08T00:00:00,2026-09-08T00:00:00,0,SRD_5_2,Mule,MOUNT_OR_VEHICLE,NULL,NULL,NULL,false,NULL,8.0,NULL,"This animal has a carrying capacity of 420 pounds. See ""Monsters"" for its stat block.",NULL,NULL,NULL,NULL,NULL,NULL,NULL,NULL,NULL,NULL,NULL,NULL,NULL,NULL,NULL,NULL,NULL,NULL,NULL,NULL
e0b4431d-1079-54b9-9a2d-1b84b0081099,2026-09-08T00:00:00,2026-09-08T00:00:00,0,SRD_5_2,Pony,MOUNT_OR_VEHICLE,NULL,NULL,NULL,false,NULL,30.0,NULL,"This animal has a carrying capacity of 225 pounds. See ""Monsters"" for its stat block.",NULL,NULL,NULL,NULL,NULL,NULL,NULL,NULL,NULL,NULL,NULL,NULL,NULL,NULL,NULL,NULL,NULL,NULL,NULL,NULL
323c8a5c-17d3-5947-aa04-5d3c37b1c18c,2026-09-08T00:00:00,2026-09-08T00:00:00,0,SRD_5_2,Warhorse,MOUNT_OR_VEHICLE,NULL,NULL,NULL,false,NULL,400.0,NULL,"This animal has a carrying capacity of 540 pounds. See ""Monsters"" for its stat block.",NULL,NULL,NULL,NULL,NULL,NULL,NULL,NULL,NULL,NULL,NULL,NULL,NULL,NULL,NULL,NULL,NULL,NULL,NULL,NULL
112e16fd-5cdd-58ba-9e29-cefc4329a43a,2026-09-08T00:00:00,2026-09-08T00:00:00,0,SRD_5_2,Carriage,MOUNT_OR_VEHICLE,NULL,NULL,NULL,false,NULL,100.0,600,NULL,NULL,NULL,NULL,NULL,NULL,NULL,NULL,NULL,NULL,NULL,NULL,NULL,NULL,NULL,NULL,NULL,NULL,NULL,NULL,NULL
86f8e014-c7e5-5e84-89fa-b0a5be2a62bc,2026-09-08T00:00:00,2026-09-08T00:00:00,0,SRD_5_2,Cart,MOUNT_OR_VEHICLE,NULL,NULL,NULL,false,NULL,15.0,200,NULL,NULL,NULL,NULL,NULL,NULL,NULL,NULL,NULL,NULL,NULL,NULL,NULL,NULL,NULL,NULL,NULL,NULL,NULL,NULL,NULL
6b3249ce-296b-56e6-9daa-76557d144886,2026-09-08T00:00:00,2026-09-08T00:00:00,0,SRD_5_2,Chariot,MOUNT_OR_VEHICLE,NULL,NULL,NULL,false,NULL,250.0,100,NULL,NULL,NULL,NULL,NULL,NULL,NULL,NULL,NULL,NULL,NULL,NULL,NULL,NULL,NULL,NULL,NULL,NULL,NULL,NULL,NULL
9faf1a7d-8e2a-567f-a777-f0e2ee4d0e3a,2026-09-08T00:00:00,2026-09-08T00:00:00,0,SRD_5_2,Feed per day,MOUNT_OR_VEHICLE,NULL,NULL,NULL,false,NULL,0.05,10,NULL,NULL,NULL,NULL,NULL,NULL,NULL,NULL,NULL,NULL,NULL,NULL,NULL,NULL,NULL,NULL,NULL,NULL,NULL,NULL,NULL
817335e9-6eb6-5faa-a67b-0b299f93a579,2026-09-08T00:00:00,2026-09-08T00:00:00,0,SRD_5_2,Exotic Saddle,MOUNT_OR_VEHICLE,NULL,NULL,NULL,false,NULL,60.0,40,NULL,NULL,NULL,NULL,NULL,NULL,NULL,NULL,NULL,NULL,NULL,NULL,NULL,NULL,NULL,NULL,NULL,NULL,NULL,NULL,NULL
4d1de627-5514-5d7b-a5d9-fc6ed97493f7,2026-09-08T00:00:00,2026-09-08T00:00:00,0,SRD_5_2,Military Saddle,MOUNT_OR_VEHICLE,NULL,NULL,NULL,false,NULL,20.0,30,NULL,NULL,NULL,NULL,NULL,NULL,NULL,NULL,NULL,NULL,NULL,NULL,NULL,NULL,NULL,NULL,NULL,NULL,NULL,NULL,NULL
bfe58259-6324-5a59-b105-3ab05fc4188a,2026-09-08T00:00:00,2026-09-08T00:00:00,0,SRD_5_2,Riding Saddle,MOUNT_OR_VEHICLE,NULL,NULL,NULL,false,NULL,10.0,25,NULL,NULL,NULL,NULL,NULL,NULL,NULL,NULL,NULL,NULL,NULL,NULL,NULL,NULL,NULL,NULL,NULL,NULL,NULL,NULL,NULL
bf480906-a85a-5bda-be56-32b5c7912094,2026-09-08T00:00:00,2026-09-08T00:00:00,0,SRD_5_2,Sled,MOUNT_OR_VEHICLE,NULL,NULL,NULL,false,NULL,20.0,300,NULL,NULL,NULL,NULL,NULL,NULL,NULL,NULL,NULL,NULL,NULL,NULL,NULL,NULL,NULL,NULL,NULL,NULL,NULL,NULL,NULL
9a4f893b-9369-59ac-a40a-45a8394a05ba,2026-09-08T00:00:00,2026-09-08T00:00:00,0,SRD_5_2,Wagon,MOUNT_OR_VEHICLE,NULL,NULL,NULL,false,NULL,35.0,400,NULL,NULL,NULL,NULL,NULL,NULL,NULL,NULL,NULL,NULL,NULL,NULL,NULL,NULL,NULL,NULL,NULL,NULL,NULL,NULL,NULL
06c9b19d-36fd-50f5-ac7a-814b3950a554,2026-09-08T00:00:00,2026-09-08T00:00:00,0,SRD_5_2,Airship,MOUNT_OR_VEHICLE,NULL,NULL,NULL,false,NULL,40000.0,NULL,"Speed 8 mph. Crew 10. Passengers 20. Cargo 1 tons. AC 13, HP 300. Damage threshold none.",NULL,NULL,NULL,NULL,NULL,NULL,NULL,NULL,NULL,NULL,NULL,NULL,NULL,NULL,NULL,NULL,NULL,NULL,NULL,NULL
7d0e3099-e814-5043-b0c5-63bf99d5d4c4,2026-09-08T00:00:00,2026-09-08T00:00:00,0,SRD_5_2,Galley,MOUNT_OR_VEHICLE,NULL,NULL,NULL,false,NULL,30000.0,NULL,"Speed 4 mph. Crew 80. Passengers none. Cargo 150 tons. AC 15, HP 500. Damage threshold 20.",NULL,NULL,NULL,NULL,NULL,NULL,NULL,NULL,NULL,NULL,NULL,NULL,NULL,NULL,NULL,NULL,NULL,NULL,NULL,NULL
7cbb65a0-0478-5a47-9d57-59e56c8d8218,2026-09-08T00:00:00,2026-09-08T00:00:00,0,SRD_5_2,Keelboat,MOUNT_OR_VEHICLE,NULL,NULL,NULL,false,NULL,3000.0,NULL,"Speed 1 mph. Crew 1. Passengers 6. Cargo 1/2 tons. AC 15, HP 100. Damage threshold 10.",NULL,NULL,NULL,NULL,NULL,NULL,NULL,NULL,NULL,NULL,NULL,NULL,NULL,NULL,NULL,NULL,NULL,NULL,NULL,NULL
883be71f-cdcd-5714-ab6f-53cba856cf23,2026-09-08T00:00:00,2026-09-08T00:00:00,0,SRD_5_2,Longship,MOUNT_OR_VEHICLE,NULL,NULL,NULL,false,NULL,10000.0,NULL,"Speed 3 mph. Crew 40. Passengers 150. Cargo 10 tons. AC 15, HP 300. Damage threshold 15.",NULL,NULL,NULL,NULL,NULL,NULL,NULL,NULL,NULL,NULL,NULL,NULL,NULL,NULL,NULL,NULL,NULL,NULL,NULL,NULL
3e4937ca-56e0-5300-8864-6ec6668d9b9d,2026-09-08T00:00:00,2026-09-08T00:00:00,0,SRD_5_2,Rowboat,MOUNT_OR_VEHICLE,NULL,NULL,NULL,false,NULL,50.0,NULL,"Speed 1 1/2 mph. Crew 1. Passengers 3. Cargo none tons. AC 11, HP 50. Damage threshold none.",NULL,NULL,NULL,NULL,NULL,NULL,NULL,NULL,NULL,NULL,NULL,NULL,NULL,NULL,NULL,NULL,NULL,NULL,NULL,NULL
3488c73f-163c-5209-bc62-f97d4b6b9cc1,2026-09-08T00:00:00,2026-09-08T00:00:00,0,SRD_5_2,Sailing Ship,MOUNT_OR_VEHICLE,NULL,NULL,NULL,false,NULL,10000.0,NULL,"Speed 2 mph. Crew 20. Passengers 20. Cargo 100 tons. AC 15, HP 300. Damage threshold 15.",NULL,NULL,NULL,NULL,NULL,NULL,NULL,NULL,NULL,NULL,NULL,NULL,NULL,NULL,NULL,NULL,NULL,NULL,NULL,NULL
0c8f4e6a-32ae-51fc-ba98-bf975134f6d3,2026-09-08T00:00:00,2026-09-08T00:00:00,0,SRD_5_2,Warship,MOUNT_OR_VEHICLE,NULL,NULL,NULL,false,NULL,25000.0,NULL,"Speed 2 1/2 mph. Crew 60. Passengers 60. Cargo 200 tons. AC 15, HP 500. Damage threshold 20.",NULL,NULL,NULL,NULL,NULL,NULL,NULL,NULL,NULL,NULL,NULL,NULL,NULL,NULL,NULL,NULL,NULL,NULL,NULL,NULL
c4594bd3-a7b6-5a5f-9cf2-89ddfccb8e40,2026-09-08T00:00:00,2026-09-08T00:00:00,0,SRD_5_2,Adamantine Armor,ARMOR,UNCOMMON,NULL,"Any Medium or Heavy, Except Hide Armor",false,NULL,NULL,NULL,"This suit of armor is reinforced with adamantine, one of the hardest substances in existence. While you're wearing it, any Critical Hit against you becomes a normal hit.",NULL,NULL,NULL,NULL,NULL,NULL,NULL,NULL,NULL,NULL,NULL,NULL,NULL,NULL,NULL,NULL,NULL,NULL,NULL,NULL
1d6e45fa-4866-52ac-b765-caebcd4b7f3c,2026-09-08T00:00:00,2026-09-08T00:00:00,0,SRD_5_2,"Ammunition, +1, +2, or +3",WEAPON,VARIES,"Uncommon (+1), Rare (+2), Very Rare (+3)",Any Ammunition,false,NULL,NULL,NULL,"You have a bonus to attack rolls and damage rolls made with this piece of magic ammunition. The bonus is determined by the rarity of the ammunition. Once it hits a target, the ammunition is no longer magical.

This ammunition is typically found or sold in quantities of ten or twenty pieces. Ten pieces of this ammunition are equivalent in value to a potion of the same rarity.",NULL,NULL,NULL,NULL,NULL,NULL,NULL,NULL,NULL,NULL,NULL,NULL,NULL,NULL,NULL,NULL,NULL,NULL,NULL,NULL
6e9b6420-36c6-5fb5-afc0-08cdc912c23b,2026-09-08T00:00:00,2026-09-08T00:00:00,0,SRD_5_2,Ammunition of Slaying,WEAPON,VERY_RARE,NULL,Any Ammunition,false,NULL,NULL,NULL,"This magic ammunition is meant to slay creatures of a particular type, which the GM chooses or determines randomly by rolling on the table below. If a creature of that type takes damage from the ammunition, the creature makes a DC 17 Constitution saving throw, taking an extra 6d10 Force damage on a failed save or half as much extra damage on a successful one.

After dealing its extra damage to a creature, the ammunition becomes nonmagical.

1d100 Creature Type  1d100 Creature Type
01-10 Aberrations  51-60 Fey
11-15 Beasts  61-70 Fiends
16-20 Celestials  71-75 Giants
21-25 Constructs  76-80 Monstrosities
26-35 Dragons  81-85 Oozes
36-45 Elementals  86-90 Plants
46-50 Humanoids  91-00 Undead",NULL,NULL,NULL,NULL,NULL,NULL,NULL,NULL,NULL,NULL,NULL,NULL,NULL,NULL,NULL,NULL,NULL,NULL,NULL,NULL
a52e0e03-306f-5c5b-b127-16ea1cd607e8,2026-09-08T00:00:00,2026-09-08T00:00:00,0,SRD_5_2,Amulet of Health,WONDROUS_ITEM,RARE,NULL,NULL,true,NULL,NULL,NULL,Your Constitution is 19 while you wear this amulet. It has no effect on you if your Constitution is 19 or higher without it.,NULL,NULL,NULL,NULL,NULL,NULL,NULL,NULL,NULL,NULL,NULL,NULL,NULL,NULL,NULL,NULL,NULL,NULL,NULL,NULL
227bd103-a13f-5276-8b62-6828c6bc1cd1,2026-09-08T00:00:00,2026-09-08T00:00:00,0,SRD_5_2,Amulet of Proof against Detection and Location,WONDROUS_ITEM,UNCOMMON,NULL,NULL,true,NULL,NULL,NULL,"While wearing this amulet, you can't be targeted by Divination spells or perceived through magical scrying sensors unless you allow it.",NULL,NULL,NULL,NULL,NULL,NULL,NULL,NULL,NULL,NULL,NULL,NULL,NULL,NULL,NULL,NULL,NULL,NULL,NULL,NULL
80fb1c24-07b0-5510-9646-e8c9bd517c41,2026-09-08T00:00:00,2026-09-08T00:00:00,0,SRD_5_2,Amulet of the Planes,WONDROUS_ITEM,VERY_RARE,NULL,NULL,true,NULL,NULL,NULL,"While wearing this amulet, you can take a Magic action to name a location that you are familiar with on another plane of existence. Then make a DC 15 Intelligence (Arcana) check. On a successful check, you cast Plane Shift. On a failed check, you and each creature and object within 15 feet of you travel to a random destination determined by rolling 1d100 and consulting the following table.

1d100 Destination
01-60 Random location on the plane you named
61-70 Random location on an Inner Plane deter-
mined by rolling 1d6: on a 1, the Plane of Air;
on a 2, the Plane of Earth; on a 3, the Plane of
Fire; on a 4, the Plane of Water; on a 5, the
Feywild; on a 6, the Shadowfell
71-80 Random location on an Outer Plane deter-
mined by rolling 1d8: on a 1, Arborea; on a 2,
Arcadia; on a 3, the Beastlands; on a 4, Byto-
pia; on a 5, Elysium; on a 6, Mechanus; on a 7,
Mount Celestia; on an 8, Ysgard
81-90 Random location on an Outer Plane deter-
mined by rolling 1d8: on a 1, the Abyss; on a
2, Acheron; on a 3, Carceri; on a 4, Gehenna;
on a 5, Hades; on a 6, Limbo; on a 7, the Nine
Hells; on an 8, Pandemonium
91-00 Random location on the Astral Plane",NULL,NULL,NULL,NULL,NULL,NULL,NULL,NULL,NULL,NULL,NULL,NULL,NULL,NULL,NULL,NULL,NULL,NULL,NULL,NULL
77cc2d50-52dc-5021-9ca5-7c05ffad10c4,2026-09-08T00:00:00,2026-09-08T00:00:00,0,SRD_5_2,Animated Shield,SHIELD,VERY_RARE,NULL,Shield,true,NULL,NULL,NULL,"While holding this Shield, you can take a Bonus Action to cause it to animate. The Shield leaps into the air and hovers in your space to protect you as if you were wielding it, leaving your hands free. The Shield remains animate for 1 minute, until you take a Bonus Action to end this effect, or until you die or have the Incapacitated condition, at which point the Shield falls to the ground or into your hand if you have one free.",NULL,NULL,NULL,NULL,NULL,NULL,NULL,NULL,NULL,NULL,NULL,NULL,NULL,NULL,NULL,NULL,NULL,NULL,NULL,NULL
26b43719-2e15-54e3-a9c5-cae17b2971de,2026-09-08T00:00:00,2026-09-08T00:00:00,0,SRD_5_2,Apparatus of the Crab,WONDROUS_ITEM,LEGENDARY,NULL,NULL,false,NULL,NULL,NULL,"This item first appears to be a sealed iron barrel weighing 500 pounds. The barrel has a hidden catch, which can be found with a successful DC 20 Intelligence (Investigation) check. Releasing the catch unlocks a hatch at one end of the barrel, allowing two Medium or smaller creatures to crawl inside. Ten levers are set in a row at the far end, each in a neutral position, able to move up or down. When certain levers are used, the apparatus transforms to resemble a giant lobster. The Apparatus of the Crab is a Large object with the following statistics: AC 20; HP 200; Speed 30 ft., Swim 30 ft. (or 0 ft. for both if the legs aren't extended); Immunity to Poison and Psychic damage.

To be used as a vehicle, the apparatus requires one pilot. While the apparatus's hatch is closed, the compartment is airtight and watertight. The compartment holds enough air for 10 hours of breathing, divided by the number of breathing creatures inside.

The apparatus floats on water. It can also go underwater to a depth of 900 feet. Below that, the vehicle takes 2d6 Bludgeoning damage each minute from pressure.

A creature in the compartment can take a Utilize action to move as many as two of the apparatus's levers up or down. After each use, a lever goes back to its neutral position. Each lever, from left to right, functions as shown in the Apparatus of the Crab Levers table.

Apparatus of the Crab Levers
Lever Up
1  Legs extend, allowing the apparatus to walk and swim. Legs retract, reducing the apparatus's Speed and Swim
2  Forward window shutter opens.
3  Side window shutters open (two per side).
4  Two claws extend from the front side of the
apparatus.
5  Each extended claw makes the following melee attack:
+8 to hit, reach 5 ft. Hit: 7 (2d6) Bludgeoning damage.
6  The apparatus walks or swims forward provided its
legs are extended.
7  The apparatus turns 90 degrees counterclockwise
provided its legs are extended.
8  Eyelike fixtures emit Bright Light in a 30-foot radius
and Dim Light for an additional 30 feet.
9  The apparatus sinks up to 20 feet if it's in liquid.
10  The rear hatch unseals and opens.",NULL,NULL,NULL,NULL,NULL,NULL,NULL,NULL,NULL,NULL,NULL,NULL,NULL,NULL,NULL,NULL,NULL,NULL,NULL,NULL
db4a533b-f217-5d17-b730-732e11817834,2026-09-08T00:00:00,2026-09-08T00:00:00,0,SRD_5_2,"Armor, +1, +2, or +3",ARMOR,VARIES,"Rare (+1), Very Rare (+2), Legendary (+3)","Any Light, Medium, or Heavy",false,NULL,NULL,NULL,You have a bonus to Armor Class while wearing this armor. The bonus is determined by its rarity.,NULL,NULL,NULL,NULL,NULL,NULL,NULL,NULL,NULL,NULL,NULL,NULL,NULL,NULL,NULL,NULL,NULL,NULL,NULL,NULL
ec1a3af5-5bc9-5161-a6d0-a9536c5fe205,2026-09-08T00:00:00,2026-09-08T00:00:00,0,SRD_5_2,Armor of Invulnerability,ARMOR,LEGENDARY,NULL,Plate Armor,true,NULL,NULL,NULL,"You have Resistance to Bludgeoning, Piercing, and Slashing damage while you wear this armor.

Metal Shell. You can take a Magic action to give yourself Immunity to Bludgeoning, Piercing, and Slashing damage for 10 minutes or until you are no longer wearing the armor. Once this property is used, it can't be used again until the next dawn.",NULL,NULL,NULL,NULL,NULL,NULL,NULL,NULL,NULL,NULL,NULL,NULL,NULL,NULL,NULL,NULL,NULL,NULL,NULL,NULL
d744ded1-9c66-513b-8996-03a187abf64e,2026-09-08T00:00:00,2026-09-08T00:00:00,0,SRD_5_2,Armor of Resistance,ARMOR,RARE,NULL,"Any Light, Medium, or Heavy",true,NULL,NULL,NULL,"You have Resistance to one type of damage while you wear this armor. The GM chooses the type or determines it randomly by rolling on the following table.

1d10 Damage Type  1d10 Damage Type
1  Acid  6  Necrotic
2  Cold  7  Poison
3  Fire  8  Psychic
4  Force  9  Radiant
5  Lightning  10  Thunder
Down
Speed to 0 and making it unable to benefit from bo nuses to speed. Forward window shutter closes. Side window shutters close (two per side). The claws retract. Each extended claw makes the following melee attack:-
+8 to hit, reach 5 ft. condition (escape DC 15). The apparatus walks or swims backward provided its legs are extended. The apparatus turns 90 degrees clockwise provided its legs are extended. The light turns off. The apparatus rises up to 20 feet if it's in liquid. The rear hatch closes and seals.Hit: The target has the Grappled",NULL,NULL,NULL,NULL,NULL,NULL,NULL,NULL,NULL,NULL,NULL,NULL,NULL,NULL,NULL,NULL,NULL,NULL,NULL,NULL
dcc4769d-0136-5332-a117-1fcf4850bd7b,2026-09-08T00:00:00,2026-09-08T00:00:00,0,SRD_5_2,Armor of Vulnerability,ARMOR,RARE,NULL,"Any Light, Medium, or Heavy",true,NULL,NULL,NULL,"While wearing this armor, you have Resistance to one of the following damage types: Bludgeoning, Piercing, or Slashing. The GM chooses the type or determines it randomly.

Curse. This armor is cursed, a fact that is revealed only when the Identify spell is cast on the armor or you attune to it. Attuning to the armor curses you until you are targeted by a Remove Curse spell or similar magic; removing the armor fails to end the curse. While cursed, you have Vulnerability to two of the three damage types associated with the armor (not the one to which it grants Resistance).",NULL,NULL,NULL,NULL,NULL,NULL,NULL,NULL,NULL,NULL,NULL,NULL,NULL,NULL,NULL,NULL,NULL,NULL,NULL,NULL
f97b7119-9aa0-5ac4-b0f1-fc6726dd359c,2026-09-08T00:00:00,2026-09-08T00:00:00,0,SRD_5_2,Arrow-Catching Shield,SHIELD,RARE,NULL,Shield,true,NULL,NULL,NULL,"You gain a +2 bonus to Armor Class against ranged attack rolls while you wield this Shield. This bonus is in addition to the Shield's normal bonus to AC.

Whenever an attacker makes a ranged attack roll against a target within 5 feet of you, you can take a Reaction to become the target of the attack instead.",NULL,NULL,NULL,NULL,NULL,NULL,NULL,NULL,NULL,NULL,NULL,NULL,NULL,NULL,NULL,NULL,NULL,NULL,NULL,NULL
c8d487c8-d072-584f-99be-1bb07f5e0aa0,2026-09-08T00:00:00,2026-09-08T00:00:00,0,SRD_5_2,Bag of Beans,WONDROUS_ITEM,RARE,NULL,NULL,false,NULL,NULL,NULL,"This heavy cloth bag contains 3d4 dry beans when found. The bag weighs half a pound regardless of how many beans it contains and becomes a nonmagical item when it no longer contains any beans.

If you dump one or more beans out of the bag, they explode in a 10-foot-radius Sphere centered on them. All the dumped beans are destroyed in the explosion, and each creature in the Sphere, including you, makes a DC 15 Dexterity saving throw, taking 5d4 Force damage on a failed save or half as much damage on a successful one.

If you remove a bean from the bag, plant it in dirt or sand, and then water it, the bean disappears as it produces an effect 1 minute later from the ground where it was planted. The GM can choose an effect from the following table or determine it randomly.

1d100  Effect
01  5d4 toadstools sprout. If a creature eats a
toadstool, roll any die. On an odd roll, the
eater must succeed on a DC 15 Constitution
saving throw or take 5d6 Poison damage and
have the Poisoned condition for 1 hour. On
an even roll, the eater gains 5d6 Temporary
Hit Points for 1 hour.
02-10  A geyser erupts and spouts water, beer,
mayonnaise, tea, vinegar, wine, or oil (GM's
choice) 30 feet into the air for 1d4 minutes.
1d100  Effect
11-20  A Treant sprouts. Roll any die. On an odd
roll, the treant is Chaotic Evil. On an even
roll, the treant is Chaotic Good.
21-30  An animate but immobile stone statue in
your likeness rises and makes verbal threats
against you. If you leave it and others come
near, it describes you as the most heinous
of villains and directs the newcomers to find
and attack you. If you are on the same plane
of existence as the statue, it knows where
you are. The statue becomes inanimate after
24 hours.
31-40  A campfire with green flames springs
forth and burns for 24 hours or until it is
extinguished.
41-50  Three Shrieker Fungi sprout.
51-60  1d4 + 4 bright-pink toads crawl forth. When-
ever a toad is touched, it transforms into a
Large or smaller monster of the GM's choice
that acts in accordance with its alignment
and nature. The monster remains for 1 min-
ute, then disappears in a puff of bright-pink
smoke.
61-70  A hungry Bulette burrows up and attacks.
71-80  A fruit tree grows. It has 1d10 + 20 fruit, 1d8
of which act as randomly determined po-
tions. The tree vanishes after 1 hour. Picked
fruit remains, retaining any magic for 30 days.
81-90  A nest of 1d4 + 3 rainbow-colored eggs
springs up. Any creature that eats an egg
makes a DC 20 Constitution saving throw.
On a successful save, a creature permanently
increases its lowest ability score by 1, ran-
domly choosing among equally low scores.
On a failed save, the creature takes 10d6
Force damage from an internal explosion.
91-95  A pyramid with a 60-foot-square base bursts
upward. Inside is a burial chamber containing
a Undead of the GM's choice. Its sarcophagus contains treasure of the GM's choice.Mummy, a Mummy Lord, or some other
96-00  A giant beanstalk sprouts, growing to a
height of the GM's choice. The top leads
where the GM chooses, such as to a great
view, a cloud giant's castle, or another plane
of existence.",NULL,NULL,NULL,NULL,NULL,NULL,NULL,NULL,NULL,NULL,NULL,NULL,NULL,NULL,NULL,NULL,NULL,NULL,NULL,NULL
ac7be469-c41c-5098-9fe5-6cfba2db6027,2026-09-08T00:00:00,2026-09-08T00:00:00,0,SRD_5_2,Bag of Devouring,WONDROUS_ITEM,VERY_RARE,NULL,NULL,false,NULL,NULL,NULL,"This bag resembles a Bag of Holding but is a feeding orifice for a gigantic extradimensional creature. Turning the bag inside out closes the orifice.

The extradimensional creature attached to the bag can sense whatever is placed inside the bag. Animal or vegetable matter placed wholly in the bag is devoured and lost forever. When part of a living creature is placed in the bag, as happens when someone reaches inside it, there is a 50 percent chance that the creature is pulled inside the bag. A creature inside the bag can take an action to try to escape, doing so with a successful DC 15 Strength (Athletics) check. Another creature can take an action to reach into the bag to pull a creature out, doing so with a successful DC 20 Strength (Athletics) check, provided the puller isn't pulled inside the bag first. Any creature that starts its turn inside the bag is devoured, its body destroyed.

Inanimate objects can be stored in the bag, which can hold a cubic foot of such material. However, once each day, the bag swallows any objects inside it and spits them out into another plane of existence. The GM determines the time and plane.

If the bag is pierced or torn, it is destroyed, and anything contained within it is transported to a random location on the Astral Plane.",NULL,NULL,NULL,NULL,NULL,NULL,NULL,NULL,NULL,NULL,NULL,NULL,NULL,NULL,NULL,NULL,NULL,NULL,NULL,NULL
7941999e-243c-5f92-a9f4-be7794ff5a81,2026-09-08T00:00:00,2026-09-08T00:00:00,0,SRD_5_2,Bag of Holding,WONDROUS_ITEM,UNCOMMON,NULL,NULL,false,NULL,NULL,NULL,"This bag has an interior space considerably larger than its outside dimensions—roughly 2 feet square and 4 feet deep on the inside. The bag can hold up to 500 pounds, not exceeding a volume of 64 cubic feet. The bag weighs 5 pounds, regardless of its contents. Retrieving an item from the bag requires a Utilize action.

If the bag is overloaded, pierced, or torn, it is destroyed, and its contents are scattered in the Astral Plane. If the bag is turned inside out, its contents spill forth unharmed, but the bag must be put right before it can be used again. The bag holds enough air for 10 minutes of breathing, divided by the number of breathing creatures inside.

Placing a Bag of Holding inside an extradimensional space created by a Handy Haversack, Portable Hole, or similar item instantly destroys both items and opens a gate to the Astral Plane. The gate originates where the one item was placed inside the other. Any creature within a 10-foot-radius Sphere centered on the gate is sucked through it to a random location on the Astral Plane. The gate then closes. The gate is one-way and can't be reopened.",NULL,NULL,NULL,NULL,NULL,NULL,NULL,NULL,NULL,NULL,NULL,NULL,NULL,NULL,NULL,NULL,NULL,NULL,NULL,NULL
43fb6a3f-f373-5809-b8cc-3b1521abb000,2026-09-08T00:00:00,2026-09-08T00:00:00,0,SRD_5_2,Bag of Tricks,WONDROUS_ITEM,UNCOMMON,NULL,NULL,false,NULL,NULL,NULL,"This bag made from gray, rust, or tan cloth appears empty. Reaching inside the bag, however, reveals the presence of a small, fuzzy object.

You can take a Magic action to pull the fuzzy object from the bag and throw it up to 20 feet. When the object lands, it transforms into a creature you determine by rolling on the table that corresponds to the bag's color. See ""Monsters"" for the creature's stat block. The creature vanishes at the next dawn or when it is reduced to 0 Hit Points.

The creature is Friendly to you and your allies, and it acts immediately after you on your Initiative count. You can take a Bonus Action to command how the creature moves and what action it takes on its next turn, such as attacking an enemy. In the absence of such orders, the creature acts in a fashion appropriate to its nature.

Once three fuzzy objects have been pulled from the bag, the bag can't be used again until the next dawn.

Gray Bag of Tricks
1d8  Creature  1d8  Creature
1  Weasel  5  Panther
2  Giant Rat  6  Giant Badger
3  Badger  7  Dire Wolf
4  Boar  8  Giant Elk
Rust Bag of Tricks
1d8  Creature  1d8  Creature
1  Rat  5  Giant Goat
2  Owl  6  Giant Boar
3  Mastiff  7  Lion
4  Goat  8  Brown Bear
Tan Bag of Tricks
1d8  Creature  1d8  Creature
1  Jackal  5  Black Bear
2  Ape  6  Giant Weasel
3  Baboon  7  Giant Hyena
4  Axe Beak  8  Tiger",NULL,NULL,NULL,NULL,NULL,NULL,NULL,NULL,NULL,NULL,NULL,NULL,NULL,NULL,NULL,NULL,NULL,NULL,NULL,NULL
294b3e66-a752-5b8c-9501-ff96550dc6ab,2026-09-08T00:00:00,2026-09-08T00:00:00,0,SRD_5_2,Bead of Force,WONDROUS_ITEM,RARE,NULL,NULL,false,NULL,NULL,NULL,"This small black sphere measures 3/4 of an inch in diameter and weighs an ounce. Typically, 1d4 + 4 Beads of Force are found together.

You can take a Magic action to throw the bead up to 60 feet. The bead explodes in a 10-foot-radius Sphere on impact and is destroyed. Each creature in the Sphere must succeed on a DC 15 Dexterity saving throw or take 5d4 Force damage. A sphere of transparent force then encloses the area for 1 minute. Any creature that failed the save and is completely within the area is trapped inside this sphere. Creatures that succeeded on the save or are partially within the area are pushed away from the center of the sphere until they are no longer inside it. Only breathable air can pass through the sphere's wall. No attack or other effect can pass through.

An enclosed creature can take a Utilize action to push against the sphere's wall, moving the sphere up to half the creature's Speed. The sphere can be picked up, and its magic causes it to weigh only 1 pound, regardless of the weight of creatures inside.",NULL,NULL,NULL,NULL,NULL,NULL,NULL,NULL,NULL,NULL,NULL,NULL,NULL,NULL,NULL,NULL,NULL,NULL,NULL,NULL
4fbd1a16-4845-5198-a908-8b83926f9f4a,2026-09-08T00:00:00,2026-09-08T00:00:00,0,SRD_5_2,Bead of Nourishment,WONDROUS_ITEM,COMMON,NULL,NULL,false,NULL,NULL,NULL,"This flavorless, gelatinous bead dissolves on your tongue and provides as much nourishment as 1 day of Rations.",NULL,NULL,NULL,NULL,NULL,NULL,NULL,NULL,NULL,NULL,NULL,NULL,NULL,NULL,NULL,NULL,NULL,NULL,NULL,NULL
362fde23-7a2f-5589-8d28-af5827c73fbd,2026-09-08T00:00:00,2026-09-08T00:00:00,0,SRD_5_2,Belt of Dwarvenkind,WONDROUS_ITEM,RARE,NULL,NULL,true,NULL,NULL,NULL,"While wearing this belt, you gain the following benefits: Dwarvish. You know Dwarvish. Friend of Dwarvenkind. You have Advantage on Charisma (Persuasion) checks made to interact with dwarves and duergar. Toughness. Your Constitution increases by 2, to a maximum of 20. In addition, while attuned to the belt, you have a 50 percent chance each day at dawn of growing a full beard if you can grow one, or a thicker beard if you already have one.

If you aren't a dwarf or duergar, you gain the following additional benefits while wearing the belt: Darkvision. You have Darkvision with a range of 60 feet. Resilience. You have Resistance to Poison damage. You also have Advantage on saving throws you make to avoid or end the Poisoned condition.",NULL,NULL,NULL,NULL,NULL,NULL,NULL,NULL,NULL,NULL,NULL,NULL,NULL,NULL,NULL,NULL,NULL,NULL,NULL,NULL
f4860bbb-d179-5473-9004-a0bffae29433,2026-09-08T00:00:00,2026-09-08T00:00:00,0,SRD_5_2,Belt of Giant Strength,WONDROUS_ITEM,VARIES,NULL,NULL,true,NULL,NULL,NULL,"While wearing this belt, your Strength changes to a score granted by the belt. The type of giant determines the score (see the table below). The item has no effect on you if your Strength without the belt is equal to or greater than the belt's score.

Belt  Str.  Rarity
Belt of Giant Strength (hill)  21  Rare
Belt of Giant Strength stone) (frost or  23  Very Rare
Belt of Giant Strength (fire)  25  Very Rare
Belt of Giant Strength (cloud)  27  Legendary
Belt of Giant Strength (storm)  29  Legendary",NULL,NULL,NULL,NULL,NULL,NULL,NULL,NULL,NULL,NULL,NULL,NULL,NULL,NULL,NULL,NULL,NULL,NULL,NULL,NULL
f48a14c0-110b-579f-9fee-b44162864450,2026-09-08T00:00:00,2026-09-08T00:00:00,0,SRD_5_2,Berserker Axe,WEAPON,RARE,NULL,"Battleaxe, Greataxe, or Halberd",true,NULL,NULL,NULL,"You gain a +1 bonus to attack rolls and damage rolls made with this magic weapon. In addition, while you are attuned to this weapon, your Hit Point maximum increases by 1 for each level you have attained.

Curse. This weapon is cursed, and becoming attuned to it extends the curse to you. As long as you remain cursed, you are unwilling to part with the weapon, keeping it within reach at all times. You also have Disadvantage on attack rolls with weapons other than this one.

Whenever another creature damages you while the weapon is in your possession, you must succeed on a DC 15 Wisdom saving throw or go berserk. This berserk state ends when you start your turn and there are no creatures within 60 feet of you that you can see or hear.

While berserk, you regard the creature nearest to you that you can see or hear as your enemy. If there are multiple possible creatures, choose one at random. On each of your turns, you must move as close to the creature as possible and take the Attack action, targeting the creature. If you're unable to get close enough to the creature to attack it with the weapon, your turn ends after you've used up all your available movement. If the creature dies or can no longer be seen or heard by you, the next nearest creature that you can see or hear becomes your new target.",NULL,NULL,NULL,NULL,NULL,NULL,NULL,NULL,NULL,NULL,NULL,NULL,NULL,NULL,NULL,NULL,NULL,NULL,NULL,NULL
6c0d3896-dc1a-5090-a867-c181374032cf,2026-09-08T00:00:00,2026-09-08T00:00:00,0,SRD_5_2,Boots of Elvenkind,WONDROUS_ITEM,UNCOMMON,NULL,NULL,false,NULL,NULL,NULL,"While you wear these boots, your steps make no sound, regardless of the surface you are moving across. You also have Advantage on Dexterity (Stealth) checks.",NULL,NULL,NULL,NULL,NULL,NULL,NULL,NULL,NULL,NULL,NULL,NULL,NULL,NULL,NULL,NULL,NULL,NULL,NULL,NULL
03c7513e-8cf0-58b8-bef5-17affbdd9c4b,2026-09-08T00:00:00,2026-09-08T00:00:00,0,SRD_5_2,Boots of Levitation,WONDROUS_ITEM,RARE,NULL,NULL,true,NULL,NULL,NULL,"While you wear these boots, you can cast Levitate on yourself.",NULL,NULL,NULL,NULL,NULL,NULL,NULL,NULL,NULL,NULL,NULL,NULL,NULL,NULL,NULL,NULL,NULL,NULL,NULL,NULL
ff1ef5ae-7a94-512c-81fb-95f95b816a57,2026-09-08T00:00:00,2026-09-08T00:00:00,0,SRD_5_2,Boots of Speed,WONDROUS_ITEM,RARE,NULL,NULL,true,NULL,NULL,NULL,"While you wear these boots, you can take a Bonus Action to click the boots' heels together. If you do, the boots double your Speed, and any creature that makes an Opportunity Attack against you has Disadvantage on the attack roll. If you click your heels together again, you end the effect.

When you've used the boots' property for a total of 10 minutes, the magic ceases to function for you until you finish a Long Rest.",NULL,NULL,NULL,NULL,NULL,NULL,NULL,NULL,NULL,NULL,NULL,NULL,NULL,NULL,NULL,NULL,NULL,NULL,NULL,NULL
7baa6049-ec9d-5a7d-9cbf-8bdd3cbd5239,2026-09-08T00:00:00,2026-09-08T00:00:00,0,SRD_5_2,Boots of Striding and Springing,WONDROUS_ITEM,UNCOMMON,NULL,NULL,true,NULL,NULL,NULL,"While you wear these boots, your Speed becomes 30 feet unless your Speed is higher, and your Speed isn't reduced by you carrying weight in excess of your carrying capacity or wearing Heavy Armor.

Once on each of your turns, you can jump up to 30 feet by spending only 10 feet of movement.",NULL,NULL,NULL,NULL,NULL,NULL,NULL,NULL,NULL,NULL,NULL,NULL,NULL,NULL,NULL,NULL,NULL,NULL,NULL,NULL
bff04b19-4f13-555b-acea-757b0d1358f9,2026-09-08T00:00:00,2026-09-08T00:00:00,0,SRD_5_2,Boots of the Winterlands,WONDROUS_ITEM,UNCOMMON,NULL,NULL,true,NULL,NULL,NULL,"These furred boots are snug and feel warm. While wearing them, you gain the following benefits.

Cold Resistance. You have Resistance to Cold damage and can tolerate temperatures of 0 degrees Fahrenheit or lower without any additional protection.

Winter Strider. You ignore Difficult Terrain created by ice or snow.",NULL,NULL,NULL,NULL,NULL,NULL,NULL,NULL,NULL,NULL,NULL,NULL,NULL,NULL,NULL,NULL,NULL,NULL,NULL,NULL
ec7141a4-3ebe-5077-9715-14e2e86cc3e8,2026-09-08T00:00:00,2026-09-08T00:00:00,0,SRD_5_2,Bowl of Commanding Water Elementals,WONDROUS_ITEM,RARE,NULL,NULL,false,NULL,NULL,NULL,"While this bowl is filled with water and you are within 5 feet of it, you can take a Magic action to summon a Water Elemental. The elemental appears in an unoccupied space as close to the bowl as possible, understands your languages, obeys your commands, and takes its turn immediately after you on your Initiative count. The elemental disappears after 1 hour, when it dies, or when you dismiss it as a Bonus Action. The bowl can't be used this way again until the next dawn.

The bowl is about 1 foot in diameter and half as deep. It holds about 3 gallons.",NULL,NULL,NULL,NULL,NULL,NULL,NULL,NULL,NULL,NULL,NULL,NULL,NULL,NULL,NULL,NULL,NULL,NULL,NULL,NULL
993adcce-dc10-5372-8d62-ce67b81a665f,2026-09-08T00:00:00,2026-09-08T00:00:00,0,SRD_5_2,Bracers of Archery,WONDROUS_ITEM,UNCOMMON,NULL,NULL,true,NULL,NULL,NULL,"While wearing these bracers, you have proficiency with the Longbow and Shortbow, and you gain a +2 bonus to damage rolls made with such weapons.",NULL,NULL,NULL,NULL,NULL,NULL,NULL,NULL,NULL,NULL,NULL,NULL,NULL,NULL,NULL,NULL,NULL,NULL,NULL,NULL
e8c95b97-69a5-5923-8f13-af7ea64a6c38,2026-09-08T00:00:00,2026-09-08T00:00:00,0,SRD_5_2,Bracers of Defense,WONDROUS_ITEM,RARE,NULL,NULL,true,NULL,NULL,NULL,"While wearing these bracers, you gain a +2 bonus to Armor Class if you are wearing no armor and using no Shield.",NULL,NULL,NULL,NULL,NULL,NULL,NULL,NULL,NULL,NULL,NULL,NULL,NULL,NULL,NULL,NULL,NULL,NULL,NULL,NULL
eda80c81-9db7-51f7-a3a3-6c90b470e0a3,2026-09-08T00:00:00,2026-09-08T00:00:00,0,SRD_5_2,Brazier of Commanding Fire Elementals,WONDROUS_ITEM,RARE,NULL,NULL,false,NULL,NULL,NULL,"While you are within 5 feet of this brazier, you can take a Magic action to summon a Fire Elemental. The elemental appears in an unoccupied space as close to the brazier as possible, understands your languages, obeys your commands, and takes its turn immediately after you on your Initiative count. The elemental disappears after 1 hour, when it dies, or when you dismiss it as a Bonus Action. The brazier can't be used this way again until the next dawn.",NULL,NULL,NULL,NULL,NULL,NULL,NULL,NULL,NULL,NULL,NULL,NULL,NULL,NULL,NULL,NULL,NULL,NULL,NULL,NULL
31bbd9d9-2968-5a03-9894-541a786c6d3c,2026-09-08T00:00:00,2026-09-08T00:00:00,0,SRD_5_2,Brooch of Shielding,WONDROUS_ITEM,UNCOMMON,NULL,NULL,true,NULL,NULL,NULL,"While wearing this brooch, you have Resistance to Force damage, and you have Immunity to damage from the Magic Missile spell.",NULL,NULL,NULL,NULL,NULL,NULL,NULL,NULL,NULL,NULL,NULL,NULL,NULL,NULL,NULL,NULL,NULL,NULL,NULL,NULL
0a40ddfb-4839-54be-bbb5-e118d6432c72,2026-09-08T00:00:00,2026-09-08T00:00:00,0,SRD_5_2,Broom of Flying,WONDROUS_ITEM,UNCOMMON,NULL,NULL,true,NULL,NULL,NULL,"This wooden broom functions like a mundane broom until you stand astride it and take a Magic action to make it hover beneath you, at which time it can be ridden in the air. It has a Fly Speed of 50 feet. It can carry up to 400 pounds, but its Fly Speed becomes 30 feet while carrying over 200 pounds. The broom stops hovering when you land or when you're no longer riding it.

As a Magic action, you can send the broom to travel alone to a destination within 1 mile of you if you name the location and are familiar with it. The broom comes back to you when you take a Magic action and use a command word if the broom is still within 1 mile of you.",NULL,NULL,NULL,NULL,NULL,NULL,NULL,NULL,NULL,NULL,NULL,NULL,NULL,NULL,NULL,NULL,NULL,NULL,NULL,NULL
85eb35f0-81da-5398-9944-77fe6f585d29,2026-09-08T00:00:00,2026-09-08T00:00:00,0,SRD_5_2,Candle of Invocation,WONDROUS_ITEM,VERY_RARE,NULL,NULL,true,NULL,NULL,NULL,"This candle's magic is activated when the candle is lit, which requires a Magic action. After burning for 4 hours, the candle is destroyed. You can snuff it out early for use at a later time. Deduct the time it burned in increments of 1 minute from its total burn time.

While lit, the candle sheds Dim Light in a 30-foot radius. While you are within that light, you have Advantage on D20 Tests. In addition, a Cleric or Druid in the light can cast level 1 spells they have prepared without expending spell slots.

Alternatively, when you light the candle for the first time, you can cast Gate with it. Doing so destroys the candle. The portal created by the spell links to a particular Outer Plane chosen by the GM or determined by rolling on the following table.

1d100 Outer Plane  1d100 Outer Plane
01-05 Abyss  55-59 Gehenna
06-10 Acheron  60-64 Hades
11-17 Arborea  65-69 Limbo
18-25 Arcadia  70-77 Mechanus
26-33 Beastlands  78-85 Mount Celestia
34-41 Bytopia  86-90 Nine Hells
42-46 Carceri  91-95 Pandemonium
47-54 Elysium  96-00 Ysgard",NULL,NULL,NULL,NULL,NULL,NULL,NULL,NULL,NULL,NULL,NULL,NULL,NULL,NULL,NULL,NULL,NULL,NULL,NULL,NULL
16ec1b78-75d9-58b9-80b8-05fd42af444b,2026-09-08T00:00:00,2026-09-08T00:00:00,0,SRD_5_2,Cape of the Mountebank,WONDROUS_ITEM,RARE,NULL,NULL,false,NULL,NULL,NULL,"This cape smells faintly of brimstone. While wearing it, you can use it to cast Dimension Door as a Magic action. This property can't be used again until the next dawn.

When you teleport with that spell, you leave behind a cloud of smoke. The space you left is Lightly Obscured by that smoke until the end of your next turn.",NULL,NULL,NULL,NULL,NULL,NULL,NULL,NULL,NULL,NULL,NULL,NULL,NULL,NULL,NULL,NULL,NULL,NULL,NULL,NULL
642860f2-25cc-5d8f-ba17-48258212e4ce,2026-09-08T00:00:00,2026-09-08T00:00:00,0,SRD_5_2,Carpet of Flying,WONDROUS_ITEM,VERY_RARE,NULL,NULL,false,NULL,NULL,NULL,"You can make this carpet hover and fly by taking a Magic action and using the carpet's command word. It moves according to your directions if you are within 30 feet of it.

Four sizes of Carpet of Flying exist. The GM chooses the size of a given carpet or determines it randomly by rolling on the following table. A carpet can carry up to twice the weight shown on the table, but its Fly Speed is halved if it carries more than its normal capacity.

1d100  Size  Capacity  Fly Speed
01-20  3 ft. × 5 ft.  200 lb.  80 feet
21-55  4 ft. × 6 ft.  400 lb.  60 feet
56-80  5 ft. × 7 ft.  600 lb.  40 feet
81-00  6 ft. × 9 ft.  800 lb.  30 feet",NULL,NULL,NULL,NULL,NULL,NULL,NULL,NULL,NULL,NULL,NULL,NULL,NULL,NULL,NULL,NULL,NULL,NULL,NULL,NULL
03a6f00b-f2ab-5db3-925e-ef763d926ed7,2026-09-08T00:00:00,2026-09-08T00:00:00,0,SRD_5_2,Censer of Controlling Air Elementals,WONDROUS_ITEM,RARE,NULL,NULL,false,NULL,NULL,NULL,"While gently swinging this censer, you can take a Magic action to summon an Air Elemental. The elemental appears in an unoccupied space as close to the censer as possible, understands your languages, obeys your commands, and takes its turn immediately after you on your Initiative count. The elemental disappears after 1 hour, when it dies, or when you dismiss it as a Bonus Action. The censer can't be used this way again until the next dawn.",NULL,NULL,NULL,NULL,NULL,NULL,NULL,NULL,NULL,NULL,NULL,NULL,NULL,NULL,NULL,NULL,NULL,NULL,NULL,NULL
bf008bba-2a8c-509d-aa04-7d1de4404e2e,2026-09-08T00:00:00,2026-09-08T00:00:00,0,SRD_5_2,Chime of Opening,WONDROUS_ITEM,RARE,NULL,NULL,false,NULL,NULL,NULL,"This hollow metal tube measures about 1 foot long and weighs 1 pound. As a Magic action, you can strike the chime to cast Knock. The spell's customary knocking sound is replaced by the clear, ringing tone of the chime, which is audible out to 300 feet.

The chime can be used 10 times. After the tenth time, it cracks and becomes useless.",NULL,NULL,NULL,NULL,NULL,NULL,NULL,NULL,NULL,NULL,NULL,NULL,NULL,NULL,NULL,NULL,NULL,NULL,NULL,NULL
213984ef-4977-5e85-8adb-eded90b54f91,2026-09-08T00:00:00,2026-09-08T00:00:00,0,SRD_5_2,Circlet of Blasting,WONDROUS_ITEM,UNCOMMON,NULL,NULL,false,NULL,NULL,NULL,"While wearing this circlet, you can cast Scorching Ray with it (+5 to hit). The circlet can't cast this spell again until the next dawn.",NULL,NULL,NULL,NULL,NULL,NULL,NULL,NULL,NULL,NULL,NULL,NULL,NULL,NULL,NULL,NULL,NULL,NULL,NULL,NULL
b8fe3859-41a1-5cf0-b392-2435dd44e9bd,2026-09-08T00:00:00,2026-09-08T00:00:00,0,SRD_5_2,Cloak of Arachnida,WONDROUS_ITEM,VERY_RARE,NULL,NULL,true,NULL,NULL,NULL,"This fine garment is made of black silk interwoven with faint, silvery threads. While wearing it, you gain the following benefits.

Poison Resistance. You have Resistance to Poison damage.

Spider Climb. You have a Climb Speed equal to your Speed and can move up, down, and across vertical surfaces and along ceilings, while leaving your hands free.

Spider Walk. You can't be caught in webs of any sort and can move through webs as if they were Difficult Terrain.

Web. You can cast Web (save DC 13). The web created by the spell fills twice its normal area. Once used, this property can't be used again until the next dawn.",NULL,NULL,NULL,NULL,NULL,NULL,NULL,NULL,NULL,NULL,NULL,NULL,NULL,NULL,NULL,NULL,NULL,NULL,NULL,NULL
b45ff371-e809-5f4f-b9eb-0c4dfbe8783a,2026-09-08T00:00:00,2026-09-08T00:00:00,0,SRD_5_2,Cloak of Displacement,WONDROUS_ITEM,RARE,NULL,NULL,true,NULL,NULL,NULL,"While you wear this cloak, it magically projects an illusion that makes you appear to be standing in a place near your actual location, causing any creature to have Disadvantage on attack rolls against you. If you take damage, the property ceases to function until the start of your next turn. This property is suppressed while your Speed is 0.",NULL,NULL,NULL,NULL,NULL,NULL,NULL,NULL,NULL,NULL,NULL,NULL,NULL,NULL,NULL,NULL,NULL,NULL,NULL,NULL
ac295cb5-0b9a-5190-be7e-22334b3b01e8,2026-09-08T00:00:00,2026-09-08T00:00:00,0,SRD_5_2,Cloak of Elvenkind,WONDROUS_ITEM,UNCOMMON,NULL,NULL,true,NULL,NULL,NULL,"While you wear this cloak, Wisdom (Perception) checks made to perceive you have Disadvantage, and you have Advantage on Dexterity (Stealth) checks.",NULL,NULL,NULL,NULL,NULL,NULL,NULL,NULL,NULL,NULL,NULL,NULL,NULL,NULL,NULL,NULL,NULL,NULL,NULL,NULL
25e5f9f3-a015-53fd-a560-84f9ee9820e7,2026-09-08T00:00:00,2026-09-08T00:00:00,0,SRD_5_2,Cloak of Invisibility,WONDROUS_ITEM,LEGENDARY,NULL,NULL,true,NULL,NULL,NULL,"This cloak has 3 charges and regains 1d3 expended charges daily at dawn. While wearing the cloak, you can take a Magic action to pull its hood over your head and expend 1 charge to give yourself the Invisible condition for 1 hour. The effect ends early if you pull the hood down (no action required) or cease wearing the cloak.",NULL,NULL,NULL,NULL,NULL,NULL,NULL,NULL,NULL,NULL,NULL,NULL,NULL,NULL,NULL,NULL,NULL,NULL,NULL,NULL
032d6072-ea17-5a1c-8709-e46135b6334c,2026-09-08T00:00:00,2026-09-08T00:00:00,0,SRD_5_2,Cloak of Protection,WONDROUS_ITEM,UNCOMMON,NULL,NULL,true,NULL,NULL,NULL,You gain a +1 bonus to Armor Class and saving throws while you wear this cloak.,NULL,NULL,NULL,NULL,NULL,NULL,NULL,NULL,NULL,NULL,NULL,NULL,NULL,NULL,NULL,NULL,NULL,NULL,NULL,NULL
89b35ae0-fd48-5376-aeae-dde45cdd3231,2026-09-08T00:00:00,2026-09-08T00:00:00,0,SRD_5_2,Cloak of the Bat,WONDROUS_ITEM,RARE,NULL,NULL,true,NULL,NULL,NULL,"While wearing this cloak, you have Advantage on Dexterity (Stealth) checks. In an area of Dim Light or Darkness, you can grip the edges of the cloak and use it to gain a Fly Speed of 40 feet. If you ever fail to grip the cloak's edges while flying in this way, or if you are no longer in Dim Light or Darkness, you lose this Fly Speed.

While wearing the cloak in an area of Dim Light or Darkness, you can cast Polymorph on yourself, shape-shifting into a Bat. While in that form, you retain your Intelligence, Wisdom, and Charisma scores. The cloak can't be used this way again until the next dawn.",NULL,NULL,NULL,NULL,NULL,NULL,NULL,NULL,NULL,NULL,NULL,NULL,NULL,NULL,NULL,NULL,NULL,NULL,NULL,NULL
5a591ed1-df55-5b6d-a299-54c484ede90e,2026-09-08T00:00:00,2026-09-08T00:00:00,0,SRD_5_2,Cloak of the Manta Ray,WONDROUS_ITEM,UNCOMMON,NULL,NULL,true,NULL,NULL,NULL,"While wearing this cloak, you can breathe underwater, and you have a Swim Speed of 60 feet.",NULL,NULL,NULL,NULL,NULL,NULL,NULL,NULL,NULL,NULL,NULL,NULL,NULL,NULL,NULL,NULL,NULL,NULL,NULL,NULL
0fd96a43-0037-5cff-8829-e84db9937638,2026-09-08T00:00:00,2026-09-08T00:00:00,0,SRD_5_2,Crystal Ball,WONDROUS_ITEM,VERY_RARE,NULL,NULL,true,NULL,NULL,NULL,"While touching this crystal orb, you can cast Scrying (save DC 17) with it.",NULL,NULL,NULL,NULL,NULL,NULL,NULL,NULL,NULL,NULL,NULL,NULL,NULL,NULL,NULL,NULL,NULL,NULL,NULL,NULL
e3872d6f-29ab-5c40-bccc-cff529e236cb,2026-09-08T00:00:00,2026-09-08T00:00:00,0,SRD_5_2,Crystal Ball of Mind Reading,WONDROUS_ITEM,LEGENDARY,NULL,NULL,true,NULL,NULL,NULL,"While touching this crystal orb, you can cast Scrying (save DC 17) with it. In addition, you can cast Detect Thoughts (save DC 17) targeting creatures you can see within 30 feet of the spell's sensor. You don't need to concentrate on this Detect Thoughts spell to maintain it during its duration, but it ends if the Scrying spell ends.",NULL,NULL,NULL,NULL,NULL,NULL,NULL,NULL,NULL,NULL,NULL,NULL,NULL,NULL,NULL,NULL,NULL,NULL,NULL,NULL
7db7d4f8-9b4d-5986-b298-2bc417f47e33,2026-09-08T00:00:00,2026-09-08T00:00:00,0,SRD_5_2,Crystal Ball of Telepathy,WONDROUS_ITEM,LEGENDARY,NULL,NULL,true,NULL,NULL,NULL,"While touching this crystal orb, you can cast Scrying (save DC 17) with it. In addition, you can communicate telepathically with creatures you can see within 30 feet of the spell's sensor. You can also cast Suggestion (save DC 17) through the sensor on one of those creatures. You don't need to concentrate on this Suggestion to maintain it during its duration, but it ends if Scrying ends. You can't cast Suggestion in this way again until the next dawn.",NULL,NULL,NULL,NULL,NULL,NULL,NULL,NULL,NULL,NULL,NULL,NULL,NULL,NULL,NULL,NULL,NULL,NULL,NULL,NULL
d2ee1c9b-0e71-5986-b137-5a00f9077847,2026-09-08T00:00:00,2026-09-08T00:00:00,0,SRD_5_2,Crystal Ball of True Seeing,WONDROUS_ITEM,LEGENDARY,NULL,NULL,true,NULL,NULL,NULL,"While touching this crystal orb, you can cast Scrying (save DC 17) with it. In addition, you have Truesight with a range of 120 feet centered on the spell's sensor.",NULL,NULL,NULL,NULL,NULL,NULL,NULL,NULL,NULL,NULL,NULL,NULL,NULL,NULL,NULL,NULL,NULL,NULL,NULL,NULL
2585c30e-bebf-594f-a22c-75afb75dd6aa,2026-09-08T00:00:00,2026-09-08T00:00:00,0,SRD_5_2,Cube of Force,WONDROUS_ITEM,RARE,NULL,NULL,true,NULL,NULL,NULL,"This cube is about an inch across. Each face has a distinct marking on it. You can press one of those faces, expend the number of charges required for it, and thereby cast the spell associated with it (save DC 17), as shown in the Cube of Force Faces table.

The cube starts with 10 charges, and it regains 1d6 expended charges daily at dawn.

Cube of Force Faces
Spell  Charge Cost
Mage Armor  1
Shield  1
Tiny Hut  3
Private Sanctum  4
Resilient Sphere  4
Wall of Force  5",NULL,NULL,NULL,NULL,NULL,NULL,NULL,NULL,NULL,NULL,NULL,NULL,NULL,NULL,NULL,NULL,NULL,NULL,NULL,NULL
7e3cbc9b-e94f-5017-9904-30afcc3634b6,2026-09-08T00:00:00,2026-09-08T00:00:00,0,SRD_5_2,Cubic Gate,WONDROUS_ITEM,LEGENDARY,NULL,NULL,false,NULL,NULL,NULL,"This cube is 3 inches across and radiates palpable magical energy. The six sides of the cube are each keyed to a different plane of existence, one of which is the Material Plane. The other sides are linked to planes determined by the GM.

The cube has 3 charges and regains 1d3 expended charges daily at dawn. As a Magic action, you can expend 1 of the cube's charges to cast one of the following spells using the cube.

Gate. Pressing one side of the cube, you cast Gate, opening a portal to the plane of existence keyed to that side.

Plane Shift. Pressing one side of the cube twice, you cast Plane Shift, transporting the targets to the plane of existence keyed to that side.",NULL,NULL,NULL,NULL,NULL,NULL,NULL,NULL,NULL,NULL,NULL,NULL,NULL,NULL,NULL,NULL,NULL,NULL,NULL,NULL
65047c63-1a75-5a2e-b588-19779d8cd269,2026-09-08T00:00:00,2026-09-08T00:00:00,0,SRD_5_2,Dagger of Venom,WEAPON,RARE,NULL,Dagger,false,NULL,NULL,NULL,"You gain a +1 bonus to attack rolls and damage rolls made with this magic weapon.

You can take a Bonus Action to magically coat the blade with poison. The poison remains for 1 minute or until an attack using this weapon hits a creature. That creature must succeed on a DC 15 Constitution saving throw or take 2d10 Poison damage and have the Poisoned condition for 1 minute. The weapon can't be used this way again until the next dawn.",NULL,NULL,NULL,NULL,NULL,NULL,NULL,NULL,NULL,NULL,NULL,NULL,NULL,NULL,NULL,NULL,NULL,NULL,NULL,NULL
c3659688-d35c-5a36-92e3-927a709526d8,2026-09-08T00:00:00,2026-09-08T00:00:00,0,SRD_5_2,Dancing Sword,WEAPON,VERY_RARE,NULL,"Greatsword, Longsword, Rapier, Scimitar, or Shortsword",true,NULL,NULL,NULL,"You can take a Bonus Action to toss this magic weapon into the air. When you do so, the weapon begins to hover, flies up to 30 feet, and attacks one creature of your choice within 5 feet of itself. The weapon uses your attack roll and adds your ability modifier to damage rolls.

While the weapon hovers, you can take a Bonus Action to cause it to fly up to 30 feet to another spot within 30 feet of you. As part of the same Bonus Action, you can cause the weapon to attack one creature within 5 feet of the weapon.

After the hovering weapon attacks for the fourth time, it flies back to you and tries to return to your hand. If you have no hand free, the weapon falls to the ground in your space. If the weapon has no unobstructed path to you, it moves as close to you as it can and then falls to the ground. It also ceases to hover if you grasp it or are more than 30 feet away from it.",NULL,NULL,NULL,NULL,NULL,NULL,NULL,NULL,NULL,NULL,NULL,NULL,NULL,NULL,NULL,NULL,NULL,NULL,NULL,NULL
30bef6b2-9563-5240-9bcc-55a764b5cb53,2026-09-08T00:00:00,2026-09-08T00:00:00,0,SRD_5_2,Decanter of Endless Water,WONDROUS_ITEM,UNCOMMON,NULL,NULL,false,NULL,NULL,NULL,"This stoppered flask sloshes when shaken, as if it contains water. The decanter weighs 2 pounds.

You can take a Magic action to remove the stopper and issue one of three command words, whereupon an amount of fresh water or salt water (your choice) pours out of the flask. The water stops pouring out at the start of your next turn. Choose from the following command words: Splash. The decanter produces 1 gallon of water. Fountain. The decanter produces 5 gallons of water. Geyser. The decanter produces 30 gallons of water that gushes forth in a Line 30 feet long and 1 foot wide. If you're holding the decanter, you can aim the geyser in one direction (no action required). One creature of your choice in the Line must succeed on a DC 13 Strength saving throw or take 1d4 Bludgeoning damage and have the Prone condition. Instead of a creature, you can target one object in the Line that isn't being worn or carried and that weighs no more than 200 pounds. The object is knocked over by the geyser.",NULL,NULL,NULL,NULL,NULL,NULL,NULL,NULL,NULL,NULL,NULL,NULL,NULL,NULL,NULL,NULL,NULL,NULL,NULL,NULL
b2a8acae-89ca-5185-b208-de1884f6f216,2026-09-08T00:00:00,2026-09-08T00:00:00,0,SRD_5_2,Deck of Illusions,WONDROUS_ITEM,UNCOMMON,NULL,NULL,false,NULL,NULL,NULL,"This box contains a set of cards. A full deck has 34 cards: 32 depicting specific creatures and two with a mirrored surface. A deck found as treasure is usually missing 1d20 - 1 cards.

The magic of the deck functions only if its cards are drawn at random. You can take a Magic action to draw a card at random from the deck and throw it to the ground at a point within 30 feet of yourself. An illusion of a creature, determined by rolling on the Deck of Illusions table, forms over the thrown card and remains until dispelled. The illusory creature created by the card looks and behaves like a real creature of its kind, except that it can do no harm. While you are within 120 feet of the illusory creature and can see it, you can take a Magic action to move it anywhere within 30 feet of its card.

Any physical interaction with the illusory creature reveals it to be false, because objects pass through it. A creature that takes a Study action to visually inspect the illusory creature identifies it as an illusion with a successful DC 15 Intelligence (Investigation) check. The illusion lasts until its card is moved or the illusion is dispelled (using a Dispel Magic spell or a similar effect). When the illusion ends, the image on its card disappears, and that card can't be used again.

Deck of Illusions
1d100  Illusion*
01-03 04-06 Archmage  Adult Red Dragon
07-09  Assassin
10-12  Bandit Captain
13-15  Basilisk
16-18  Berserker
19-21  Bugbear Warrior
22-24  Cloud Giant
25-27  Druid
28-30  Erinyes
31-33  Ettin
34-36  Fire Giant
37-39 40-42 Gnoll Warrior  Frost Giant
43-45 46-48 Guardian Naga  Goblin Warrior
49-51  Hill Giant
52-54  Hobgoblin Warrior
55-57 58-60 Iron Golem  Incubus
61-63 64-66 Kobold Warrior  Knight
67-69  Lich
70-72  Medusa
73-75  Night Hag
76-78  Ogre
79-81  Oni
1d100  Illusion*
82-84  Priest
85-87  Succubus
88-90  Troll
91-93  Veteran Warrior
94-96  Wyvern
97-00  The card drawer
*Stat blocks for these creatures (except the card drawer) appear in
""Monsters.""",NULL,NULL,NULL,NULL,NULL,NULL,NULL,NULL,NULL,NULL,NULL,NULL,NULL,NULL,NULL,NULL,NULL,NULL,NULL,NULL
4f299b02-1868-5a99-a26c-ef4096c6d878,2026-09-08T00:00:00,2026-09-08T00:00:00,0,SRD_5_2,Defender,WEAPON,LEGENDARY,NULL,Any Melee Weapon,true,NULL,NULL,NULL,"You gain a +3 bonus to attack rolls and damage rolls made with this magic weapon.

The first time you attack with the weapon on each of your turns, you can transfer some or all of the weapon's bonus to your Armor Class. For example, you could reduce the bonus to your attack rolls and damage rolls to +1 and gain a +2 bonus to Armor Class. The adjusted bonuses remain in effect until the start of your next turn, although you must hold the weapon to gain a bonus to AC from it.",NULL,NULL,NULL,NULL,NULL,NULL,NULL,NULL,NULL,NULL,NULL,NULL,NULL,NULL,NULL,NULL,NULL,NULL,NULL,NULL
4235faf5-3fb4-5c7b-b14c-7a9bb9dc7715,2026-09-08T00:00:00,2026-09-08T00:00:00,0,SRD_5_2,Demon Armor,ARMOR,VERY_RARE,NULL,"Any Light, Medium, or Heavy",true,NULL,NULL,NULL,"While wearing this armor, you gain a +1 bonus to Armor Class, and you know Abyssal. In addition, the armor's clawed gauntlets allow your Unarmed Strikes to deal 1d8 Slashing damage instead of the usual Bludgeoning damage, and you gain a +1 bonus to the attack and damage rolls of your Unarmed Strikes.

Curse. Once you don this cursed armor, you can't doff it unless you are targeted by a Remove Curse spell or similar magic. While wearing the armor, you have Disadvantage on attack rolls against demons and on saving throws against their spells and special abilities.",NULL,NULL,NULL,NULL,NULL,NULL,NULL,NULL,NULL,NULL,NULL,NULL,NULL,NULL,NULL,NULL,NULL,NULL,NULL,NULL
d3132719-b313-50e5-96f9-d6af2c70989b,2026-09-08T00:00:00,2026-09-08T00:00:00,0,SRD_5_2,Dimensional Shackles,WONDROUS_ITEM,RARE,NULL,NULL,false,NULL,NULL,NULL,"You can take a Utilize action to place these shackles on a creature that has the Incapacitated condition. The shackles adjust to fit a creature of Small to Large size. The shackles prevent a creature bound by them from using any method of extradimensional movement, including teleportation or travel to a different plane of existence. They don't prevent the creature from passing through an interdimensional portal.

You and any creature you designate when you use the shackles can take a Utilize action to remove them. Once every 30 days, the bound creature can make a DC 30 Strength (Athletics) check. On a successful check, the creature breaks free and destroys the shackles.",NULL,NULL,NULL,NULL,NULL,NULL,NULL,NULL,NULL,NULL,NULL,NULL,NULL,NULL,NULL,NULL,NULL,NULL,NULL,NULL
6ce6b4a3-b1fe-5927-890d-6640646a0962,2026-09-08T00:00:00,2026-09-08T00:00:00,0,SRD_5_2,Dragon Orb,WONDROUS_ITEM,ARTIFACT,NULL,NULL,true,NULL,NULL,NULL,"An orb is an etched crystal globe about 10 inches in diameter. When used, it grows to about 20 inches in diameter, and mist swirls inside it.

While attuned to an orb, you can take a Magic action to peer into the orb's depths. You must then make a DC 15 Charisma saving throw. On a successful save, you control the orb for as long as you remain attuned to it. On a failed save, the orb imposes the Charmed condition on you for as long as you remain attuned to it.

While you are Charmed by the orb, you can't voluntarily end your Attunement to it, and the orb casts Suggestion on you at will (save DC 18), urging you to work toward the evil ends it desires. The dragon essence within the orb might want many things: the annihilation of a particular society or organization, freedom from the orb, to spread suffering in the world, to advance the worship of Tiamat, or something else the GM decides.

Spells. The orb has 7 charges and regains 1d4 + 3 expended charges daily at dawn. If you control the orb, you can cast one of the spells on the following table from it. The table indicates how many charges you must expend to cast the spell.

Spell  Charge
Cost
Cure Wounds (level 9 version)  4
Daylight  1
Death Ward  2
Detect Magic  0
Scrying (save DC 18)  3

Call Dragons. While you control the orb, you can take a Magic action to cause the orb to issue a telepathic call that extends in all directions for 40 miles. Chromatic dragons in range feel compelled to come to the orb as soon as possible by the most direct route. Dragon deities such as Tiamat are unaffected by this call. Chromatic dragons drawn to the orb might be Hostile toward you for compelling them against their will. Once you have used this property, it can't be used again for 1 hour.

Destroying an Orb. A Dragon Orb has AC 20 and is destroyed if it takes damage from a +3 Weapon or a Disintegrate spell. Nothing else can harm it.",NULL,NULL,NULL,NULL,NULL,NULL,NULL,NULL,NULL,NULL,NULL,NULL,NULL,NULL,NULL,NULL,NULL,NULL,NULL,NULL
b5ec2c5c-f2ae-5ae0-a5f1-3d436965911b,2026-09-08T00:00:00,2026-09-08T00:00:00,0,SRD_5_2,Dragon Scale Mail,ARMOR,VERY_RARE,NULL,Scale Mail,true,NULL,NULL,NULL,"Dragon Scale Mail is made of the scales of one kind of dragon. Sometimes dragons collect their cast-off scales and gift them. Other times, hunters carefully preserve the hide of a dead dragon. In either case, Dragon Scale Mail is highly valued.

While wearing this armor, you gain a +1 bonus to Armor Class, you have Advantage on saving throws against the breath weapons of Dragons, and you have Resistance to one damage type determined by the kind of dragon that provided the scales (see the accompanying table).

Additionally, you can focus your senses as a Magic action to discern the distance and direction to the closest dragon within 30 miles of yourself that is of the same type as the armor. This action can't be used again until the next dawn.

Dragon  Resistance  Dragon  Resistance
Black  Acid  Gold  Fire
Blue  Lightning  Green  Poison
Brass  Fire  Red  Fire
Bronze  Lightning  Silver  Cold
Copper  Acid  White  Cold",NULL,NULL,NULL,NULL,NULL,NULL,NULL,NULL,NULL,NULL,NULL,NULL,NULL,NULL,NULL,NULL,NULL,NULL,NULL,NULL
f37eafab-0868-5784-84f6-6092b0507a97,2026-09-08T00:00:00,2026-09-08T00:00:00,0,SRD_5_2,Dragon Slayer,WEAPON,RARE,NULL,Any Simple or Martial,false,NULL,NULL,NULL,"You gain a +1 bonus to attack rolls and damage rolls made with this magic weapon.

The weapon deals an extra 3d6 damage of the weapon's type if the target is a Dragon.",NULL,NULL,NULL,NULL,NULL,NULL,NULL,NULL,NULL,NULL,NULL,NULL,NULL,NULL,NULL,NULL,NULL,NULL,NULL,NULL
9ee20f11-7a18-54d8-b8b3-5463ff9608a8,2026-09-08T00:00:00,2026-09-08T00:00:00,0,SRD_5_2,Dust of Disappearance,WONDROUS_ITEM,UNCOMMON,NULL,NULL,false,NULL,NULL,NULL,"This powder resembles fine sand. There is enough of it for one use. When you take a Utilize action to throw the dust into the air, you and each creature and object within a 10-foot Emanation originating from you have the Invisible condition for 2d4 minutes. The duration is the same for all subjects, and the dust is consumed when its magic takes effect. Immediately after an affected creature makes an attack roll, deals damage, or casts a spell, the Invisible condition ends for that creature.",NULL,NULL,NULL,NULL,NULL,NULL,NULL,NULL,NULL,NULL,NULL,NULL,NULL,NULL,NULL,NULL,NULL,NULL,NULL,NULL
6065853f-c68c-5b98-b3e7-b1004dd72e93,2026-09-08T00:00:00,2026-09-08T00:00:00,0,SRD_5_2,Dust of Dryness,WONDROUS_ITEM,UNCOMMON,NULL,NULL,false,NULL,NULL,NULL,"This small packet contains 1d6 + 4 pinches of dust. As a Utilize action, you can sprinkle a pinch of the dust over water, turning up to a 15-foot Cube of water into one marble-sized pellet, which floats or rests near where the dust was sprinkled. The pellet's weight is negligible. A creature can take a Utilize action to smash the pellet against a hard surface, causing the pellet to shatter and release the water the dust absorbed. Doing so destroys the pellet and ends its magic.

As a Utilize action, you can sprinkle a pinch of the dust on an Elemental within 5 feet of yourself that is composed mostly of water (such as a Water Elemental). Such a creature exposed to a pinch of the dust makes a DC 13 Constitution saving throw, taking 10d6 Necrotic damage on a failed save or half as much damage on a successful one.",NULL,NULL,NULL,NULL,NULL,NULL,NULL,NULL,NULL,NULL,NULL,NULL,NULL,NULL,NULL,NULL,NULL,NULL,NULL,NULL
3f702871-790b-518b-aca4-6c4b5e9b1b8d,2026-09-08T00:00:00,2026-09-08T00:00:00,0,SRD_5_2,Dust of Sneezing and Choking,WONDROUS_ITEM,UNCOMMON,NULL,NULL,false,NULL,NULL,NULL,"Found in a small container, this powder resembles Dust of Disappearance, and Identify reveals it to be such. There is enough of it for one use.

As a Utilize action, you can throw the dust into the air, forcing yourself and every creature in a 30-foot Emanation originating from you to make a DC 15 Constitution saving throw. Constructs, Elementals, Oozes, Plants, and Undead succeed on the save automatically.

On a failed save, a creature begins sneezing uncontrollably; it has the Incapacitated condition and is suffocating. The creature repeats the save at the end of each of its turns, ending the effect on itself on a success. The effect also ends on any creature targeted by a Lesser Restoration spell.",NULL,NULL,NULL,NULL,NULL,NULL,NULL,NULL,NULL,NULL,NULL,NULL,NULL,NULL,NULL,NULL,NULL,NULL,NULL,NULL
7a42b515-7b90-516e-95f4-b8bcc4f8dac7,2026-09-08T00:00:00,2026-09-08T00:00:00,0,SRD_5_2,Dwarven Plate,ARMOR,VERY_RARE,NULL,Half Plate Armor or Plate Armor,false,NULL,NULL,NULL,"While wearing this armor, you gain a +2 bonus to Armor Class. In addition, if an effect moves you against your will along the ground, you can take a Reaction to reduce the distance you are moved by up to 10 feet.",NULL,NULL,NULL,NULL,NULL,NULL,NULL,NULL,NULL,NULL,NULL,NULL,NULL,NULL,NULL,NULL,NULL,NULL,NULL,NULL
87754bd4-506d-5a16-9b7f-690a6bd1b33a,2026-09-08T00:00:00,2026-09-08T00:00:00,0,SRD_5_2,Dwarven Thrower,WEAPON,VERY_RARE,NULL,Warhammer,true,by a Dwarf or a Creature Attuned to a Belt of Dwarvenkind,NULL,NULL,"You gain a +3 bonus to attack rolls and damage rolls made with this magic weapon. It has the Thrown property with a normal range of 20 feet and a long range of 60 feet. When you hit with a ranged attack using this weapon, it deals an extra 1d8 Force damage, or an extra 2d8 Force damage if the target is a Giant. Immediately after hitting or missing, the weapon flies back to your hand.

Efficient Quiver

Wondrous Item, Uncommon Each of the quiver's three compartments connects to an extradimensional space that allows the quiver to hold numerous items while never weighing more than 2 pounds. The shortest compartment can hold up to 60 Arrows, Bolts, or similar objects. The midsize compartment holds up to 18 Javelins or similar objects. The longest compartment holds up to 6 long objects, such as bows, Quarterstaffs, or Spears.

You can draw any item the quiver contains as if doing so from a regular quiver or scabbard.",NULL,NULL,NULL,NULL,NULL,NULL,NULL,NULL,NULL,NULL,NULL,NULL,NULL,NULL,NULL,NULL,NULL,NULL,NULL,NULL
52c10f51-be1d-5475-b296-27d748a05da6,2026-09-08T00:00:00,2026-09-08T00:00:00,0,SRD_5_2,Efreeti Bottle,WONDROUS_ITEM,VERY_RARE,NULL,NULL,false,NULL,NULL,NULL,"When you take a Magic action to remove the stopper of this painted brass bottle, a cloud of thick smoke flows out of it. At the end of your turn, the smoke disappears with a flash of harmless fire, and an Efreeti appears in an unoccupied space within 30 feet of you.

The first time the bottle is opened, the GM rolls on the following table to determine what happens.

1d10 Effect
1  The efreeti attacks you. After fighting for 5
rounds, the efreeti disappears, and the bottle
loses its magic.
2-9  The efreeti understands your languages and
obeys your commands for 1 hour, after which
it returns to the bottle, and a new stopper
contains it. The stopper can't be removed for
24 hours. The next two times the bottle is
opened, the same effect occurs. If the bottle is
opened a fourth time, the efreeti escapes and
disappears, and the bottle loses its magic.
10  The efreeti understands your languages and can
cast grants the wish or after 1 hour, and the bottle loses its magic.Wish once for you. It disappears when it",NULL,NULL,NULL,NULL,NULL,NULL,NULL,NULL,NULL,NULL,NULL,NULL,NULL,NULL,NULL,NULL,NULL,NULL,NULL,NULL
853247fd-b05a-50ac-8b3a-8f23d7d6aa4d,2026-09-08T00:00:00,2026-09-08T00:00:00,0,SRD_5_2,Elemental Gem,WONDROUS_ITEM,UNCOMMON,NULL,NULL,false,NULL,NULL,NULL,"This gem contains a mote of elemental energy. When you take a Utilize action to break the gem, an elemental is summoned (see ""Monsters"" for its stat block), and the gem ceases to be magical. The elemental appears in an unoccupied space as close to the broken gem as possible, understands your languages, obeys your commands, and takes its turn immediately after you on your Initiative count. The elemental disappears after 1 hour, when it dies, or when you dismiss it as a Bonus Action. The type of gem determines the elemental, as shown in the following table.

Gem  Summoned Elemental
Blue sapphire  Air Elemental
Emerald  Water Elemental
Red corundum  Fire Elemental
Yellow diamond  Earth Elemental",NULL,NULL,NULL,NULL,NULL,NULL,NULL,NULL,NULL,NULL,NULL,NULL,NULL,NULL,NULL,NULL,NULL,NULL,NULL,NULL
20a9f47e-6a2d-5c94-9537-81a03da55803,2026-09-08T00:00:00,2026-09-08T00:00:00,0,SRD_5_2,Elixir of Health,POTION,RARE,NULL,NULL,false,NULL,NULL,NULL,"When you drink this potion, you are cured of all magical contagions. In addition, the following conditions end on you: Blinded, Deafened, Paralyzed, and Poisoned.

The clear, red liquid has tiny bubbles of light in it.",NULL,NULL,NULL,NULL,NULL,NULL,NULL,NULL,NULL,NULL,NULL,NULL,NULL,NULL,NULL,NULL,NULL,NULL,NULL,NULL
bd72737a-75fd-5066-bef3-05fbf953c313,2026-09-08T00:00:00,2026-09-08T00:00:00,0,SRD_5_2,Elven Chain,ARMOR,RARE,NULL,Chain Mail or Chain Shirt,false,NULL,NULL,NULL,You gain a +1 bonus to Armor Class while you wear this armor. You are considered trained with this armor even if you lack training with Medium or Heavy armor.,NULL,NULL,NULL,NULL,NULL,NULL,NULL,NULL,NULL,NULL,NULL,NULL,NULL,NULL,NULL,NULL,NULL,NULL,NULL,NULL
91268cb6-84bf-52fa-a0c3-78d8f3dd152b,2026-09-08T00:00:00,2026-09-08T00:00:00,0,SRD_5_2,Energy Bow,WEAPON,VERY_RARE,NULL,Longbow or Shortbow,true,NULL,NULL,NULL,"You gain a +1 bonus to attack rolls and damage rolls made with this magic weapon, which has no string. Each time you pull your arm back in a firing motion, a magical arrow made of golden energy appears nocked and ready to fire. An arrow produced by this weapon deals Force damage instead of Piercing damage on a hit, and it disappears after it hits or misses its target. Until it disappears, the arrow emits Bright Light in a 20-foot radius and Dim Light for an additional 20 feet.

This weapon has the following additional properties.

Arrow of Restraint. Whenever you use this weapon to make a ranged attack against a creature, you can try to restrain the target instead of dealing damage to it. If the arrow hits, the target must succeed on a DC 15 Strength saving throw or have the Restrained condition for 1 minute. As an action, a creature Restrained by an arrow can make a DC 20 Strength (Athletics) check to try to break the restraint, ending the effect on itself on a successful check.

Arrow of Transport. As a Magic action, you can fire one energy arrow from this weapon at a target you can see within 60 feet of yourself. The target can be either a willing Medium or smaller creature or an object that isn't being worn or carried, provided the object is small enough to fit inside a 5-foot Cube. The arrow teleports the target to an unoccupied space you can see within 10 feet of you.

Energy Ladder. As a Magic action, you can loose a flurry of energy arrows from this weapon at a wall up to 60 feet away from yourself. The arrows become glowing rungs that stick out of the wall, forming a magical ladder up to 60 feet long on the wall. This ladder lasts for 1 minute before disappearing.",NULL,NULL,NULL,NULL,NULL,NULL,NULL,NULL,NULL,NULL,NULL,NULL,NULL,NULL,NULL,NULL,NULL,NULL,NULL,NULL
dcf51042-ae3a-5388-a65b-ca7d8ad06cf4,2026-09-08T00:00:00,2026-09-08T00:00:00,0,SRD_5_2,Eversmoking Bottle,WONDROUS_ITEM,UNCOMMON,NULL,NULL,false,NULL,NULL,NULL,"As a Magic action, you can open or close this bottle.

Opening the bottle causes thick smoke to billow out, forming a cloud that fills a 60-foot Emanation originating from the bottle. The area within the smoke is Heavily Obscured.

Each minute the bottle remains open, the size of the Emanation increases by 10 feet until it reaches its maximum size of 120 feet.

Closing the bottle causes the cloud to become fixed in place until it disperses after 10 minutes. A strong wind (such as that created by the Gust of Wind spell) disperses the cloud after 1 minute.",NULL,NULL,NULL,NULL,NULL,NULL,NULL,NULL,NULL,NULL,NULL,NULL,NULL,NULL,NULL,NULL,NULL,NULL,NULL,NULL
2627f6d0-fccb-54a8-a67a-a269e726c9e0,2026-09-08T00:00:00,2026-09-08T00:00:00,0,SRD_5_2,Eyes of Charming,WONDROUS_ITEM,UNCOMMON,NULL,NULL,true,NULL,NULL,NULL,"These crystal lenses fit over the eyes. They have 3 charges. While wearing them, you can expend 1 or more charges to cast Charm Person (save DC 13). For 1 charge, you cast the level 1 version of the spell. You increase the spell's level by one for each additional charge you expend. The lenses regain all expended charges daily at dawn.",NULL,NULL,NULL,NULL,NULL,NULL,NULL,NULL,NULL,NULL,NULL,NULL,NULL,NULL,NULL,NULL,NULL,NULL,NULL,NULL
fadcaa46-ba4c-5f06-abd8-88155c7be6bc,2026-09-08T00:00:00,2026-09-08T00:00:00,0,SRD_5_2,Eyes of Minute Seeing,WONDROUS_ITEM,UNCOMMON,NULL,NULL,false,NULL,NULL,NULL,"These crystal lenses fit over the eyes. While wearing them, your vision improves significantly out to a range of 1 foot, granting you Darkvision within that range and Advantage on Intelligence (Investigation) checks made to examine something within that range.",NULL,NULL,NULL,NULL,NULL,NULL,NULL,NULL,NULL,NULL,NULL,NULL,NULL,NULL,NULL,NULL,NULL,NULL,NULL,NULL
4f0b2422-9a5e-5031-9cf8-2ff4e1c86898,2026-09-08T00:00:00,2026-09-08T00:00:00,0,SRD_5_2,Eyes of the Eagle,WONDROUS_ITEM,UNCOMMON,NULL,NULL,false,NULL,NULL,NULL,"These crystal lenses fit over the eyes. While wearing them, you have Advantage on Wisdom (Perception) checks that rely on sight. In conditions of clear visibility, you can make out details of even extremely distant creatures and objects as small as 2 feet across.",NULL,NULL,NULL,NULL,NULL,NULL,NULL,NULL,NULL,NULL,NULL,NULL,NULL,NULL,NULL,NULL,NULL,NULL,NULL,NULL
ffb187f0-c327-5717-94b5-e9922e624300,2026-09-08T00:00:00,2026-09-08T00:00:00,0,SRD_5_2,Feather Token,WONDROUS_ITEM,VARIES,NULL,NULL,false,NULL,NULL,NULL,"This object looks like a feather. Different types of feather tokens exist, each with a different single-use effect. The GM chooses the kind of token or determines it randomly by rolling on the Feather Tokens table. The type of token determines its rarity.

Anchor (Uncommon). You can take a Magic action to touch the token to a boat or ship. For the next 24 hours, the vessel can't be moved by any means. Touching the token to the vessel again ends the effect. When the effect ends, the token disappears.

Bird (Rare). You can take a Magic action to toss the token 5 feet into the air. The token disappears and an enormous, multicolored bird takes its place. The bird has the statistics of a Roc, but it can't attack. It obeys your simple commands and can carry up to 500 pounds while flying at its maximum speed (16 miles per hour for a maximum of 144 miles per day, with a 1-hour rest for every 3 hours of flying) or 1,000 pounds at half that speed. The bird disappears after flying its maximum distance for a day or if it drops to 0 Hit Points. You can dismiss the bird as a Magic action.

Fan (Uncommon). If you are on a boat or ship, you can take a Magic action to toss the token up to 10 feet in the air. The token disappears, and a giant flapping fan takes its place. The fan floats and creates a strong wind. This wind can fill the sails of one ship, increasing its speed by 5 miles per hour for 8 hours. You can dismiss the fan as a Magic action.

Swan Boat (Rare). You can take a Magic action to touch the token to a body of water at least 60 feet in diameter. The token disappears, and a 50-footlong, 20-foot-wide boat shaped like a swan takes its place. The boat is self-propelled and moves across water at a speed of 6 miles per hour. You can take a Magic action while on the boat to command it to move or to turn up to 90 degrees. The boat remains for 24 hours and then disappears. You can dismiss the boat as a Magic action.

Tree (Uncommon). You must be outdoors to use this token. You can take a Magic action to touch it to an unoccupied space on the ground. The token disappears, and in its place a nonmagical oak tree springs into existence. The tree is 60 feet tall and has a 5-foot-diameter trunk, and its branches at the top spread out in a 20-foot radius.

Whip (Rare). You can take a Magic action to throw the token to a point within 10 feet of yourself. The token disappears, and a floating whip takes its place. You can then take a Bonus Action to make a melee spell attack against a creature within 10 feet of the whip, with an attack bonus of +9. On a hit, the target takes 1d6 + 5 Force damage.

As a Bonus Action, you can direct the whip to fly up to 20 feet and repeat the attack against a creature within 10 feet of the whip. The whip disappears after 1 hour, when you take a Magic action to dismiss it, or when you die or have the Incapacitated condition.

Feather Tokens
1d100  Token  Rarity
01-20  Anchor  Uncommon
21-35  Bird  Rare
36-50 Fan  Uncommon
51-65 Swan boat  Rare
66-90 Tree  Uncommon
91-00 Whip  Rare",NULL,NULL,NULL,NULL,NULL,NULL,NULL,NULL,NULL,NULL,NULL,NULL,NULL,NULL,NULL,NULL,NULL,NULL,NULL,NULL
5c5a653b-20c2-5fe5-916c-76e049af042b,2026-09-08T00:00:00,2026-09-08T00:00:00,0,SRD_5_2,Figurine of Wondrous Power,WONDROUS_ITEM,VARIES,NULL,NULL,false,NULL,NULL,NULL,"A Figurine of Wondrous Power is a statuette small enough to fit in a pocket. If you take a Magic action to throw the figurine to a point on the ground within 60 feet of yourself, the figurine becomes a living creature specified in the figurine's description below. If the space where the creature would appear is occupied by other creatures or objects, or if there isn't enough space for the creature, the figurine doesn't become a creature.

The creature is Friendly to you and your allies. It understands your languages, obeys your commands, and takes its turn immediately after you on your Initiative count. If you issue no commands, the creature defends itself but takes no other actions.

The creature exists for a duration specific to each figurine. At the end of the duration, the creature reverts to its figurine form. It reverts to a figurine early if its creature form drops to 0 Hit Points or if you take a Magic action while touching the creature to make it revert to figurine form. When the creature becomes a figurine again, its property can't be used again until a certain amount of time has passed, as specified in the figurine's description.

Bronze Griffon (Rare). This bronze statuette is of a griffon rampant. It can become a Griffon for up to 6 hours. Once it has been used, it can't be used again until 5 days have passed.

Ebony Fly (Rare). This ebony statuette, carved in the likeness of a horsefly, can become a Giant Fly (see the accompanying stat block) for up to 12 hours and can be ridden as a mount. Once it has been used, it can't be used again until 2 days have passed.

Giant Fly

Large Beast, Unaligned AC 11  Initiative +1 (11) HP 19 (3d10 + 3) Speed 30 ft., Fly 60 ft.

MOD SAVE  MOD SAVE  MOD SAVE
Str 14 +2 +2  Dex 13 +1 +1  Con 13 +1 +1
Int 2 -4 -4  WIS 10 +0 +0  Cha 3  -4 -4

Senses Darkvision 60 ft., Passive Perception 10 Languages None CR 0 (XP 0; PB +2)

Golden Lions (Rare). These gold statuettes of lions are always created in pairs. You can use one figurine or both simultaneously. Each can become a Lion for up to 1 hour. Once a lion has been used, it can't be used again until 7 days have passed.

Ivory Goats (Rare). These ivory statuettes of goats are always created in sets of three. Each goat looks unique and functions differently from the others. Their properties are as follows: Goat of Terror. This figurine can become a Giant Goat for up to 3 hours. The goat can't attack, but you can (harmlessly) remove its horns and use them as weapons. One horn becomes a +1 Lance, and the other becomes a +2 Longsword. Removing a horn requires a Magic action, and the weapons disappear and the horns return when the goat reverts to figurine form. While you ride the goat, any Hostile creature that starts its turn within a 30-foot Emanation originating from the goat must succeed on a DC 15 Wisdom saving throw or have the Frightened condition for 1 minute, until you are no longer riding the goat, or until the goat reverts to figurine form. The Frightened creature repeats the save at the end of each of its turns, ending the effect on itself on a success. Once it succeeds on the save, a creature is immune to this effect for the next 24 hours. Once the figurine has been used, it can't be used again until 15 days have passed. Goat of Traveling. This figurine can become a Large goat with the same statistics as a Riding Horse. It has 24 charges, and each hour or portion thereof it spends in goat form costs 1 charge. While it has charges, you can use it as often as you wish. When it runs out of charges, it reverts to a figurine and can't be used again until 7 days have passed, when it regains all expended charges. Goat of Travail. This figurine can become a Giant Goat for up to 3 hours. Once it has been used, it can't be used again until 30 days have passed.

Marble Elephant (Rare). This marble statuette resembles a trumpeting elephant. It can become an Elephant for up to 24 hours. Once it has been used, it can't be used again until 7 days have passed.

Obsidian Steed (Very Rare). This polished obsidian horse can become a Nightmare for up to 24 hours. The nightmare fights only to defend itself. Once it has been used, it can't be used again until 5 days have passed.

The figurine has a 10 percent chance each time you use it to ignore your orders, including a command to revert to figurine form. If you mount the nightmare while it is ignoring your orders, you and the nightmare are instantly transported to a random location on the plane of Hades, where the nightmare reverts to figurine form.

Onyx Dog (Rare). This onyx statuette of a dog can become a Mastiff for up to 6 hours. The mastiff has an Intelligence of 8 and can speak Common. It also has Blindsight with a range of 60 feet. Once it has been used, it can't be used again until 7 days have passed.

Serpentine Owl (Rare). This serpentine statuette of an owl can become a Giant Owl for up to 8 hours. The owl can communicate telepathically with you at any range if you and it are on the same plane of existence. Once it has been used, it can't be used again until 2 days have passed.

Silver Raven (Uncommon). This silver statuette of a raven can become a Raven for up to 12 hours. Once it has been used, it can't be used again until 2 days have passed. While in raven form, the figurine grants you the ability to cast Animal Messenger on it.",NULL,NULL,NULL,NULL,NULL,NULL,NULL,NULL,NULL,NULL,NULL,NULL,NULL,NULL,NULL,NULL,NULL,NULL,NULL,NULL
f96f39e6-b71b-5f6c-b7cf-ce6df80358dd,2026-09-08T00:00:00,2026-09-08T00:00:00,0,SRD_5_2,Flame Tongue,WEAPON,RARE,NULL,Any Melee Weapon,true,NULL,NULL,NULL,"While holding this magic weapon, you can take a Bonus Action and use a command word to cause flames to engulf the damage-dealing part of the weapon. These flames shed Bright Light in a 40-foot radius and Dim Light for an additional 40 feet. While the weapon is ablaze, it deals an extra 2d6 Fire damage on a hit. The flames last until you take a Bonus Action to issue the command again or until you drop, stow, or sheathe the weapon.",NULL,NULL,NULL,NULL,NULL,NULL,NULL,NULL,NULL,NULL,NULL,NULL,NULL,NULL,NULL,NULL,NULL,NULL,NULL,NULL
3a502457-c2e5-53e4-8d0a-bbdcfd9d96b5,2026-09-08T00:00:00,2026-09-08T00:00:00,0,SRD_5_2,Folding Boat,WONDROUS_ITEM,RARE,NULL,NULL,false,NULL,NULL,NULL,"This object appears as a wooden box that measures 12 inches long, 6 inches wide, and 6 inches deep. It weighs 4 pounds and floats. It can be opened to store items inside. This item also has three command words, each requiring a Magic action to use: First Command Word. The box unfolds into a Rowboat. Second Command Word. The box unfolds into a Keelboat. Third Command Word. The Folding Boat folds back into a box if no creatures are aboard. Any objects in the vessel that can't fit inside the box remain outside the box as it folds. Any objects in the vessel that can fit inside the box do so. When the box becomes a vessel, its weight becomes that of a normal vessel its size, and anything that was stored in the box remains in the boat.

Statistics for the Rowboat and Keelboat appear in ""Equipment."" If either vessel is reduced to 0 Hit Points, the Folding Boat is destroyed.",NULL,NULL,NULL,NULL,NULL,NULL,NULL,NULL,NULL,NULL,NULL,NULL,NULL,NULL,NULL,NULL,NULL,NULL,NULL,NULL
df0bb351-a369-5f19-9924-014fa6bc99c5,2026-09-08T00:00:00,2026-09-08T00:00:00,0,SRD_5_2,Frost Brand,WEAPON,VERY_RARE,NULL,"Glaive, Greatsword, Longsword, Rapier, Scimitar, or Shortsword",true,NULL,NULL,NULL,"When you hit with an attack roll using this magic weapon, the target takes an extra 1d6 Cold damage. In addition, while you hold the weapon, you have Resistance to Fire damage.

In freezing temperatures, the weapon sheds Bright Light in a 10-foot radius and Dim Light for an additional 10 feet.

When you draw this weapon, you can extinguish all nonmagical flames within 30 feet of yourself. Once used, this property can't be used again for 1 hour.",NULL,NULL,NULL,NULL,NULL,NULL,NULL,NULL,NULL,NULL,NULL,NULL,NULL,NULL,NULL,NULL,NULL,NULL,NULL,NULL
1f0b40ba-1664-5237-94fc-b89290a0e93f,2026-09-08T00:00:00,2026-09-08T00:00:00,0,SRD_5_2,Gauntlets of Ogre Power,WONDROUS_ITEM,UNCOMMON,NULL,NULL,true,NULL,NULL,NULL,Your Strength is 19 while you wear these gauntlets. They have no effect on you if your Strength is 19 or higher without them.,NULL,NULL,NULL,NULL,NULL,NULL,NULL,NULL,NULL,NULL,NULL,NULL,NULL,NULL,NULL,NULL,NULL,NULL,NULL,NULL
65935fcc-0f7e-5b00-a7c6-74688da5de2f,2026-09-08T00:00:00,2026-09-08T00:00:00,0,SRD_5_2,Gem of Brightness,WONDROUS_ITEM,UNCOMMON,NULL,NULL,false,NULL,NULL,NULL,"This prism has 50 charges. While you are holding it, you can take a Magic action and use one of three command words to cause one of the following effects: First Command Word. The gem sheds Bright Light in a 30-foot radius and Dim Light for an additional 30 feet. This effect doesn't expend a charge. It lasts until you take a Bonus Action to repeat the command word or until you use another function of the gem. Second Command Word. You expend 1 charge and cause the gem to fire a brilliant beam of light at one creature you can see within 60 feet of yourself. The creature must succeed on a DC 15 Constitution saving throw or have the Blinded condition for 1 minute. The creature repeats the save at the end of each of its turns, ending the effect on itself on a success. Third Command Word. You expend 5 charges and cause the gem to flare with intense light in a 30-foot Cone. Each creature in the Cone makes a saving throw as if struck by the beam created with the second command word. When all of the gem's charges are expended, the gem becomes a nonmagical jewel worth 50 GP.",NULL,NULL,NULL,NULL,NULL,NULL,NULL,NULL,NULL,NULL,NULL,NULL,NULL,NULL,NULL,NULL,NULL,NULL,NULL,NULL
1fcb1277-9d62-5adf-acb7-9e9f996ec039,2026-09-08T00:00:00,2026-09-08T00:00:00,0,SRD_5_2,Gem of Seeing,WONDROUS_ITEM,RARE,NULL,NULL,true,NULL,NULL,NULL,"This gem has 3 charges. As a Magic action, you can expend 1 charge. For the next 10 minutes, you have Truesight out to 120 feet when you peer through the gem.

The gem regains 1d3 expended charges daily at dawn.",NULL,NULL,NULL,NULL,NULL,NULL,NULL,NULL,NULL,NULL,NULL,NULL,NULL,NULL,NULL,NULL,NULL,NULL,NULL,NULL
f4573efa-ae96-51ba-a678-a0849db4eb9e,2026-09-08T00:00:00,2026-09-08T00:00:00,0,SRD_5_2,Giant Slayer,WEAPON,RARE,NULL,Any Simple or Martial,false,NULL,NULL,NULL,"You gain a +1 bonus to attack rolls and damage rolls made with this magic weapon.

When you hit a Giant with this weapon, the Giant takes an extra 2d6 damage of the weapon's type and must succeed on a DC 15 Strength saving throw or have the Prone condition.",NULL,NULL,NULL,NULL,NULL,NULL,NULL,NULL,NULL,NULL,NULL,NULL,NULL,NULL,NULL,NULL,NULL,NULL,NULL,NULL
d6866202-f32f-589a-b406-4645b39d6a62,2026-09-08T00:00:00,2026-09-08T00:00:00,0,SRD_5_2,Glamoured Studded Leather,ARMOR,RARE,NULL,Studded Leather Armor,false,NULL,NULL,NULL,"While wearing this armor, you gain a +1 bonus to Armor Class. You can also take a Bonus Action to cause the armor to assume the appearance of a normal set of clothing or some other kind of armor. You decide what it looks like—including color, style, and accessories—but the armor retains its normal bulk and weight. The illusory appearance lasts until you use this property again or doff the armor.",NULL,NULL,NULL,NULL,NULL,NULL,NULL,NULL,NULL,NULL,NULL,NULL,NULL,NULL,NULL,NULL,NULL,NULL,NULL,NULL
4cf4c600-51d9-5961-93a2-c2b14e09bfba,2026-09-08T00:00:00,2026-09-08T00:00:00,0,SRD_5_2,Gloves of Missile Snaring,WONDROUS_ITEM,UNCOMMON,NULL,NULL,true,NULL,NULL,NULL,"If you're hit by an attack roll made with a Ranged or Thrown weapon while wearing these gloves, you can take a Reaction to reduce the damage by 1d10 plus your Dexterity modifier if you have a free hand. If you reduce the damage to 0, you can catch the ammunition or weapon if it is small enough for you to hold in that hand.",NULL,NULL,NULL,NULL,NULL,NULL,NULL,NULL,NULL,NULL,NULL,NULL,NULL,NULL,NULL,NULL,NULL,NULL,NULL,NULL
f6601655-6cfb-59fc-b13c-bd04faf05731,2026-09-08T00:00:00,2026-09-08T00:00:00,0,SRD_5_2,Gloves of Swimming and Climbing,WONDROUS_ITEM,UNCOMMON,NULL,NULL,true,NULL,NULL,NULL,"While wearing these gloves, you have a Climb Speed and a Swim Speed equal to your Speed, and you gain a +5 bonus to Strength (Athletics) checks made to climb or swim.",NULL,NULL,NULL,NULL,NULL,NULL,NULL,NULL,NULL,NULL,NULL,NULL,NULL,NULL,NULL,NULL,NULL,NULL,NULL,NULL
c8bc6705-f748-51e8-b830-38cbab92e963,2026-09-08T00:00:00,2026-09-08T00:00:00,0,SRD_5_2,Gloves of Thievery,WONDROUS_ITEM,UNCOMMON,NULL,NULL,false,NULL,NULL,NULL,"These gloves are imperceptible while worn. While wearing them, you gain a +5 bonus to Dexterity (Sleight of Hand) checks.",NULL,NULL,NULL,NULL,NULL,NULL,NULL,NULL,NULL,NULL,NULL,NULL,NULL,NULL,NULL,NULL,NULL,NULL,NULL,NULL
d288537f-b122-5483-96fe-30dcb9300b96,2026-09-08T00:00:00,2026-09-08T00:00:00,0,SRD_5_2,Goggles of Night,WONDROUS_ITEM,UNCOMMON,NULL,NULL,false,NULL,NULL,NULL,"While wearing these dark lenses, you have Darkvision out to 60 feet. If you already have Darkvision, wearing the goggles increases its range by 60 feet.",NULL,NULL,NULL,NULL,NULL,NULL,NULL,NULL,NULL,NULL,NULL,NULL,NULL,NULL,NULL,NULL,NULL,NULL,NULL,NULL
1da390dd-8e29-5135-91d7-a832ed1bd6ba,2026-09-08T00:00:00,2026-09-08T00:00:00,0,SRD_5_2,Hammer of Thunderbolts,WEAPON,LEGENDARY,NULL,Maul or Warhammer,true,NULL,NULL,NULL,"You gain a +1 bonus to attack rolls and damage rolls made with this magic weapon.

The weapon has 5 charges. You can expend 1 charge and make a ranged attack with the weapon, hurling it as if it had the Thrown property with a normal range of 20 feet and a long range of 60 feet. If the attack hits, the weapon unleashes a thunderclap audible out to 300 feet. The target and every creature within 30 feet of it other than you must succeed on a DC 17 Constitution saving throw or have the Stunned condition until the end of your next turn. Immediately after hitting or missing, the weapon flies back to your hand. The weapon regains 1d4 + 1 expended charges daily at dawn.

Giant's Bane. While you are attuned to the weapon and wearing either a Belt of Giant Strength or Gauntlets of Ogre Power to which you are also attuned, you gain the following benefits: Giants' Bane. When you roll a 20 on the d20 for an attack roll made with this weapon against a Giant, the creature must succeed on a DC 17 Constitution saving throw or die. Might of Giants. The Strength score bestowed by your Belt of Giant Strength or Gauntlets of Ogre Power increases by 4, to a maximum of 30.",NULL,NULL,NULL,NULL,NULL,NULL,NULL,NULL,NULL,NULL,NULL,NULL,NULL,NULL,NULL,NULL,NULL,NULL,NULL,NULL
98e266ad-996e-57cd-84a7-558be56da8ec,2026-09-08T00:00:00,2026-09-08T00:00:00,0,SRD_5_2,Handy Haversack,WONDROUS_ITEM,RARE,NULL,NULL,false,NULL,NULL,NULL,"This backpack has a central pouch and two side pouches, each of which is an extradimensional space. Each side pouch can hold up to 200 pounds of material, not exceeding a volume of 25 cubic feet. The central pouch can hold up to 500 pounds of material, not exceeding a volume of 64 cubic feet. The haversack always weighs 5 pounds, regardless of its contents.

Retrieving an item from the haversack requires a Utilize action or a Bonus Action (your choice). When you reach into the haversack for a specific item, the item is always magically on top.

If any of its pouches is overloaded, pierced, or torn, the haversack ruptures and is destroyed. If the haversack is destroyed, its contents are lost forever, although an Artifact always turns up again somewhere. If the haversack is turned inside out, its contents spill forth unharmed, and the haversack must be put right before it can be used again.

Each pouch of the haversack holds enough air for 10 minutes of breathing, divided by the number of breathing creatures inside.

Placing the haversack inside an extradimensional space created by a Bag of Holding, Portable Hole, or similar item instantly destroys both items and opens a gate to the Astral Plane. The gate originates where the one item was placed inside the other. Any creature within 10 feet of the gate and not behind Total Cover is sucked through it and deposited in a random location on the Astral Plane. The gate then closes. The gate is one-way only and can't be reopened.",NULL,NULL,NULL,NULL,NULL,NULL,NULL,NULL,NULL,NULL,NULL,NULL,NULL,NULL,NULL,NULL,NULL,NULL,NULL,NULL
f9dd74bc-9223-59fd-bc1a-6507dc732b5c,2026-09-08T00:00:00,2026-09-08T00:00:00,0,SRD_5_2,Hat of Disguise,WONDROUS_ITEM,UNCOMMON,NULL,NULL,true,NULL,NULL,NULL,"While wearing this hat, you can cast the Disguise Self spell. The spell ends if the hat is removed.",NULL,NULL,NULL,NULL,NULL,NULL,NULL,NULL,NULL,NULL,NULL,NULL,NULL,NULL,NULL,NULL,NULL,NULL,NULL,NULL
8f4fb232-a5c1-587f-81a5-9f6a2b727a92,2026-09-08T00:00:00,2026-09-08T00:00:00,0,SRD_5_2,Hat of Many Spells,WONDROUS_ITEM,VERY_RARE,NULL,NULL,true,by a Wizard,NULL,NULL,"This pointed hat has the following properties.

Spellcasting Focus. While holding the hat, you can use it as a Spellcasting Focus for your Wizard spells. Any spell you cast using the hat gains a special Somatic component: you must reach into the hat and ""pull"" the spell out of it.

Unknown Spell. While holding the hat, you can try to cast a level 1+ spell you don't know. The spell must be on the Wizard spell list, it must be of a level you can cast, and it can't have Material components costing more than 1,000 GP. Once you decide on the spell, you must expend a spell slot of the spell's level. Then, to determine whether you cast the spell, make an Intelligence (Arcana) check (DC 10 plus the spell's level). On a successful check, you cast the spell using its normal casting time, and you can't use this property again until you finish a Short or Long Rest. On a failed check, you fail to cast the spell and a random effect occurs instead, determined by rolling on the following table.

Any spell you cast from the hat uses your spell save DC and spell attack bonus.

1d100  Effect
01-50  You cast a random spell determined by rolling
1d10: on a 1, Enlarge/Reduce (enlarge effect);
on a 2, Enlarge/Reduce (reduce effect); on a
3, Faerie Fire; on a 4, Fireball; on a 5, Gust of
Wind; on a 6, Invisibility (cast on yourself); on a
7, Lightning Bolt; on an 8, Phantasmal Force; on
a 9, Polymorph; on a 10, Stinking Cloud.
51-55  You have the Stunned condition until the end
of your next turn, believing something awe-
some just happened.
56-60  A harmless swarm of butterflies fills a 10-foot
Cube within 30 feet of yourself. The swarm
disperses after 1 minute.
61-65 You pull a nonmagical object out of the hat.
Roll 1d4 to determine the object: on a 1, a vial
of Acid; on a 2, a flask of Alchemist's Fire; on a
3, a Crowbar; on a 4, a lit Torch.
66-70 You suffer a bout of ""magic sickness"" and have
the Poisoned condition for 1 hour.
71-75  You have the Petrified condition until the end
of your next turn.
76-80 You pull a nonmagical object out of the hat.
Roll 1d4 to determine the object: on a 1, a
Dagger; on a 2, a Rope with a Grappling Hook
tied to one end; on a 3, a bag of Caltrops; on a
4, a gem worth 50 GP.
81-85 A creature appears in an unoccupied space
as close to you as possible. The creature isn't
under your control and acts as it normally
would, and it disappears after 1 hour or when
it drops to 0 Hit Points. Roll 1d4 to deter-
mine the creature: on a 1, a Camel; on a 2, a
Constrictor Snake; on a 3, an Elephant;
on a 4, a Mule.
1d100  Effect
86-90 A Hostile Swarm of Bats flies out of the
hat, occupies your space, and attacks you.
91-95  A vertical, 10-foot-diameter, two-way portal
to another plane of existence opens in an
unoccupied space within 30 feet of you and
remains open until the end of your next turn.
The GM determines where it leads.
96-00 You pull a magic item out of the hat. Roll
1d6 to determine the item's rarity: on a 1-3,
Common; on a Rare. The GM chooses the item, which dis- appears after 1 hour if it's not consumed or destroyed before then.4-5, Uncommon; on a 6,",NULL,NULL,NULL,NULL,NULL,NULL,NULL,NULL,NULL,NULL,NULL,NULL,NULL,NULL,NULL,NULL,NULL,NULL,NULL,NULL
d0e5c1c4-1180-53f7-8b80-36c5f4ff83b2,2026-09-08T00:00:00,2026-09-08T00:00:00,0,SRD_5_2,Headband of Intellect,WONDROUS_ITEM,UNCOMMON,NULL,NULL,true,NULL,NULL,NULL,Your Intelligence is 19 while you wear this headband. It has no effect on you if your Intelligence is 19 or higher without it.,NULL,NULL,NULL,NULL,NULL,NULL,NULL,NULL,NULL,NULL,NULL,NULL,NULL,NULL,NULL,NULL,NULL,NULL,NULL,NULL
2909fca2-f464-5a5b-b724-7fcfd880da86,2026-09-08T00:00:00,2026-09-08T00:00:00,0,SRD_5_2,Helm of Brilliance,WONDROUS_ITEM,VERY_RARE,NULL,NULL,true,NULL,NULL,NULL,"This helm is set with 1d10 diamonds, 2d10 rubies, 3d10 fire opals, and 4d10 opals. Any gem pried from the helm crumbles to dust. When all the gems are removed or destroyed, the helm loses its magic.

You gain the following benefits while wearing the helm.

Diamond Light. As long as it has at least one diamond, the helm emits a 30-foot Emanation. When at least one Undead is within that area, the Emanation is filled with Dim Light. Any Undead that starts its turn in that area takes 1d6 Radiant damage.

Fire Opal Flames. As long as the helm has at least one fire opal, you can take a Magic action to cause one weapon you are holding to burst into flames. The flames emit Bright Light in a 10-foot radius and Dim Light for an additional 10 feet. The flames are harmless to you and the weapon. When you hit with an attack using the blazing weapon, the target takes an extra 1d6 Fire damage. The flames last until you take a Bonus Action to extinguish them or until you drop or stow the weapon.

Ruby Resistance. As long as the helm has at least one ruby, you have Resistance to Fire damage.

Spells. You can cast one of the following spells (save DC 18), using one of the helm's gems of the specified type as a component: Daylight (opal), Fireball (fire opal), Prismatic Spray (diamond), or Wall of Fire (ruby). The gem is destroyed when the spell is cast and disappears from the helm.

Taking Fire Damage. Roll 1d20 if you are wearing the helm and take Fire damage as a result of failing a saving throw against a spell. On a roll of 1, the helm emits beams of light from its remaining gems and is then destroyed. Each creature within a 60-foot Emanation originating from you must succeed on a DC 17 Dexterity saving throw or be struck by a beam, taking Radiant damage equal to the number of gems in the helm.",NULL,NULL,NULL,NULL,NULL,NULL,NULL,NULL,NULL,NULL,NULL,NULL,NULL,NULL,NULL,NULL,NULL,NULL,NULL,NULL
3eda1e78-a9b0-5065-9819-89dae2dafcdc,2026-09-08T00:00:00,2026-09-08T00:00:00,0,SRD_5_2,Helm of Comprehending Languages,WONDROUS_ITEM,UNCOMMON,NULL,NULL,false,NULL,NULL,NULL,"While wearing this helm, you can cast Comprehend Languages from it.",NULL,NULL,NULL,NULL,NULL,NULL,NULL,NULL,NULL,NULL,NULL,NULL,NULL,NULL,NULL,NULL,NULL,NULL,NULL,NULL
7a42654c-2647-5960-9a70-efbabfbb1eec,2026-09-08T00:00:00,2026-09-08T00:00:00,0,SRD_5_2,Helm of Telepathy,WONDROUS_ITEM,UNCOMMON,NULL,NULL,true,NULL,NULL,NULL,"While wearing this helm, you have telepathy with a range of 30 feet, and you can cast Detect Thoughts or Suggestion (save DC 13) from the helm. Once either spell is cast from the helm, that spell can't be cast from it again until the next dawn.",NULL,NULL,NULL,NULL,NULL,NULL,NULL,NULL,NULL,NULL,NULL,NULL,NULL,NULL,NULL,NULL,NULL,NULL,NULL,NULL
e5f4b40e-f08f-51de-a7cb-ba889019fe0e,2026-09-08T00:00:00,2026-09-08T00:00:00,0,SRD_5_2,Helm of Teleportation,WONDROUS_ITEM,RARE,NULL,NULL,true,NULL,NULL,NULL,"This helm has 3 charges. While wearing it, you can expend 1 charge to cast Teleport from it. The helm regains 1d3 expended charges daily at dawn.",NULL,NULL,NULL,NULL,NULL,NULL,NULL,NULL,NULL,NULL,NULL,NULL,NULL,NULL,NULL,NULL,NULL,NULL,NULL,NULL
d30f0d77-4a3f-5aea-916d-8e57825deae1,2026-09-08T00:00:00,2026-09-08T00:00:00,0,SRD_5_2,Holy Avenger,WEAPON,LEGENDARY,NULL,Any Simple or Martial,true,by a Paladin,NULL,NULL,"You gain a +3 bonus to attack rolls and damage rolls made with this magic weapon. When you hit a Fiend or an Undead with it, that creature takes an extra 2d10 Radiant damage.

While you hold the drawn weapon, it creates a 10-foot Emanation originating from you. You and all creatures Friendly to you in the Emanation have Advantage on saving throws against spells and other magical effects. If you have 17 or more levels in the Paladin class, the size of the Emanation increases to 30 feet.",NULL,NULL,NULL,NULL,NULL,NULL,NULL,NULL,NULL,NULL,NULL,NULL,NULL,NULL,NULL,NULL,NULL,NULL,NULL,NULL
1b6fdbea-3cf8-5ac6-a7e8-7461bfbc3083,2026-09-08T00:00:00,2026-09-08T00:00:00,0,SRD_5_2,Horn of Blasting,WONDROUS_ITEM,RARE,NULL,NULL,false,NULL,NULL,NULL,"You can take a Magic action to blow the horn, which emits a thunderous blast in a 30-foot Cone that is audible out to 600 feet. Each creature in the Cone makes a DC 15 Constitution saving throw. On a failed save, a creature takes 5d8 Thunder damage and has the Deafened condition for 1 minute. On a successful save, a creature takes half as much damage only. Glass or crystal objects in the Cone that aren't being worn or carried take 10d8 Thunder damage.

Each use of the horn's magic has a 20 percent chance of causing the horn to explode. The explosion deals 10d6 Force damage to the user and destroys the horn.",NULL,NULL,NULL,NULL,NULL,NULL,NULL,NULL,NULL,NULL,NULL,NULL,NULL,NULL,NULL,NULL,NULL,NULL,NULL,NULL
206fceaa-c986-55c5-bbd3-fa1bc3abf99f,2026-09-08T00:00:00,2026-09-08T00:00:00,0,SRD_5_2,Horn of Valhalla,WONDROUS_ITEM,VARIES,"Rare (Silver or Brass), Very Rare (Bronze), Legendary (Iron)",NULL,false,NULL,NULL,NULL,"You can take a Magic action to blow this horn. In response, warrior spirits from the plane of Ysgard appear in unoccupied spaces within 60 feet of you. Each spirit uses the Berserker stat block and returns to Ysgard after 1 hour or when it drops to 0 Hit Points. The spirits look like living, breathing warriors, and they have Immunity to the Charmed and Frightened conditions. Once you use the horn, it can't be used again until 7 days have passed.

Four types of Horn of Valhalla are known to exist, each made of a different metal. The horn's type determines how many spirits it summons, as well as the requirement for its use. The GM chooses the horn's type or determines it randomly by rolling on the following table.

If you blow the horn without meeting its requirement, the summoned spirits attack you. If you meet the requirement, they are Friendly to you and your allies and follow your commands.

1d100  Horn Type  Spirits  Requirement
01-40  Silver  2  None
41-75  Brass  3  Proficiency with all
Simple weapons
76-90  Bronze  4  Training with all
Medium armor
91-00  Iron  5  Proficiency with all
Martial weapons",NULL,NULL,NULL,NULL,NULL,NULL,NULL,NULL,NULL,NULL,NULL,NULL,NULL,NULL,NULL,NULL,NULL,NULL,NULL,NULL
f9db60fa-c7b8-556e-ae39-798da85174f1,2026-09-08T00:00:00,2026-09-08T00:00:00,0,SRD_5_2,Horseshoes of a Zephyr,WONDROUS_ITEM,VERY_RARE,NULL,NULL,false,NULL,NULL,NULL,"These horseshoes come in a set of four. As a Magic action, you can touch one of the horseshoes to the hoof of a horse or similar creature, whereupon the horseshoe affixes itself to the hoof. Removing a horseshoe also takes a Magic action.

While all four shoes are affixed to the hooves of a horse or similar creature, they allow the creature to move normally while floating 4 inches above a surface. This effect means the creature can cross or stand above nonsolid or unstable surfaces, such as water or lava. The creature leaves no tracks and ignores Difficult Terrain. In addition, the creature can travel for up to 12 hours a day without gaining Exhaustion levels from extended travel.",NULL,NULL,NULL,NULL,NULL,NULL,NULL,NULL,NULL,NULL,NULL,NULL,NULL,NULL,NULL,NULL,NULL,NULL,NULL,NULL
3434faea-bde9-59ed-8c9e-a69de51f7518,2026-09-08T00:00:00,2026-09-08T00:00:00,0,SRD_5_2,Horseshoes of Speed,WONDROUS_ITEM,RARE,NULL,NULL,false,NULL,NULL,NULL,"These horseshoes come in a set of four. As a Magic action, you can touch one of the horseshoes to the hoof of a horse or similar creature, whereupon the horseshoe affixes itself to the hoof. Removing a horseshoe also takes a Magic action.

While all four horseshoes are attached to the same creature, its Speed is increased by 30 feet.",NULL,NULL,NULL,NULL,NULL,NULL,NULL,NULL,NULL,NULL,NULL,NULL,NULL,NULL,NULL,NULL,NULL,NULL,NULL,NULL
2ca37991-4cfe-5ee5-b9ac-31f9763ed892,2026-09-08T00:00:00,2026-09-08T00:00:00,0,SRD_5_2,Immovable Rod,ROD,UNCOMMON,NULL,NULL,false,NULL,NULL,NULL,"This iron rod has a button on one end. You can take a Utilize action to press the button, which causes the rod to become magically fixed in place. Until you or another creature takes a Utilize action to push the button again, the rod doesn't move, even if it defies gravity. The rod can hold up to 8,000 pounds of weight. More weight causes the rod to deactivate and fall. A creature can take a Utilize action to make a DC 30 Strength (Athletics) check, moving the fixed rod up to 10 feet on a successful check.",NULL,NULL,NULL,NULL,NULL,NULL,NULL,NULL,NULL,NULL,NULL,NULL,NULL,NULL,NULL,NULL,NULL,NULL,NULL,NULL
560af3f8-6bec-5b88-a849-c6e2c0d6ecac,2026-09-08T00:00:00,2026-09-08T00:00:00,0,SRD_5_2,Instant Fortress,WONDROUS_ITEM,RARE,NULL,NULL,true,NULL,NULL,NULL,"As a Magic action, you can place this 1-inch adamantine statuette on the ground and, using a command word, cause it to grow rapidly into a square adamantine tower. Repeating the command word causes the tower to revert to statuette form, which works only if the tower is empty. Each creature in the area where the tower appears is pushed to an unoccupied space outside but next to the tower. Objects in the area that aren't being worn or carried are also pushed clear of the tower.

The tower is 20 feet on a side and 30 feet high, with arrow slits on all sides and a battlement atop it. Its interior is divided into two floors, with a ladder, staircase, or ramp (your choice) connecting them. This ladder, staircase, or ramp ends at a trapdoor leading to the roof. When created, the tower has a single door at ground level on the side facing you. The door opens only at your command, which you can issue as a Bonus Action. It is immune to the Knock spell and similar magic.

Magic prevents the tower from being tipped over. The roof, the door, and the walls each have AC 20; HP 100; Immunity to Bludgeoning, Piercing, and Slashing damage except that which is dealt by siege equipment; and Resistance to all other damage. Shrinking the tower back down to statuette form doesn't repair damage to the tower. Only a Wish spell can repair the tower (this use of the spell counts as replicating a spell of level 8 or lower). Each casting of Wish causes the tower to regain all its Hit Points.",NULL,NULL,NULL,NULL,NULL,NULL,NULL,NULL,NULL,NULL,NULL,NULL,NULL,NULL,NULL,NULL,NULL,NULL,NULL,NULL
2477e7ed-dbbb-580b-8c64-1f3a9ab937d6,2026-09-08T00:00:00,2026-09-08T00:00:00,0,SRD_5_2,Ioun Stone,WONDROUS_ITEM,VARIES,NULL,NULL,true,NULL,NULL,NULL,"Roughly marble sized, Ioun Stones are named after Ioun, a god of knowledge and prophecy revered on some worlds. Many types of Ioun Stones exist, each type a distinct combination of shape and color.

When you take a Magic action to toss an Ioun Stone into the air, the stone orbits your head at a distance of 1d3 feet, conferring its benefit to you while doing so. You can have up to three Ioun Stones orbiting your head at the same time. Each Ioun Stone orbiting your head is considered to be an object you are wearing. The orbiting stone avoids contact with other creatures and objects, adjusting its orbit to avoid collisions and thwarting all attempts by other creatures to attack or snatch it.

As a Utilize action, you can seize and stow any number of Ioun Stones orbiting your head. If your Attunement to an Ioun Stone ends while it's orbiting your head, the stone falls as though you had dropped it.

The type of stone determines its rarity and effects.

Absorption (Very Rare). While this pale lavender ellipsoid orbits your head, you can take a Reaction to cancel a spell of level 4 or lower cast by a creature you can see. A canceled spell has no effect, and any resources used to cast it are wasted. Once the stone has canceled 20 levels of spells, it burns out, turns dull gray, and loses its magic.

Agility (Very Rare). Your Dexterity increases by 2, to a maximum of 20, while this deep-red sphere orbits your head.

Awareness (Rare). While this dark-blue rhomboid orbits your head, you have Advantage on Initiative rolls and Wisdom (Perception) checks.

Fortitude (Very Rare). Your Constitution increases by 2, to a maximum of 20, while this pink rhomboid orbits your head.

Greater Absorption (Legendary). While this marbled lavender and green ellipsoid orbits your head, you can take a Reaction to cancel a spell of level 8 or lower cast by a creature you can see. A canceled spell has no effect, and any resources used to cast it are wasted. Once the stone has canceled 20 levels of spells, it burns out, turns dull gray, and loses its magic.

Insight (Very Rare). Your Wisdom increases by 2, to a maximum of 20, while this incandescent blue sphere orbits your head.

Intellect (Very Rare). Your Intelligence increases by 2, to a maximum of 20, while this marbled scarlet and blue sphere orbits your head.

Leadership (Very Rare). Your Charisma increases by 2, to a maximum of 20, while this marbled pink and green sphere orbits your head.

Mastery (Legendary). Your Proficiency Bonus increases by 1 while this pale green prism orbits your head.

Protection (Rare). You gain a +1 bonus to Armor Class while this dusty-rose prism orbits your head.

Regeneration (Legendary). You regain 15 Hit Points at the end of each hour this pearly white spindle orbits your head if you have at least 1 Hit Point.

Reserve (Rare). This vibrant purple prism stores spells cast into it, holding them until you use them. The stone can store up to 4 levels of spells at a time. When found, it contains 1d4 levels of stored spells chosen by the GM.

Any creature can cast a spell of level 1 through 4 into the stone by touching it as the spell is cast. The spell has no effect, other than to be stored in the stone. If the stone can't hold the spell, the spell is expended without effect. The level of the slot used to cast the spell determines how much space it uses.

While this stone orbits your head, you can cast any spell stored in it. The spell uses the slot level, spell save DC, spell attack bonus, and spellcasting ability of the original caster but is otherwise treated as if you cast the spell. The spell cast from the stone is no longer stored in it, freeing up space.

Strength (Very Rare). Your Strength increases by 2, to a maximum of 20, while this pale blue rhomboid orbits your head.

Sustenance (Rare). You don't need to eat or drink while this clear spindle orbits your head.",NULL,NULL,NULL,NULL,NULL,NULL,NULL,NULL,NULL,NULL,NULL,NULL,NULL,NULL,NULL,NULL,NULL,NULL,NULL,NULL
5e0c1fb3-0ad1-5b00-b7d0-8d218b8a5e0a,2026-09-08T00:00:00,2026-09-08T00:00:00,0,SRD_5_2,Iron Bands,WONDROUS_ITEM,RARE,NULL,NULL,false,NULL,NULL,NULL,"This rusty iron sphere measures 3 inches in diameter and weighs 1 pound. You can take a Magic action to throw the sphere at a Huge or smaller creature you can see within 60 feet of yourself. As the sphere moves through the air, it opens into a tangle of metal bands.

Make a ranged attack roll with an attack bonus equal to your Dexterity modifier plus your Proficiency Bonus. On a hit, the target has the Restrained condition until you take a Bonus Action to issue a command that releases it. Doing so or missing with the attack causes the bands to contract and become a sphere once more.

A creature that can touch the bands, including the one Restrained, can take an action to make a DC 20 Strength (Athletics) check to break the iron bands. On a successful check, the item is destroyed, and the Restrained creature is freed. On a failed check, any further attempts made by that creature automatically fail until 24 hours have elapsed.

Once the bands are used, they can't be used again until the next dawn.",NULL,NULL,NULL,NULL,NULL,NULL,NULL,NULL,NULL,NULL,NULL,NULL,NULL,NULL,NULL,NULL,NULL,NULL,NULL,NULL
e1fe4025-04a1-50f2-8044-a6b45ee3bb0a,2026-09-08T00:00:00,2026-09-08T00:00:00,0,SRD_5_2,Iron Flask,WONDROUS_ITEM,LEGENDARY,NULL,NULL,false,NULL,NULL,NULL,"While holding this brass-stoppered iron flask, you can take a Magic action to target a creature that you can see within 60 feet of yourself. If the flask is empty and the target is native to a plane of existence other than the one you're on, the target must succeed on a DC 17 Wisdom saving throw or be trapped in the flask. If the target has been trapped by the flask before, it has Advantage on the save. Once trapped, a creature remains in the flask until released. The flask can hold only one creature at a time. A creature trapped in the flask doesn't age and doesn't need to breathe, eat, or drink.

You can take a Magic action to remove the flask's stopper and release the creature in the flask. The creature then obeys your commands for 1 hour, understanding those commands even if it doesn't know the language in which the commands are given. If you issue no commands or give the creature a command that is likely to result in its death or imprisonment, it defends itself but otherwise takes no actions. At the end of the duration, the creature acts in accordance with its normal disposition and alignment. An Identify spell reveals if the flask contains a creature, but the only way to determine the type of creature is to open the flask. A newly discovered Iron Flask might already contain a creature chosen by the GM.",NULL,NULL,NULL,NULL,NULL,NULL,NULL,NULL,NULL,NULL,NULL,NULL,NULL,NULL,NULL,NULL,NULL,NULL,NULL,NULL
47353f6b-fb49-5452-b91f-38ac48a1c1ef,2026-09-08T00:00:00,2026-09-08T00:00:00,0,SRD_5_2,Javelin of Lightning,WEAPON,UNCOMMON,NULL,Javelin,false,NULL,NULL,NULL,"Each time you make an attack roll with this magic weapon and hit, you can have it deal Lightning damage instead of Piercing damage.

Lightning Bolt. When you throw this weapon at a target no farther than 120 feet from you, you can forgo making a ranged attack roll and instead turn the weapon into a bolt of lightning. This bolt forms a 5-foot-wide Line between you and the target. The target and each other creature in the Line (excluding you) makes a DC 13 Dexterity saving throw, taking 4d6 Lightning damage on a failed save or half as much damage on a successful one. Immediately after dealing this damage, the weapon reappears in your hand. This property can't be used again until the next dawn.",NULL,NULL,NULL,NULL,NULL,NULL,NULL,NULL,NULL,NULL,NULL,NULL,NULL,NULL,NULL,NULL,NULL,NULL,NULL,NULL
955e366c-957d-5cce-a14d-76c63ed0d306,2026-09-08T00:00:00,2026-09-08T00:00:00,0,SRD_5_2,Lantern of Revealing,WONDROUS_ITEM,UNCOMMON,NULL,NULL,false,NULL,NULL,NULL,"While lit, this hooded lantern burns for 6 hours on 1 pint of oil, shedding Bright Light in a 30-foot radius and Dim Light for an additional 30 feet. Invisible creatures and objects are visible as long as they are in the lantern's Bright Light. You can take a Utilize action to lower the hood, reducing the lantern's light to Dim Light in a 5-foot radius.",NULL,NULL,NULL,NULL,NULL,NULL,NULL,NULL,NULL,NULL,NULL,NULL,NULL,NULL,NULL,NULL,NULL,NULL,NULL,NULL
074610c7-1055-5b29-95de-7dd89dabd0e3,2026-09-08T00:00:00,2026-09-08T00:00:00,0,SRD_5_2,Luck Blade,WEAPON,LEGENDARY,NULL,"Glaive, Greatsword, Longsword, Rapier, Scimitar, Sickle, or Shortsword",true,NULL,NULL,NULL,"You gain a +1 bonus to attack rolls and damage rolls made with this magic weapon. While the weapon is on your person, you also gain a +1 bonus to saving throws.

Luck. If the weapon is on your person, you can call on its luck (no action required) to reroll one failed D20 Test if you don't have the Incapacitated condition. You must use the second roll. Once used, this property can't be used again until the next dawn.

Wish. The weapon has 1d3 charges. While holding it, you can expend 1 charge and cast Wish from it. Once used, this property can't be used again until the next dawn. The weapon loses this property if it has no charges.",NULL,NULL,NULL,NULL,NULL,NULL,NULL,NULL,NULL,NULL,NULL,NULL,NULL,NULL,NULL,NULL,NULL,NULL,NULL,NULL
f4ac181f-565c-55d8-ae10-47841400b73d,2026-09-08T00:00:00,2026-09-08T00:00:00,0,SRD_5_2,Mace of Disruption,WEAPON,RARE,NULL,Mace,true,NULL,NULL,NULL,"When you hit a Fiend or an Undead with this magic weapon, that creature takes an extra 2d6 Radiant damage. If the target has 25 Hit Points or fewer after taking this damage, it must succeed on a DC 15 Wisdom saving throw or be destroyed. On a successful save, the creature has the Frightened condition until the end of your next turn.

Light. While you hold this weapon, it sheds Bright Light in a 20-foot radius and Dim Light for an additional 20 feet.",NULL,NULL,NULL,NULL,NULL,NULL,NULL,NULL,NULL,NULL,NULL,NULL,NULL,NULL,NULL,NULL,NULL,NULL,NULL,NULL
66d1806f-979f-523d-a78f-d51dcee194f7,2026-09-08T00:00:00,2026-09-08T00:00:00,0,SRD_5_2,Mace of Smiting,WEAPON,RARE,NULL,Mace,false,NULL,NULL,NULL,"You gain a +1 bonus to attack rolls and damage rolls made with this magic weapon. The bonus increases to +3 when you use the weapon to attack a Construct.

When you roll a 20 on an attack roll made with this weapon, the target takes an extra 7 Bludgeoning damage, or 14 Bludgeoning damage if it's a Construct. If a Construct has 25 Hit Points or fewer after taking this damage, it is destroyed.",NULL,NULL,NULL,NULL,NULL,NULL,NULL,NULL,NULL,NULL,NULL,NULL,NULL,NULL,NULL,NULL,NULL,NULL,NULL,NULL
22b780be-01ed-5238-9e2b-d637a430b011,2026-09-08T00:00:00,2026-09-08T00:00:00,0,SRD_5_2,Mace of Terror,WEAPON,RARE,NULL,Mace,true,NULL,NULL,NULL,"This magic weapon has 3 charges and regains 1d3 expended charges daily at dawn. While holding the weapon, you can take a Magic action and expend 1 charge to release a wave of terror from it. Each creature of your choice within 30 feet of you must succeed on a DC 15 Wisdom saving throw or have the Frightened condition for 1 minute. While Frightened in this way, a creature must spend its turns trying to move as far away from you as it can, and it can't make Opportunity Attacks. For its action, it can use only the Dash action or try to escape from an effect that prevents it from moving. If it has nowhere it can move, the creature can take the Dodge action. At the end of each of its turns, a creature repeats the save, ending the effect on itself on a success.",NULL,NULL,NULL,NULL,NULL,NULL,NULL,NULL,NULL,NULL,NULL,NULL,NULL,NULL,NULL,NULL,NULL,NULL,NULL,NULL
07a1d44a-73f5-5f71-b53b-b0c23571b79b,2026-09-08T00:00:00,2026-09-08T00:00:00,0,SRD_5_2,Mantle of Spell Resistance,WONDROUS_ITEM,RARE,NULL,NULL,true,NULL,NULL,NULL,You have Advantage on saving throws against spells while you wear this cloak.,NULL,NULL,NULL,NULL,NULL,NULL,NULL,NULL,NULL,NULL,NULL,NULL,NULL,NULL,NULL,NULL,NULL,NULL,NULL,NULL
fbdeea7a-b9a5-5446-a693-1524fdb4f243,2026-09-08T00:00:00,2026-09-08T00:00:00,0,SRD_5_2,Manual of Bodily Health,WONDROUS_ITEM,VERY_RARE,NULL,NULL,false,NULL,NULL,NULL,"This book contains health and nutrition tips, and its words are charged with magic. If you spend 48 hours over a period of 6 days or fewer studying the book's contents and practicing its guidelines, your Constitution increases by 2, to a maximum of 30. The manual then loses its magic but regains it in a century.",NULL,NULL,NULL,NULL,NULL,NULL,NULL,NULL,NULL,NULL,NULL,NULL,NULL,NULL,NULL,NULL,NULL,NULL,NULL,NULL
544afd65-054b-5178-801d-1bfbbd5644b6,2026-09-08T00:00:00,2026-09-08T00:00:00,0,SRD_5_2,Manual of Gainful Exercise,WONDROUS_ITEM,VERY_RARE,NULL,NULL,false,NULL,NULL,NULL,"This book describes fitness exercises, and its words are charged with magic. If you spend 48 hours over a period of 6 days or fewer studying the book's contents and practicing its guidelines, your Strength increases by 2, to a maximum of 30. The manual then loses its magic but regains it in a century.",NULL,NULL,NULL,NULL,NULL,NULL,NULL,NULL,NULL,NULL,NULL,NULL,NULL,NULL,NULL,NULL,NULL,NULL,NULL,NULL
66fa126e-4b71-520a-8675-61a7787c3e5a,2026-09-08T00:00:00,2026-09-08T00:00:00,0,SRD_5_2,Manual of Golems,WONDROUS_ITEM,VERY_RARE,NULL,NULL,false,NULL,NULL,NULL,"This tome contains information and incantations necessary to make a particular type of golem. The GM chooses the type or determines it randomly by rolling on the accompanying table. To decipher and use the manual, you must be a spellcaster with at least two level 5 spell slots. A creature that can't use a Manual of Golems and attempts to read it takes 6d6 Psychic damage.

To create a golem, you must spend the time shown on the table, working without interruption with the manual at hand and resting no more than 8 hours per day. You must also pay the specified cost to purchase supplies.

Once you finish creating the golem, the book is consumed in eldritch flames. The golem becomes animate when the ashes of the manual are sprinkled on it. See ""Monsters"" for the golem's stat block. The golem is under your control, and it understands and obeys your commands.

1d20  Golem  Time  Cost
1-5  Clay Golem  30 days  65,000 GP
6-17  Flesh Golem  60 days  50,000 GP
18  Iron Golem  120 days  100,000 GP
19-20 Stone Golem  90 days  80,000 GP
Manual of Quickness of Action

Wondrous Item, Very Rare This book contains coordination and balance exercises, and its words are charged with magic. If you spend 48 hours over a period of 6 days or fewer studying the book's contents and practicing its guidelines, your Dexterity increases by 2, to a maximum of 30. The manual then loses its magic but regains it in a century.",NULL,NULL,NULL,NULL,NULL,NULL,NULL,NULL,NULL,NULL,NULL,NULL,NULL,NULL,NULL,NULL,NULL,NULL,NULL,NULL
f7ae5ff5-6b42-5341-aea7-72a5d8e6e8ab,2026-09-08T00:00:00,2026-09-08T00:00:00,0,SRD_5_2,Marvelous Pigments,WONDROUS_ITEM,VERY_RARE,NULL,NULL,false,NULL,NULL,NULL,"This fine wooden box contains 1d4 pots of pigment and a brush (weighing 1 pound in total).

Using the brush and expending 1 pot of pigment, you can paint any number of three-dimensional objects and terrain features (such as walls, doors, trees, flowers, weapons, webs, and pits), provided these elements are all confined to a 20-foot Cube. The effort takes 10 minutes (regardless of the number of elements you create), during which time you must remain in the Cube, and requires Concentration. If your Concentration is broken or you leave the Cube before the work is done, all the painted elements vanish, and the pot of pigment is wasted.

When the work is done, all the painted objects and terrain features become real. Thus, painting a door on a wall creates an actual door, which can be opened to whatever is beyond. Painting a pit creates a real pit, the entire depth of which must lie within the 20-foot Cube.

No object created by a pot of pigment can have a value greater than 25 GP, and the total value of all objects created by a pot of pigment can't exceed 500 GP. If you paint objects of greater value (such as a large pile of gold), they look authentic, but close inspection reveals they're made from paste, cookies, or some other worthless material.

If you paint a form of energy such as fire or lightning, the energy dissipates as soon as you complete the painting, doing no harm.",NULL,NULL,NULL,NULL,NULL,NULL,NULL,NULL,NULL,NULL,NULL,NULL,NULL,NULL,NULL,NULL,NULL,NULL,NULL,NULL
b09e90c7-7286-503e-b138-aa0850a0bd27,2026-09-08T00:00:00,2026-09-08T00:00:00,0,SRD_5_2,Medallion of Thoughts,WONDROUS_ITEM,UNCOMMON,NULL,NULL,true,NULL,NULL,NULL,"The medallion has 5 charges. While wearing it, you can expend 1 charge to cast Detect Thoughts (save DC 13) from it. The medallion regains 1d4 expended charges daily at dawn.",NULL,NULL,NULL,NULL,NULL,NULL,NULL,NULL,NULL,NULL,NULL,NULL,NULL,NULL,NULL,NULL,NULL,NULL,NULL,NULL
4ae4fd08-e181-5206-9eda-cab205b0197c,2026-09-08T00:00:00,2026-09-08T00:00:00,0,SRD_5_2,Mirror of Life Trapping,WONDROUS_ITEM,VERY_RARE,NULL,NULL,false,NULL,NULL,NULL,"When this 4-foot-tall, 2-foot-wide mirror is viewed indirectly, its surface shows faint images of creatures. The mirror weighs 50 pounds, and it has AC 11, HP 10, Immunity to Poison and Psychic damage, and Vulnerability to Bludgeoning damage. It shatters and is destroyed when reduced to 0 Hit Points.

If the mirror is hanging on a vertical surface and you are within 5 feet of it, you can take a Magic action and use a command word to activate it. It remains activated until you take a Magic action and repeat the command word to deactivate it.

Any creature other than you that sees its reflection in the activated mirror while within 30 feet of the mirror must succeed on a DC 15 Charisma saving throw or be trapped, along with anything it is wearing or carrying, in one of the mirror's twelve extradimensional cells. A creature that knows the mirror's nature makes the save with Advantage, and Constructs succeed on the save automatically.

An extradimensional cell is an infinite expanse filled with thick fog that reduces visibility to 10 feet. Creatures trapped in the mirror's cells don't age, and they don't need to eat, drink, or sleep. A creature trapped within a cell can escape using magic that permits planar travel. Otherwise, the creature is confined to the cell until freed.

If the mirror traps a creature but its twelve extradimensional cells are already occupied, the mirror frees one trapped creature at random to accommodate the new prisoner. A freed creature appears in an unoccupied space within sight of the mirror but facing away from it. If the mirror is shattered, all creatures it contains are freed and appear in unoccupied spaces near it.

While within 5 feet of the mirror, you can take a Magic action to name one creature trapped in it or call out a particular cell by number. The creature named or contained in the named cell appears as an image on the mirror's surface. You and the creature can then communicate.

In a similar way, you can take a Magic action and use a second command word to free one creature trapped in the mirror. The freed creature appears, along with its possessions, in the unoccupied space nearest to the mirror and facing away from it.

Placing the mirror inside an extradimensional space created by a Bag of Holding, Portable Hole, or similar item instantly destroys both items and opens a gate to the Astral Plane. The gate originates where the one item was placed inside the other. Any creature within 10 feet of the gate and not behind Total Cover is sucked through it to a random location on the Astral Plane. The gate then closes. The gate is one-way only and can't be reopened.",NULL,NULL,NULL,NULL,NULL,NULL,NULL,NULL,NULL,NULL,NULL,NULL,NULL,NULL,NULL,NULL,NULL,NULL,NULL,NULL
96efa135-2a72-5aa9-9d36-a5c8b3127cb6,2026-09-08T00:00:00,2026-09-08T00:00:00,0,SRD_5_2,Mithral Armor,ARMOR,UNCOMMON,NULL,"Any Medium or Heavy, Except Hide Armor",false,NULL,NULL,NULL,"Mithral is a light, flexible metal. Armor made of this substance can be worn under normal clothes. If the armor normally imposes Disadvantage on Dexterity (Stealth) checks or has a Strength requirement, the mithral version of the armor doesn't.",NULL,NULL,NULL,NULL,NULL,NULL,NULL,NULL,NULL,NULL,NULL,NULL,NULL,NULL,NULL,NULL,NULL,NULL,NULL,NULL
e66a992d-5c05-5ccc-b1f4-7db548dc7c99,2026-09-08T00:00:00,2026-09-08T00:00:00,0,SRD_5_2,Mysterious Deck,WONDROUS_ITEM,LEGENDARY,NULL,NULL,false,NULL,NULL,NULL,"Usually found in a box or pouch, this deck contains a number of cards made of ivory or vellum. Most (75 percent) of these decks have thirteen cards, but some have twenty-two. Use the appropriate column of the Mysterious Deck table when randomly determining cards drawn from the deck.

Before you draw a card, you must declare how many cards you intend to draw and then draw them randomly. Any cards drawn in excess of this number have no effect. Otherwise, as soon as you draw a card from the deck, its magic takes effect. You must draw each card no more than 1 hour after the previous draw. If you fail to draw the chosen number, the remaining number of cards fly from the deck on their own and take effect all at once.

Once a card is drawn, it disappears. Unless the card is the Fool or Jester, the card reappears in the deck, making it possible to draw the same card twice. (Once the Fool or Jester has left the deck, reroll on the table if that card comes up again.)

Mysterious Deck
1d100  1d100
(13-Card  (22-Card  Card
Deck)  Deck)
—  01-05  Balance
—  06-10  Comet
—  11-14  Donjon
01-08  15-18  Euryale
—  19-23  Fates
09-16  24-27  Flames
—  28-31  Fool
—  32-36  Gem
17-24  37-41  Jester
25-32  42-46  Key
33-40  47-51  Knight
41-48  52-56  Moon
—  57-60  Puzzle
49-56  61-64  Rogue
57-64  65-68  Ruin
—  69-73  Sage
1d100  1d100
(13-Card  (22-Card  Card
Deck)  Deck)
65-72  74-77  Skull
73-80  78-82  Star
81-88  83-87  Sun
—  88-91  Talons
89-96  92-96  Throne
97-00  97-00  Void

Each card's effect is described below.

Balance. You can increase one of your ability scores by 2, to a maximum of 22, provided you also decrease another one of your ability scores by 2. You can't decrease an ability that has a score of 5 or lower. Alternatively, you can choose not to adjust your ability scores, in which case this card has no effect.

Comet. The next time you enter combat against one or more Hostile creatures, you can select one of them as your foe when you roll Initiative. If you reduce your foe to 0 Hit Points during that combat, you have Advantage on Death Saving Throws for 1 year. If someone else reduces your chosen foe to 0 Hit Points or you don't choose a foe, this card has no effect.

Donjon. You disappear and become entombed in a state of suspended animation in an extradimensional sphere. Everything you're wearing and carrying disappears with you except for Artifacts, which stay behind in the space you occupied when you disappeared. You remain imprisoned until you are found and removed from the sphere. You can't be located by any Divination magic, but a Wish spell can reveal the location of your prison. You draw no more cards.

Euryale. The card's medusa-like visage curses you. You take a -2 penalty to saving throws while cursed in this way. Only a god or the magic of the Fates card can end this curse.

Fates. Reality's fabric unravels and spins anew, allowing you to avoid or erase one event as if it never happened. You can use the card's magic as soon as you draw the card or at any other time before you die.

Flames. A powerful devil becomes your enemy. The devil seeks your ruin and torments you, savoring your suffering before attempting to slay you. This enmity lasts until either you or the devil dies.

Fool. You have Disadvantage on D20 Tests for the next 72 hours. Draw another card; this draw doesn't count as one of your declared draws.

Gem. Twenty-five pieces of jewelry worth 2,000 GP each or fifty gems worth 1,000 GP each appear at your feet.

Jester. You have Advantage on D20 Tests for the next 72 hours, or you can draw two additional cards beyond your declared draws.

Key. A Rare or rarer magic weapon with which you are proficient appears on your person. The GM chooses the weapon.

Knight. You gain the service of a Knight, who magically appears in an unoccupied space you choose within 30 feet of yourself. The knight has the same alignment as you and serves you loyally until death, believing the two of you have been drawn together by fate. Work with your GM to create a name and backstory for this NPC. The GM can use a different stat block to represent the knight, as desired.

Moon. You gain the ability to cast Wish 1d3 times.

Puzzle. Permanently reduce your Intelligence or Wisdom by 1d4 + 1 (to a minimum score of 1). You can draw one additional card beyond your declared draws.

Rogue. An NPC of the GM's choice becomes Hostile toward you. You don't know the identity of this NPC until they or someone else reveals it. Nothing less than a Wish spell or divine intervention can end the NPC's hostility toward you.

Ruin. All forms of wealth that you carry or own, other than magic items, are lost to you. Portable property vanishes. Businesses, buildings, and land you own are lost in a way that alters reality the least. Any documentation that proves you should own something lost to this card also disappears.

Sage. At any time you choose within one year of drawing this card, you can ask a question in meditation and mentally receive a truthful answer to that question.

Skull. An Avatar of Death (see the accompanying stat block) appears in an unoccupied space as close to you as possible. The avatar targets only you with its attacks, appearing as a ghostly skeleton clad in a tattered black robe and carrying a spectral scythe. The avatar disappears when it drops to 0 Hit Points or you die. If an ally of yours deals damage to the avatar, that ally summons another Avatar of Death. The new avatar appears in an unoccupied space as close to that ally as possible and targets only that ally with its attacks. You and your allies can each summon only one avatar as a consequence of this draw. A creature slain by an avatar can't be restored to life.

Star. Increase one of your ability scores by 2, to a maximum of 24.

Sun. A magic item (chosen by the GM) appears on your person. In addition, you gain 10 Temporary Hit Points daily at dawn until you die.

Talons. Every magic item you wear or carry disintegrates. Artifacts in your possession vanish instead.

Throne. You gain proficiency and Expertise in your choice of History, Insight, Intimidation, or Persuasion. In addition, you gain rightful ownership of a small keep somewhere in the world. However, the keep is currently home to one or more monsters, which must be cleared out before you can claim the keep as yours.

Void. Your soul is drawn from your body and contained in an object in a place of the GM's choice. One or more powerful beings guard the place. While your soul is trapped in this way, your body is inert, ceases aging, and requires no food, air, or water. A Wish spell can't return your soul to your body, but the spell reveals the location of the object that holds your soul. You draw no more cards.

Avatar of Death

Medium Undead, Neutral evil AC 20  Initiative +3 (13) HP Half the HP maximum of its summoner Speed 60 ft., Fly 60 ft. (hover)

MOD SAVE  MOD SAVE  MOD SAVE
S 16 +3 +3  D  16 +3 +3  C  16 +3 +3
tr  ex  on
Int 16 +3 +3  WIS 16 +3 +3  Cha 16 +3 +3

Immunities Necrotic, Poison; Charmed, Exhaustion, Frightened, Paralyzed, Petrified, Poisoned, Unconscious Senses Truesight 60 ft., Passive Perception 13 Languages All languages known to its summoner CR None (XP 0; PB equals its summoner's)

Traits

Incorporeal Movement. The avatar can move through other creatures and objects as if they were Difficult Terrain. It takes 5 (1d10) Force damage if it ends its turn inside an object.

Actions

Multiattack. The avatar makes a number of Reaping Scythe attacks equal to half the summoner's Proficiency Bonus (rounded up). Reaping Scythe. Melee Attack Roll: Automatic hit, reach 5 ft. Hit: 7 (1d8 + 3) Slashing damage plus 4 (1d8) Necrotic damage.",NULL,NULL,NULL,NULL,NULL,NULL,NULL,NULL,NULL,NULL,NULL,NULL,NULL,NULL,NULL,NULL,NULL,NULL,NULL,NULL
c91be5b4-79d8-59a7-874b-a8ca4e1d9bd4,2026-09-08T00:00:00,2026-09-08T00:00:00,0,SRD_5_2,Necklace of Adaptation,WONDROUS_ITEM,UNCOMMON,NULL,NULL,true,NULL,NULL,NULL,"While wearing this necklace, you can breathe normally in any environment, and you have Advantage on saving throws made to avoid or end the Poisoned condition.",NULL,NULL,NULL,NULL,NULL,NULL,NULL,NULL,NULL,NULL,NULL,NULL,NULL,NULL,NULL,NULL,NULL,NULL,NULL,NULL
9f4a90c5-a696-5ea6-86e2-935965e81330,2026-09-08T00:00:00,2026-09-08T00:00:00,0,SRD_5_2,Necklace of Fireballs,WONDROUS_ITEM,RARE,NULL,NULL,false,NULL,NULL,NULL,"This necklace has 1d6 + 3 beads hanging from it. You can take a Magic action to detach a bead and throw it up to 60 feet away. When it reaches the end of its trajectory, the bead detonates as a level 3 Fireball (save DC 15).

You can hurl multiple beads, or even the whole necklace, at one time. When you do so, increase the damage of the Fireball by 1d6 for each bead after the first (maximum 12d6).",NULL,NULL,NULL,NULL,NULL,NULL,NULL,NULL,NULL,NULL,NULL,NULL,NULL,NULL,NULL,NULL,NULL,NULL,NULL,NULL
e1acd09f-b878-513b-ae08-2eb3ccac0467,2026-09-08T00:00:00,2026-09-08T00:00:00,0,SRD_5_2,Necklace of Prayer Beads,WONDROUS_ITEM,RARE,NULL,NULL,true,"by a Cleric, Druid, or Paladin",NULL,NULL,"This necklace has 1d4 + 2 magic beads made from aquamarine, black pearl, or topaz. It also has many nonmagical beads made from stones such as amber, bloodstone, citrine, coral, jade, pearl, or quartz. If a magic bead is removed from the necklace, that bead loses its magic.

Six types of magic beads exist. The GM decides the type of each bead on the necklace or determines it randomly by rolling on the table below. A necklace can have more than one bead of the same type. To use one, you must be wearing the necklace. Each bead contains a spell that you can cast from it as a Bonus Action (using your spell save DC if a save is necessary). Once a magic bead's spell is cast, that bead can't be used again until the next dawn.

1d20  Bead  Spell
1-6  Bead of Blessing  Bless
7-12  Bead of Curing  Cure Wounds (level 2
version)
13-16 Bead of Favor  Greater Restoration
17-18 Bead of Smiting  Shining Smite
19  Bead of Summons  Guardian of Faith
20  Bead of Wind  Wind Walk
Walking",NULL,NULL,NULL,NULL,NULL,NULL,NULL,NULL,NULL,NULL,NULL,NULL,NULL,NULL,NULL,NULL,NULL,NULL,NULL,NULL
efc1af03-8da3-5e23-bc63-d00353a7de95,2026-09-08T00:00:00,2026-09-08T00:00:00,0,SRD_5_2,Nine Lives Stealer,WEAPON,VERY_RARE,NULL,Any Simple or Martial,true,NULL,NULL,NULL,"You gain a +2 bonus to attack rolls and damage rolls made with this magic weapon.

Life Stealing. The weapon has 1d8 + 1 charges. When you attack a creature that has fewer than 100 Hit Points with this weapon and roll a 20 on the d20 for the attack roll, the creature must succeed on a DC 15 Constitution saving throw or be slain instantly as the sword tears its life force from its body. Constructs and Undead succeed on the save automatically. The weapon loses 1 charge if the creature is slain. When the weapon has no charges remaining, it loses this property.",NULL,NULL,NULL,NULL,NULL,NULL,NULL,NULL,NULL,NULL,NULL,NULL,NULL,NULL,NULL,NULL,NULL,NULL,NULL,NULL
22786135-8a32-5c68-ac68-251f0707c919,2026-09-08T00:00:00,2026-09-08T00:00:00,0,SRD_5_2,Oathbow,WEAPON,VERY_RARE,NULL,Longbow or Shortbow,true,NULL,NULL,NULL,"When you nock an arrow on this bow, it whispers in Elvish, ""Swift defeat to my enemies."" When you use this weapon to make a ranged attack, you can utter or sign the following command words: ""Swift death to you who have wronged me."" The target of your attack becomes your sworn enemy until it dies or until dawn 7 days later. You can have only one such sworn enemy at a time. When your sworn enemy dies, you can choose a new one after the next dawn.

When you make a ranged attack roll with this weapon against your sworn enemy, you have Advantage on the roll. In addition, your target gains no benefit from Half Cover or Three-Quarters Cover, and you suffer no Disadvantage due to long range. If the attack hits, your sworn enemy takes an extra 3d6 Piercing damage.

While your sworn enemy lives, you have Disadvantage on attack rolls with all other weapons.",NULL,NULL,NULL,NULL,NULL,NULL,NULL,NULL,NULL,NULL,NULL,NULL,NULL,NULL,NULL,NULL,NULL,NULL,NULL,NULL
3b99fc11-9773-5531-a1f8-fc6c80d18a18,2026-09-08T00:00:00,2026-09-08T00:00:00,0,SRD_5_2,Oil of Etherealness,POTION,RARE,NULL,NULL,false,NULL,NULL,NULL,"One vial of this oil can cover one Medium or smaller creature, along with the equipment it's wearing and carrying (one additional vial is required for each size category above Medium). Applying the oil takes 10 minutes. The affected creature then gains the effect of the Etherealness spell for 1 hour.

Beads of this cloudy, gray oil form on the outside of its container and quickly evaporate.",NULL,NULL,NULL,NULL,NULL,NULL,NULL,NULL,NULL,NULL,NULL,NULL,NULL,NULL,NULL,NULL,NULL,NULL,NULL,NULL
3d627beb-30b3-5e16-a40c-ad6ec0ed0550,2026-09-08T00:00:00,2026-09-08T00:00:00,0,SRD_5_2,Oil of Sharpness,POTION,VERY_RARE,NULL,NULL,false,NULL,NULL,NULL,"One vial of this oil can coat one Melee weapon or twenty pieces of ammunition, but only ammunition and Melee weapons that are nonmagical and deal Slashing or Piercing damage are affected. Applying the oil takes 1 minute, after which the oil magically seeps into whatever it coats, turning the coated weapon into a +3 Weapon or the coated ammunition into +3 Ammunition.

This clear, gelatinous oil sparkles with tiny, ultrathin silver shards.",NULL,NULL,NULL,NULL,NULL,NULL,NULL,NULL,NULL,NULL,NULL,NULL,NULL,NULL,NULL,NULL,NULL,NULL,NULL,NULL
c11b92b6-da16-5631-8c35-de7061ac8f2a,2026-09-08T00:00:00,2026-09-08T00:00:00,0,SRD_5_2,Oil of Slipperiness,POTION,UNCOMMON,NULL,NULL,false,NULL,NULL,NULL,"One vial of this oil can cover one Medium or smaller creature, along with the equipment it's wearing and carrying (one additional vial is required for each size category above Medium). Applying the oil takes 10 minutes. The affected creature then gains the effect of the Freedom of Movement spell for 8 hours.

Alternatively, the oil can be poured on the ground as a Magic action, where it covers a 10-foot square, duplicating the effect of the Grease spell in that area for 8 hours.

This sticky, black unguent is thick and heavy, but it flows quickly when poured.",NULL,NULL,NULL,NULL,NULL,NULL,NULL,NULL,NULL,NULL,NULL,NULL,NULL,NULL,NULL,NULL,NULL,NULL,NULL,NULL
68f18ca6-541d-539d-bec3-0cecbdb4c9b7,2026-09-08T00:00:00,2026-09-08T00:00:00,0,SRD_5_2,Pearl of Power,WONDROUS_ITEM,UNCOMMON,NULL,NULL,true,by a Spellcaster,NULL,NULL,"While this pearl is on your person, you can take a Magic action to regain one expended spell slot of level 3 or lower. Once you use the pearl, it can't be used again until the next dawn.",NULL,NULL,NULL,NULL,NULL,NULL,NULL,NULL,NULL,NULL,NULL,NULL,NULL,NULL,NULL,NULL,NULL,NULL,NULL,NULL
cd8f9174-04ba-5391-b4ad-62f538bcd6e7,2026-09-08T00:00:00,2026-09-08T00:00:00,0,SRD_5_2,Periapt of Health,WONDROUS_ITEM,UNCOMMON,NULL,NULL,true,NULL,NULL,NULL,"While wearing this pendant, you can take a Magic action to regain 2d4 + 2 Hit Points. Once used, this property can't be used again until the next dawn.

In addition, you have Advantage on saving throws to avoid or end the Poisoned condition while you wear this pendant.",NULL,NULL,NULL,NULL,NULL,NULL,NULL,NULL,NULL,NULL,NULL,NULL,NULL,NULL,NULL,NULL,NULL,NULL,NULL,NULL
4a67e10b-2dff-5aa3-838c-6050dd170abd,2026-09-08T00:00:00,2026-09-08T00:00:00,0,SRD_5_2,Periapt of Proof against Poison,WONDROUS_ITEM,RARE,NULL,NULL,true,NULL,NULL,NULL,"This delicate silver chain has a brilliant-cut black gem pendant. While you wear it, you have Immunity to the Poisoned condition and Poison damage.",NULL,NULL,NULL,NULL,NULL,NULL,NULL,NULL,NULL,NULL,NULL,NULL,NULL,NULL,NULL,NULL,NULL,NULL,NULL,NULL
9020ac67-0e3b-5ecd-84b5-9ca605a0a007,2026-09-08T00:00:00,2026-09-08T00:00:00,0,SRD_5_2,Periapt of Wound Closure,WONDROUS_ITEM,UNCOMMON,NULL,NULL,true,NULL,NULL,NULL,"While wearing this pendant, you gain the following benefits.

Life Preservation. Whenever you make a Death Saving Throw, you can change a roll of 9 or lower to a 10, turning a failed save into a successful one.

Natural Healing Boost. Whenever you roll a Hit Point Die to regain Hit Points, double the number of Hit Points it restores.",NULL,NULL,NULL,NULL,NULL,NULL,NULL,NULL,NULL,NULL,NULL,NULL,NULL,NULL,NULL,NULL,NULL,NULL,NULL,NULL
09449515-14e1-5772-8b04-683631ccf826,2026-09-08T00:00:00,2026-09-08T00:00:00,0,SRD_5_2,Philter of Love,POTION,UNCOMMON,NULL,NULL,false,NULL,NULL,NULL,"The next time you see a creature within 10 minutes after drinking this philter, you are charmed by that creature and have the Charmed condition for 1 hour.

This rose-hued, effervescent liquid contains one easy-to-miss bubble shaped like a heart.",NULL,NULL,NULL,NULL,NULL,NULL,NULL,NULL,NULL,NULL,NULL,NULL,NULL,NULL,NULL,NULL,NULL,NULL,NULL,NULL
94a1ca48-2a7c-52f9-bf1b-e7c18b604d60,2026-09-08T00:00:00,2026-09-08T00:00:00,0,SRD_5_2,Pipes of Haunting,WONDROUS_ITEM,UNCOMMON,NULL,NULL,false,NULL,NULL,NULL,"These pipes have 3 charges and regain 1d3 expended charges daily at dawn. You can take a Magic action to play them and expend 1 charge to create an eerie, spellbinding tune. Each creature of your choice within 30 feet of you must succeed on a DC 15 Wisdom saving throw or have the Frightened condition for 1 minute. A creature that fails the save repeats it at the end of each of its turns, ending the effect on itself on a success. A creature that succeeds on its save is immune to the effect of these pipes for 24 hours.",NULL,NULL,NULL,NULL,NULL,NULL,NULL,NULL,NULL,NULL,NULL,NULL,NULL,NULL,NULL,NULL,NULL,NULL,NULL,NULL
c494fdea-b206-52b0-be46-dff920d32685,2026-09-08T00:00:00,2026-09-08T00:00:00,0,SRD_5_2,Pipes of the Sewers,WONDROUS_ITEM,UNCOMMON,NULL,NULL,true,NULL,NULL,NULL,"While these pipes are on your person, ordinary rats and giant rats are Indifferent toward you and won't attack you unless you threaten or harm them.

The pipes have 3 charges and regain 1d3 expended charges daily at dawn. If you play the pipes as a Magic action, you can take a Bonus Action to expend 1 to 3 charges, calling forth one Swarm of Rats with each expended charge if enough rats are within half a mile of you to be called in this fashion (as determined by the GM). If there aren't enough rats to form a swarm, the charge is wasted. Called swarms move toward the music by the shortest available route but aren't under your control otherwise.

Whenever a Swarm of Rats that isn't under another creature's control comes within 30 feet of you while you are playing the pipes, the swarm makes a DC 15 Wisdom saving throw. On a successful save, the swarm behaves as it normally would and can't be swayed by the pipes' music for the next 24 hours. On a failed save, the swarm is swayed by the pipes' music and becomes Friendly to you and your allies for as long as you continue to play the pipes each round as a Magic action. A Friendly swarm obeys your commands. If you issue no commands to a Friendly swarm, it defends itself but otherwise takes no actions. If a Friendly swarm starts its turn more than 30 feet away from you, your control over that swarm ends, and the swarm behaves as it normally would and can't be swayed by the pipes' music for the next 24 hours.",NULL,NULL,NULL,NULL,NULL,NULL,NULL,NULL,NULL,NULL,NULL,NULL,NULL,NULL,NULL,NULL,NULL,NULL,NULL,NULL
3f1404b8-7250-516c-a142-65e249980352,2026-09-08T00:00:00,2026-09-08T00:00:00,0,SRD_5_2,Plate Armor of Etherealness,ARMOR,LEGENDARY,NULL,Half Plate Armor or Plate Armor,true,NULL,NULL,NULL,"While you're wearing this armor, you can take a Magic action and use a command word to gain the effect of the Etherealness spell. The spell ends immediately if you remove the armor or take a Magic action to repeat the command word. This property of the armor can't be used again until the next dawn.",NULL,NULL,NULL,NULL,NULL,NULL,NULL,NULL,NULL,NULL,NULL,NULL,NULL,NULL,NULL,NULL,NULL,NULL,NULL,NULL
e4d4c550-23ae-5a4a-a29c-609201fa93b2,2026-09-08T00:00:00,2026-09-08T00:00:00,0,SRD_5_2,Portable Hole,WONDROUS_ITEM,RARE,NULL,NULL,false,NULL,NULL,NULL,"This fine black cloth, soft as silk, is folded up to the dimensions of a handkerchief. It unfolds into a circular sheet 6 feet in diameter.

You can take a Magic action to unfold a Portable Hole and place it on or against a solid surface, whereupon the Portable Hole creates an extradimensional hole 10 feet deep. The cylindrical space within the hole exists on a different plane of existence, so it can't be used to create open passages. Any creature inside an open Portable Hole can exit the hole by climbing out of it.

You can take a Magic action to close a Portable Hole by taking hold of the edges of the cloth and folding it up. Folding the cloth closes the hole, and any creatures or objects within remain in the extradimensional space. No matter what's in it, the hole weighs next to nothing.

If the hole is folded up, a creature within the hole's extradimensional space can take an action to make a DC 10 Strength (Athletics) check. On a successful check, the creature forces its way out and appears within 5 feet of the Portable Hole. A closed Portable Hole holds enough air for 1 hour of breathing, divided by the number of breathing creatures inside.

Placing a Portable Hole inside an extradimensional space created by a Bag of Holding, Handy Haversack, or similar item instantly destroys both items and opens a gate to the Astral Plane. The gate originates where the one item was placed inside the other. Any creature within 10 feet of the gate and not behind Total Cover is sucked through it and deposited in a random location on the Astral Plane. The gate then closes. The gate is one-way only and can't be reopened.",NULL,NULL,NULL,NULL,NULL,NULL,NULL,NULL,NULL,NULL,NULL,NULL,NULL,NULL,NULL,NULL,NULL,NULL,NULL,NULL
a51200a2-d210-5424-bd2d-5979f4e3d309,2026-09-08T00:00:00,2026-09-08T00:00:00,0,SRD_5_2,Potion of Animal Friendship,POTION,UNCOMMON,NULL,NULL,false,NULL,NULL,NULL,"When you drink this potion, you can cast the level 3 version of the Animal Friendship spell (save DC 13).

Agitating this potion's muddy liquid brings little bits into view: a fish scale, a hummingbird feather, a cat claw, or a squirrel hair.",NULL,NULL,NULL,NULL,NULL,NULL,NULL,NULL,NULL,NULL,NULL,NULL,NULL,NULL,NULL,NULL,NULL,NULL,NULL,NULL
5af06fc1-fab0-5450-b64c-4ecbed1061e4,2026-09-08T00:00:00,2026-09-08T00:00:00,0,SRD_5_2,Potion of Clairvoyance,POTION,RARE,NULL,NULL,false,NULL,NULL,NULL,"When you drink this potion, you gain the effect of the Clairvoyance spell (no Concentration required).

An eyeball bobs in this potion's yellowish liquid but vanishes when the potion is opened.",NULL,NULL,NULL,NULL,NULL,NULL,NULL,NULL,NULL,NULL,NULL,NULL,NULL,NULL,NULL,NULL,NULL,NULL,NULL,NULL
e1a09807-60a5-54da-a42c-e35ce5cc727d,2026-09-08T00:00:00,2026-09-08T00:00:00,0,SRD_5_2,Potion of Climbing,POTION,COMMON,NULL,NULL,false,NULL,NULL,NULL,"When you drink this potion, you gain a Climb Speed equal to your Speed for 1 hour. During this time, you have Advantage on Strength (Athletics) checks to climb.

This potion is separated into brown, silver, and gray layers resembling bands of stone. Shaking the bottle fails to mix the colors.",NULL,NULL,NULL,NULL,NULL,NULL,NULL,NULL,NULL,NULL,NULL,NULL,NULL,NULL,NULL,NULL,NULL,NULL,NULL,NULL
cc3f49f0-d322-5dfa-a281-71dcb2c1c1a8,2026-09-08T00:00:00,2026-09-08T00:00:00,0,SRD_5_2,Potion of Diminution,POTION,RARE,NULL,NULL,false,NULL,NULL,NULL,"When you drink this potion, you gain the ""reduce"" effect of the Enlarge/Reduce spell for 1d4 hours (no Concentration required).

The red in the potion's liquid continuously contracts to a tiny bead and then expands to color the clear liquid around it. Shaking the bottle fails to interrupt this process.",NULL,NULL,NULL,NULL,NULL,NULL,NULL,NULL,NULL,NULL,NULL,NULL,NULL,NULL,NULL,NULL,NULL,NULL,NULL,NULL
b9194d9e-92e6-5f3e-8e71-38c29a6af423,2026-09-08T00:00:00,2026-09-08T00:00:00,0,SRD_5_2,Potion of Flying,POTION,VERY_RARE,NULL,NULL,false,NULL,NULL,NULL,"When you drink this potion, you gain a Fly Speed equal to your Speed for 1 hour and can hover. If you're in the air when the potion wears off, you fall unless you have some other means of staying aloft.

This potion's clear liquid floats at the top of its container and has cloudy white impurities drifting in it.",NULL,NULL,NULL,NULL,NULL,NULL,NULL,NULL,NULL,NULL,NULL,NULL,NULL,NULL,NULL,NULL,NULL,NULL,NULL,NULL
65adb087-d800-56d8-80ce-0f7abdba96f9,2026-09-08T00:00:00,2026-09-08T00:00:00,0,SRD_5_2,Potion of Gaseous Form,POTION,RARE,NULL,NULL,false,NULL,NULL,NULL,"When you drink this potion, you gain the effect of the Gaseous Form spell for 1 hour (no Concentration required) or until you end the effect as a Bonus Action.

This potion's container seems to hold fog that moves and pours like water.",NULL,NULL,NULL,NULL,NULL,NULL,NULL,NULL,NULL,NULL,NULL,NULL,NULL,NULL,NULL,NULL,NULL,NULL,NULL,NULL
3c01dcc9-0bdc-5340-82ff-136c738dfa69,2026-09-08T00:00:00,2026-09-08T00:00:00,0,SRD_5_2,Potion of Giant Strength,POTION,VARIES,NULL,NULL,false,NULL,NULL,NULL,"When you drink this potion, your Strength score changes for 1 hour. The type of giant determines the score (see the table below). The potion has no effect on you if your Strength is equal to or greater than that score.

This potion's transparent liquid has floating in it a sliver of light resembling a giant's fingernail.

Potion  Str.  Rarity
Potion of Giant Strength (hill)  21  Uncommon
Potion of Giant Strength stone) (frost or  23  Rare
Potion of Giant Strength (fire)  25  Rare
Potion of Giant Strength (cloud)  27  Very Rare
Potion of Giant Strength (storm)  29  Legendary",NULL,NULL,NULL,NULL,NULL,NULL,NULL,NULL,NULL,NULL,NULL,NULL,NULL,NULL,NULL,NULL,NULL,NULL,NULL,NULL
7e7a1c3a-7ed8-512c-abdc-174110353a27,2026-09-08T00:00:00,2026-09-08T00:00:00,0,SRD_5_2,Potion of Growth,POTION,UNCOMMON,NULL,NULL,false,NULL,NULL,NULL,"When you drink this potion, you gain the ""enlarge"" effect of the Enlarge/Reduce spell for 10 minutes (no Concentration required).

The red in the potion's liquid continuously expands from a tiny bead to color the clear liquid around it and then contracts. Shaking the bottle fails to interrupt this process.",NULL,NULL,NULL,NULL,NULL,NULL,NULL,NULL,NULL,NULL,NULL,NULL,NULL,NULL,NULL,NULL,NULL,NULL,NULL,NULL
eba6991f-d774-5780-a04b-a98e251c4b56,2026-09-08T00:00:00,2026-09-08T00:00:00,0,SRD_5_2,Potions of Healing,POTION,VARIES,NULL,NULL,false,NULL,NULL,NULL,"You regain Hit Points when you drink this potion. The number of Hit Points depends on the potion's rarity, as shown in the table below.

Whatever its potency, the potion's red liquid glimmers when agitated.

Potion  HP Regained  Rarity
Potion of Healing  2d4 + 2  Common
Potion of Healing (greater)  4d4 + 4  Uncommon
Potion of Healing (superior)  8d4 + 8  Rare
Potion of Healing (supreme)  10d4 + 20  Very Rare",NULL,NULL,NULL,NULL,NULL,NULL,NULL,NULL,NULL,NULL,NULL,NULL,NULL,NULL,NULL,NULL,NULL,NULL,NULL,NULL
c54e106a-d389-5926-bb30-0fe162ea5049,2026-09-08T00:00:00,2026-09-08T00:00:00,0,SRD_5_2,Potion of Heroism,POTION,RARE,NULL,NULL,false,NULL,NULL,NULL,"When you drink this potion, you gain 10 Temporary Hit Points that last for 1 hour. For the same duration, you are under the effect of the Bless spell (no Concentration required).

This potion's blue liquid bubbles and steams as if boiling.",NULL,NULL,NULL,NULL,NULL,NULL,NULL,NULL,NULL,NULL,NULL,NULL,NULL,NULL,NULL,NULL,NULL,NULL,NULL,NULL
6516adad-9bbf-5ab7-abbb-9d875e35877d,2026-09-08T00:00:00,2026-09-08T00:00:00,0,SRD_5_2,Potion of Invisibility,POTION,RARE,NULL,NULL,false,NULL,NULL,NULL,"This potion's container looks empty but feels as though it holds liquid. When you drink the potion, you have the Invisible condition for 1 hour. The effect ends early if you make an attack roll, deal damage, or cast a spell.",NULL,NULL,NULL,NULL,NULL,NULL,NULL,NULL,NULL,NULL,NULL,NULL,NULL,NULL,NULL,NULL,NULL,NULL,NULL,NULL
fdde50a8-d0f6-586b-ac99-86c3358c5dcb,2026-09-08T00:00:00,2026-09-08T00:00:00,0,SRD_5_2,Potion of Invulnerability,POTION,RARE,NULL,NULL,false,NULL,NULL,NULL,"For 1 minute after you drink this potion, you have Resistance to all damage.

This potion's syrupy liquid looks like liquefied iron.",NULL,NULL,NULL,NULL,NULL,NULL,NULL,NULL,NULL,NULL,NULL,NULL,NULL,NULL,NULL,NULL,NULL,NULL,NULL,NULL
3973009f-3d5d-5021-a021-64255bc53e5b,2026-09-08T00:00:00,2026-09-08T00:00:00,0,SRD_5_2,Potion of Longevity,POTION,VERY_RARE,NULL,NULL,false,NULL,NULL,NULL,"When you drink this potion, your physical age is reduced by 1d6 + 6 years, to a minimum of 13 years. Each time you subsequently drink a Potion of Longevity, there is 10 percent cumulative chance that you instead age by 1d6 + 6 years.

Suspended in this amber liquid is a tiny heart that, against all reason, is still beating. These ingredients vanish when the potion is opened.",NULL,NULL,NULL,NULL,NULL,NULL,NULL,NULL,NULL,NULL,NULL,NULL,NULL,NULL,NULL,NULL,NULL,NULL,NULL,NULL
89096f84-db6d-58a9-a0c5-40d26be2b5f4,2026-09-08T00:00:00,2026-09-08T00:00:00,0,SRD_5_2,Potion of Mind Reading,POTION,RARE,NULL,NULL,false,NULL,NULL,NULL,"When you drink this potion, you gain the effect of the Detect Thoughts spell (save DC 13) for 10 minutes (no Concentration required).

This potion's dense, purple liquid has an ovoid cloud of pink floating in it.",NULL,NULL,NULL,NULL,NULL,NULL,NULL,NULL,NULL,NULL,NULL,NULL,NULL,NULL,NULL,NULL,NULL,NULL,NULL,NULL
be060906-6c05-5713-97e9-739da2787fd9,2026-09-08T00:00:00,2026-09-08T00:00:00,0,SRD_5_2,Potion of Poison,POTION,UNCOMMON,NULL,NULL,false,NULL,NULL,NULL,"This concoction looks, smells, and tastes like a Potion of Healing or another beneficial potion. However, it is actually poison masked by illusion magic. Identify reveals its true nature.

If you drink this potion, you take 4d6 Poison damage and must succeed on a DC 13 Constitution saving throw or have the Poisoned condition for 1 hour.",NULL,NULL,NULL,NULL,NULL,NULL,NULL,NULL,NULL,NULL,NULL,NULL,NULL,NULL,NULL,NULL,NULL,NULL,NULL,NULL
45c9d7d6-fa48-5e70-aa4e-c4551d1de51c,2026-09-08T00:00:00,2026-09-08T00:00:00,0,SRD_5_2,Potion of Resistance,POTION,UNCOMMON,NULL,NULL,false,NULL,NULL,NULL,"When you drink this potion, you have Resistance to one type of damage for 1 hour. The GM chooses the type or determines it randomly by rolling on the following table.

1d10 Damage Type  1d10 Damage Type
1  Acid  6  Necrotic
2  Cold  7  Poison
3  Fire  8  Psychic
4  Force  9  Radiant
5  Lightning  10  Thunder",NULL,NULL,NULL,NULL,NULL,NULL,NULL,NULL,NULL,NULL,NULL,NULL,NULL,NULL,NULL,NULL,NULL,NULL,NULL,NULL
dd3d29d4-e547-5d96-b59f-55b8bd64b219,2026-09-08T00:00:00,2026-09-08T00:00:00,0,SRD_5_2,Potion of Speed,POTION,VERY_RARE,NULL,NULL,false,NULL,NULL,NULL,"When you drink this potion, you gain the effect of the Haste spell for 1 minute (no Concentration required) without suffering the wave of lethargy that typically occurs when the effect ends.

This potion's yellow fluid is streaked with black and swirls on its own.",NULL,NULL,NULL,NULL,NULL,NULL,NULL,NULL,NULL,NULL,NULL,NULL,NULL,NULL,NULL,NULL,NULL,NULL,NULL,NULL
087405da-320c-543f-9239-7b4bef2dfcb0,2026-09-08T00:00:00,2026-09-08T00:00:00,0,SRD_5_2,Potion of Vitality,POTION,VERY_RARE,NULL,NULL,false,NULL,NULL,NULL,"When you drink this potion, it removes any Exhaustion levels you have and ends the Poisoned condition on you. For the next 24 hours, you regain the maximum number of Hit Points for any Hit Point Die you spend.

This potion's crimson liquid regularly pulses with dull light, calling to mind a heartbeat.",NULL,NULL,NULL,NULL,NULL,NULL,NULL,NULL,NULL,NULL,NULL,NULL,NULL,NULL,NULL,NULL,NULL,NULL,NULL,NULL
29d09919-fec4-52f8-b59d-d47c9a90295f,2026-09-08T00:00:00,2026-09-08T00:00:00,0,SRD_5_2,Potion of Water Breathing,POTION,UNCOMMON,NULL,NULL,false,NULL,NULL,NULL,"You can breathe underwater for 24 hours after drinking this potion.

This potion's cloudy green fluid smells of the sea and has a jellyfish-like bubble floating in it.

Quarterstaff of the Acrobat

Weapon (Quarterstaff), Very Rare (Requires Attunement) You have a +2 bonus to attack rolls and damage rolls made with this magic weapon.

While holding this weapon, you can cause it to emit green Dim Light out to 10 feet, either as a Bonus Action or after you roll Initiative, or you can extinguish the light as a Bonus Action.

While holding this weapon, you can take a Bonus Action to alter its form, turning it into a 6-inch rod (for ease of storage) or a 10-foot pole, or reverting it a Quarterstaff; the weapon will elongate only as far as the surrounding space allows.

In certain forms, the weapon has the following additional properties.

Acrobatic Assist (Quarterstaff and 10-Foot Pole Forms Only). While holding this weapon, you have Advantage on Dexterity (Acrobatics) checks. Attack Deflection (Quarterstaff Form Only). When you are hit by an attack while holding the weapon, you can take a Reaction to twirl the weapon around you, gaining a +5 bonus to your Armor Class against the triggering attack, potentially causing the attack to miss you. You can't use this property again until you finish a Short or Long Rest.

Ranged Weapon (Quarterstaff Form Only). This weapon has the Thrown property with a normal range of 30 feet and a long range of 120 feet. Immediately after you make a ranged attack with the weapon, it flies back to your hand.

Ring of Animal Influence

Ring, Rare This ring has 3 charges, and it regains 1d3 expended charges daily at dawn. While wearing the ring, you can expend 1 charge to cast one of the following spells (save DC 13) from it: •  Animal Friendship •  Fear (affects Beasts only) •  Speak with Animals",NULL,NULL,NULL,NULL,NULL,NULL,NULL,NULL,NULL,NULL,NULL,NULL,NULL,NULL,NULL,NULL,NULL,NULL,NULL,NULL
1d52b8d7-f99c-5138-8680-abfc3c6e773c,2026-09-08T00:00:00,2026-09-08T00:00:00,0,SRD_5_2,Ring of Djinni Summoning,RING,LEGENDARY,NULL,NULL,true,NULL,NULL,NULL,"While wearing this ring, you can take a Magic action to summon a particular Djinni from the Elemental Plane of Air. The djinni appears in an unoccupied space you choose within 120 feet of yourself. It remains as long as you maintain Concentration, to a maximum of 1 hour, or until it drops to 0 Hit Points.

While summoned, the djinni is Friendly to you and your allies, and it obeys your commands. If you fail to command it, the djinni defends itself against attackers but takes no other actions.

After the djinni departs, it can't be summoned again for 24 hours, and the ring becomes nonmagical if the djinni dies.

Rings of Djinni Summoning are often created by the djinn they summon and given to mortals as gifts of friendship or tokens of esteem.",NULL,NULL,NULL,NULL,NULL,NULL,NULL,NULL,NULL,NULL,NULL,NULL,NULL,NULL,NULL,NULL,NULL,NULL,NULL,NULL
5eb7cef4-567d-53c5-8274-e54fa7e923a2,2026-09-08T00:00:00,2026-09-08T00:00:00,0,SRD_5_2,Ring of Elemental Command,RING,LEGENDARY,NULL,NULL,true,NULL,NULL,NULL,"Each Ring of Elemental Command is linked to one of the four Elemental Planes. The GM chooses or randomly determines the linked plane. For example, a Ring of Elemental Command (air) is linked to the Elemental Plane of Air. Every Ring of Elemental Command has the following two properties: Elemental Bane. While wearing the ring, you have Advantage on attack rolls against Elementals and they have Disadvantage on attack rolls against you. Elemental Compulsion. While wearing the ring, you can take a Magic action to try to compel an Elemental you see within 60 feet of yourself. The Elemental makes a DC 18 Wisdom saving throw. On a failed save, the Elemental has the Charmed condition until the start your next turn, and you determine what it does with its move and action on its next turn.

Elemental Focus. While wearing the ring, you benefit from additional properties corresponding to the ring's linked Elemental Plane: Air. You know Auran, you have Resistance to Lightning damage, and you have a Fly Speed equal to your Speed and can hover. Earth. You know Terran, and you have Resistance to Acid damage. Terrain composed of rubble, rocks, or dirt isn't Difficult Terrain for you. In addition, you can move through solid earth or rock as if those areas were Difficult Terrain without disturbing the matter through which you pass. If you end your turn in solid earth or rock, you are shunted out to the nearest unoccupied space you last occupied. Fire. You know Ignan, and you have Immunity to Fire damage. Water. You know Aquan, you gain a Swim Speed of 60 feet, and you can breathe underwater.

Spellcasting. The ring has 5 charges and regains 1d4 + 1 expended charges daily at dawn. While wearing the ring, you can cast a spell from it. Choose the spell from the list of available spells based on the Elemental Plane the ring is linked to, as shown in the following table. The table indicates how many charges you must expend to cast the spell, which has a save DC of 18.

Plane  Spells (Charges)
Air  Chain Lightning (3 charges), Feather Fall (0
charges), Gust of Wind (2 charges), Wind
Wall (1 charge)
Earth  Earthquake (5 charges), Stone Shape (2
charges), (3 charges)Stoneskin (3 charges), Wall of Stone
Fire  Burning Hands (1 charge), Fireball (2 charges),
Fire Storm (4 charges), Wall of Fire (3 charges)
Water  Create or Destroy Water (1 charge), Ice Storm
(2 charges), Tsunami (5 charges), Wall of Ice
(3 charges), Water Walk (2 charges)",NULL,NULL,NULL,NULL,NULL,NULL,NULL,NULL,NULL,NULL,NULL,NULL,NULL,NULL,NULL,NULL,NULL,NULL,NULL,NULL
7b70dd2a-e650-5e02-93fa-fc2deaa41bc0,2026-09-08T00:00:00,2026-09-08T00:00:00,0,SRD_5_2,Ring of Evasion,RING,RARE,NULL,NULL,true,NULL,NULL,NULL,"This ring has 3 charges, and it regains 1d3 expended charges daily at dawn. When you fail a Dexterity saving throw while wearing the ring, you can take a Reaction to expend 1 charge to succeed on that save instead.",NULL,NULL,NULL,NULL,NULL,NULL,NULL,NULL,NULL,NULL,NULL,NULL,NULL,NULL,NULL,NULL,NULL,NULL,NULL,NULL
8712a309-eb4d-5e22-93a7-d42d28f73dfa,2026-09-08T00:00:00,2026-09-08T00:00:00,0,SRD_5_2,Ring of Feather Falling,RING,RARE,NULL,NULL,true,NULL,NULL,NULL,"When you fall while wearing this ring, you descend 60 feet per round and take no damage from falling.",NULL,NULL,NULL,NULL,NULL,NULL,NULL,NULL,NULL,NULL,NULL,NULL,NULL,NULL,NULL,NULL,NULL,NULL,NULL,NULL
cbd09c0c-19b6-515e-8b66-b24832ae5c0a,2026-09-08T00:00:00,2026-09-08T00:00:00,0,SRD_5_2,Ring of Free Action,RING,RARE,NULL,NULL,true,NULL,NULL,NULL,"While you wear this ring, Difficult Terrain doesn't cost you extra movement. In addition, magic can neither reduce any of your Speeds nor cause you to have the Paralyzed or Restrained condition.",NULL,NULL,NULL,NULL,NULL,NULL,NULL,NULL,NULL,NULL,NULL,NULL,NULL,NULL,NULL,NULL,NULL,NULL,NULL,NULL
78abf09c-c389-5b77-83ef-974ffc75403f,2026-09-08T00:00:00,2026-09-08T00:00:00,0,SRD_5_2,Ring of Invisibility,RING,LEGENDARY,NULL,NULL,true,NULL,NULL,NULL,"While wearing this ring, you can take a Magic action to give yourself the Invisible condition. You remain Invisible until the ring is removed or until you take a Bonus Action to become visible again.",NULL,NULL,NULL,NULL,NULL,NULL,NULL,NULL,NULL,NULL,NULL,NULL,NULL,NULL,NULL,NULL,NULL,NULL,NULL,NULL
88215434-f8a9-591d-8440-909e9136eb42,2026-09-08T00:00:00,2026-09-08T00:00:00,0,SRD_5_2,Ring of Jumping,RING,UNCOMMON,NULL,NULL,true,NULL,NULL,NULL,"While wearing this ring, you can cast Jump from it, but can target only yourself when you do so.",NULL,NULL,NULL,NULL,NULL,NULL,NULL,NULL,NULL,NULL,NULL,NULL,NULL,NULL,NULL,NULL,NULL,NULL,NULL,NULL
41a098c1-73b7-5854-8e45-feab3dea668a,2026-09-08T00:00:00,2026-09-08T00:00:00,0,SRD_5_2,Ring of Mind Shielding,RING,UNCOMMON,NULL,NULL,true,NULL,NULL,NULL,"While wearing this ring, you are immune to magic that allows other creatures to read your thoughts, determine whether you are lying, know your alignment, or know your creature type. Creatures can telepathically communicate with you only if you allow it.

You can take a Magic action to cause the ring to become imperceptible until you take another Magic action to make it perceptible, until you remove the ring, or until you die.

If you die while wearing the ring, your soul enters it, unless it already houses a soul. You can remain in the ring or depart for the afterlife. As long as your soul is in the ring, you can telepathically communicate with any creature wearing it. A wearer can't prevent this telepathic communication.",NULL,NULL,NULL,NULL,NULL,NULL,NULL,NULL,NULL,NULL,NULL,NULL,NULL,NULL,NULL,NULL,NULL,NULL,NULL,NULL
10356e29-66fc-5bc9-8fd4-375e3e8888ec,2026-09-08T00:00:00,2026-09-08T00:00:00,0,SRD_5_2,Ring of Protection,RING,RARE,NULL,NULL,true,NULL,NULL,NULL,You gain a +1 bonus to Armor Class and saving throws while wearing this ring.,NULL,NULL,NULL,NULL,NULL,NULL,NULL,NULL,NULL,NULL,NULL,NULL,NULL,NULL,NULL,NULL,NULL,NULL,NULL,NULL
b256e504-81c1-582d-85fe-46afe6aed624,2026-09-08T00:00:00,2026-09-08T00:00:00,0,SRD_5_2,Ring of Regeneration,RING,VERY_RARE,NULL,NULL,true,NULL,NULL,NULL,"While wearing this ring, you regain 1d6 Hit Points every 10 minutes if you have at least 1 Hit Point. If you lose a body part, the ring causes the missing part to regrow and return to full functionality after 1d6 + 1 days if you have at least 1 Hit Point the whole time.",NULL,NULL,NULL,NULL,NULL,NULL,NULL,NULL,NULL,NULL,NULL,NULL,NULL,NULL,NULL,NULL,NULL,NULL,NULL,NULL
d5d17a08-9e4e-5da1-a149-cc74c3bec1ac,2026-09-08T00:00:00,2026-09-08T00:00:00,0,SRD_5_2,Ring of Resistance,RING,RARE,NULL,NULL,false,NULL,NULL,NULL,"You have Resistance to one damage type while wearing this ring. The gemstone in the ring indicates the type, which the GM chooses or determines randomly by rolling on the following table.

1d10 Damage Type  Gemstone
1  Acid  Pearl
2  Cold  Tourmaline
3  Fire  Garnet
4  Force  Sapphire
5  Lightning  Citrine
6  Necrotic  Jet
7  Poison  Amethyst
8  Psychic  Jade
9  Radiant  Topaz
10  Thunder  Spinel",NULL,NULL,NULL,NULL,NULL,NULL,NULL,NULL,NULL,NULL,NULL,NULL,NULL,NULL,NULL,NULL,NULL,NULL,NULL,NULL
bc7e68bd-8ed9-5306-abfe-918d8f0da7ad,2026-09-08T00:00:00,2026-09-08T00:00:00,0,SRD_5_2,Ring of Shooting Stars,RING,VERY_RARE,NULL,NULL,true,NULL,NULL,NULL,"You can cast Dancing Lights or Light from the ring.

The ring has 6 charges and regains 1d6 expended charges daily at dawn. You can expend its charges to use the properties below.

Faerie Fire. You can expend 1 charge to cast Faerie Fire from the ring.

Lightning Spheres. You can expend 2 charges as a Magic action to create up to four 3-foot-diameter spheres of lightning.

Each sphere appears in an unoccupied space you can see within 120 feet of yourself. The spheres last as long as you maintain Concentration, up to 1 minute. Each sphere sheds Dim Light in a 30-foot radius.

As a Bonus Action, you can move each sphere up to 30 feet, but no farther than 120 feet away from yourself. The first time the sphere comes within 5 feet of a creature other than you that isn't behind Total Cover, the sphere discharges lightning at that creature and disappears. That creature makes a DC 15 Dexterity saving throw. On a failed save, the creature takes Lightning damage based on the number of spheres you created, as shown in the following table. On a successful save, the creature takes half as much damage.

Number of  Lightning  Number of  Lightning
Spheres  Damage  Spheres  Damage
1  4d12  3  2d6
2  5d4  4  2d4

Shooting Stars. You can expend 1 to 3 charges as a Magic action. For every charge you expend, you launch a glowing mote of light from the ring at a point you can see within 60 feet of yourself. Each creature in a 15-foot Cube originating from that point is showered in sparks and makes a DC 15 Dexterity saving throw, taking 5d4 Radiant damage on a failed save or half as much damage on a successful one.",NULL,NULL,NULL,NULL,NULL,NULL,NULL,NULL,NULL,NULL,NULL,NULL,NULL,NULL,NULL,NULL,NULL,NULL,NULL,NULL
58908f7c-bca9-5d6a-a234-2e58236db6df,2026-09-08T00:00:00,2026-09-08T00:00:00,0,SRD_5_2,Ring of Spell Storing,RING,RARE,NULL,NULL,true,NULL,NULL,NULL,"This ring stores spells cast into it, holding them until the attuned wearer uses them. The ring can store up to 5 levels worth of spells at a time. When found, it contains 1d6 - 1 levels of stored spells chosen by the GM.

Any creature can cast a spell of level 1 through 5 into the ring by touching the ring as the spell is cast. The spell has no effect other than to be stored in the ring. If the ring can't hold the spell, the spell is expended without effect. The level of the slot used to cast the spell determines how much space it uses.

While wearing this ring, you can cast any spell stored in it. The spell uses the slot level, spell save DC, spell attack bonus, and spellcasting ability of the original caster but is otherwise treated as if you cast the spell. The spell cast from the ring is no longer stored in it, freeing up space.",NULL,NULL,NULL,NULL,NULL,NULL,NULL,NULL,NULL,NULL,NULL,NULL,NULL,NULL,NULL,NULL,NULL,NULL,NULL,NULL
7b4cbab9-e770-5016-b934-2a2b446cefdd,2026-09-08T00:00:00,2026-09-08T00:00:00,0,SRD_5_2,Ring of Spell Turning,RING,LEGENDARY,NULL,NULL,true,NULL,NULL,NULL,"While wearing this ring, you have Advantage on saving throws against spells. If you succeed on the save for a spell of level 7 or lower, the spell has no effect on you. If that spell targeted only you and didn't create an area of effect, you can take a Reaction to deflect the spell back at the spell's caster; the caster must make a saving throw against the spell using their own spell save DC.",NULL,NULL,NULL,NULL,NULL,NULL,NULL,NULL,NULL,NULL,NULL,NULL,NULL,NULL,NULL,NULL,NULL,NULL,NULL,NULL
c980b668-b337-5f20-8b47-bf38fb3812c4,2026-09-08T00:00:00,2026-09-08T00:00:00,0,SRD_5_2,Ring of Swimming,RING,UNCOMMON,NULL,NULL,false,NULL,NULL,NULL,You have a Swim Speed of 40 feet while wearing this ring.,NULL,NULL,NULL,NULL,NULL,NULL,NULL,NULL,NULL,NULL,NULL,NULL,NULL,NULL,NULL,NULL,NULL,NULL,NULL,NULL
33cbc4d3-b6d9-58f7-9ecd-3fc4beb49e37,2026-09-08T00:00:00,2026-09-08T00:00:00,0,SRD_5_2,Ring of Telekinesis,RING,VERY_RARE,NULL,NULL,true,NULL,NULL,NULL,"While wearing this ring, you can cast Telekinesis from it.",NULL,NULL,NULL,NULL,NULL,NULL,NULL,NULL,NULL,NULL,NULL,NULL,NULL,NULL,NULL,NULL,NULL,NULL,NULL,NULL
ef0c8d59-e72b-58b5-baa8-9c1dcc6fba3f,2026-09-08T00:00:00,2026-09-08T00:00:00,0,SRD_5_2,Ring of the Ram,RING,RARE,NULL,NULL,true,NULL,NULL,NULL,"This ring has 3 charges and regains 1d3 expended charges daily at dawn. While wearing the ring, you can take a Magic action to expend 1 to 3 charges to make a ranged spell attack against one creature you can see within 60 feet of yourself. The ring produces a spectral ram's head and makes its attack roll with a +7 bonus. On a hit, for each charge you spend, the target takes 2d10 Force damage and is pushed 5 feet away from you.

Alternatively, you can expend 1 to 3 of the ring's charges as a Magic action to try to break a nonmagical object you can see within 60 feet of yourself that isn't being worn or carried. The ring makes a Strength check with a +5 bonus for each charge you spend.",NULL,NULL,NULL,NULL,NULL,NULL,NULL,NULL,NULL,NULL,NULL,NULL,NULL,NULL,NULL,NULL,NULL,NULL,NULL,NULL
4175cfc8-6917-5413-815b-551889030880,2026-09-08T00:00:00,2026-09-08T00:00:00,0,SRD_5_2,Ring of Three Wishes,RING,LEGENDARY,NULL,NULL,false,NULL,NULL,NULL,"While wearing this ring, you can expend 1 of its 3 charges to cast Wish from it. The ring becomes nonmagical when you use the last charge.",NULL,NULL,NULL,NULL,NULL,NULL,NULL,NULL,NULL,NULL,NULL,NULL,NULL,NULL,NULL,NULL,NULL,NULL,NULL,NULL
8ace6f53-c6df-5914-91c1-129e36940cdb,2026-09-08T00:00:00,2026-09-08T00:00:00,0,SRD_5_2,Ring of Warmth,RING,UNCOMMON,NULL,NULL,true,NULL,NULL,NULL,"If you take Cold damage while wearing this ring, the ring reduces the damage you take by 2d8.

In addition, while wearing this ring, you and everything you wear and carry are unharmed by temperatures of 0 degrees Fahrenheit or lower.",NULL,NULL,NULL,NULL,NULL,NULL,NULL,NULL,NULL,NULL,NULL,NULL,NULL,NULL,NULL,NULL,NULL,NULL,NULL,NULL
79a44114-fa20-5209-8ca2-388ff93fd664,2026-09-08T00:00:00,2026-09-08T00:00:00,0,SRD_5_2,Ring of Water Walking,RING,UNCOMMON,NULL,NULL,false,NULL,NULL,NULL,"While wearing this ring, you cast Water Walk from it, targeting only yourself.",NULL,NULL,NULL,NULL,NULL,NULL,NULL,NULL,NULL,NULL,NULL,NULL,NULL,NULL,NULL,NULL,NULL,NULL,NULL,NULL
f6169eac-120a-5515-b73a-eb83100598df,2026-09-08T00:00:00,2026-09-08T00:00:00,0,SRD_5_2,Ring of X-ray Vision,RING,RARE,NULL,NULL,true,NULL,NULL,NULL,"While wearing this ring, you can take a Magic action to gain X-ray vision with a range of 30 feet for 1 minute. To you, solid objects within that radius appear transparent and don't prevent light from passing through them. The vision can penetrate 1 foot of stone, 1 inch of common metal, or up to 3 feet of wood or dirt. Thicker substances or a thin sheet of lead block the vision.

Whenever you use the ring again before taking a Long Rest, you must succeed on a DC 15 Constitution saving throw or gain 1 Exhaustion level.",NULL,NULL,NULL,NULL,NULL,NULL,NULL,NULL,NULL,NULL,NULL,NULL,NULL,NULL,NULL,NULL,NULL,NULL,NULL,NULL
cf52781f-9d79-59a5-afae-7a3eafd1f7ef,2026-09-08T00:00:00,2026-09-08T00:00:00,0,SRD_5_2,Robe of Eyes,WONDROUS_ITEM,RARE,NULL,NULL,true,NULL,NULL,NULL,"This robe is adorned with eyelike patterns. While you wear the robe, you gain the following benefits: All-Around Vision. The robe gives you Advantage on Wisdom (Perception) checks that rely on sight. Special Senses. You have Darkvision and Truesight, both with a range of 120 feet.

Drawbacks. A Light spell cast on the robe or a Daylight spell cast within 5 feet of the robe gives you the Blinded condition for 1 minute. At the end of each of your turns, you make a Constitution saving throw (DC 11 for Light or DC 15 for Daylight), ending the condition on yourself on a success.",NULL,NULL,NULL,NULL,NULL,NULL,NULL,NULL,NULL,NULL,NULL,NULL,NULL,NULL,NULL,NULL,NULL,NULL,NULL,NULL
59fc52f7-c1fe-5c79-b5d9-29e2240bc1ad,2026-09-08T00:00:00,2026-09-08T00:00:00,0,SRD_5_2,Robe of Scintillating Colors,WONDROUS_ITEM,VERY_RARE,NULL,NULL,true,NULL,NULL,NULL,"This robe has 3 charges, and it regains 1d3 expended charges daily at dawn. While you wear it, you can take a Magic action and expend 1 charge to cause the garment to display a shifting pattern of dazzling hues until the end of your next turn. During this time, the robe sheds Bright Light in a 30-foot radius and Dim Light for an additional 30 feet, and creatures that can see you have Disadvantage on attack rolls against you. Any creature in the Bright Light that can see you when the robe's power is activated must succeed on a DC 15 Wisdom saving throw or have the Stunned condition until the effect ends.",NULL,NULL,NULL,NULL,NULL,NULL,NULL,NULL,NULL,NULL,NULL,NULL,NULL,NULL,NULL,NULL,NULL,NULL,NULL,NULL
7dd247be-d590-5789-b60c-07bc511a22c1,2026-09-08T00:00:00,2026-09-08T00:00:00,0,SRD_5_2,Robe of Stars,WONDROUS_ITEM,VERY_RARE,NULL,NULL,true,NULL,NULL,NULL,"This black or dark-blue robe is embroidered with small white or silver stars. You gain a +1 bonus to saving throws while you wear it.

Six stars, located on the robe's upper-front portion, are particularly large. While wearing this robe, you can take a Magic action to remove one of the stars and expend it to cast the level 5 version of Magic Missile. Daily at dusk, 1d6 removed stars reappear on the robe.

While you wear the robe, you can take a Magic action to enter the Astral Plane along with everything you are wearing and carrying. You remain there until you take a Magic action to return to the plane you were on. You reappear in the last space you occupied or, if that space is occupied, the nearest unoccupied space.",NULL,NULL,NULL,NULL,NULL,NULL,NULL,NULL,NULL,NULL,NULL,NULL,NULL,NULL,NULL,NULL,NULL,NULL,NULL,NULL
7364f060-3ecc-5a98-a947-26bff0eed3e6,2026-09-08T00:00:00,2026-09-08T00:00:00,0,SRD_5_2,Robe of the Archmagi,WONDROUS_ITEM,LEGENDARY,NULL,NULL,true,"by a Sorcerer, Warlock, or Wizard",NULL,NULL,"This elegant garment is made from exquisite cloth and adorned with runes.

You gain these benefits while wearing the robe.

Armor. If you aren't wearing armor, your base Armor Class is 15 plus your Dexterity modifier.

Magic Resistance. You have Advantage on saving throws against spells and other magical effects.

War Mage. Your spell save DC and spell attack bonus each increase by 2.",NULL,NULL,NULL,NULL,NULL,NULL,NULL,NULL,NULL,NULL,NULL,NULL,NULL,NULL,NULL,NULL,NULL,NULL,NULL,NULL
89305b20-10c1-5000-b8d3-833b824c7a17,2026-09-08T00:00:00,2026-09-08T00:00:00,0,SRD_5_2,Robe of Useful Items,WONDROUS_ITEM,UNCOMMON,NULL,NULL,false,NULL,NULL,NULL,"This robe has cloth patches of various shapes and colors covering it. While wearing the robe, you can take a Magic action to detach one of the patches, causing it to become the object or creature it represents. Once the last patch is removed, the robe becomes an ordinary garment.

The robe has two of each of the following patches: • Bullseye Lantern (filled and lit) •  Dagger •  Mirror •  Pole •  Rope (coiled) •  Sack In addition, the robe has 4d4 other patches. The GM chooses the patches or determines them randomly by rolling on the following table.

1d100 Patch
01-08 Bag of 100 GP
09-15 Silver coffer (1 foot long, 6 inches wide and
deep) worth 500 GP
16-22 Iron door (up to 10 feet wide and 10 feet high,
barred on one side of your choice), which you
can place in an opening you can reach; it con-
forms to fit the opening, attaching and hinging
itself
23-30 10 gems worth 100 GP each
31-44 Wooden ladder (24 feet long)
45-51 52-59 Open pit (a 10-foot Cube), which you can  Riding Horse with a Riding Saddle
place on the ground within 10 feet of yourself
60-68 4 69-75 Rowboat (12 feet long)Potions of Healing
76-83 Spell Scroll containing one spell of level 1, 2, or
3 (your choice)
1d100 Patch
84-90 2 91-96 Window (2 feet by 4 feet, up to 2 feet deep),Mastiffs
which you can place on a vertical surface you
can reach
97-00 Portable Ram",NULL,NULL,NULL,NULL,NULL,NULL,NULL,NULL,NULL,NULL,NULL,NULL,NULL,NULL,NULL,NULL,NULL,NULL,NULL,NULL
f5ffb190-953d-5058-8056-bb0a8e150e7a,2026-09-08T00:00:00,2026-09-08T00:00:00,0,SRD_5_2,Rod of Absorption,ROD,VERY_RARE,NULL,NULL,true,NULL,NULL,NULL,"While holding this rod, you can take a Reaction to absorb a spell that is targeting only you and doesn't create an area of effect. The absorbed spell's effect is canceled, and the spell's energy—not the spell itself—is stored in the rod. The energy has the same level as the spell when it was cast. A canceled spell dissipates with no effect, and any resources used to cast it are wasted. The rod can absorb and store up to 50 levels of energy over the course of its existence. Once the rod absorbs 50 levels of energy, it can't absorb more. If you are targeted by a spell that the rod can't store, the rod has no effect on that spell.

When you become attuned to the rod, you know how many levels of energy the rod has absorbed over the course of its existence and how many levels of spell energy it currently has stored.

If you are a spellcaster holding the rod, you can convert energy stored in it into spell slots to cast spells you have prepared or know. You can create spell slots only of a level equal to or lower than your own spell slots, up to a maximum of level 5. You use the stored levels in place of your slots but otherwise cast the spell as normal. For example, you can use 3 levels stored in the rod as a level 3 spell slot.

A newly found rod typically has 1d10 levels of spell energy stored in it. A rod that can no longer absorb spell energy and has no energy remaining becomes nonmagical.",NULL,NULL,NULL,NULL,NULL,NULL,NULL,NULL,NULL,NULL,NULL,NULL,NULL,NULL,NULL,NULL,NULL,NULL,NULL,NULL
ffec4970-b08a-5e68-97a2-60f7a96cdf79,2026-09-08T00:00:00,2026-09-08T00:00:00,0,SRD_5_2,Rod of Alertness,ROD,VERY_RARE,NULL,NULL,true,NULL,NULL,NULL,"This rod has the following properties.

Alertness. While holding the rod, you have Advantage on Wisdom (Perception) checks and on Initiative rolls.

Spells. While holding the rod, you can cast the following spells from it: •  Detect Evil and Good •  Detect Magic •  Detect Poison and Disease •  See Invisibility

Protective Aura. As a Magic action, you can plant the haft end of the rod in the ground, whereupon the rod's head sheds Bright Light in a 60-foot radius and Dim Light for an additional 60 feet. While in that Bright Light, you and your allies gain a +1 bonus to Armor Class and saving throws and can sense the location of any Invisible creature that is also in the Bright Light.

The rod's head stops glowing and the effect ends after 10 minutes or when a creature takes a Magic action to pull the rod from the ground. Once used, this property can't be used again until the next dawn.",NULL,NULL,NULL,NULL,NULL,NULL,NULL,NULL,NULL,NULL,NULL,NULL,NULL,NULL,NULL,NULL,NULL,NULL,NULL,NULL
20fa888c-9bb7-5ca9-a8eb-4a2e6e989e87,2026-09-08T00:00:00,2026-09-08T00:00:00,0,SRD_5_2,Rod of Lordly Might,ROD,LEGENDARY,NULL,NULL,true,NULL,NULL,NULL,"This rod has a flanged head, and it functions as a magic Mace that grants a +3 bonus to attack rolls and damage rolls made with it. The rod has properties associated with six different buttons that are set in a row along the haft. It has three other properties as well, detailed below.

Buttons. You can press one of the following buttons as a Bonus Action; a button's effect lasts until you push a different button or until you push the same button again, which causes the rod to revert to its normal form: Button 1. A fiery blade sprouts from the end opposite the rod's flanged head. The flames shed Bright Light in a 40-foot radius and Dim Light for an additional 40 feet, and the blade functions as a magic Longsword or Shortsword (your choice) that deals an extra 2d6 Fire damage on a hit. Button 2. The rod's flanged head folds down and two crescent-shaped blades spring out, transforming the rod into a magic Battleaxe that grants a +3 bonus to attack rolls and damage rolls made with it. Button 3. The rod's flanged head folds down, a spear point springs from the rod's tip, and the rod's handle lengthens into a 6-foot haft, transforming the rod into a magic Spear that grants a +3 bonus to attack rolls and damage rolls made with it. Button 4. The rod transforms into a climbing pole up to 50 feet long (you specify the length), though the rod's buttons remain within your reach. In surfaces as hard as granite, a spike at the bottom and three hooks at the top anchor the pole. Horizontal bars 3 inches long fold out from the sides, 1 foot apart, forming a ladder. The pole can bear up to 4,000 pounds. More weight or lack of solid anchoring causes the rod to revert to its normal form. Button 5. The rod transforms into a handheld battering ram and grants its user a +10 bonus to Strength (Athletics) checks made to break through doors, barricades, and other barriers. Button 6. The rod assumes or remains in its normal form and indicates magnetic north. (Nothing happens if this function of the rod is used in a location that has no magnetic north.) The rod also gives you knowledge of your approximate depth beneath the ground or your height above it.

Drain Life. When you hit a creature with a melee attack using the rod, you can force the target to make a DC 17 Constitution saving throw. On a failed save, the target takes an extra 4d6 Necrotic damage, and you regain a number of Hit Points equal to half that Necrotic damage. Once used, this property can't be used again until the next dawn.

Paralyze. When you hit a creature with a melee attack using the rod, you can force the target to make a DC 17 Constitution saving throw. On a failed save, the target has the Paralyzed condition for 1 minute. The target repeats the save at the end of each of its turns, ending the effect on a success. Once used, this property can't be used again until the next dawn.

Terrify. While holding the rod, you can take a Magic action to force each creature you can see within 30 feet of yourself to make a DC 17 Wisdom saving throw. On a failed save, a target has the Frightened condition for 1 minute. A Frightened target repeats the save at the end of each of its turns, ending the effect on itself on a success. Once used, this property can't be used again until the next dawn.",NULL,NULL,NULL,NULL,NULL,NULL,NULL,NULL,NULL,NULL,NULL,NULL,NULL,NULL,NULL,NULL,NULL,NULL,NULL,NULL
61d3afcb-f909-5792-a938-7a0b6340bad7,2026-09-08T00:00:00,2026-09-08T00:00:00,0,SRD_5_2,Rod of Resurrection,ROD,LEGENDARY,NULL,NULL,true,NULL,NULL,NULL,"The rod has 5 charges. While you hold it, you can cast one of the following spells from it: Heal (expends 1 charge) or Resurrection (expends 5 charges).

The rod regains 1 expended charge daily at dawn. If you expend the last charge, roll 1d20. On a 1, the rod disappears in a harmless burst of radiance.",NULL,NULL,NULL,NULL,NULL,NULL,NULL,NULL,NULL,NULL,NULL,NULL,NULL,NULL,NULL,NULL,NULL,NULL,NULL,NULL
2716c4bc-a9b4-5cc7-989e-22533a45da4d,2026-09-08T00:00:00,2026-09-08T00:00:00,0,SRD_5_2,Rod of Rulership,ROD,RARE,NULL,NULL,true,NULL,NULL,NULL,"You can take a Magic action to present the rod and command obedience from each creature of your choice that you can see within 120 feet of yourself. Each target must succeed on a DC 15 Wisdom saving throw or have the Charmed condition for 8 hours. While Charmed in this way, the creature regards you as its trusted leader. If harmed by you or your allies or commanded to do something contrary to its nature, a target ceases to be Charmed in this way. Once used, this property can't be used again until the next dawn.",NULL,NULL,NULL,NULL,NULL,NULL,NULL,NULL,NULL,NULL,NULL,NULL,NULL,NULL,NULL,NULL,NULL,NULL,NULL,NULL
c3d9324c-09c6-58e1-8ac4-e02f3980b926,2026-09-08T00:00:00,2026-09-08T00:00:00,0,SRD_5_2,Rod of Security,ROD,VERY_RARE,NULL,NULL,false,NULL,NULL,NULL,"While holding this rod, you can take a Magic action to activate it. The rod then instantly transports you and up to 199 other willing creatures you can see to a demiplane. You choose the form the demiplane takes. It could be a tranquil garden, a cheery tavern, an immense palace, a tropical island, a fantastic carnival, or whatever else you can imagine. Regardless of its nature, the demiplane contains enough water and food to sustain its visitors, and the demiplane's environment can't harm its occupants. Everything else that can be interacted with there can exist only there. For example, a flower picked from a garden there disappears if it is taken outside the demiplane.

For each hour spent in the demiplane, a visitor regains Hit Points as if it had spent 1 Hit Point Die. Also, creatures don't age while there, although time passes normally. Visitors can remain there for up to 200 days divided by the number of creatures present (round down).

When the time runs out or you take a Magic action to end the effect, all visitors reappear in the location they occupied when you activated the rod or an unoccupied space nearest that location. Once used, this property can't be used again until 10 days have passed.",NULL,NULL,NULL,NULL,NULL,NULL,NULL,NULL,NULL,NULL,NULL,NULL,NULL,NULL,NULL,NULL,NULL,NULL,NULL,NULL
ca13c3a0-5134-5091-b505-67dc2b13dbfe,2026-09-08T00:00:00,2026-09-08T00:00:00,0,SRD_5_2,Rope of Climbing,WONDROUS_ITEM,UNCOMMON,NULL,NULL,false,NULL,NULL,NULL,"This 60-foot length of rope can hold up to 3,000 pounds. While holding one end of the rope, you can take a Magic action to command the other end of the rope to animate and move toward a destination you choose, up to the rope's length away from you. That end moves 10 feet on your turn when you first command it and 10 feet at the start of each of your subsequent turns until reaching its destination or until you tell it to stop. You can also tell the rope to fasten itself securely to an object or to unfasten itself, to knot or unknot itself, or to coil itself for carrying.

If you tell the rope to knot, large knots appear at 1-foot intervals along the rope. While knotted, the rope shortens to a 50-foot length and grants Advantage on ability checks made to climb using the rope.

The rope has AC 20, HP 20, and Immunity to Poison and Psychic damage. It regains 1 Hit Point every 5 minutes as long as it has at least 1 Hit Point. If the rope drops to 0 Hit Points, it is destroyed.",NULL,NULL,NULL,NULL,NULL,NULL,NULL,NULL,NULL,NULL,NULL,NULL,NULL,NULL,NULL,NULL,NULL,NULL,NULL,NULL
e5360475-ecd0-5cce-aa54-4c1840e08a01,2026-09-08T00:00:00,2026-09-08T00:00:00,0,SRD_5_2,Rope of Entanglement,WONDROUS_ITEM,RARE,NULL,NULL,false,NULL,NULL,NULL,"This rope is 30 feet long. While holding one end of the rope, you can take a Magic action to command the other end to dart forward and entangle one creature you can see within 20 feet of yourself. The target must succeed on a DC 15 Dexterity saving throw or have the Restrained condition. You can release the target by letting go of your end of the rope (causing the rope to coil up in the target's space) or by using a Bonus Action to repeat the command (causing the rope to coil up in your hand).

A target Restrained by the rope can take an action to make its choice of a DC 15 Strength (Athletics) or Dexterity (Acrobatics) check. On a successful check, the target is no longer Restrained by the rope. If you're still holding onto the rope when a target escapes from it, you can take a Reaction to command the rope to coil up in your hand; otherwise, the rope coils up in the target's space.

The rope has AC 20, HP 20, and Immunity to Poison and Psychic damage. It regains 1 Hit Point every 5 minutes as long as it has at least 1 Hit Point. If the rope drops to 0 Hit Points, it is destroyed.",NULL,NULL,NULL,NULL,NULL,NULL,NULL,NULL,NULL,NULL,NULL,NULL,NULL,NULL,NULL,NULL,NULL,NULL,NULL,NULL
fa10b419-bec3-5a1d-acdd-0d7ee685579c,2026-09-08T00:00:00,2026-09-08T00:00:00,0,SRD_5_2,Scarab of Protection,WONDROUS_ITEM,LEGENDARY,NULL,NULL,true,NULL,NULL,NULL,"This beetle-shaped medallion provides three benefits while it is on your person.

Defense. You gain a +1 bonus to Armor Class.

Preservation. The scarab has 12 charges. If you fail a saving throw against a Necromancy spell or a harmful effect originating from an Undead, you can take a Reaction to expend 1 charge and turn the failed save into a successful one. The scarab crumbles into powder and is destroyed when its last charge is expended.

Spell Resistance. You have Advantage on saving throws against spells.",NULL,NULL,NULL,NULL,NULL,NULL,NULL,NULL,NULL,NULL,NULL,NULL,NULL,NULL,NULL,NULL,NULL,NULL,NULL,NULL
585d7837-7137-50ae-a468-9b83263246df,2026-09-08T00:00:00,2026-09-08T00:00:00,0,SRD_5_2,Scimitar of Speed,WEAPON,VERY_RARE,NULL,Scimitar,true,NULL,NULL,NULL,"You gain a +2 bonus to attack rolls and damage rolls made with this magic weapon. In addition, you can make one attack with it as a Bonus Action on each of your turns.",NULL,NULL,NULL,NULL,NULL,NULL,NULL,NULL,NULL,NULL,NULL,NULL,NULL,NULL,NULL,NULL,NULL,NULL,NULL,NULL
ff6ed72a-76ff-51d9-a8f3-339f787b3e05,2026-09-08T00:00:00,2026-09-08T00:00:00,0,SRD_5_2,Sending Stones,WONDROUS_ITEM,UNCOMMON,NULL,NULL,false,NULL,NULL,NULL,"Sending Stones come in pairs, with each stone carved to match the other so the pairing is easily recognized. While you touch one stone, you can cast Sending from it. The target is the bearer of the other stone. If no creature bears the other stone, you know that fact as soon as you use the stone, and you don't cast the spell. Once Sending is cast using either stone, the stones can't be used again until the next dawn. If one of the stones in a pair is destroyed, the other one becomes nonmagical.",NULL,NULL,NULL,NULL,NULL,NULL,NULL,NULL,NULL,NULL,NULL,NULL,NULL,NULL,NULL,NULL,NULL,NULL,NULL,NULL
8387ca99-5a65-58bc-992e-876ddfe1cd12,2026-09-08T00:00:00,2026-09-08T00:00:00,0,SRD_5_2,Sentinel Shield,SHIELD,UNCOMMON,NULL,Shield,false,NULL,NULL,NULL,"While holding this Shield, you have Advantage on Initiative rolls and Wisdom (Perception) checks. The Shield is emblazoned with a symbol of an eye.",NULL,NULL,NULL,NULL,NULL,NULL,NULL,NULL,NULL,NULL,NULL,NULL,NULL,NULL,NULL,NULL,NULL,NULL,NULL,NULL
ac1145fc-0d36-50f4-8a2a-7ab6c45209b8,2026-09-08T00:00:00,2026-09-08T00:00:00,0,SRD_5_2,"Shield, +1, +2, or +3",SHIELD,VARIES,"Uncommon (+1), Rare (+2), Very Rare (+3)",Shield,false,NULL,NULL,NULL,"While holding this Shield, you have a bonus to Armor Class determined by the Shield's rarity, in addition to the Shield's normal bonus to AC.",NULL,NULL,NULL,NULL,NULL,NULL,NULL,NULL,NULL,NULL,NULL,NULL,NULL,NULL,NULL,NULL,NULL,NULL,NULL,NULL
1b269699-7365-5467-afda-95483fb9b0e3,2026-09-08T00:00:00,2026-09-08T00:00:00,0,SRD_5_2,Shield of Missile Attraction,SHIELD,RARE,NULL,Shield,true,NULL,NULL,NULL,"While holding this Shield, you have Resistance to damage from attacks made with Ranged weapons.

Curse. This Shield is cursed. Attuning to it curses you until you are targeted by a Remove Curse spell or similar magic. Removing the Shield fails to end the curse on you. Whenever an attack with a Ranged weapon targets a creature within 10 feet of you, the curse causes you to become the target instead.",NULL,NULL,NULL,NULL,NULL,NULL,NULL,NULL,NULL,NULL,NULL,NULL,NULL,NULL,NULL,NULL,NULL,NULL,NULL,NULL
9385d8e9-b469-5352-9177-90d047e787e0,2026-09-08T00:00:00,2026-09-08T00:00:00,0,SRD_5_2,Shield of the Cavalier,SHIELD,VERY_RARE,NULL,Shield,true,NULL,NULL,NULL,"While holding this Shield, you have a +2 bonus to Armor Class. This bonus is in addition to the Shield's normal bonus to AC.

The Shield has the following additional properties that you can use while holding it.

Forceful Bash. When you take the Attack action, you can make one of the attack rolls using the Shield against a target within 5 feet of yourself. Apply your Proficiency Bonus and Strength modifier to the attack roll. On a hit, the Shield deals Force damage to the target equal to 2d6 + 2 plus your Strength modifier, and if the target is a creature, you can push it up to 10 feet directly away from yourself. If the creature is your size or smaller, you can also knock it down, giving it the Prone condition.

Protective Field. As a Reaction, when you or an ally you can see within 5 feet of you is targeted by an attack or makes a saving throw against an area of effect, you can use the Shield to create an immobile 5-foot Emanation originating from you. When the Emanation appears, any creatures or objects not fully contained within it are pushed into the nearest unoccupied spaces outside it. The attack or area of effect that triggered the Reaction has no effect on creatures and objects inside the Emanation, which lasts as long as you maintain Concentration, up to 1 minute. Nothing can pass into or out of the Emanation. A creature or object inside the Emanation can't be damaged by attacks or effects originating from outside, nor can a creature inside the Emanation damage anything outside it. Once this property is used, it can't be used again until the next dawn.",NULL,NULL,NULL,NULL,NULL,NULL,NULL,NULL,NULL,NULL,NULL,NULL,NULL,NULL,NULL,NULL,NULL,NULL,NULL,NULL
1efb7f97-ec7a-5bb0-aa97-b775f709c06b,2026-09-08T00:00:00,2026-09-08T00:00:00,0,SRD_5_2,Slippers of Spider Climbing,WONDROUS_ITEM,UNCOMMON,NULL,NULL,true,NULL,NULL,NULL,"While you wear these light shoes, you can move up, down, and across vertical surfaces and along ceilings, while leaving your hands free. You have a Climb Speed equal to your Speed. However, the slippers don't allow you to move this way on a slippery surface, such as one covered by ice or oil.",NULL,NULL,NULL,NULL,NULL,NULL,NULL,NULL,NULL,NULL,NULL,NULL,NULL,NULL,NULL,NULL,NULL,NULL,NULL,NULL
d3ed5462-02bd-5fbe-9b5f-5a5134cff2d3,2026-09-08T00:00:00,2026-09-08T00:00:00,0,SRD_5_2,Sovereign Glue,WONDROUS_ITEM,LEGENDARY,NULL,NULL,false,NULL,NULL,NULL,"This viscous, milky-white substance can form a permanent adhesive bond between any two objects. It must be stored in a jar or flask that has been coated inside with Oil of Slipperiness. When found, a container contains 1d6 + 1 ounces.

One ounce of the glue can cover a 1-foot square surface. Applying an ounce of Sovereign Glue takes a Utilize action, and the applied glue takes 1 minute to set. Once it has done so, the bond it creates can be broken only by the application of Universal Solvent or Oil of Etherealness, or with a Wish spell.",NULL,NULL,NULL,NULL,NULL,NULL,NULL,NULL,NULL,NULL,NULL,NULL,NULL,NULL,NULL,NULL,NULL,NULL,NULL,NULL
420bf0ef-2653-583d-9e41-c2538b767aee,2026-09-08T00:00:00,2026-09-08T00:00:00,0,SRD_5_2,Spellguard Shield,SHIELD,VERY_RARE,NULL,Shield,true,NULL,NULL,NULL,"While holding this Shield, you have Advantage on saving throws against spells and other magical effects, and spell attack rolls have Disadvantage against you.",NULL,NULL,NULL,NULL,NULL,NULL,NULL,NULL,NULL,NULL,NULL,NULL,NULL,NULL,NULL,NULL,NULL,NULL,NULL,NULL
0c82c8ea-5c08-5839-a653-9b1c9be56349,2026-09-08T00:00:00,2026-09-08T00:00:00,0,SRD_5_2,Spell Scroll,SCROLL,VARIES,NULL,NULL,false,NULL,NULL,NULL,"A Spell Scroll bears the words of a single spell, written in a mystical cipher. If the spell is on your spell list, you can read the scroll and cast its spell without Material components. Otherwise, the scroll is unintelligible. Casting the spell by reading the scroll requires the spell's normal casting time. Once the spell is cast, the scroll crumbles to dust. If the casting is interrupted, the scroll isn't lost.

If the spell is on your spell list but of a higher level than you can normally cast, you make an ability check using your spellcasting ability to determine whether you cast the spell. The DC equals 10 plus the spell's level. On a failed check, the spell disappears from the scroll with no other effect.

The level of the spell on the scroll determines the spell's saving throw DC and attack bonus, as well as the scroll's rarity, as shown in the following table.

Spell Level Rarity  Save DC  Attack Bonus
Cantrip  Common  13  +5
1  Common  13  +5
2  Uncommon  13  +5
3  Uncommon  15  +7
Spell Level Rarity  Save DC  Attack Bonus
4  Rare  15  +7
5  Rare  17  +9
6  Very Rare  17  +9
7  Very Rare  18  +10
8  Very Rare  18  +10
9  Legendary  19  +11

Copying a Scroll into a Spellbook. A Wizard spell on a Spell Scroll can be copied into a spellbook. When a spell is copied in this way, the copier must succeed on an Intelligence (Arcana) check with a DC equal to 10 plus the spell's level. On a successful check, the spell is copied. Whether the check succeeds or fails, the Spell Scroll is destroyed.",NULL,NULL,NULL,NULL,NULL,NULL,NULL,NULL,NULL,NULL,NULL,NULL,NULL,NULL,NULL,NULL,NULL,NULL,NULL,NULL
ae4030c5-686d-55d2-8b04-87ab19ffb90e,2026-09-08T00:00:00,2026-09-08T00:00:00,0,SRD_5_2,Sphere of Annihilation,WONDROUS_ITEM,LEGENDARY,NULL,NULL,false,NULL,NULL,NULL,"This 2-foot-diameter black sphere is a hole in the multiverse, hovering in space and stabilized by a magical field surrounding it.

The sphere obliterates all matter it passes through and all matter that passes through it. Artifacts are the exception. Unless an Artifact is susceptible to damage from a Sphere of Annihilation, it passes through the sphere unscathed. Anything else that touches the sphere but isn't wholly engulfed and obliterated by it takes 8d10 Force damage.

Controlling the Sphere. A Sphere of Annihilation is stationary until someone takes control of it. If you are within 60 feet of a sphere, you can take a Magic action to make a DC 25 Intelligence (Arcana) check. On a successful check, you control the sphere until the start of your next turn, and if it was under another creature's control, that creature loses control of the sphere. On a failed check, the sphere moves 10 feet toward you in a straight line.

While in control of the sphere, you can take a Bonus Action to cause it to move in one direction of your choice, up to a number of feet equal to 5 times your Intelligence modifier (minimum 5 feet). Any creature whose space the sphere enters must succeed on a DC 19 Dexterity saving throw or be touched by it, taking 8d10 Force damage. A creature reduced to 0 Hit Points by this damage is obliterated, leaving its possessions behind but no other physical remains.

Sphere Interactions. If the sphere comes into contact with a planar portal (such as that created by the Gate spell) or an extradimensional space (such as that within a Portable Hole), the GM determines randomly what happens using the following table.

1d100 Result
01-50 The sphere is destroyed.
51-85 The sphere moves through the portal or into
the extradimensional space.
86-00 A spatial rift sends the sphere and each crea-
ture and object within 180 feet of the sphere
to a random plane of existence.",NULL,NULL,NULL,NULL,NULL,NULL,NULL,NULL,NULL,NULL,NULL,NULL,NULL,NULL,NULL,NULL,NULL,NULL,NULL,NULL
ea42e0c5-b253-55b9-9721-95ff4f9345ba,2026-09-08T00:00:00,2026-09-08T00:00:00,0,SRD_5_2,Staff of Charming,STAFF,RARE,NULL,NULL,true,"by a Bard, Cleric, Druid, Sorcerer, Warlock, or Wizard",NULL,NULL,"This staff has 10 charges. While holding the staff, you can use any of its properties: Cast Spell. You can expend 1 of the staff's charges to cast Charm Person, Command, or Comprehend Languages from it using your spell save DC. Reflect Enchantment. If you succeed on a saving throw against an Enchantment spell that targets only you, you can take a Reaction to expend 1 charge from the staff and turn the spell back on its caster as if you had cast the spell. Resist Enchantment. If you fail a saving throw against an Enchantment spell that targets only you, you can turn your failed save into a successful one. You can't use this property of the staff again until the next dawn.

Regaining Charges. The staff regains 1d8 + 2 expended charges daily at dawn. If you expend the last charge, roll 1d20. On a 1, the staff crumbles to dust and is destroyed.",NULL,NULL,NULL,NULL,NULL,NULL,NULL,NULL,NULL,NULL,NULL,NULL,NULL,NULL,NULL,NULL,NULL,NULL,NULL,NULL
eda6b756-91ea-573f-974e-750c96e4cec0,2026-09-08T00:00:00,2026-09-08T00:00:00,0,SRD_5_2,Staff of Fire,STAFF,VERY_RARE,NULL,NULL,true,"by a Druid, Sorcerer, Warlock, or Wizard",NULL,NULL,"You have Resistance to Fire damage while you hold this staff.

Spells. The staff has 10 charges. While holding the staff, you can cast one of the spells on the following table from it, using your spell save DC. The table indicates how many charges you must expend to cast the spell.

Charge  Charge
Spell  Cost  Spell  Cost
Burning Hands  1  Wall of Fire  4
Fireball  3

Regaining Charges. The staff regains 1d6 + 4 expended charges daily at dawn. If you expend the last charge, roll 1d20. On a 1, the staff crumbles into cinders and is destroyed.",NULL,NULL,NULL,NULL,NULL,NULL,NULL,NULL,NULL,NULL,NULL,NULL,NULL,NULL,NULL,NULL,NULL,NULL,NULL,NULL
1c987d53-1029-5586-bd21-2e55d1d13bb8,2026-09-08T00:00:00,2026-09-08T00:00:00,0,SRD_5_2,Staff of Frost,STAFF,VERY_RARE,NULL,NULL,true,"by a Druid, Sorcerer, Warlock, or Wizard",NULL,NULL,"You have Resistance to Cold damage while you hold this staff.

Spells. The staff has 10 charges. While holding the staff, you can cast one of the spells on the following table from it, using your spell save DC. The table indicates how many charges you must expend to cast the spell.

Charge  Charge
Spell  Cost  Spell  Cost
Cone of Cold  5  Ice Storm  4
Fog Cloud  1  Wall of Ice  4

Regaining Charges. The staff regains 1d6 + 4 expended charges daily at dawn. If you expend the last charge, roll 1d20. On a 1, the staff turns to water and is destroyed.",NULL,NULL,NULL,NULL,NULL,NULL,NULL,NULL,NULL,NULL,NULL,NULL,NULL,NULL,NULL,NULL,NULL,NULL,NULL,NULL
7124834a-41b0-5540-b475-b5a9e28c615b,2026-09-08T00:00:00,2026-09-08T00:00:00,0,SRD_5_2,Staff of Healing,STAFF,RARE,NULL,NULL,true,"by a Bard, Cleric, or Druid",NULL,NULL,"This staff has 10 charges. While holding the staff, you can cast one of the spells on the following table from it, using your spellcasting ability modifier. The table indicates how many charges you must expend to cast the spell.

Spell  Charge Cost
Cure Wounds  1 charge per spell level
(maximum 4 for a level 4
spell)
Lesser Restoration  2
Mass Cure Wounds  5

Regaining Charges. The staff regains 1d6 + 4 expended charges daily at dawn. If you expend the last charge, roll 1d20. On a 1, the staff vanishes in a flash of light, lost forever.",NULL,NULL,NULL,NULL,NULL,NULL,NULL,NULL,NULL,NULL,NULL,NULL,NULL,NULL,NULL,NULL,NULL,NULL,NULL,NULL
b8407027-88e7-5df5-9a39-43ee7c8e7745,2026-09-08T00:00:00,2026-09-08T00:00:00,0,SRD_5_2,Staff of Power,STAFF,VERY_RARE,NULL,NULL,true,"by a Sorcerer, Warlock, or Wizard",NULL,NULL,"This staff has 20 charges and can be wielded as a magic Quarterstaff that grants a +2 bonus to attack rolls and damage rolls made with it. While holding it, you gain a +2 bonus to Armor Class, saving throws, and spell attack rolls.

Spells. While holding the staff, you can cast one of the spells on the following table from it, using your spell save DC. The table indicates how many charges you must expend to cast the spell.

Charge
Spell  Cost
Cone of Cold  5
Fireball (level 5 version)  5
Globe of Invulnerability  6
Hold Monster  5
Levitate  2
Lightning Bolt (level 5 version)  5
Magic Missile  1
Ray of Enfeeblement  1
Wall of Force  5

Regaining Charges. The staff regains 2d8 + 4 expended charges daily at dawn. If you expend the last charge, roll 1d20. On a 1, the staff retains its +2 bonus to attack rolls and damage rolls but loses all other properties. On a 20, the staff regains 1d8 + 2 charges.

Retributive Strike. You can take a Magic action to break the staff over your knee or against a solid surface. The staff is destroyed and releases its magic in an explosion that fills a 30-foot Emanation originating from itself. You have a 50 percent chance to instantly travel to a random plane of existence, avoiding the explosion. If you fail to avoid the effect, you take Force damage equal to 16 times the number of charges in the staff. Each other creature in the area makes a DC 17 Dexterity saving throw. On a failed save, a creature takes Force damage equal to 4 times the number of charges in the staff. On a successful save, a creature takes half as much damage.",NULL,NULL,NULL,NULL,NULL,NULL,NULL,NULL,NULL,NULL,NULL,NULL,NULL,NULL,NULL,NULL,NULL,NULL,NULL,NULL
8a4062d2-2f3e-5578-af83-15fdb8afdf29,2026-09-08T00:00:00,2026-09-08T00:00:00,0,SRD_5_2,Staff of Striking,STAFF,VERY_RARE,NULL,NULL,true,NULL,NULL,NULL,"This staff can be wielded as a magic Quarterstaff that grants a +3 bonus to attack rolls and damage rolls made with it.

The staff has 10 charges. When you hit with a melee attack using it, you can expend up to 3 charges. For each charge you expend, the target takes an extra 1d6 Force damage.

Regaining Charges. The staff regains 1d6 + 4 expended charges daily at dawn. If you expend the last charge, roll 1d20. On a 1, the staff becomes a nonmagical Quarterstaff.",NULL,NULL,NULL,NULL,NULL,NULL,NULL,NULL,NULL,NULL,NULL,NULL,NULL,NULL,NULL,NULL,NULL,NULL,NULL,NULL
eafa9aad-c62a-5477-bb72-fd4bebc1922e,2026-09-08T00:00:00,2026-09-08T00:00:00,0,SRD_5_2,Staff of Swarming Insects,STAFF,RARE,NULL,NULL,true,"by a Bard, Cleric, Druid, Sorcerer, Warlock, or Wizard",NULL,NULL,"This staff has 10 charges.

Insect Cloud. While holding the staff, you can take a Magic action and expend 1 charge to cause a swarm of harmless flying insects to fill a 30-foot Emanation originating from you. The insects remain for 10 minutes, making the area Heavily Obscured for creatures other than you. A strong wind (like that created by Gust of Wind) disperses the swarm and ends the effect.

Spells. While holding the staff, you can cast one of the spells on the following table from it, using your spell save DC and spell attack modifier. The table indicates how many charges you must expend to cast the spell.

Spell  Charge
Cost
Giant Insect  4
Insect Plague  5

Regaining Charges. The staff regains 1d6 + 4 expended charges daily at dawn. If you expend the last charge, roll 1d20. On a 1, a swarm of insects consumes and destroys the staff, then disperses.",NULL,NULL,NULL,NULL,NULL,NULL,NULL,NULL,NULL,NULL,NULL,NULL,NULL,NULL,NULL,NULL,NULL,NULL,NULL,NULL
c1293356-02d2-5077-aa44-365f4e4e72d6,2026-09-08T00:00:00,2026-09-08T00:00:00,0,SRD_5_2,Staff of the Magi,STAFF,LEGENDARY,NULL,NULL,true,"by a Sorcerer, Warlock, or Wizard",NULL,NULL,"This staff has 50 charges and can be wielded as a magic Quarterstaff that grants a +2 bonus to attack rolls and damage rolls made with it. While you hold it, you gain a +2 bonus to spell attack rolls.

Spell Absorption. While holding the staff, you have Advantage on saving throws against spells. In addition, you can take a Reaction when another creature casts a spell that targets only you. If you do, the staff absorbs the magic of the spell, canceling its effect and gaining a number of charges equal to the absorbed spell's level. However, if doing so brings the staff's total number of charges above 50, the staff explodes as if you activated its Retributive Strike (see below).

Spells. While holding the staff, you can cast one of the spells on the following table from it, using your spell save DC. The table indicates how many charges you must expend to cast the spell.

Charge
Spell  Cost
Arcane Lock  0
Conjure Elemental  7
Detect Magic  0
Dispel Magic  3
Enlarge/Reduce  0
Fireball (level 7 version)  7
Flaming Sphere  2
Ice Storm  4
Invisibility  2
Knock  2
Light  0
Lightning Bolt (level 7 version)  7
Charge
Spell  Cost
Mage Hand  0
Passwall  5
Plane Shift  7
Protection from Evil and Good  0
Telekinesis  5
Wall of Fire  4
Web  2

Regaining Charges. The staff regains 4d6 + 2 expended charges daily at dawn. If you expend the last charge, roll 1d20. On a 20, the staff regains 1d12 + 1 charges.

Retributive Strike. You can take a Magic action to break the staff over your knee or against a solid surface. The staff is destroyed and releases its magic in an explosion that fills a 30-foot Emanation originating from itself. You have a 50 percent chance to instantly travel to a random plane of existence, avoiding the explosion. If you fail to avoid the effect, you take Force damage equal to 16 times the number of charges in the staff. Each other creature in the area makes a DC 17 Dexterity saving throw. On a failed save, a creature takes Force damage equal to 6 times the number of charges in the staff. On a successful save, a creature takes half as much damage.",NULL,NULL,NULL,NULL,NULL,NULL,NULL,NULL,NULL,NULL,NULL,NULL,NULL,NULL,NULL,NULL,NULL,NULL,NULL,NULL
908b94d6-4bf9-55fb-8626-a7cbd6f977dd,2026-09-08T00:00:00,2026-09-08T00:00:00,0,SRD_5_2,Staff of the Python,STAFF,UNCOMMON,NULL,NULL,true,NULL,NULL,NULL,"As a Magic action, you can throw this staff so that it lands in an unoccupied space within 10 feet of you, causing the staff to become a Giant Constrictor Snake in that space. The snake is under your control and shares your Initiative count, taking its turn immediately after yours.

On your turn, you can mentally command the snake (no action required) if it is within 60 feet of you and you don't have the Incapacitated condition. You decide what action the snake takes and where it moves during its turn, or you can issue it a general command, such as to attack your enemies or guard a location. Absent commands from you, the snake defends itself.

As a Bonus Action, you can command the snake to revert to staff form in its current space, and you can't use the staff's property again for 1 hour. If the snake is reduced to 0 Hit Points, it dies and reverts to its staff form; the staff then shatters and is destroyed. If the snake reverts to staff form before losing all its Hit Points, it regains all of them.",NULL,NULL,NULL,NULL,NULL,NULL,NULL,NULL,NULL,NULL,NULL,NULL,NULL,NULL,NULL,NULL,NULL,NULL,NULL,NULL
196a752c-73f0-5fbc-8e31-8a4b766489e1,2026-09-08T00:00:00,2026-09-08T00:00:00,0,SRD_5_2,Staff of the Woodlands,STAFF,RARE,NULL,NULL,true,by a Druid,NULL,NULL,"This staff has 6 charges and can be wielded as a magic Quarterstaff that grants a +2 bonus to attack rolls and damage rolls made with it. While holding it, you have a +2 bonus to spell attack rolls.

Spells. While holding the staff, you can cast one of the spells on the following table from it, using your spell save DC. The table indicates how many charges you must expend to cast the spell.

Spell  Charge
Cost
Animal Friendship  1
Awaken  5
Barkskin  2
Locate Animals or Plants  2
Pass without Trace  2
Speak with Animals  1
Speak with Plants  3
Wall of Thorns  6

Tree Form. You can take a Magic action to plant one end of the staff in earth in an unoccupied space and expend 1 charge to transform the staff into a healthy tree. The tree is 60 feet tall and has a 5-foot-diameter trunk, and its branches at the top spread out in a 20-foot radius. The tree appears ordinary but radiates a faint aura of Transmutation magic that can be discerned with the Detect Magic spell. While touching the tree and using a Magic action, you return the staff to its normal form. Any creature in the tree falls when the tree reverts to a staff.

Regaining Charges. The staff regains 1d6 expended charges daily at dawn. If you expend the last charge, roll 1d20. On a 1, the staff loses its properties and becomes a nonmagical Quarterstaff.",NULL,NULL,NULL,NULL,NULL,NULL,NULL,NULL,NULL,NULL,NULL,NULL,NULL,NULL,NULL,NULL,NULL,NULL,NULL,NULL
fc779a34-f953-5457-b341-60efc3533694,2026-09-08T00:00:00,2026-09-08T00:00:00,0,SRD_5_2,Staff of Thunder and Lightning,STAFF,VERY_RARE,NULL,NULL,true,NULL,NULL,NULL,"This staff can be wielded as a magic Quarterstaff that grants a +2 bonus to attack rolls and damage rolls made with it. It also has the following additional properties. Once one of these properties is used, it can't be used again until the next dawn.

Lightning. When you hit with a melee attack using the staff, you can cause the target to take an extra 2d6 Lightning damage (no action required).

Thunder. When you hit with a melee attack using the staff, you can cause the staff to emit a crack of thunder audible out to 300 feet (no action required). The target you hit must succeed on a DC 17 Constitution saving throw or have the Stunned condition until the end of your next turn.

Thunder and Lightning. Immediately after you hit with a melee attack using the staff, you can take a Bonus Action to use the Lightning and Thunder properties (see above) at the same time. Doing so doesn't expend the daily use of those properties, only the use of this one.

Lightning Strike. You can take a Magic action to cause a bolt of lightning to leap from the staff's tip in a Line that is 5 feet wide and 120 feet long. Each creature in that Line makes a DC 17 Dexterity saving throw, taking 9d6 Lightning damage on a failed save or half as much damage on a successful one.

Thunderclap. You can take a Magic action to cause the staff to produce a thunderclap audible out to 600 feet. Every creature within a 60-foot Emanation originating from you makes a DC 17 Constitution saving throw. On a failed save, a creature takes 2d6 Thunder damage and has the Deafened condition for 1 minute. On a successful save, a creature takes half as much damage only.",NULL,NULL,NULL,NULL,NULL,NULL,NULL,NULL,NULL,NULL,NULL,NULL,NULL,NULL,NULL,NULL,NULL,NULL,NULL,NULL
267f95a5-1e4a-5e66-80c5-f155dfc6cead,2026-09-08T00:00:00,2026-09-08T00:00:00,0,SRD_5_2,Staff of Withering,STAFF,RARE,NULL,NULL,true,NULL,NULL,NULL,"This staff has 3 charges and regains 1d3 expended charges daily at dawn.

The staff can be wielded as a magic Quarterstaff. On a hit, it deals damage as a normal Quarterstaff, and you can expend 1 charge to deal an extra 2d10 Necrotic damage to the target and force it to make a DC 15 Constitution saving throw. On a failed save, the target has Disadvantage for 1 hour on any ability check or saving throw that uses Strength or Constitution.",NULL,NULL,NULL,NULL,NULL,NULL,NULL,NULL,NULL,NULL,NULL,NULL,NULL,NULL,NULL,NULL,NULL,NULL,NULL,NULL
de6f721e-bc94-5331-87f9-123de36d9c26,2026-09-08T00:00:00,2026-09-08T00:00:00,0,SRD_5_2,Stone of Controlling Earth Elementals,WONDROUS_ITEM,RARE,NULL,NULL,false,NULL,NULL,NULL,"While touching this 5-pound stone to the ground, you can take a Magic action to summon an Earth Elemental. The elemental appears in an unoccupied space you choose within 30 feet of yourself, obeys your commands, and takes its turn immediately after you on your Initiative count. The elemental disappears after 1 hour, when it dies, or when you dismiss it as a Bonus Action. The stone can't be used this way again until the next dawn.",NULL,NULL,NULL,NULL,NULL,NULL,NULL,NULL,NULL,NULL,NULL,NULL,NULL,NULL,NULL,NULL,NULL,NULL,NULL,NULL
bd126c75-3889-5a07-8428-013e68f484b4,2026-09-08T00:00:00,2026-09-08T00:00:00,0,SRD_5_2,Stone of Good Luck (Luckstone),WONDROUS_ITEM,UNCOMMON,NULL,NULL,true,NULL,NULL,NULL,"While this polished agate is on your person, you gain a +1 bonus to ability checks and saving throws.",NULL,NULL,NULL,NULL,NULL,NULL,NULL,NULL,NULL,NULL,NULL,NULL,NULL,NULL,NULL,NULL,NULL,NULL,NULL,NULL
d4cf5cac-b0de-52ae-91d3-980e9c4255a2,2026-09-08T00:00:00,2026-09-08T00:00:00,0,SRD_5_2,Sun Blade,WEAPON,RARE,NULL,Longsword,true,NULL,NULL,NULL,"This item appears to be a sword hilt.

Blade of Radiance. While grasping the hilt, you can take a Bonus Action to cause a blade of pure radiance to spring into existence or make the blade disappear. While the blade exists, this magic weapon functions as a Longsword with the Finesse property. If you are proficient with Longswords or Shortswords, you are proficient with the Sun Blade.

You gain a +2 bonus to attack rolls and damage rolls made with this weapon, which deals Radiant damage instead of Slashing damage. When you hit an Undead with it, that target takes an extra 1d8 Radiant damage.

Sunlight. The sword's luminous blade emits Bright Light in a 15-foot radius and Dim Light for an additional 15 feet. The light is sunlight. While the blade persists, you can take a Magic action to expand or reduce its radius of Bright Light and Dim Light by 5 feet each, to a maximum of 30 feet each or a minimum of 10 feet each.",NULL,NULL,NULL,NULL,NULL,NULL,NULL,NULL,NULL,NULL,NULL,NULL,NULL,NULL,NULL,NULL,NULL,NULL,NULL,NULL
cd95dfa7-7c74-52e4-836d-f1a6c11069a4,2026-09-08T00:00:00,2026-09-08T00:00:00,0,SRD_5_2,Sword of Life Stealing,WEAPON,RARE,NULL,"Glaive, Greatsword, Longsword, Rapier, Scimitar, or Shortsword",true,NULL,NULL,NULL,"When you attack a creature with this magic weapon and roll a 20 on the d20 for the attack roll, that target takes an extra 15 Necrotic damage if it isn't a Construct or an Undead, and you gain Temporary Hit Points equal to the amount of Necrotic damage taken.",NULL,NULL,NULL,NULL,NULL,NULL,NULL,NULL,NULL,NULL,NULL,NULL,NULL,NULL,NULL,NULL,NULL,NULL,NULL,NULL
327cac0c-c0e3-5877-933e-86e70ef8729b,2026-09-08T00:00:00,2026-09-08T00:00:00,0,SRD_5_2,Sword of Sharpness,WEAPON,VERY_RARE,NULL,"Glaive, Greatsword, Longsword, or Scimitar",true,NULL,NULL,NULL,"When you attack an object with this magic weapon and hit, maximize your weapon damage dice against the target.

When you attack a creature with this weapon and roll a 20 on the d20 for the attack roll, that target takes an extra 14 Slashing damage and gains 1 Exhaustion level.",NULL,NULL,NULL,NULL,NULL,NULL,NULL,NULL,NULL,NULL,NULL,NULL,NULL,NULL,NULL,NULL,NULL,NULL,NULL,NULL
6fb8fd2f-7cf6-559c-92a4-52fef582221d,2026-09-08T00:00:00,2026-09-08T00:00:00,0,SRD_5_2,Sword of Wounding,WEAPON,RARE,NULL,"Glaive, Greatsword, Longsword, Rapier, Scimitar, or Shortsword",true,NULL,NULL,NULL,"When you hit a creature with an attack using this magic weapon, the target takes an extra 2d6 Necrotic damage and must succeed on a DC 15 Constitution saving throw or be unable to regain Hit Points for 1 hour. The target repeats the save at the end of each of its turns, ending the effect on itself on a success.",NULL,NULL,NULL,NULL,NULL,NULL,NULL,NULL,NULL,NULL,NULL,NULL,NULL,NULL,NULL,NULL,NULL,NULL,NULL,NULL
ec9898c7-5576-5d81-8f72-e2ed7e17e629,2026-09-08T00:00:00,2026-09-08T00:00:00,0,SRD_5_2,Talisman of Pure Good,WONDROUS_ITEM,LEGENDARY,NULL,NULL,true,by a Cleric or Paladin,NULL,NULL,"This talisman is a mighty symbol of goodness. A Fiend or an Undead that touches the talisman takes 8d6 Radiant damage and takes the damage again each time it ends its turn holding or carrying the talisman.

Holy Symbol. You can use the talisman as a Holy Symbol. You gain a +2 bonus to spell attack rolls while you wear or hold it.

Pure Rebuke. The talisman has 7 charges. While wearing or holding the talisman, you can take a Magic action to expend 1 charge and target one creature you can see on the ground within 120 feet of yourself. A flaming fissure opens under the target, and the target makes a DC 20 Dexterity saving throw. If the target is a Fiend or an Undead, it has Disadvantage on the save. On a failed save, the target falls into the fissure and is destroyed, leaving no remains. On a successful save, the target isn't cast into the fissure but takes 4d6 Psychic damage from the ordeal. In either case, the fissure then closes, leaving no trace of its existence. When you expend the last charge, the talisman disperses into motes of golden light and is destroyed.",NULL,NULL,NULL,NULL,NULL,NULL,NULL,NULL,NULL,NULL,NULL,NULL,NULL,NULL,NULL,NULL,NULL,NULL,NULL,NULL
14dd2d03-8a5c-57a2-9989-2eaaec3af615,2026-09-08T00:00:00,2026-09-08T00:00:00,0,SRD_5_2,Talisman of the Sphere,WONDROUS_ITEM,LEGENDARY,NULL,NULL,true,NULL,NULL,NULL,"While holding or wearing this talisman, you have Advantage on any Intelligence (Arcana) check you make to control a Sphere of Annihilation. In addition, when you start your turn in control of a Sphere of Annihilation, you can take a Magic action to move it 10 feet plus a number of additional feet equal to 10 times your Intelligence modifier. This movement doesn't have to be in a straight line.",NULL,NULL,NULL,NULL,NULL,NULL,NULL,NULL,NULL,NULL,NULL,NULL,NULL,NULL,NULL,NULL,NULL,NULL,NULL,NULL
894caf97-6013-5865-977e-e49b7a5811a6,2026-09-08T00:00:00,2026-09-08T00:00:00,0,SRD_5_2,Talisman of Ultimate Evil,WONDROUS_ITEM,LEGENDARY,NULL,NULL,true,NULL,NULL,NULL,"This item symbolizes unrepentant evil. A creature that isn't a Fiend or an Undead that touches the talisman takes 8d6 Necrotic damage and takes the damage again each time it ends its turn holding or carrying the talisman.

Holy Symbol. You can use the talisman as a Holy Symbol. You gain a +2 bonus to spell attack rolls while you wear or hold it.

Ultimate End. The talisman has 6 charges. While wearing or holding the talisman, you can take a Magic action to expend 1 charge and target one creature you can see on the ground within 120 feet of yourself. A flaming fissure opens under the target, and the target makes a DC 20 Dexterity saving throw. If the target is a Celestial, it has Disadvantage on the save. On a failed save, the target falls into the fissure and is destroyed, leaving no remains. On a successful save, the target isn't cast into the fissure but takes 4d6 Psychic damage from the ordeal. In either case, the fissure then closes, leaving no trace of its existence. When you expend the last charge, the talisman dissolves into foul-smelling slime and is destroyed.",NULL,NULL,NULL,NULL,NULL,NULL,NULL,NULL,NULL,NULL,NULL,NULL,NULL,NULL,NULL,NULL,NULL,NULL,NULL,NULL
f250f29e-ce58-5e12-bc28-e1a91a6e7bc5,2026-09-08T00:00:00,2026-09-08T00:00:00,0,SRD_5_2,Thunderous Greatclub,WEAPON,VERY_RARE,NULL,Greatclub,true,NULL,NULL,NULL,"While you are attuned to this magic weapon, your Strength is 20 unless your Strength is already equal to or greater than that score. The weapon deals an extra 1d8 Thunder damage to any creature it hits and an extra 3d8 Thunder damage to objects it hits that aren't being worn or carried.

The weapon has the following additional properties.

Clap of Thunder. As a Magic action, you can strike the weapon against a hard surface to create a loud clap of thunder audible out to 300 feet. You also create a 30-foot Cone of thunderous energy. Each creature in the Cone must succeed on a DC 15 Strength saving throw or have the Prone condition. Nonmagical objects in the Cone that aren't being worn or carried take 3d8 Thunder damage.

Earthquake. As a Magic action, you can strike the weapon against the ground to create an intense seismic disturbance in a 50-foot-radius circle centered on the point of impact. Structures in contact with the ground in that area take 50 Bludgeoning damage, and each creature on the ground in that area must succeed on a DC 20 Dexterity saving throw or have the Prone condition. If that creature is also concentrating, it must succeed on a DC 20 Constitution saving throw, or its Concentration is broken. In addition, you can cause a 30-foot-deep, 10-foot-wide fissure to open up on the ground anywhere in the area. Any creature on a spot where the fissure opens must make a DC 20 Dexterity saving throw, falling into the fissure on a failed save or moving with the fissure's edge on a successful one. Any structure on a spot where the fissure opens collapses into the fissure. Once you use this property, it can't be used again until the next dawn.",NULL,NULL,NULL,NULL,NULL,NULL,NULL,NULL,NULL,NULL,NULL,NULL,NULL,NULL,NULL,NULL,NULL,NULL,NULL,NULL
8a05e83a-9eea-5da6-b312-1e7c6e7315b2,2026-09-08T00:00:00,2026-09-08T00:00:00,0,SRD_5_2,Tome of Clear Thought,WONDROUS_ITEM,VERY_RARE,NULL,NULL,false,NULL,NULL,NULL,"This book contains memory and logic exercises, and its words are charged with magic. If you spend 48 hours over a period of 6 days or fewer studying the book's contents and practicing its guidelines, your Intelligence increases by 2, to a maximum of 30. The manual then loses its magic but regains it in a century.

Tome of Leadership and Influence

Wondrous Item, Very Rare This book contains guidelines for influencing and charming others, and its words are charged with magic. If you spend 48 hours over a period of 6 days or fewer studying the book's contents and practicing its guidelines, your Charisma increases by 2, to a maximum of 30. The manual then loses its magic but regains it in a century.",NULL,NULL,NULL,NULL,NULL,NULL,NULL,NULL,NULL,NULL,NULL,NULL,NULL,NULL,NULL,NULL,NULL,NULL,NULL,NULL
6d490e8a-5f53-5782-993a-39a357802c26,2026-09-08T00:00:00,2026-09-08T00:00:00,0,SRD_5_2,Tome of Understanding,WONDROUS_ITEM,VERY_RARE,NULL,NULL,false,NULL,NULL,NULL,"This book contains intuition and insight exercises, and its words are charged with magic. If you spend 48 hours over a period of 6 days or fewer studying the book's contents and practicing its guidelines, your Wisdom increases by 2, to a maximum of 30. The manual then loses its magic, but regains it in a century.",NULL,NULL,NULL,NULL,NULL,NULL,NULL,NULL,NULL,NULL,NULL,NULL,NULL,NULL,NULL,NULL,NULL,NULL,NULL,NULL
625e89d3-6a8c-5718-ae04-74aa5deadaae,2026-09-08T00:00:00,2026-09-08T00:00:00,0,SRD_5_2,Trident of Fish Command,WEAPON,UNCOMMON,NULL,Trident,true,NULL,NULL,NULL,"This magic weapon has 3 charges, and it regains 1d3 expended charges daily at dawn. While you carry it, you can expend 1 charge to cast Dominate Beast (save DC 15) from it on a Beast that has a Swim Speed.",NULL,NULL,NULL,NULL,NULL,NULL,NULL,NULL,NULL,NULL,NULL,NULL,NULL,NULL,NULL,NULL,NULL,NULL,NULL,NULL
7c4d991f-70e9-5f3a-8f49-b8f334f1d8b6,2026-09-08T00:00:00,2026-09-08T00:00:00,0,SRD_5_2,Universal Solvent,WONDROUS_ITEM,LEGENDARY,NULL,NULL,false,NULL,NULL,NULL,"This tube holds milky liquid with a strong alcohol smell. When found, a tube contains 1d6 + 1 ounces.

You can take a Utilize action to pour 1 or more ounces of solvent from the tube onto a surface within reach. Each ounce instantly dissolves up to 1 square foot of adhesive it touches, including Sovereign Glue.",NULL,NULL,NULL,NULL,NULL,NULL,NULL,NULL,NULL,NULL,NULL,NULL,NULL,NULL,NULL,NULL,NULL,NULL,NULL,NULL
2a9faea7-238d-5ba0-a769-0e4a0d678490,2026-09-08T00:00:00,2026-09-08T00:00:00,0,SRD_5_2,Vicious Weapon,WEAPON,RARE,NULL,Any Simple or Martial,false,NULL,NULL,NULL,This magic weapon deals an extra 2d6 damage to any creature it hits. This extra damage is of the same type as the weapon's normal damage.,NULL,NULL,NULL,NULL,NULL,NULL,NULL,NULL,NULL,NULL,NULL,NULL,NULL,NULL,NULL,NULL,NULL,NULL,NULL,NULL
3a0330de-a041-5abf-81a4-60ddaf869e8d,2026-09-08T00:00:00,2026-09-08T00:00:00,0,SRD_5_2,Vorpal Sword,WEAPON,LEGENDARY,NULL,"Glaive, Greatsword, Longsword, or Scimitar",true,NULL,NULL,NULL,"You gain a +3 bonus to attack rolls and damage rolls made with this magic weapon. In addition, the weapon ignores Resistance to Slashing damage.

When you use this weapon to attack a creature that has at least one head and roll a 20 on the d20 for the attack roll, you cut off one of the creature's heads. The creature dies if it can't survive without the lost head. A creature is immune to this effect if it has Immunity to Slashing damage, if it doesn't have or need a head, or if the GM decides that the creature is too big for its head to be cut off with this weapon. Such a creature instead takes an extra 30 Slashing damage from the hit. If the creature has Legendary Resistance, it can expend one daily use of that trait to avoid losing its head, taking the extra damage instead.",NULL,NULL,NULL,NULL,NULL,NULL,NULL,NULL,NULL,NULL,NULL,NULL,NULL,NULL,NULL,NULL,NULL,NULL,NULL,NULL
9f308f4b-866d-5307-8711-040ff7d9915e,2026-09-08T00:00:00,2026-09-08T00:00:00,0,SRD_5_2,Wand of Binding,WAND,RARE,NULL,NULL,true,NULL,NULL,NULL,"This wand has 7 charges.

Spells. While holding the wand, you can cast one of the spells (save DC 17) on the following table from it. The table indicates how many charges you must expend to cast the spell.

Spell  Charge
Cost
Hold Monster  5
Hold Person  2

Regaining Charges. The wand regains 1d6 + 1 expended charges daily at dawn. If you expend the wand's last charge, roll 1d20. On a 1, the wand crumbles into ashes and is destroyed.",NULL,NULL,NULL,NULL,NULL,NULL,NULL,NULL,NULL,NULL,NULL,NULL,NULL,NULL,NULL,NULL,NULL,NULL,NULL,NULL
55a7cde5-c8c7-559e-8eb5-bfa7b6335bbd,2026-09-08T00:00:00,2026-09-08T00:00:00,0,SRD_5_2,Wand of Enemy Detection,WAND,RARE,NULL,NULL,true,NULL,NULL,NULL,"This wand has 7 charges. While holding it, you can take a Magic action to expend 1 charge. For 1 minute, you know the direction of the nearest creature Hostile to you within 60 feet, but not its distance from you. The wand can sense the presence of Hostile creatures that are Invisible, ethereal, disguised, or hidden, as well as those in plain sight. The effect ends if you stop holding the wand.

Regaining Charges. The wand regains 1d6 + 1 expended charges daily at dawn. If you expend the wand's last charge, roll 1d20. On a 1, the wand crumbles into ashes and is destroyed.",NULL,NULL,NULL,NULL,NULL,NULL,NULL,NULL,NULL,NULL,NULL,NULL,NULL,NULL,NULL,NULL,NULL,NULL,NULL,NULL
0570827c-e138-5ece-905f-ca00e4272607,2026-09-08T00:00:00,2026-09-08T00:00:00,0,SRD_5_2,Wand of Fear,WAND,RARE,NULL,NULL,true,NULL,NULL,NULL,"This wand has 7 charges.

Spells. While holding the wand, you can cast one of the spells (save DC 15) on the following table from it. The table indicates how many charges you must expend to cast the spell.

Charge
Spell  Cost
Command (""flee"" or ""grovel"" only)  1
Fear (60-foot Cone)  3

Regaining Charges. The wand regains 1d6 + 1 expended charges daily at dawn. If you expend the wand's last charge, roll 1d20. On a 1, the wand crumbles into ashes and is destroyed.",NULL,NULL,NULL,NULL,NULL,NULL,NULL,NULL,NULL,NULL,NULL,NULL,NULL,NULL,NULL,NULL,NULL,NULL,NULL,NULL
433900ef-dd4f-56e4-bf71-9fd58467f680,2026-09-08T00:00:00,2026-09-08T00:00:00,0,SRD_5_2,Wand of Fireballs,WAND,RARE,NULL,NULL,true,by a Spellcaster,NULL,NULL,"This wand has 7 charges. While holding it, you can expend no more than 3 charges to cast Fireball (save DC 15) from it. For 1 charge, you cast the level 3 version of the spell. You can increase the spell's level by 1 for each additional charge you expend.

Regaining Charges. The wand regains 1d6 + 1 expended charges daily at dawn. If you expend the wand's last charge, roll 1d20. On a 1, the wand crumbles into ashes and is destroyed.",NULL,NULL,NULL,NULL,NULL,NULL,NULL,NULL,NULL,NULL,NULL,NULL,NULL,NULL,NULL,NULL,NULL,NULL,NULL,NULL
987ddc36-24cf-5473-bea3-afdcdbfc527e,2026-09-08T00:00:00,2026-09-08T00:00:00,0,SRD_5_2,Wand of Lightning Bolts,WAND,RARE,NULL,NULL,true,by a Spellcaster,NULL,NULL,"This wand has 7 charges. While holding it, you can expend no more than 3 charges to cast Lightning Bolt (save DC 15) from it. For 1 charge, you cast the level 3 version of the spell. You can increase the spell's level by 1 for each additional charge you expend.

Regaining Charges. The wand regains 1d6 + 1 expended charges daily at dawn. If you expend the wand's last charge, roll 1d20. On a 1, the wand crumbles into ashes and is destroyed.",NULL,NULL,NULL,NULL,NULL,NULL,NULL,NULL,NULL,NULL,NULL,NULL,NULL,NULL,NULL,NULL,NULL,NULL,NULL,NULL
3f5d789d-08b6-5511-bdc4-a53a2d3636dd,2026-09-08T00:00:00,2026-09-08T00:00:00,0,SRD_5_2,Wand of Magic Detection,WAND,UNCOMMON,NULL,NULL,false,NULL,NULL,NULL,"This wand has 3 charges. While holding it, you can expend 1 charge to cast Detect Magic from it. The wand regains 1d3 expended charges daily at dawn.",NULL,NULL,NULL,NULL,NULL,NULL,NULL,NULL,NULL,NULL,NULL,NULL,NULL,NULL,NULL,NULL,NULL,NULL,NULL,NULL
7dc5a13b-50b3-51b5-b629-9dcd5fcdf240,2026-09-08T00:00:00,2026-09-08T00:00:00,0,SRD_5_2,Wand of Magic Missiles,WAND,UNCOMMON,NULL,NULL,false,NULL,NULL,NULL,"This wand has 7 charges. While holding it, you can expend no more than 3 charges to cast Magic Missile from it. For 1 charge, you cast the level 1 version of the spell. You can increase the spell's level by 1 for each additional charge you expend.

Regaining Charges. The wand regains 1d6 + 1 expended charges daily at dawn. If you expend the wand's last charge, roll 1d20. On a 1, the wand crumbles into ashes and is destroyed.",NULL,NULL,NULL,NULL,NULL,NULL,NULL,NULL,NULL,NULL,NULL,NULL,NULL,NULL,NULL,NULL,NULL,NULL,NULL,NULL
3f048a2b-5bbd-5fcb-be33-bc6632809440,2026-09-08T00:00:00,2026-09-08T00:00:00,0,SRD_5_2,Wand of Paralysis,WAND,RARE,NULL,NULL,true,by a Spellcaster,NULL,NULL,"This wand has 7 charges. While holding it, you can take a Magic action to expend 1 charge to cause a thin blue ray to streak from the tip toward a creature you can see within 60 feet of yourself. The target must succeed on a DC 15 Constitution saving throw or have the Paralyzed condition for 1 minute. At the end of each of the target's turns, it repeats the save, ending the effect on itself on a success.

Regaining Charges. The wand regains 1d6 + 1 expended charges daily at dawn. If you expend the wand's last charge, roll 1d20. On a 1, the wand crumbles into ashes and is destroyed.",NULL,NULL,NULL,NULL,NULL,NULL,NULL,NULL,NULL,NULL,NULL,NULL,NULL,NULL,NULL,NULL,NULL,NULL,NULL,NULL
a6da550d-97bb-52cb-8a32-f41c4b9e4ab2,2026-09-08T00:00:00,2026-09-08T00:00:00,0,SRD_5_2,Wand of Polymorph,WAND,VERY_RARE,NULL,NULL,true,by a Spellcaster,NULL,NULL,"This wand has 7 charges. While holding it, you can expend 1 charge to cast Polymorph (save DC 15) from it.

Regaining Charges. The wand regains 1d6 + 1 expended charges daily at dawn. If you expend the wand's last charge, roll 1d20. On a 1, the wand crumbles into ashes and is destroyed.",NULL,NULL,NULL,NULL,NULL,NULL,NULL,NULL,NULL,NULL,NULL,NULL,NULL,NULL,NULL,NULL,NULL,NULL,NULL,NULL
6553cf50-c3dc-5da3-9aad-8f5e9a17b607,2026-09-08T00:00:00,2026-09-08T00:00:00,0,SRD_5_2,Wand of Secrets,WAND,UNCOMMON,NULL,NULL,false,NULL,NULL,NULL,"This wand has 3 charges and regains 1d3 expended charges daily at dawn. While holding it, you can take a Magic action to expend 1 charge, and if a secret door or trap is within 60 feet of you, the wand pulses and points at the one nearest to you.",NULL,NULL,NULL,NULL,NULL,NULL,NULL,NULL,NULL,NULL,NULL,NULL,NULL,NULL,NULL,NULL,NULL,NULL,NULL,NULL
7aed903e-8de4-5499-86d2-39042fdb4810,2026-09-08T00:00:00,2026-09-08T00:00:00,0,SRD_5_2,"Wand of the War Mage, +1, +2, or +3",WAND,VARIES,"Uncommon (+1), Rare (+2), Very Rare (+3)",NULL,true,by a Spellcaster,NULL,NULL,"While holding this wand, you gain a bonus to spell attack rolls determined by the wand's rarity. In addition, you ignore Half Cover when making a spell attack roll.",NULL,NULL,NULL,NULL,NULL,NULL,NULL,NULL,NULL,NULL,NULL,NULL,NULL,NULL,NULL,NULL,NULL,NULL,NULL,NULL
4acceb1c-4b36-5297-8089-c9f6e1aa1745,2026-09-08T00:00:00,2026-09-08T00:00:00,0,SRD_5_2,Wand of Web,WAND,UNCOMMON,NULL,NULL,true,by a Spellcaster,NULL,NULL,"This wand has 7 charges. While holding it, you can expend 1 charge to cast Web (save DC 13) from it.

Regaining Charges. The wand regains 1d6 + 1 expended charges daily at dawn. If you expend the wand's last charge, roll 1d20. On a 1, the wand crumbles into ashes and is destroyed.",NULL,NULL,NULL,NULL,NULL,NULL,NULL,NULL,NULL,NULL,NULL,NULL,NULL,NULL,NULL,NULL,NULL,NULL,NULL,NULL
93e62f1c-4a73-5873-8efc-8c92fd570661,2026-09-08T00:00:00,2026-09-08T00:00:00,0,SRD_5_2,Wand of Wonder,WAND,RARE,NULL,NULL,true,NULL,NULL,NULL,"This wand has 7 charges. While holding it, you can take a Magic action to expend 1 charge while choosing a point within 120 feet of yourself. That location becomes the point of origin of a spell or other magical effect determined by rolling on the Wand of Wonder Effects table. Spells cast from the wand have a save DC of 15. If a spell's maximum range is normally less than 120 feet, it becomes 120 feet when cast from the wand. If an effect has multiple possible subjects, the GM determines randomly which among them are affected.

Regaining Charges. The wand regains 1d6 + 1 expended charges daily at dawn. If you expend the wand's last charge, roll 1d20. On a 1, the wand crumbles into dust and is destroyed.

Wand of Wonder Effects
1d100 Effect
01-20 You cast a spell originating from the chosen
point. Roll 1d10 to determine the spell: on a
1-2, Darkness; on a 3-4, Faerie Fire; on a 5-6,
Fireball; on a 7-8, Slow; on a 9-10, Stinking
Cloud.
21-25 Nothing happens at the chosen point of origin.
Instead, you have the Stunned condition until
the start of your next turn, believing some-
thing awesome just happened.
26-30 You cast Gust of Wind. The Line created by the
spell extends from you to the chosen point of
origin.
31-35 Nothing happens at the chosen point of origin.
Instead, you take 1d6 Psychic damage.
36-40 Heavy rain falls for 1 minute in a 120-foot-
high, 60-foot-radius Cylinder centered on the
chosen point of origin. During that time, the
area of effect is Lightly Obscured.
41-45 A cloud of 600 oversized butterflies fills a
60-foot-high, 30-foot-radius Cylinder centered
on the chosen point of origin. The butterflies
remain for 10 minutes, during which time the
area of effect is Heavily Obscured.
46-50 You cast Lightning Bolt. The Line created by the
spell extends from you to the chosen point of
origin.
51-55 The creature closest to the chosen point of
origin is enlarged as if you had cast Enlarge/
Reduce affected by that spell, you become the target instead. on it. If the target isn't you and can't be
56-60 A magically formed creature appears in an
unoccupied space as close to the chosen point
of origin as possible. The creature isn't under
your control, acts as it normally would, and
disappears after 1 hour or when it drops to 0
Hit Points. Roll 1d4 to determine which crea-
ture appears. On a 1, a Rhinoceros appears;
on a 2, an Elephant appears; and on a 3-4, a
Rat appears.
61-64 Grass covers a 60-foot-radius circle of ground,
with the center of that circle as close to the
chosen point of origin as possible. Grass that's
already there grows to ten times its normal
size and remains overgrown for 1 minute.
1d100 Effect
65-68 An object of the GM's choice disappears into
the Ethereal Plane. The object must be neither
worn nor carried, within 120 feet of the cho-
sen point of origin, and no larger than 10 feet
in any dimension. If there are no such objects
in range, nothing happens.
69-72 Nothing happens at the chosen point of origin.
Instead, you shrink as if you had cast Enlarge/
Reduce 1 minute. on yourself and remain in that state for
73-77 Leaves grow from the creature nearest to the
chosen point of origin. Unless they are picked
off, the leaves turn brown and fall off after 24
hours.
78-82 Nothing happens at the chosen point of origin.
Instead, a burst of colorful, shimmering light
extends from you in a 30-foot Emanation.
Each creature in the area must succeed on a
DC 15 Constitution saving throw or have the
Blinded condition for 1 minute. A creature re-
peats the save at the end of each of its turns,
ending the effect on itself on a success.
83-87 Nothing happens at the chosen point of origin.
Instead, you cast Invisibility on yourself.
88-92 Nothing happens at the chosen point of ori-
gin. Instead, a stream of 1d4 × 10 gems, each
worth 1 GP, shoots from the wand's tip in a
Line 30 feet long and 5 feet wide toward the
chosen point of origin. Each gem deals 1 Blud-
geoning damage, and the total damage of the
gems is divided equally among all creatures in
the Line.
93-97 You cast Polymorph, targeting the creature
closest to the chosen point of origin. Roll 1d4
to determine the target's new form. On a 1,
the new form is a Black Bear; on a 2, the
new form is a Giant Wasp; on a 3-4, the new
form is a Frog.
98-00 The creature closest to the chosen point of
origin makes a DC 15 Constitution saving
throw. On a failed save, the creature has the
Restrained condition and begins to turn to
stone. While Restrained in this way, the crea-
ture repeats the save at the end of its next
turn. On a successful save, the effect ends.
On a failed save, the creature has the Petrified
condition instead of the Restrained condition.
The petrification lasts until the creature is
freed by the magic.Greater Restoration spell or similar",NULL,NULL,NULL,NULL,NULL,NULL,NULL,NULL,NULL,NULL,NULL,NULL,NULL,NULL,NULL,NULL,NULL,NULL,NULL,NULL
bc0ac384-c74a-5030-a9b1-18013b081290,2026-09-08T00:00:00,2026-09-08T00:00:00,0,SRD_5_2,"Weapon, +1, +2, or +3",WEAPON,VARIES,"Uncommon (+1), Rare (+2), Very Rare (+3)",Any Simple or Martial,false,NULL,NULL,NULL,You have a bonus to attack rolls and damage rolls made with this magic weapon. The bonus is determined by the weapon's rarity.,NULL,NULL,NULL,NULL,NULL,NULL,NULL,NULL,NULL,NULL,NULL,NULL,NULL,NULL,NULL,NULL,NULL,NULL,NULL,NULL
eb0c4555-77ca-5843-a162-8f1cb43cda84,2026-09-08T00:00:00,2026-09-08T00:00:00,0,SRD_5_2,Weapon of Warning,WEAPON,UNCOMMON,NULL,Any Simple or Martial,true,NULL,NULL,NULL,"As long as this weapon is within your reach and you are attuned to it, you and allies within 30 feet of you gain the following benefits.

Alarm. The weapon magically awakens each subject who is sleeping naturally when combat begins. This benefit doesn't wake a subject from magically induced sleep.

Supernatural Readiness. Each subject has Advantage on its Initiative rolls.",NULL,NULL,NULL,NULL,NULL,NULL,NULL,NULL,NULL,NULL,NULL,NULL,NULL,NULL,NULL,NULL,NULL,NULL,NULL,NULL
e965671d-8204-56b0-9dec-d359df62d29b,2026-09-08T00:00:00,2026-09-08T00:00:00,0,SRD_5_2,Well of Many Worlds,WONDROUS_ITEM,LEGENDARY,NULL,NULL,false,NULL,NULL,NULL,"This fine black cloth, soft as silk, is folded up to the dimensions of a handkerchief. It unfolds into a circular sheet 6 feet in diameter.

You can take a Magic action to unfold the Well of Many Worlds and place it on a solid surface, whereupon it forms a two-way, 6-foot-diameter, circular portal to another world or plane of existence. Each time the item opens a portal, the GM decides where it leads. The portal remains open until a creature within 5 feet of it takes a Magic action to close it by taking hold of the edges of the cloth and folding it up.

Once the Well of Many Worlds has opened a portal, it can't do so again for 1d8 hours.",NULL,NULL,NULL,NULL,NULL,NULL,NULL,NULL,NULL,NULL,NULL,NULL,NULL,NULL,NULL,NULL,NULL,NULL,NULL,NULL
23dc256c-bb22-5516-b132-b889dd2f3ca5,2026-09-08T00:00:00,2026-09-08T00:00:00,0,SRD_5_2,Wind Fan,WONDROUS_ITEM,UNCOMMON,NULL,NULL,false,NULL,NULL,NULL,"While holding this fan, you can cast Gust of Wind (save DC 13) from it. Each subsequent time the fan is used before the next dawn, it has a cumulative 20 percent chance of not working; if the fan fails to work, it tears into useless, nonmagical tatters.",NULL,NULL,NULL,NULL,NULL,NULL,NULL,NULL,NULL,NULL,NULL,NULL,NULL,NULL,NULL,NULL,NULL,NULL,NULL,NULL
89d4499a-6ce3-5d71-bbf0-82510ec31a4c,2026-09-08T00:00:00,2026-09-08T00:00:00,0,SRD_5_2,Winged Boots,WONDROUS_ITEM,UNCOMMON,NULL,NULL,true,NULL,NULL,NULL,"These boots have 4 charges and regain 1d4 expended charges daily at dawn. While wearing the boots, you can take a Magic action to expend 1 charge, gaining a Fly Speed of 30 feet for 1 hour. If you are flying when the duration expires, you descend at a rate of 30 feet per round until you land.",NULL,NULL,NULL,NULL,NULL,NULL,NULL,NULL,NULL,NULL,NULL,NULL,NULL,NULL,NULL,NULL,NULL,NULL,NULL,NULL
5a99b214-f112-5d53-9e67-e8e58f8d0013,2026-09-08T00:00:00,2026-09-08T00:00:00,0,SRD_5_2,Wings of Flying,WONDROUS_ITEM,RARE,NULL,NULL,true,NULL,NULL,NULL,"While wearing this cloak, you can take a Magic action to turn the cloak into a pair of wings on your back. The wings lasts for 1 hour or until you end the effect early as a Magic action. The wings give you a Fly Speed of 60 feet. If you are aloft when the wings disappear, you fall. When the wings disappear, you can't use them again for 1d12 hours.",NULL,NULL,NULL,NULL,NULL,NULL,NULL,NULL,NULL,NULL,NULL,NULL,NULL,NULL,NULL,NULL,NULL,NULL,NULL,NULL
