id,created_at,updated_at,version,name,description,ordinal,stat_block_id,activation,legendary_cost,trigger_text,ritual,uses_reset,uses_max,recharge_min,recharge_max
71a63806-32f8-5039-be1f-87524329cf01,2026-09-08T00:00:00,2026-09-08T00:00:00,0,Amphibious,The aboleth can breathe air and water.,0,3a97722b-d731-5b16-8d48-45517a5a853b,PASSIVE,NULL,NULL,false,AT_WILL,NULL,NULL,NULL
e6d9d020-417f-5f14-87be-565a13d1d272,2026-09-08T00:00:00,2026-09-08T00:00:00,0,Eldritch Restoration,"If destroyed, the aboleth gains a new body in 5d10 days, reviving with all its Hit Points in the Far Realm or another location chosen by the GM.",1,3a97722b-d731-5b16-8d48-45517a5a853b,PASSIVE,NULL,NULL,false,AT_WILL,NULL,NULL,NULL
75cc7af5-57f1-528c-8fc1-bf4d8054db8f,2026-09-08T00:00:00,2026-09-08T00:00:00,0,Legendary Resistance,"If the aboleth fails a saving throw, it can choose to succeed instead.",2,3a97722b-d731-5b16-8d48-45517a5a853b,PASSIVE,NULL,NULL,false,PER_DAY,3,NULL,NULL
5030981c-3aff-57d5-a158-d54a88543122,2026-09-08T00:00:00,2026-09-08T00:00:00,0,Mucus Cloud,"While underwater, the aboleth is surrounded by mucus. Constitution Saving Throw: DC 14, each creature in a 5-foot Emanation originating from the aboleth at the end of the aboleth's turn. Failure: The target is cursed. Until the curse ends, the target's skin becomes slimy, the target can breathe air and water, and it can't regain Hit Points unless it is underwater. While the cursed creature is outside a body of water, the creature takes 6 (1d12) Acid damage at the end of every 10 minutes unless moisture is applied to its skin before those minutes have passed.",3,3a97722b-d731-5b16-8d48-45517a5a853b,PASSIVE,NULL,NULL,false,AT_WILL,NULL,NULL,NULL
ec61d485-de18-5459-9b42-a659a1b35b32,2026-09-08T00:00:00,2026-09-08T00:00:00,0,Probing Telepathy,"If a creature the aboleth can see communicates telepathically with the aboleth, the aboleth learns the creature's greatest desires.",4,3a97722b-d731-5b16-8d48-45517a5a853b,PASSIVE,NULL,NULL,false,AT_WILL,NULL,NULL,NULL
b7cb1ff1-37ab-5a09-b264-428927c8eab8,2026-09-08T00:00:00,2026-09-08T00:00:00,0,Multiattack,The aboleth makes two Tentacle attacks and uses either Consume Memories or Dominate Mind if available.,5,3a97722b-d731-5b16-8d48-45517a5a853b,ACTION,NULL,NULL,false,AT_WILL,NULL,NULL,NULL
149a656d-9039-56cd-b4a6-4ed4d283fb3f,2026-09-08T00:00:00,2026-09-08T00:00:00,0,Tentacle,"Melee Attack Roll: +9, reach 15 ft. Hit: 12 (2d6 + 5) Bludgeoning damage. If the target is a Large or smaller creature, it has the Grappled condition (escape DC 14) from one of four tentacles.",6,3a97722b-d731-5b16-8d48-45517a5a853b,ACTION,NULL,NULL,false,AT_WILL,NULL,NULL,NULL
8d69d00e-08f7-5ea8-8db1-8187c15c1dda,2026-09-08T00:00:00,2026-09-08T00:00:00,0,Consume Memories,"Intelligence Saving Throw: DC 16, one creature within 30 feet that is Charmed or Grappled by the aboleth. Failure: 10 (3d6) Psychic damage. Success: Half damage. Failure or Success: The aboleth gains the target's memories if the target is a Humanoid and is reduced to 0 Hit Points by this action.",7,3a97722b-d731-5b16-8d48-45517a5a853b,ACTION,NULL,NULL,false,AT_WILL,NULL,NULL,NULL
de0f7a45-315d-5e44-a9ec-fc62ac90553a,2026-09-08T00:00:00,2026-09-08T00:00:00,0,Dominate Mind,"Wisdom Saving Throw: DC 16, one creature the aboleth can see within 30 feet. Failure: The target has the Charmed condition until the aboleth dies or is on a different plane of existence from the target. While Charmed, the target acts as an ally to the aboleth and is under its control while within 60 feet of it. In addition, the aboleth and the target can communicate telepathically with each other over any distance. The target repeats the save whenever it takes damage as well as after every 24 hours it spends at least 1 mile away from the aboleth, ending the effect on itself on a success.",8,3a97722b-d731-5b16-8d48-45517a5a853b,ACTION,NULL,NULL,false,PER_DAY,2,NULL,NULL
4cfa74e1-4297-5a1f-8a9f-a89e367ea2d6,2026-09-08T00:00:00,2026-09-08T00:00:00,0,Lash,The aboleth makes one Tentacle attack.,9,3a97722b-d731-5b16-8d48-45517a5a853b,LEGENDARY,NULL,NULL,false,AT_WILL,NULL,NULL,NULL
983b70db-05c0-5da7-a000-97ded6e0a55c,2026-09-08T00:00:00,2026-09-08T00:00:00,0,Psychic Drain,"If the aboleth has at least one creature Charmed or Grappled, it uses Consume Memories and regains 5 (1d10) Hit Points.",10,3a97722b-d731-5b16-8d48-45517a5a853b,LEGENDARY,NULL,NULL,false,AT_WILL,NULL,NULL,NULL
1b2fbe6a-e74f-50e2-ac78-279e19904b81,2026-09-08T00:00:00,2026-09-08T00:00:00,0,Air Form,The elemental can enter a creature's space and stop there. It can move through a space as narrow as 1 inch without expending extra movement to do so.,0,02d56165-918f-5708-89af-3df7569c4f7f,PASSIVE,NULL,NULL,false,AT_WILL,NULL,NULL,NULL
0bc07e50-b537-508f-ba96-c6eca0398d80,2026-09-08T00:00:00,2026-09-08T00:00:00,0,Multiattack,The elemental makes two Thunderous Slam attacks.,1,02d56165-918f-5708-89af-3df7569c4f7f,ACTION,NULL,NULL,false,AT_WILL,NULL,NULL,NULL
a6a672d6-327c-50ff-92c1-55c7472b5d42,2026-09-08T00:00:00,2026-09-08T00:00:00,0,Thunderous Slam,"Melee Attack Roll: +8, reach 10 ft. Hit: 14 (2d8 + 5) Thunder damage.",2,02d56165-918f-5708-89af-3df7569c4f7f,ACTION,NULL,NULL,false,AT_WILL,NULL,NULL,NULL
51e7f06b-609f-592a-98db-7811f105275d,2026-09-08T00:00:00,2026-09-08T00:00:00,0,Whirlwind,"Strength Saving Throw: DC 13, one Medium or smaller creature in the elemental's space. Failure: 24 (4d10 + 2) Thunder damage, and the target is pushed up to 20 feet straight away from the elemental and has the Prone condition. Success: Half damage only. Animated Objects",3,02d56165-918f-5708-89af-3df7569c4f7f,ACTION,NULL,NULL,false,RECHARGE,1,4,6
3210ba19-a339-5d41-97f5-637253fd5295,2026-09-08T00:00:00,2026-09-08T00:00:00,0,Multiattack,The armor makes two Slam attacks.,0,49a0bd4b-a9f9-50b2-9bc3-629df64418ea,ACTION,NULL,NULL,false,AT_WILL,NULL,NULL,NULL
55762778-bd39-5354-bade-b0c607acea58,2026-09-08T00:00:00,2026-09-08T00:00:00,0,Slam,"Melee Attack Roll: +4, reach 5 ft. Hit: 5 (1d6 + 2) Bludgeoning damage.",1,49a0bd4b-a9f9-50b2-9bc3-629df64418ea,ACTION,NULL,NULL,false,AT_WILL,NULL,NULL,NULL
9cf83429-87e4-5931-a9b5-5bb378f4c20c,2026-09-08T00:00:00,2026-09-08T00:00:00,0,Slash,"Melee Attack Roll: +4, reach 5 ft. Hit: 6 (1d8 + 2) Slashing damage.",0,00be073f-399c-53ec-b755-86bd872fab90,ACTION,NULL,NULL,false,AT_WILL,NULL,NULL,NULL
1f99eea5-5d43-534d-98a2-f51c26794846,2026-09-08T00:00:00,2026-09-08T00:00:00,0,Smother,"Melee Attack Roll: +5, reach 5 ft. Hit: 10 (2d6 + 3) Bludgeoning damage. If the target is a Medium or smaller creature, the rug can give it the Grappled condition (escape DC 13) instead of dealing damage. Until the grapple ends, the target has the Blinded and Restrained conditions, is suffocating, and takes 10 (2d6 + 3) Bludgeoning damage at the start of each of its turns. The rug can smother only one creature at a time. While grappling the target, the rug can't take this action, the rug halves the damage it takes (round down), and the target takes the same amount of damage.",0,a088256d-750f-5976-a8d0-29afc20ed1ae,ACTION,NULL,NULL,false,AT_WILL,NULL,NULL,NULL
ee90f4dd-8d23-5cde-88c5-a7977e97df49,2026-09-08T00:00:00,2026-09-08T00:00:00,0,Tunneler,The ankheg can burrow through solid rock at half its Burrow Speed and leaves a 10-foot-diameter tunnel in its wake.,0,a3c0f2aa-e536-5f85-b152-49e28effcd22,PASSIVE,NULL,NULL,false,AT_WILL,NULL,NULL,NULL
8c3d4bb1-3a4e-518e-aa8f-f71214ae52ab,2026-09-08T00:00:00,2026-09-08T00:00:00,0,Bite,"Melee Attack Roll: +5 (with Advantage if the target is Grappled by the ankheg), reach 5 ft. Hit: 10 (2d6 + 3) Slashing damage plus 3 (1d6) Acid damage. If the target is a Large or smaller creature, it has the Grappled condition (escape DC 13).",1,a3c0f2aa-e536-5f85-b152-49e28effcd22,ACTION,NULL,NULL,false,AT_WILL,NULL,NULL,NULL
dbc0395f-a001-56b7-9f42-e1d82e1b282b,2026-09-08T00:00:00,2026-09-08T00:00:00,0,Acid Spray,"Dexterity Saving Throw: DC 12, each creature in a 30-foot-long, 5-foot-wide Line. Failure: 14 (4d6) Acid damage. Success: Half damage.",2,a3c0f2aa-e536-5f85-b152-49e28effcd22,ACTION,NULL,NULL,false,RECHARGE,1,6,6
accb39fe-c80c-55f9-bcf5-a661ed94bfea,2026-09-08T00:00:00,2026-09-08T00:00:00,0,Evasion,"If the assassin is subjected to an effect that allows it to make a Dexterity saving throw to take only half damage, the assassin instead takes no damage if it succeeds on the save and only half damage if it fails. It can't use this trait if it has the Incapacitated condition.",0,b9f0f10b-2ba9-5c77-97f0-f5ef4820930b,PASSIVE,NULL,NULL,false,AT_WILL,NULL,NULL,NULL
e2b758e4-57e4-5bcb-916b-fefaca597e62,2026-09-08T00:00:00,2026-09-08T00:00:00,0,Multiattack,"The assassin makes three attacks, using Shortsword or Light Crossbow in any combination.",1,b9f0f10b-2ba9-5c77-97f0-f5ef4820930b,ACTION,NULL,NULL,false,AT_WILL,NULL,NULL,NULL
1aea011b-d3eb-5ca6-a4dc-8f364758ec62,2026-09-08T00:00:00,2026-09-08T00:00:00,0,Shortsword,"Melee Attack Roll: +7, reach 5 ft. Hit: 7 (1d6 + 4) Piercing damage plus 17 (5d6) Poison damage, and the target has the Poisoned condition until the start of the assassin's next turn.",2,b9f0f10b-2ba9-5c77-97f0-f5ef4820930b,ACTION,NULL,NULL,false,AT_WILL,NULL,NULL,NULL
28e29597-6a57-5041-9f61-c33f072364d1,2026-09-08T00:00:00,2026-09-08T00:00:00,0,Light Crossbow,"Ranged Attack Roll: +7, range 80/320 ft. Hit: 8 (1d8 + 4) Piercing damage plus 21 (6d6) Poison damage.",3,b9f0f10b-2ba9-5c77-97f0-f5ef4820930b,ACTION,NULL,NULL,false,AT_WILL,NULL,NULL,NULL
9e3f1e2f-75c8-5908-b09f-acdae5102254,2026-09-08T00:00:00,2026-09-08T00:00:00,0,Cunning Action,"The assassin takes the Dash, Disengage, or Hide action. Awakened Plants",4,b9f0f10b-2ba9-5c77-97f0-f5ef4820930b,BONUS_ACTION,NULL,NULL,false,AT_WILL,NULL,NULL,NULL
39613584-4267-5135-998c-b23012e2b12e,2026-09-08T00:00:00,2026-09-08T00:00:00,0,Rake,"Melee Attack Roll: +1, reach 5 ft. Hit: 1 Slashing damage.",0,ead25cde-1a8d-5b07-8653-b98adfa2622c,ACTION,NULL,NULL,false,AT_WILL,NULL,NULL,NULL
aeaf6119-1ef4-5122-a5e3-2545a2f5be43,2026-09-08T00:00:00,2026-09-08T00:00:00,0,Slam,"Melee Attack Roll: +6, reach 10 ft. Hit: 14 (3d6 + 4) Bludgeoning damage.",0,584358af-5ad8-5f80-9d4c-7d4782a3c9ef,ACTION,NULL,NULL,false,AT_WILL,NULL,NULL,NULL
f0f64606-3e12-5f25-84b4-f1604466f59a,2026-09-08T00:00:00,2026-09-08T00:00:00,0,Beak,"Melee Attack Roll: +4, reach 5 ft. Hit: 6 (1d8 + 2) Slashing damage. Azer",0,30bb8dc4-bfa7-5a91-b0b7-3bf6eeabe7e3,ACTION,NULL,NULL,false,AT_WILL,NULL,NULL,NULL
55057de3-2af9-5d42-83eb-8551186dfdd5,2026-09-08T00:00:00,2026-09-08T00:00:00,0,Fire Aura,"At the end of each of the azer's turns, each creature of the azer's choice in a 5-foot Emanation originating from the azer takes 5 (1d10) Fire damage unless the azer has the Incapacitated condition.",0,2723c0a7-abe7-5dab-bf94-e15c6d618c94,PASSIVE,NULL,NULL,false,AT_WILL,NULL,NULL,NULL
04491782-1e5a-5988-b801-a3737a009abb,2026-09-08T00:00:00,2026-09-08T00:00:00,0,Illumination,The azer sheds Bright Light in a 10-foot radius and Dim Light for an additional 10 feet.,1,2723c0a7-abe7-5dab-bf94-e15c6d618c94,PASSIVE,NULL,NULL,false,AT_WILL,NULL,NULL,NULL
bde5964e-e8d0-5061-9ff3-97e84b556db7,2026-09-08T00:00:00,2026-09-08T00:00:00,0,Burning Hammer,"Melee Attack Roll: +5, reach 5 ft. Hit: 8 (1d10 + 3) Bludgeoning damage plus 3 (1d6) Fire damage.",2,2723c0a7-abe7-5dab-bf94-e15c6d618c94,ACTION,NULL,NULL,false,AT_WILL,NULL,NULL,NULL
de8d87b3-9136-5309-a604-a4efd537d64e,2026-09-08T00:00:00,2026-09-08T00:00:00,0,Death Throes,"The balor explodes when it dies. Dexterity Saving Throw: DC 20, each creature in a 30-foot Emanation originating from the balor. Failure: 31 (9d6) Fire damage plus 31 (9d6) Force damage. Success: Half damage. Failure or Success: If the balor dies outside the Abyss, it gains a new body instantly, reviving with all its Hit Points somewhere in the Abyss.",0,dc1e420c-2ae8-50f4-8632-36e3594b028c,PASSIVE,NULL,NULL,false,AT_WILL,NULL,NULL,NULL
0782a45a-2efc-5b4f-985f-a58a21d294b2,2026-09-08T00:00:00,2026-09-08T00:00:00,0,Fire Aura,"At the end of each of the balor's turns, each creature in a 5-foot Emanation originating from the balor takes 13 (3d8) Fire damage.",1,dc1e420c-2ae8-50f4-8632-36e3594b028c,PASSIVE,NULL,NULL,false,AT_WILL,NULL,NULL,NULL
8b5b4620-68a9-5c68-89df-e982b0da0c37,2026-09-08T00:00:00,2026-09-08T00:00:00,0,Legendary Resistance,"If the balor fails a saving throw, it can choose to succeed instead.",2,dc1e420c-2ae8-50f4-8632-36e3594b028c,PASSIVE,NULL,NULL,false,PER_DAY,3,NULL,NULL
327d55fa-0caf-5334-8538-392403d19862,2026-09-08T00:00:00,2026-09-08T00:00:00,0,Magic Resistance,The balor has Advantage on saving throws against spells and other magical effects.,3,dc1e420c-2ae8-50f4-8632-36e3594b028c,PASSIVE,NULL,NULL,false,AT_WILL,NULL,NULL,NULL
921e6f0a-e9a3-5913-9a57-a8472395f81d,2026-09-08T00:00:00,2026-09-08T00:00:00,0,Multiattack,The balor makes one Flame Whip attack and one Lightning Blade attack.,4,dc1e420c-2ae8-50f4-8632-36e3594b028c,ACTION,NULL,NULL,false,AT_WILL,NULL,NULL,NULL
b5f3f5d7-2e53-5815-a172-31168a2f3025,2026-09-08T00:00:00,2026-09-08T00:00:00,0,Flame Whip,"Melee Attack Roll: +14, reach 30 ft. Hit: 18 (3d6 + 8) Force damage plus 17 (5d6) Fire damage. If the target is a Huge or smaller creature, the balor pulls the target up to 25 feet straight toward itself, and the target has the Prone condition.",5,dc1e420c-2ae8-50f4-8632-36e3594b028c,ACTION,NULL,NULL,false,AT_WILL,NULL,NULL,NULL
0160abb2-ea4b-56e1-94c1-cf9a3d086114,2026-09-08T00:00:00,2026-09-08T00:00:00,0,Lightning Blade,"Melee Attack Roll: +14, reach 10 ft. Hit: 21 (3d8 + 8) Force damage plus 22 (4d10) Lightning damage, and the target can't take Reactions until the start of the balor's next turn.",6,dc1e420c-2ae8-50f4-8632-36e3594b028c,ACTION,NULL,NULL,false,AT_WILL,NULL,NULL,NULL
468ff16f-f595-5fea-acc9-07c57f0f0fb4,2026-09-08T00:00:00,2026-09-08T00:00:00,0,Teleport,The balor teleports itself or a willing demon within 10 feet of itself up to 60 feet to an unoccupied space the balor can see. Bandits,7,dc1e420c-2ae8-50f4-8632-36e3594b028c,BONUS_ACTION,NULL,NULL,false,AT_WILL,NULL,NULL,NULL
81ec4477-af63-589f-9206-d9441fbf9c80,2026-09-08T00:00:00,2026-09-08T00:00:00,0,Scimitar,"Melee Attack Roll: +3, reach 5 ft. Hit: 4 (1d6 + 1) Slashing damage.",0,65fca663-1259-5ad7-b71b-4268a89c1de8,ACTION,NULL,NULL,false,AT_WILL,NULL,NULL,NULL
2ad40f51-6f8a-50f6-b2db-8c352c60764f,2026-09-08T00:00:00,2026-09-08T00:00:00,0,Light Crossbow,"Ranged Attack Roll: +3, range 80/320 ft. Hit: 5 (1d8 + 1) Piercing damage.",1,65fca663-1259-5ad7-b71b-4268a89c1de8,ACTION,NULL,NULL,false,AT_WILL,NULL,NULL,NULL
bad1300a-79ab-5c9a-9168-4e83252be5ba,2026-09-08T00:00:00,2026-09-08T00:00:00,0,Multiattack,"The bandit makes two attacks, using Scimitar and Pistol in any combination.",0,2048dc5f-85e3-5c28-8fd2-92fbd80710ea,ACTION,NULL,NULL,false,AT_WILL,NULL,NULL,NULL
79c212be-4781-5b70-8fb2-20979a37901b,2026-09-08T00:00:00,2026-09-08T00:00:00,0,Scimitar,"Melee Attack Roll: +5, reach 5 ft. Hit: 6 (1d6 + 3) Slashing damage.",1,2048dc5f-85e3-5c28-8fd2-92fbd80710ea,ACTION,NULL,NULL,false,AT_WILL,NULL,NULL,NULL
25caa673-2bf5-54b8-858e-199ff175f212,2026-09-08T00:00:00,2026-09-08T00:00:00,0,Pistol,"Ranged Attack Roll: +5, range 30/90 ft. Hit: 8 (1d10 + 3) Piercing damage.",2,2048dc5f-85e3-5c28-8fd2-92fbd80710ea,ACTION,NULL,NULL,false,AT_WILL,NULL,NULL,NULL
804e412d-a643-525b-974a-6502117c77d3,2026-09-08T00:00:00,2026-09-08T00:00:00,0,Parry,"Trigger: The bandit is hit by a melee attack roll while holding a weapon. Response: The bandit adds 2 to its AC against that attack, possibly causing it to miss.",3,2048dc5f-85e3-5c28-8fd2-92fbd80710ea,REACTION,NULL,The bandit is hit by a melee attack roll while holding a weapon.,false,AT_WILL,NULL,NULL,NULL
975e3804-a0bb-5d74-8d20-aa3508ab400a,2026-09-08T00:00:00,2026-09-08T00:00:00,0,Barbed Hide,"At the start of each of its turns, the devil deals 5 (1d10) Piercing damage to any creature it is grappling or any creature grappling it.",0,9c07ced8-070d-550e-95b8-e88ef5c281a2,PASSIVE,NULL,NULL,false,AT_WILL,NULL,NULL,NULL
13f0fab1-e1a2-5a7b-8b88-36e0dd98be7e,2026-09-08T00:00:00,2026-09-08T00:00:00,0,Diabolical Restoration,"If the devil dies outside the Nine Hells, its body disappears in sulfurous smoke, and it gains a new body instantly, reviving with all its Hit Points somewhere in the Nine Hells.",1,9c07ced8-070d-550e-95b8-e88ef5c281a2,PASSIVE,NULL,NULL,false,AT_WILL,NULL,NULL,NULL
f37d8af2-dbc0-52c9-9ec6-6053dd548d85,2026-09-08T00:00:00,2026-09-08T00:00:00,0,Magic Resistance,The devil has Advantage on saving throws against spells and other magical effects.,2,9c07ced8-070d-550e-95b8-e88ef5c281a2,PASSIVE,NULL,NULL,false,AT_WILL,NULL,NULL,NULL
76f03eed-db50-5239-8178-f26d301592a5,2026-09-08T00:00:00,2026-09-08T00:00:00,0,Multiattack,"The devil makes one Claws attack and one Tail attack, or it makes two Hurl Flame attacks.",3,9c07ced8-070d-550e-95b8-e88ef5c281a2,ACTION,NULL,NULL,false,AT_WILL,NULL,NULL,NULL
a4563f96-984a-5fa4-992b-92621dd24908,2026-09-08T00:00:00,2026-09-08T00:00:00,0,Claws,"Melee Attack Roll: +6, reach 5 ft. Hit: 10 (2d6 + 3) Piercing damage. If the target is a Large or smaller creature, it has the Grappled condition (escape DC 13) from both claws.",4,9c07ced8-070d-550e-95b8-e88ef5c281a2,ACTION,NULL,NULL,false,AT_WILL,NULL,NULL,NULL
1c34c955-5f51-5a37-befa-87486a5edce4,2026-09-08T00:00:00,2026-09-08T00:00:00,0,Tail,"Melee Attack Roll: +6, reach 10 ft. Hit: 14 (2d10 + 3) Slashing damage.",5,9c07ced8-070d-550e-95b8-e88ef5c281a2,ACTION,NULL,NULL,false,AT_WILL,NULL,NULL,NULL
191d6f01-de3e-53b4-bc70-26b4d1364928,2026-09-08T00:00:00,2026-09-08T00:00:00,0,Hurl Flame,"Ranged Attack Roll: +5, range 150 ft. Hit: 17 (5d6) Fire damage. If the target is a flammable object that isn't being worn or carried, it starts burning.",6,9c07ced8-070d-550e-95b8-e88ef5c281a2,ACTION,NULL,NULL,false,AT_WILL,NULL,NULL,NULL
e8cb55f7-5a34-5d0b-93d2-bcf4b30f9e7e,2026-09-08T00:00:00,2026-09-08T00:00:00,0,Bite,"Melee Attack Roll: +5, reach 5 ft. Hit: 10 (2d6 + 3) Piercing damage plus 7 (2d6) Poison damage.",0,e50d02ac-c53c-5c91-afc5-2fc73ebbaa43,ACTION,NULL,NULL,false,AT_WILL,NULL,NULL,NULL
313a1e8e-bd06-574c-baa6-6cfb7653a01f,2026-09-08T00:00:00,2026-09-08T00:00:00,0,Petrifying Gaze,"Constitution Saving Throw: DC 12, each creature in a 30-foot Cone. If the basilisk sees its reflection in the Cone, the basilisk must make this save. First Failure: The target has the Restrained condition and repeats the save at the end of its next turn if it is still Restrained, ending the effect on itself on a success. Second Failure: The target has the Petrified condition instead of the Restrained condition.",1,e50d02ac-c53c-5c91-afc5-2fc73ebbaa43,BONUS_ACTION,NULL,NULL,false,RECHARGE,1,4,6
6e26fea9-29b9-5524-8a83-2f8b32b2cf44,2026-09-08T00:00:00,2026-09-08T00:00:00,0,Magic Resistance,The devil has Advantage on saving throws against spells and other magical effects.,0,fd78f130-1479-58d2-be72-d39c70317061,PASSIVE,NULL,NULL,false,AT_WILL,NULL,NULL,NULL
f55ddba2-fd5e-5543-a17c-9f5789a567c6,2026-09-08T00:00:00,2026-09-08T00:00:00,0,Multiattack,The devil makes one Beard attack and one Infernal Glaive attack.,1,fd78f130-1479-58d2-be72-d39c70317061,ACTION,NULL,NULL,false,AT_WILL,NULL,NULL,NULL
1c6749cf-314e-52e1-8faa-f8af5c2e86eb,2026-09-08T00:00:00,2026-09-08T00:00:00,0,Beard,"Melee Attack Roll: +5, reach 5 ft. Hit: 7 (1d8 + 3) Piercing damage, and the target has the Poisoned condition until the start of the devil's next turn. Until this poison ends, the target can't regain Hit Points.",2,fd78f130-1479-58d2-be72-d39c70317061,ACTION,NULL,NULL,false,AT_WILL,NULL,NULL,NULL
647fc75b-2fdf-5ff2-85a4-d85fc424a5e5,2026-09-08T00:00:00,2026-09-08T00:00:00,0,Infernal Glaive,"Melee Attack Roll: +5, reach 10 ft. Hit: 8 (1d10 + 3) Slashing damage. If the target is a creature and doesn't already have an infernal wound, it is subjected to the following effect. Constitution Saving Throw: DC 12. Failure: The target receives an infernal wound. While wounded, the target loses 5 (1d10) Hit Points at the start of each of its turns. The wound closes after 1 minute, after a spell restores Hit Points to the target, or after the target or a creature within 5 feet of it takes an action to stanch the wound, doing so by succeeding on a DC 12 Wisdom (Medicine) check.",3,fd78f130-1479-58d2-be72-d39c70317061,ACTION,NULL,NULL,false,AT_WILL,NULL,NULL,NULL
85747b06-9697-5b5f-b3d5-95f4412b0f3c,2026-09-08T00:00:00,2026-09-08T00:00:00,0,Multiattack,The behir makes one Bite attack and uses Constrict.,0,5c8dc5ce-2b6d-55b9-86d3-bf6d728aba72,ACTION,NULL,NULL,false,AT_WILL,NULL,NULL,NULL
1a0b7afb-e3a4-593a-b9e6-dbb1716de066,2026-09-08T00:00:00,2026-09-08T00:00:00,0,Bite,"Melee Attack Roll: +10, reach 10 ft. Hit: 19 (2d12 + 6) Piercing damage plus 11 (2d10) Lightning damage.",1,5c8dc5ce-2b6d-55b9-86d3-bf6d728aba72,ACTION,NULL,NULL,false,AT_WILL,NULL,NULL,NULL
77734d94-a46a-5c55-80c5-5129664a3bee,2026-09-08T00:00:00,2026-09-08T00:00:00,0,Constrict,"Strength Saving Throw: DC 18, one Large or smaller creature the behir can see within 5 feet. Failure: 28 (5d8 + 6) Bludgeoning damage. The target has the Grappled condition (escape DC 16), and it has the Restrained condition until the grapple ends.",2,5c8dc5ce-2b6d-55b9-86d3-bf6d728aba72,ACTION,NULL,NULL,false,AT_WILL,NULL,NULL,NULL
60ac0d22-27f7-54c6-bd9c-7e5b38c14201,2026-09-08T00:00:00,2026-09-08T00:00:00,0,Lightning Breath,"Dexterity Saving Throw: DC 16, each creature in a 90-foot-long, 5-footwide Line. Failure: 66 (12d10) Lightning damage. Success: Half damage.",3,5c8dc5ce-2b6d-55b9-86d3-bf6d728aba72,ACTION,NULL,NULL,false,RECHARGE,1,5,6
525f68a6-223a-5faa-b530-6a1f8ad484fe,2026-09-08T00:00:00,2026-09-08T00:00:00,0,Swallow,"Dexterity Saving Throw: DC 18, one Large or smaller creature Grappled by the behir (the behir can have only one creature swallowed at a time). Failure: The behir swallows the target, which is no longer Grappled. While swallowed, a creature has the Blinded and Restrained conditions, has Total Cover against attacks and other effects outside the behir, and takes 21 (6d6) Acid damage at the start of each of the behir's turns. If the behir takes 30 damage or more on a single turn from the swallowed creature, the behir must succeed on a DC 14 Constitution saving throw at the end of that turn or regurgitate the creature, which falls in a space within 10 feet of the behir and has the Prone condition. If the behir dies, a swallowed creature is no longer Restrained and can escape from the corpse by using 15 feet of movement, exiting Prone.",4,5c8dc5ce-2b6d-55b9-86d3-bf6d728aba72,BONUS_ACTION,NULL,NULL,false,AT_WILL,NULL,NULL,NULL
0baf390f-5f8f-5aa4-b377-0e8c8c93648a,2026-09-08T00:00:00,2026-09-08T00:00:00,0,Bloodied Frenzy,"While Bloodied, the berserker has Advantage on attack rolls and saving throws.",0,92238e35-a2f2-5362-8349-b6235f1b7942,PASSIVE,NULL,NULL,false,AT_WILL,NULL,NULL,NULL
38cd1e77-8d7c-5511-854e-a0ff2868a5b5,2026-09-08T00:00:00,2026-09-08T00:00:00,0,Greataxe,"Melee Attack Roll: +5, reach 5 ft. Hit: 9 (1d12 + 3) Slashing damage. Black Dragons",1,92238e35-a2f2-5362-8349-b6235f1b7942,ACTION,NULL,NULL,false,AT_WILL,NULL,NULL,NULL
804b4d16-1d53-5f20-9ca9-6b47d0ab4a9c,2026-09-08T00:00:00,2026-09-08T00:00:00,0,Amphibious,The dragon can breathe air and water.,0,eb2ea78b-f92d-5b9e-ac8b-44a45da749ef,PASSIVE,NULL,NULL,false,AT_WILL,NULL,NULL,NULL
8915d583-a11d-5149-ba9d-223eccfd850f,2026-09-08T00:00:00,2026-09-08T00:00:00,0,Multiattack,The dragon makes two Rend attacks.,1,eb2ea78b-f92d-5b9e-ac8b-44a45da749ef,ACTION,NULL,NULL,false,AT_WILL,NULL,NULL,NULL
518bb598-3610-5100-b658-de3147a81646,2026-09-08T00:00:00,2026-09-08T00:00:00,0,Rend,"Melee Attack Roll: +4, reach 5 ft. Hit: 5 (1d6 + 2) Slashing damage plus 2 (1d4) Acid damage.",2,eb2ea78b-f92d-5b9e-ac8b-44a45da749ef,ACTION,NULL,NULL,false,AT_WILL,NULL,NULL,NULL
69885f57-254e-5bf0-96b3-f13fdbd7102e,2026-09-08T00:00:00,2026-09-08T00:00:00,0,Acid Breath,"Dexterity Saving Throw: DC 11, each creature in a 15-foot-long, 5-footwide Line. Failure: 22 (5d8) Acid damage. Success: Half damage.",3,eb2ea78b-f92d-5b9e-ac8b-44a45da749ef,ACTION,NULL,NULL,false,RECHARGE,1,5,6
c3d7f03b-6ee1-5232-9223-b169a5a9d3ed,2026-09-08T00:00:00,2026-09-08T00:00:00,0,Amphibious,The dragon can breathe air and water.,0,f9283f1b-1e59-5722-9f4b-5eec409900ff,PASSIVE,NULL,NULL,false,AT_WILL,NULL,NULL,NULL
80a11fc7-d6ea-54b5-be5b-d803b86a8e46,2026-09-08T00:00:00,2026-09-08T00:00:00,0,Multiattack,The dragon makes three Rend attacks.,1,f9283f1b-1e59-5722-9f4b-5eec409900ff,ACTION,NULL,NULL,false,AT_WILL,NULL,NULL,NULL
6305106a-a7c9-5d01-ad12-ee40dd35c92b,2026-09-08T00:00:00,2026-09-08T00:00:00,0,Rend,"Melee Attack Roll: +7, reach 10 ft. Hit: 9 (2d4 + 4) Slashing damage plus 3 (1d6) Acid damage.",2,f9283f1b-1e59-5722-9f4b-5eec409900ff,ACTION,NULL,NULL,false,AT_WILL,NULL,NULL,NULL
f3f850aa-c127-578a-894b-a029c26d6a3c,2026-09-08T00:00:00,2026-09-08T00:00:00,0,Acid Breath,"Dexterity Saving Throw: DC 14, each creature in a 30-foot-long, 5-footwide Line. Failure: 49 (14d6) Acid damage. Success: Half damage.",3,f9283f1b-1e59-5722-9f4b-5eec409900ff,ACTION,NULL,NULL,false,RECHARGE,1,5,6
247574d5-6d21-5973-a1c4-081af26fcb28,2026-09-08T00:00:00,2026-09-08T00:00:00,0,Amphibious,The dragon can breathe air and water.,0,4c42bba9-e53c-5166-88aa-f2bcae6099c3,PASSIVE,NULL,NULL,false,AT_WILL,NULL,NULL,NULL
86fc9810-e277-56ab-b0de-dcb9c79c900f,2026-09-08T00:00:00,2026-09-08T00:00:00,0,Legendary Resistance,"If the dragon fails a saving throw, it can choose to succeed instead.",1,4c42bba9-e53c-5166-88aa-f2bcae6099c3,PASSIVE,NULL,NULL,false,PER_DAY,3,NULL,NULL
c0289d27-d5da-5bce-ba86-27562a0e7c51,2026-09-08T00:00:00,2026-09-08T00:00:00,0,Multiattack,The dragon makes three Rend attacks. It can replace one attack with a use of Spellcasting to cast Acid Arrow (level 3 version).,2,4c42bba9-e53c-5166-88aa-f2bcae6099c3,ACTION,NULL,NULL,false,AT_WILL,NULL,NULL,NULL
4063062c-e0a3-5ae3-8014-a942e5bb97cb,2026-09-08T00:00:00,2026-09-08T00:00:00,0,Rend,"Melee Attack Roll: +11, reach 10 ft. Hit: 13 (2d6 + 6) Slashing damage plus 4 (1d8) Acid damage.",3,4c42bba9-e53c-5166-88aa-f2bcae6099c3,ACTION,NULL,NULL,false,AT_WILL,NULL,NULL,NULL
82fca83f-d2aa-54da-934c-f42cfec9239c,2026-09-08T00:00:00,2026-09-08T00:00:00,0,Acid Breath,"Dexterity Saving Throw: DC 18, each creature in a 60-foot-long, 5-footwide Line. Failure: 54 (12d8) Acid damage. Success: Half damage.",4,4c42bba9-e53c-5166-88aa-f2bcae6099c3,ACTION,NULL,NULL,false,RECHARGE,1,5,6
3c5464cb-26dc-5476-acf8-f496d2417a60,2026-09-08T00:00:00,2026-09-08T00:00:00,0,Spellcasting,"The dragon casts one of the following spells, requiring no Material components and using Charisma as the spellcasting ability (spell save DC 17, +9 to hit with spell attacks): At Will: Acid Arrow (level 3 version), Detect Magic, Fear 1/Day Each: Speak with Dead, Vitriolic Sphere",5,4c42bba9-e53c-5166-88aa-f2bcae6099c3,ACTION,NULL,NULL,false,AT_WILL,NULL,NULL,NULL
97e8d840-bdbb-56fd-a713-31c9bd7fac18,2026-09-08T00:00:00,2026-09-08T00:00:00,0,Cloud of Insects,"Dexterity Saving Throw: DC 17, one creature the dragon can see within 120 feet. Failure: 22 (4d10) Poison damage, and the target has Disadvantage on saving throws to maintain Concentration until the end of its next turn. Failure or Success: The dragon can't take this action again until the start of its next turn.",6,4c42bba9-e53c-5166-88aa-f2bcae6099c3,LEGENDARY,NULL,NULL,false,PER_ROUND,1,NULL,NULL
1fa9be13-557c-5740-88ad-042e180d7607,2026-09-08T00:00:00,2026-09-08T00:00:00,0,Frightful Presence,The dragon uses Spellcasting to cast Fear. The dragon can't take this action again until the start of its next turn.,7,4c42bba9-e53c-5166-88aa-f2bcae6099c3,LEGENDARY,NULL,NULL,false,PER_ROUND,1,NULL,NULL
d72fba5f-5d18-5839-a4de-820aea0c3467,2026-09-08T00:00:00,2026-09-08T00:00:00,0,Pounce,"The dragon moves up to half its Speed, and it makes one Rend attack.",8,4c42bba9-e53c-5166-88aa-f2bcae6099c3,LEGENDARY,NULL,NULL,false,AT_WILL,NULL,NULL,NULL
888897f3-8fe6-526e-9b39-13e884df8059,2026-09-08T00:00:00,2026-09-08T00:00:00,0,Amphibious,The dragon can breathe air and water.,0,d105defc-70be-5c46-bb92-261210cb9017,PASSIVE,NULL,NULL,false,AT_WILL,NULL,NULL,NULL
a7e9a5e0-8ba5-59d0-a632-0057bfa82df2,2026-09-08T00:00:00,2026-09-08T00:00:00,0,Legendary Resistance,"If the dragon fails a saving throw, it can choose to succeed instead.",1,d105defc-70be-5c46-bb92-261210cb9017,PASSIVE,NULL,NULL,false,PER_DAY,4,NULL,NULL
e4f7e9a4-8667-508f-8c93-930f9ac685e4,2026-09-08T00:00:00,2026-09-08T00:00:00,0,Multiattack,The dragon makes three Rend attacks. It can replace one attack with a use of Spellcasting to cast Acid Arrow (level 4 version).,2,d105defc-70be-5c46-bb92-261210cb9017,ACTION,NULL,NULL,false,AT_WILL,NULL,NULL,NULL
221d782a-e113-5447-87e4-afce78b383a7,2026-09-08T00:00:00,2026-09-08T00:00:00,0,Rend,"Melee Attack Roll: +15, reach 15 ft. Hit: 17 (2d8 + 8) Slashing damage plus 9 (2d8) Acid damage.",3,d105defc-70be-5c46-bb92-261210cb9017,ACTION,NULL,NULL,false,AT_WILL,NULL,NULL,NULL
58b5b76a-a4b7-5cd7-b095-83f07a4f61d9,2026-09-08T00:00:00,2026-09-08T00:00:00,0,Acid Breath,"Dexterity Saving Throw: DC 22, each creature in a 90-foot-long, 10-footwide Line. Failure: 67 (15d8) Acid damage. Success: Half damage.",4,d105defc-70be-5c46-bb92-261210cb9017,ACTION,NULL,NULL,false,RECHARGE,1,5,6
a275d403-ea80-5634-82ad-16b92b16e9d4,2026-09-08T00:00:00,2026-09-08T00:00:00,0,Spellcasting,"The dragon casts one of the following spells, requiring no Material components and using Charisma as the spellcasting ability (spell save DC 21, +13 to hit with spell attacks): At Will: Acid Arrow (level 4 version), Detect Magic, Fear 1/Day Each: Create Undead, Speak with Dead, Vitriolic Sphere (level 5 version)",5,d105defc-70be-5c46-bb92-261210cb9017,ACTION,NULL,NULL,false,AT_WILL,NULL,NULL,NULL
8ab0224e-ddb0-5f77-b748-5ec68902446b,2026-09-08T00:00:00,2026-09-08T00:00:00,0,Cloud of Insects,"Dexterity Saving Throw: DC 21, one creature the dragon can see within 120 feet. Failure: 33 (6d10) Poison damage, and the target has Disadvantage on saving throws to maintain Concentration until the end of its next turn. Failure or Success: The dragon can't take this action again until the start of its next turn.",6,d105defc-70be-5c46-bb92-261210cb9017,LEGENDARY,NULL,NULL,false,PER_ROUND,1,NULL,NULL
e8211ed7-a1c3-53f0-bc79-45fc98c1402d,2026-09-08T00:00:00,2026-09-08T00:00:00,0,Frightful Presence,The dragon uses Spellcasting to cast Fear. The dragon can't take this action again until the start of its next turn.,7,d105defc-70be-5c46-bb92-261210cb9017,LEGENDARY,NULL,NULL,false,PER_ROUND,1,NULL,NULL
2d0f65a0-8ec7-5bb8-9d34-a3b8e9a50753,2026-09-08T00:00:00,2026-09-08T00:00:00,0,Pounce,"The dragon moves up to half its Speed, and it makes one Rend attack.",8,d105defc-70be-5c46-bb92-261210cb9017,LEGENDARY,NULL,NULL,false,AT_WILL,NULL,NULL,NULL
16b37202-2af3-502b-af51-5a3b4761d29e,2026-09-08T00:00:00,2026-09-08T00:00:00,0,Amorphous,The pudding can move through a space as narrow as 1 inch without expending extra movement to do so.,0,fee468d5-1dea-5c29-ae19-29f2c0a7eea2,PASSIVE,NULL,NULL,false,AT_WILL,NULL,NULL,NULL
c2b18f32-6167-55ca-b520-8760289e6f6d,2026-09-08T00:00:00,2026-09-08T00:00:00,0,Corrosive Form,"A creature that hits the pudding with a melee attack roll takes 4 (1d8) Acid damage. Nonmagical ammunition is destroyed immediately after hitting the pudding and dealing any damage. Any nonmagical weapon takes a cumulative -1 penalty to attack rolls immediately after dealing damage to the pudding and coming into contact with it. The weapon is destroyed if the penalty reaches -5. The penalty can be removed by casting the Mending spell on the weapon. In 1 minute, the pudding can eat through 2 feet of nonmagical wood or metal.",1,fee468d5-1dea-5c29-ae19-29f2c0a7eea2,PASSIVE,NULL,NULL,false,AT_WILL,NULL,NULL,NULL
e65905b1-761e-55a4-af2b-5ec6062de0e3,2026-09-08T00:00:00,2026-09-08T00:00:00,0,Spider Climb,"The pudding can climb difficult surfaces, including along ceilings, without needing to make an ability check.",2,fee468d5-1dea-5c29-ae19-29f2c0a7eea2,PASSIVE,NULL,NULL,false,AT_WILL,NULL,NULL,NULL
f24ce56b-306a-5497-9e40-e356361c3b76,2026-09-08T00:00:00,2026-09-08T00:00:00,0,Dissolving Pseudopod,"Melee Attack Roll: +5, reach 10 ft. Hit: 17 (4d6 + 3) Acid damage. Nonmagical armor worn by the target takes a -1 penalty to the AC it offers. The armor is destroyed if the penalty reduces its AC to 10. The penalty can be removed by casting the Mending spell on the armor.",3,fee468d5-1dea-5c29-ae19-29f2c0a7eea2,ACTION,NULL,NULL,false,AT_WILL,NULL,NULL,NULL
e3727743-221d-591a-b02d-0653b7be74a9,2026-09-08T00:00:00,2026-09-08T00:00:00,0,Split,"Trigger: While the pudding is Large or Medium and has 10+ Hit Points, it becomes Bloodied or is subjected to Lightning or Slashing damage. Response: The pudding splits into two new Black Puddings. Each new pudding is one size smaller than the original pudding and acts on its Initiative. The original pudding's Hit Points are divided evenly between the new puddings (round down).",4,fee468d5-1dea-5c29-ae19-29f2c0a7eea2,REACTION,NULL,"While the pudding is Large or Medium and has 10+ Hit Points, it becomes Bloodied or is subjected to Lightning or Slashing damage.",false,AT_WILL,NULL,NULL,NULL
dda68605-d404-50c5-b690-0efd62629947,2026-09-08T00:00:00,2026-09-08T00:00:00,0,Bite,"Melee Attack Roll: +5, reach 5 ft. Hit: 5 (1d4 + 3) Piercing damage.",0,e5f4102e-d8b6-511b-88a6-722798cd9699,ACTION,NULL,NULL,false,AT_WILL,NULL,NULL,NULL
0235fa8e-0557-5252-96f7-089e71268ce6,2026-09-08T00:00:00,2026-09-08T00:00:00,0,Teleport,The dog teleports up to 40 feet to an unoccupied space it can see. Blue Dragons,1,e5f4102e-d8b6-511b-88a6-722798cd9699,BONUS_ACTION,NULL,NULL,false,RECHARGE,1,4,6
75213e09-275e-50d1-83ab-05ec74ace729,2026-09-08T00:00:00,2026-09-08T00:00:00,0,Multiattack,The dragon makes two Rend attacks.,0,3252b304-f866-565f-8589-bc91ad630818,ACTION,NULL,NULL,false,AT_WILL,NULL,NULL,NULL
a05290ef-12ce-5e51-8dca-ada6ff5bb6c2,2026-09-08T00:00:00,2026-09-08T00:00:00,0,Rend,"Melee Attack Roll: +5, reach 5 ft. Hit: 8 (1d10 + 3) Slashing damage plus 3 (1d6) Lightning damage.",1,3252b304-f866-565f-8589-bc91ad630818,ACTION,NULL,NULL,false,AT_WILL,NULL,NULL,NULL
dafd3854-b8aa-5d8c-ae0b-616be1720632,2026-09-08T00:00:00,2026-09-08T00:00:00,0,Lightning Breath,"Dexterity Saving Throw: DC 12, each creature in a 30-foot-long, 5-footwide Line. Failure: 21 (6d6) Lightning damage. Success: Half damage.",2,3252b304-f866-565f-8589-bc91ad630818,ACTION,NULL,NULL,false,RECHARGE,1,5,6
8196c3ed-0245-5cc5-8f81-4ec36995ac6e,2026-09-08T00:00:00,2026-09-08T00:00:00,0,Multiattack,The dragon makes three Rend attacks.,0,28ca8680-d046-521a-8cfe-e08f36ec9784,ACTION,NULL,NULL,false,AT_WILL,NULL,NULL,NULL
539936c4-a6ee-50eb-84b1-6c727d315385,2026-09-08T00:00:00,2026-09-08T00:00:00,0,Rend,"Melee Attack Roll: +9, reach 10 ft. Hit: 12 (2d6 + 5) Slashing damage plus 5 (1d10) Lightning damage.",1,28ca8680-d046-521a-8cfe-e08f36ec9784,ACTION,NULL,NULL,false,AT_WILL,NULL,NULL,NULL
d366ecf3-d3c3-56c0-89b5-72b814fdfff8,2026-09-08T00:00:00,2026-09-08T00:00:00,0,Lightning Breath,"Dexterity Saving Throw: DC 16, each creature in a 60-foot-long, 5-footwide Line. Failure: 55 (10d10) Lightning damage. Success: Half damage.",2,28ca8680-d046-521a-8cfe-e08f36ec9784,ACTION,NULL,NULL,false,RECHARGE,1,5,6
cd2b57c5-a756-5882-ae5d-54c9ad2e9c51,2026-09-08T00:00:00,2026-09-08T00:00:00,0,Legendary Resistance,"If the dragon fails a saving throw, it can choose to succeed instead.",0,ad6bc2d8-cb47-56c1-9f95-b6a4d49e3fd9,PASSIVE,NULL,NULL,false,PER_DAY,3,NULL,NULL
fd916b8e-13a3-5ecb-944f-86cd46971cc6,2026-09-08T00:00:00,2026-09-08T00:00:00,0,Multiattack,The dragon makes three Rend attacks. It can replace one attack with a use of Spellcasting to cast Shatter.,1,ad6bc2d8-cb47-56c1-9f95-b6a4d49e3fd9,ACTION,NULL,NULL,false,AT_WILL,NULL,NULL,NULL
771c9a66-97f0-5185-bc37-1e4f433d8365,2026-09-08T00:00:00,2026-09-08T00:00:00,0,Rend,"Melee Attack Roll: +12, reach 10 ft. Hit: 16 (2d8 + 7) Slashing damage plus 5 (1d10) Lightning damage.",2,ad6bc2d8-cb47-56c1-9f95-b6a4d49e3fd9,ACTION,NULL,NULL,false,AT_WILL,NULL,NULL,NULL
1783f96f-29bc-5c32-85f2-451f1635cd4e,2026-09-08T00:00:00,2026-09-08T00:00:00,0,Lightning Breath,"Dexterity Saving Throw: DC 19, each creature in a 90-foot-long, 5-footwide Line. Failure: 60 (11d10) Lightning damage. Success: Half damage.",3,ad6bc2d8-cb47-56c1-9f95-b6a4d49e3fd9,ACTION,NULL,NULL,false,RECHARGE,1,5,6
78de27da-acec-5b1c-97f6-2621a658173c,2026-09-08T00:00:00,2026-09-08T00:00:00,0,Spellcasting,"The dragon casts one of the following spells, requiring no Material components and using Charisma as the spellcasting ability (spell save DC 18): At Will: Detect Magic, Invisibility, Mage Hand, Shatter 1/Day Each: Scrying, Sending",4,ad6bc2d8-cb47-56c1-9f95-b6a4d49e3fd9,ACTION,NULL,NULL,false,AT_WILL,NULL,NULL,NULL
4dced58a-5af7-55d7-9ec7-0f606e8e24e5,2026-09-08T00:00:00,2026-09-08T00:00:00,0,Cloaked Flight,"The dragon uses Spellcasting to cast Invisibility on itself, and it can fly up to half its Fly Speed. The dragon can't take this action again until the start of its next turn.",5,ad6bc2d8-cb47-56c1-9f95-b6a4d49e3fd9,LEGENDARY,NULL,NULL,false,PER_ROUND,1,NULL,NULL
09792196-12c4-5a42-8ecc-d004bdc60f64,2026-09-08T00:00:00,2026-09-08T00:00:00,0,Sonic Boom,The dragon uses Spellcasting to cast Shatter. The dragon can't take this action again until the start of its next turn.,6,ad6bc2d8-cb47-56c1-9f95-b6a4d49e3fd9,LEGENDARY,NULL,NULL,false,PER_ROUND,1,NULL,NULL
ce9657c7-5050-5455-b692-d7a744d37a79,2026-09-08T00:00:00,2026-09-08T00:00:00,0,Tail Swipe,The dragon makes one Rend attack.,7,ad6bc2d8-cb47-56c1-9f95-b6a4d49e3fd9,LEGENDARY,NULL,NULL,false,AT_WILL,NULL,NULL,NULL
e41651b9-3775-5dbf-9767-9ef51d790774,2026-09-08T00:00:00,2026-09-08T00:00:00,0,Legendary Resistance,"If the dragon fails a saving throw, it can choose to succeed instead.",0,175e7fb4-0b2d-58d0-9509-0e38d5cc1b76,PASSIVE,NULL,NULL,false,PER_DAY,4,NULL,NULL
e42b5324-0599-5109-9ae3-5a3cda1f504b,2026-09-08T00:00:00,2026-09-08T00:00:00,0,Multiattack,The dragon makes three Rend attacks. It can replace one attack with a use of Spellcasting to cast Shatter (level 3 version).,1,175e7fb4-0b2d-58d0-9509-0e38d5cc1b76,ACTION,NULL,NULL,false,AT_WILL,NULL,NULL,NULL
6ffcf8ea-56c2-5967-a94a-2d4da6407357,2026-09-08T00:00:00,2026-09-08T00:00:00,0,Rend,"Melee Attack Roll: +16, reach 15 ft. Hit: 18 (2d8 + 9) Slashing damage plus 11 (2d10) Lightning damage.",2,175e7fb4-0b2d-58d0-9509-0e38d5cc1b76,ACTION,NULL,NULL,false,AT_WILL,NULL,NULL,NULL
68def734-65ee-5bd2-b3be-526ef9175e9b,2026-09-08T00:00:00,2026-09-08T00:00:00,0,Lightning Breath,"Dexterity Saving Throw: DC 23, each creature in a 120-foot-long, 10-foot-wide Line. Failure: 88 (16d10) Lightning damage. Success: Half damage.",3,175e7fb4-0b2d-58d0-9509-0e38d5cc1b76,ACTION,NULL,NULL,false,RECHARGE,1,5,6
f76938cd-800c-5eb9-9f9b-e52cc4d29720,2026-09-08T00:00:00,2026-09-08T00:00:00,0,Spellcasting,"The dragon casts one of the following spells, requiring no Material components and using Charisma as the spellcasting ability (spell save DC 22): At Will: Detect Magic, Invisibility, Mage Hand, Shatter (level 3 version) 1/Day Each: Scrying, Sending",4,175e7fb4-0b2d-58d0-9509-0e38d5cc1b76,ACTION,NULL,NULL,false,AT_WILL,NULL,NULL,NULL
f0346f1b-2937-511e-bfc7-2d41e38537c0,2026-09-08T00:00:00,2026-09-08T00:00:00,0,Cloaked Flight,"The dragon uses Spellcasting to cast Invisibility on itself, and it can fly up to half its Fly Speed. The dragon can't take this action again until the start of its next turn.",5,175e7fb4-0b2d-58d0-9509-0e38d5cc1b76,LEGENDARY,NULL,NULL,false,PER_ROUND,1,NULL,NULL
896dc22c-26d7-571b-86a6-590599e54038,2026-09-08T00:00:00,2026-09-08T00:00:00,0,Sonic Boom,The dragon uses Spellcasting to cast Shatter (level 3 version). The dragon can't take this action again until the start of its next turn.,6,175e7fb4-0b2d-58d0-9509-0e38d5cc1b76,LEGENDARY,NULL,NULL,false,PER_ROUND,1,NULL,NULL
a87a4e52-2805-562e-aaa2-8edcafa24b6a,2026-09-08T00:00:00,2026-09-08T00:00:00,0,Tail Swipe,The dragon makes one Rend attack.,7,175e7fb4-0b2d-58d0-9509-0e38d5cc1b76,LEGENDARY,NULL,NULL,false,AT_WILL,NULL,NULL,NULL
cfcfe960-2d11-5be0-a052-142dbd467b7d,2026-09-08T00:00:00,2026-09-08T00:00:00,0,Diabolical Restoration,"If the devil dies outside the Nine Hells, its body disappears in sulfurous smoke, and it gains a new body instantly, reviving with all its Hit Points somewhere in the Nine Hells.",0,0e85d74b-3cc9-528e-8346-0c50e2fa890a,PASSIVE,NULL,NULL,false,AT_WILL,NULL,NULL,NULL
de9cb5ef-94b7-502d-942b-cfa5f9c5677c,2026-09-08T00:00:00,2026-09-08T00:00:00,0,Magic Resistance,The devil has Advantage on saving throws against spells and other magical effects.,1,0e85d74b-3cc9-528e-8346-0c50e2fa890a,PASSIVE,NULL,NULL,false,AT_WILL,NULL,NULL,NULL
064f606c-9065-5d1d-8a1a-b80c531c99f4,2026-09-08T00:00:00,2026-09-08T00:00:00,0,Multiattack,The devil makes two Claw attacks and one Infernal Sting attack.,2,0e85d74b-3cc9-528e-8346-0c50e2fa890a,ACTION,NULL,NULL,false,AT_WILL,NULL,NULL,NULL
236643a2-20fd-5018-bc6c-9265ec99b208,2026-09-08T00:00:00,2026-09-08T00:00:00,0,Claw,"Melee Attack Roll: +8, reach 10 ft. Hit: 13 (2d8 + 4) Slashing damage.",3,0e85d74b-3cc9-528e-8346-0c50e2fa890a,ACTION,NULL,NULL,false,AT_WILL,NULL,NULL,NULL
63158f53-ce14-549b-973e-4a7955a4449a,2026-09-08T00:00:00,2026-09-08T00:00:00,0,Infernal Sting,"Melee Attack Roll: +8, reach 10 ft. Hit: 15 (2d10 + 4) Piercing damage plus 18 (4d8) Poison damage, and the target has the Poisoned condition until the start of the devil's next turn. While Poisoned, the target can't regain Hit Points. Brass Dragons",4,0e85d74b-3cc9-528e-8346-0c50e2fa890a,ACTION,NULL,NULL,false,AT_WILL,NULL,NULL,NULL
c3fd17b5-f7fc-5147-bce8-a3c7d5643c04,2026-09-08T00:00:00,2026-09-08T00:00:00,0,Rend,"Melee Attack Roll: +4, reach 5 ft. Hit: 7 (1d10 + 2) Slashing damage.",0,53eecd33-b723-5698-aad8-be4f5769dfff,ACTION,NULL,NULL,false,AT_WILL,NULL,NULL,NULL
970af93e-88bf-5f73-9b81-8196e3b18d89,2026-09-08T00:00:00,2026-09-08T00:00:00,0,Fire Breath,"Dexterity Saving Throw: DC 11, each creature in a 20-foot-long, 5-footwide Line. Failure: 14 (4d6) Fire damage. Success: Half damage.",1,53eecd33-b723-5698-aad8-be4f5769dfff,ACTION,NULL,NULL,false,RECHARGE,1,5,6
bde68a2f-4b64-5fdd-a588-5a0266f8e128,2026-09-08T00:00:00,2026-09-08T00:00:00,0,Sleep Breath,"Constitution Saving Throw: DC 11, each creature in a 15-foot Cone. Failure: The target has the Incapacitated condition until the end of its next turn, at which point it repeats the save. Second Failure: The target has the Unconscious condition for 1 minute. This effect ends for the target if it takes damage or a creature within 5 feet of it takes an action to wake it.",2,53eecd33-b723-5698-aad8-be4f5769dfff,ACTION,NULL,NULL,false,AT_WILL,NULL,NULL,NULL
db7deefe-b343-548a-b454-253d16578d9f,2026-09-08T00:00:00,2026-09-08T00:00:00,0,Multiattack,The dragon makes three Rend attacks. It can replace two attacks with a use of Sleep Breath.,0,4861d128-a31a-5af4-a8cf-186ba15cdbe7,ACTION,NULL,NULL,false,AT_WILL,NULL,NULL,NULL
fd66adfc-0609-50fe-88b4-61fda4f792c5,2026-09-08T00:00:00,2026-09-08T00:00:00,0,Rend,"Melee Attack Roll: +7, reach 10 ft. Hit: 15 (2d10 + 4) Slashing damage.",1,4861d128-a31a-5af4-a8cf-186ba15cdbe7,ACTION,NULL,NULL,false,AT_WILL,NULL,NULL,NULL
ac2c6a18-7574-5bc2-9859-e96ac5255ffd,2026-09-08T00:00:00,2026-09-08T00:00:00,0,Fire Breath,"Dexterity Saving Throw: DC 14, each creature in a 40-foot-long, 5-footwide Line. Failure: 38 (11d6) Fire damage. Success: Half damage.",2,4861d128-a31a-5af4-a8cf-186ba15cdbe7,ACTION,NULL,NULL,false,RECHARGE,1,5,6
4b2ccd1a-83fe-5403-bacf-c1933db4a820,2026-09-08T00:00:00,2026-09-08T00:00:00,0,Sleep Breath,"Constitution Saving Throw: DC 14, each creature in a 30-foot Cone. Failure: The target has the Incapacitated condition until the end of its next turn, at which point it repeats the save. Second Failure: The target has the Unconscious condition for 1 minute. This effect ends for the target if it takes damage or a creature within 5 feet of it takes an action to wake it.",3,4861d128-a31a-5af4-a8cf-186ba15cdbe7,ACTION,NULL,NULL,false,AT_WILL,NULL,NULL,NULL
7fe5b78e-3f6a-573b-807d-4be90c437f36,2026-09-08T00:00:00,2026-09-08T00:00:00,0,Legendary Resistance,"If the dragon fails a saving throw, it can choose to succeed instead.",0,0a0ac3d8-b993-56f8-bacc-4fd12b3ebd82,PASSIVE,NULL,NULL,false,PER_DAY,3,NULL,NULL
c191ff58-e4dd-54f6-825d-eacee18702da,2026-09-08T00:00:00,2026-09-08T00:00:00,0,Multiattack,The dragon makes three Rend attacks. It can replace one attack with a use of (A) Sleep Breath or (B) Spellcasting to cast Scorching Ray.,1,0a0ac3d8-b993-56f8-bacc-4fd12b3ebd82,ACTION,NULL,NULL,false,AT_WILL,NULL,NULL,NULL
95444fa7-ee09-5f97-a18e-5b1fb119fe03,2026-09-08T00:00:00,2026-09-08T00:00:00,0,Rend,"Melee Attack Roll: +11, reach 10 ft. Hit: 17 (2d10 + 6) Slashing damage plus 4 (1d8) Fire damage.",2,0a0ac3d8-b993-56f8-bacc-4fd12b3ebd82,ACTION,NULL,NULL,false,AT_WILL,NULL,NULL,NULL
a3918332-21bf-5e0e-ab98-ec30456dbc22,2026-09-08T00:00:00,2026-09-08T00:00:00,0,Fire Breath,"Dexterity Saving Throw: DC 18, each creature in a 60-foot-long, 5-footwide Line. Failure: 45 (10d8) Fire damage. Success: Half damage.",3,0a0ac3d8-b993-56f8-bacc-4fd12b3ebd82,ACTION,NULL,NULL,false,RECHARGE,1,5,6
e531ec30-f953-5eeb-a6a7-7f47924a7c53,2026-09-08T00:00:00,2026-09-08T00:00:00,0,Sleep Breath,"Constitution Saving Throw: DC 18, each creature in a 60-foot Cone. Failure: The target has the Incapacitated condition until the end of its next turn, at which point it repeats the save. Second Failure: The target has the Unconscious condition for 10 minutes. This effect ends for the target if it takes damage or a creature within 5 feet of it takes an action to wake it.",4,0a0ac3d8-b993-56f8-bacc-4fd12b3ebd82,ACTION,NULL,NULL,false,AT_WILL,NULL,NULL,NULL
2c37d87c-db10-5d44-abb1-6c91c9851635,2026-09-08T00:00:00,2026-09-08T00:00:00,0,Spellcasting,"The dragon casts one of the following spells, requiring no Material components and using Charisma as the spellcasting ability (spell save DC 16): At Will: Detect Magic, Minor Illusion, Scorching Ray, Shapechange (Beast or Humanoid form only, no Temporary Hit Points gained from the spell, and no Concentration or Temporary Hit Points required to maintain the spell), Speak with Animals 1/Day Each: Detect Thoughts, Control Weather",5,0a0ac3d8-b993-56f8-bacc-4fd12b3ebd82,ACTION,NULL,NULL,false,AT_WILL,NULL,NULL,NULL
a7663a94-a339-5500-bf43-9692e92bdcc8,2026-09-08T00:00:00,2026-09-08T00:00:00,0,Blazing Light,The dragon uses Spellcasting to cast Scorching Ray.,6,0a0ac3d8-b993-56f8-bacc-4fd12b3ebd82,LEGENDARY,NULL,NULL,false,AT_WILL,NULL,NULL,NULL
413c16a4-72ac-5269-b33b-04d95fb6dbe0,2026-09-08T00:00:00,2026-09-08T00:00:00,0,Pounce,"The dragon moves up to half its Speed, and it makes one Rend attack.",7,0a0ac3d8-b993-56f8-bacc-4fd12b3ebd82,LEGENDARY,NULL,NULL,false,AT_WILL,NULL,NULL,NULL
0b37326e-3a8e-590d-bc3b-dbeca7350dc9,2026-09-08T00:00:00,2026-09-08T00:00:00,0,Scorching Sands,"Dexterity Saving Throw: DC 16, one creature the dragon can see within 120 feet. Failure: 27 (6d8) Fire damage, and the target's Speed is halved until the end of its next turn. Failure or Success: The dragon can't take this action again until the start of its next turn.",8,0a0ac3d8-b993-56f8-bacc-4fd12b3ebd82,LEGENDARY,NULL,NULL,false,PER_ROUND,1,NULL,NULL
b2e3dd55-2028-5ad2-9a25-a96fc31a0f61,2026-09-08T00:00:00,2026-09-08T00:00:00,0,Legendary Resistance,"If the dragon fails a saving throw, it can choose to succeed instead.",0,a79b4f29-217a-560d-b531-c4e3a1e90688,PASSIVE,NULL,NULL,false,PER_DAY,4,NULL,NULL
e5ff28bf-c89b-59bc-aa5c-0d629422a866,2026-09-08T00:00:00,2026-09-08T00:00:00,0,Multiattack,The dragon makes three Rend attacks. It can replace one attack with a use of (A) Sleep Breath or (B) Spellcasting to cast Scorching Ray (level 3 version).,1,a79b4f29-217a-560d-b531-c4e3a1e90688,ACTION,NULL,NULL,false,AT_WILL,NULL,NULL,NULL
44bae7b9-f288-5f8a-87fb-4977065d7307,2026-09-08T00:00:00,2026-09-08T00:00:00,0,Rend,"Melee Attack Roll: +14, reach 15 ft. Hit: 19 (2d10 + 8) Slashing damage plus 7 (2d6) Fire damage.",2,a79b4f29-217a-560d-b531-c4e3a1e90688,ACTION,NULL,NULL,false,AT_WILL,NULL,NULL,NULL
aa84183a-dbbe-589c-a623-97293c409f25,2026-09-08T00:00:00,2026-09-08T00:00:00,0,Fire Breath,"Dexterity Saving Throw: DC 21, each creature in a 90-foot-long, 5-footwide Line. Failure: 58 (13d8) Fire damage. Success: Half damage.",3,a79b4f29-217a-560d-b531-c4e3a1e90688,ACTION,NULL,NULL,false,RECHARGE,1,5,6
7d61fac2-03ff-53df-b72b-4eb3481779a2,2026-09-08T00:00:00,2026-09-08T00:00:00,0,Sleep Breath,"Constitution Saving Throw: DC 21, each creature in a 90-foot Cone. Failure: The target has the Incapacitated condition until the end of its next turn, at which point it repeats the save. Second Failure: The target has the Unconscious condition for 10 minutes. This effect ends for the target if it takes damage or a creature within 5 feet of it takes an action to wake it.",4,a79b4f29-217a-560d-b531-c4e3a1e90688,ACTION,NULL,NULL,false,AT_WILL,NULL,NULL,NULL
4c948e76-d4ad-5791-9bc4-3f9c398f1fec,2026-09-08T00:00:00,2026-09-08T00:00:00,0,Spellcasting,"The dragon casts one of the following spells, requiring no Material components and using Charisma as the spellcasting ability (spell save DC 20): At Will: Detect Magic, Minor Illusion, Scorching Ray (level 3 version), Shapechange (Beast or Humanoid form only, no Temporary Hit Points gained from the spell, and no Concentration or Temporary Hit Points required to maintain the spell), Speak with Animals 1/Day Each: Control Weather, Detect Thoughts",5,a79b4f29-217a-560d-b531-c4e3a1e90688,ACTION,NULL,NULL,false,AT_WILL,NULL,NULL,NULL
86b313da-8ae6-50e1-b3ec-b26a54784a93,2026-09-08T00:00:00,2026-09-08T00:00:00,0,Blazing Light,The dragon uses Spellcasting to cast Scorching Ray (level 3 version).,6,a79b4f29-217a-560d-b531-c4e3a1e90688,LEGENDARY,NULL,NULL,false,AT_WILL,NULL,NULL,NULL
cdd6b797-f027-5914-a023-56077c3d0d5b,2026-09-08T00:00:00,2026-09-08T00:00:00,0,Pounce,"The dragon moves up to half its Speed, and it makes one Rend attack.",7,a79b4f29-217a-560d-b531-c4e3a1e90688,LEGENDARY,NULL,NULL,false,AT_WILL,NULL,NULL,NULL
04ae77bf-dc43-579a-bd34-f2765cd4f64e,2026-09-08T00:00:00,2026-09-08T00:00:00,0,Scorching Sands,"Dexterity Saving Throw: DC 20, one creature the dragon can see within 120 feet. Failure: 36 (8d8) Fire damage, and the target's Speed is halved until the end of its next turn. Failure or Success: The dragon can't take this action again until the start of its next turn. Bronze Dragons",8,a79b4f29-217a-560d-b531-c4e3a1e90688,LEGENDARY,NULL,NULL,false,PER_ROUND,1,NULL,NULL
278bdbf3-1052-582d-9515-1251d8f85d48,2026-09-08T00:00:00,2026-09-08T00:00:00,0,Amphibious,The dragon can breathe air and water.,0,1810cc58-9406-5d1c-b03a-45846d94f7d6,PASSIVE,NULL,NULL,false,AT_WILL,NULL,NULL,NULL
b3bafa51-dd0c-5351-bec8-7fa091a459a9,2026-09-08T00:00:00,2026-09-08T00:00:00,0,Multiattack,The dragon makes two Rend attacks.,1,1810cc58-9406-5d1c-b03a-45846d94f7d6,ACTION,NULL,NULL,false,AT_WILL,NULL,NULL,NULL
ff678789-047c-5232-a989-50fd0584d52c,2026-09-08T00:00:00,2026-09-08T00:00:00,0,Rend,"Melee Attack Roll: +5, reach 5 ft. Hit: 8 (1d10 + 3) Slashing damage.",2,1810cc58-9406-5d1c-b03a-45846d94f7d6,ACTION,NULL,NULL,false,AT_WILL,NULL,NULL,NULL
ba280d3c-5c14-5ff7-8fbd-c8f2aff77320,2026-09-08T00:00:00,2026-09-08T00:00:00,0,Lightning Breath,"Dexterity Saving Throw: DC 12, each creature in a 40-foot-long, 5-footwide Line. Failure: 16 (3d10) Lightning damage. Success: Half damage.",3,1810cc58-9406-5d1c-b03a-45846d94f7d6,ACTION,NULL,NULL,false,RECHARGE,1,5,6
890d8a51-aaa9-51ec-8485-f11afe3172e5,2026-09-08T00:00:00,2026-09-08T00:00:00,0,Repulsion Breath,"Strength Saving Throw: DC 12, each creature in a 30-foot Cone. Failure: The target is pushed up to 30 feet straight away from the dragon and has the Prone condition.",4,1810cc58-9406-5d1c-b03a-45846d94f7d6,ACTION,NULL,NULL,false,AT_WILL,NULL,NULL,NULL
f90be718-3b6a-5509-9439-a9f2298f856f,2026-09-08T00:00:00,2026-09-08T00:00:00,0,Amphibious,The dragon can breathe air and water.,0,f8a6fde2-0db9-5a03-9908-cafbe72ef9bf,PASSIVE,NULL,NULL,false,AT_WILL,NULL,NULL,NULL
1af6cb5f-711c-50f4-b0b9-68e40dffe517,2026-09-08T00:00:00,2026-09-08T00:00:00,0,Multiattack,The dragon makes three Rend attacks. It can replace one attack with a use of Repulsion Breath.,1,f8a6fde2-0db9-5a03-9908-cafbe72ef9bf,ACTION,NULL,NULL,false,AT_WILL,NULL,NULL,NULL
dd7a343c-abe5-524e-b30a-c0a782eb093a,2026-09-08T00:00:00,2026-09-08T00:00:00,0,Rend,"Melee Attack Roll: +8, reach 10 ft. Hit: 16 (2d10 + 5) Slashing damage.",2,f8a6fde2-0db9-5a03-9908-cafbe72ef9bf,ACTION,NULL,NULL,false,AT_WILL,NULL,NULL,NULL
589afe30-c8cc-51a2-825b-2f065dc77bff,2026-09-08T00:00:00,2026-09-08T00:00:00,0,Lightning Breath,"Dexterity Saving Throw: DC 15, each creature in a 60-foot-long, 5-footwide Line. Failure: 49 (9d10) Lightning damage. Success: Half damage.",3,f8a6fde2-0db9-5a03-9908-cafbe72ef9bf,ACTION,NULL,NULL,false,RECHARGE,1,5,6
6e205363-ce08-5244-b9b8-1fa53b540cbc,2026-09-08T00:00:00,2026-09-08T00:00:00,0,Repulsion Breath,"Strength Saving Throw: DC 15, each creature in a 30-foot Cone. Failure: The target is pushed up to 40 feet straight away from the dragon and has the Prone condition.",4,f8a6fde2-0db9-5a03-9908-cafbe72ef9bf,ACTION,NULL,NULL,false,AT_WILL,NULL,NULL,NULL
a706746b-5e27-56e7-9193-49e530ae8127,2026-09-08T00:00:00,2026-09-08T00:00:00,0,Amphibious,The dragon can breathe air and water.,0,4a686859-4851-5d47-b3ea-d5303adfac70,PASSIVE,NULL,NULL,false,AT_WILL,NULL,NULL,NULL
5c02ba70-da41-5ceb-8ec7-8294e3185d7c,2026-09-08T00:00:00,2026-09-08T00:00:00,0,Legendary Resistance,"If the dragon fails a saving throw, it can choose to succeed instead.",1,4a686859-4851-5d47-b3ea-d5303adfac70,PASSIVE,NULL,NULL,false,PER_DAY,3,NULL,NULL
f2a88ab4-a961-521f-a56d-9ccfe009de18,2026-09-08T00:00:00,2026-09-08T00:00:00,0,Multiattack,The dragon makes three Rend attacks. It can replace one attack with a use of (A) Repulsion Breath or (B) Spellcasting to cast Guiding Bolt (level 2 version).,2,4a686859-4851-5d47-b3ea-d5303adfac70,ACTION,NULL,NULL,false,AT_WILL,NULL,NULL,NULL
374c0821-ebc0-5b76-85d3-ab5521f68ab6,2026-09-08T00:00:00,2026-09-08T00:00:00,0,Rend,"Melee Attack Roll: +12, reach 10 ft. Hit: 16 (2d8 + 7) Slashing damage plus 5 (1d10) Lightning damage.",3,4a686859-4851-5d47-b3ea-d5303adfac70,ACTION,NULL,NULL,false,AT_WILL,NULL,NULL,NULL
67c2349b-9798-5d33-bca4-9ff0ca383696,2026-09-08T00:00:00,2026-09-08T00:00:00,0,Lightning Breath,"Dexterity Saving Throw: DC 19, each creature in a 90-foot-long, 5-footwide Line. Failure: 55 (10d10) Lightning damage. Success: Half damage.",4,4a686859-4851-5d47-b3ea-d5303adfac70,ACTION,NULL,NULL,false,RECHARGE,1,5,6
939acfcf-75d5-566f-970f-56785938839c,2026-09-08T00:00:00,2026-09-08T00:00:00,0,Repulsion Breath,"Strength Saving Throw: DC 19, each creature in a 30-foot Cone. Failure: The target is pushed up to 60 feet straight away from the dragon and has the Prone condition.",5,4a686859-4851-5d47-b3ea-d5303adfac70,ACTION,NULL,NULL,false,AT_WILL,NULL,NULL,NULL
b49a0335-0809-52d3-b055-13d02b9ff613,2026-09-08T00:00:00,2026-09-08T00:00:00,0,Spellcasting,"The dragon casts one of the following spells, requiring no Material components and using Charisma as the spellcasting ability (spell save DC 17, +10 to hit with spell attacks): At Will: Detect Magic, Guiding Bolt (level 2 version), Shapechange (Beast or Humanoid form only, no Temporary Hit Points gained from the spell, and no Concentration or Temporary Hit Points required to maintain the spell), Speak with Animals, Thaumaturgy 1/Day Each: Detect Thoughts, Water Breathing",6,4a686859-4851-5d47-b3ea-d5303adfac70,ACTION,NULL,NULL,false,AT_WILL,NULL,NULL,NULL
1850188c-3cd7-514d-b3dd-82a5b6a57e21,2026-09-08T00:00:00,2026-09-08T00:00:00,0,Guiding Light,The dragon uses Spellcasting to cast Guiding Bolt (level 2 version).,7,4a686859-4851-5d47-b3ea-d5303adfac70,LEGENDARY,NULL,NULL,false,AT_WILL,NULL,NULL,NULL
e9efa245-8350-5462-b102-ccfd87e0f66b,2026-09-08T00:00:00,2026-09-08T00:00:00,0,Pounce,"The dragon moves up to half its Speed, and it makes one Rend attack.",8,4a686859-4851-5d47-b3ea-d5303adfac70,LEGENDARY,NULL,NULL,false,AT_WILL,NULL,NULL,NULL
4806c254-5e7c-5fe3-8b5c-336cf2f1a95d,2026-09-08T00:00:00,2026-09-08T00:00:00,0,Thunderclap,"Constitution Saving Throw: DC 17, each creature in a 20-foot-radius Sphere centered on a point the dragon can see within 90 feet. Failure: 10 (3d6) Thunder damage, and the target has the Deafened condition until the end of its next turn.",9,4a686859-4851-5d47-b3ea-d5303adfac70,LEGENDARY,NULL,NULL,false,AT_WILL,NULL,NULL,NULL
f5ac3af1-ae5e-56ec-97c9-8be2e055f5a8,2026-09-08T00:00:00,2026-09-08T00:00:00,0,Amphibious,The dragon can breathe air and water.,0,feb2e64e-a0be-5b77-b650-900315f7fbb2,PASSIVE,NULL,NULL,false,AT_WILL,NULL,NULL,NULL
aae3feac-033b-546f-881d-cec46a73f9d8,2026-09-08T00:00:00,2026-09-08T00:00:00,0,Legendary Resistance,"If the dragon fails a saving throw, it can choose to succeed instead.",1,feb2e64e-a0be-5b77-b650-900315f7fbb2,PASSIVE,NULL,NULL,false,PER_DAY,4,NULL,NULL
a8bd20b0-f82b-5b4b-8f70-ab1ad69787cf,2026-09-08T00:00:00,2026-09-08T00:00:00,0,Multiattack,The dragon makes three Rend attacks. It can replace one attack with a use of (A) Repulsion Breath or (B) Spellcasting to cast Guiding Bolt (level 2 version).,2,feb2e64e-a0be-5b77-b650-900315f7fbb2,ACTION,NULL,NULL,false,AT_WILL,NULL,NULL,NULL
9609490e-7421-574d-a45e-10b7ec918bd1,2026-09-08T00:00:00,2026-09-08T00:00:00,0,Rend,"Melee Attack Roll: +16, reach 15 ft. Hit: 18 (2d8 + 9) Slashing damage plus 9 (2d8) Lightning damage.",3,feb2e64e-a0be-5b77-b650-900315f7fbb2,ACTION,NULL,NULL,false,AT_WILL,NULL,NULL,NULL
8993fe54-45b0-5bd5-b15b-f6c1e4bc59d1,2026-09-08T00:00:00,2026-09-08T00:00:00,0,Lightning Breath,"Dexterity Saving Throw: DC 23, each creature in a 120-foot-long, 10-foot-wide Line. Failure: 82 (15d10) Lightning damage. Success: Half damage.",4,feb2e64e-a0be-5b77-b650-900315f7fbb2,ACTION,NULL,NULL,false,RECHARGE,1,5,6
c0119fbc-f7c0-5343-ae72-f91b2ccdf682,2026-09-08T00:00:00,2026-09-08T00:00:00,0,Repulsion Breath,"Strength Saving Throw: DC 23, each creature in a 30-foot Cone. Failure: The target is pushed up to 60 feet straight away from the dragon and has the Prone condition.",5,feb2e64e-a0be-5b77-b650-900315f7fbb2,ACTION,NULL,NULL,false,AT_WILL,NULL,NULL,NULL
67e8d533-bfcb-5ec8-b207-c8b8d2bbfad6,2026-09-08T00:00:00,2026-09-08T00:00:00,0,Spellcasting,"The dragon casts one of the following spells, requiring no Material components and using Charisma as the spellcasting ability (spell save DC 22, +14 to hit with spell attacks): At Will: Detect Magic, Guiding Bolt (level 2 version), Shapechange (Beast or Humanoid form only, no Temporary Hit Points gained from the spell, and no Concentration or Temporary Hit Points required to maintain the spell), Speak with Animals, Thaumaturgy 1/Day Each: Detect Thoughts, Control Water, Scrying, Water Breathing",6,feb2e64e-a0be-5b77-b650-900315f7fbb2,ACTION,NULL,NULL,false,AT_WILL,NULL,NULL,NULL
fbb88146-6661-51a2-a2ac-5a24e5f9854d,2026-09-08T00:00:00,2026-09-08T00:00:00,0,Guiding Light,The dragon uses Spellcasting to cast Guiding Bolt (level 2 version).,7,feb2e64e-a0be-5b77-b650-900315f7fbb2,LEGENDARY,NULL,NULL,false,AT_WILL,NULL,NULL,NULL
5e7d13ef-d874-5eb8-88de-910f25773d91,2026-09-08T00:00:00,2026-09-08T00:00:00,0,Pounce,"The dragon moves up to half its Speed, and it makes one Rend attack.",8,feb2e64e-a0be-5b77-b650-900315f7fbb2,LEGENDARY,NULL,NULL,false,AT_WILL,NULL,NULL,NULL
6b7cad8f-029c-5cf9-9264-3c4e0961e220,2026-09-08T00:00:00,2026-09-08T00:00:00,0,Thunderclap,"Constitution Saving Throw: DC 22, each creature in a 20-foot-radius Sphere centered on a point the dragon can see within 120 feet. Failure: 13 (3d8) Thunder damage, and the target has the Deafened condition until the end of its next turn. Bugbears",9,feb2e64e-a0be-5b77-b650-900315f7fbb2,LEGENDARY,NULL,NULL,false,AT_WILL,NULL,NULL,NULL
c3de2a74-0afc-5607-9978-e62fece1d342,2026-09-08T00:00:00,2026-09-08T00:00:00,0,Abduct,The bugbear needn't spend extra movement to move a creature it is grappling.,0,707a2111-17f9-5510-8d72-0638f947ccb1,PASSIVE,NULL,NULL,false,AT_WILL,NULL,NULL,NULL
9e114616-1c3e-5dcd-8105-6fcd01bdd331,2026-09-08T00:00:00,2026-09-08T00:00:00,0,Multiattack,The bugbear makes two Javelin or Morningstar attacks.,1,707a2111-17f9-5510-8d72-0638f947ccb1,ACTION,NULL,NULL,false,AT_WILL,NULL,NULL,NULL
c714e129-9896-5065-a906-2d35431e6ca0,2026-09-08T00:00:00,2026-09-08T00:00:00,0,Javelin,"Melee or Ranged Attack Roll: +5, reach 10 ft. or range 30/120 ft. Hit: 13 (3d6 + 3) Piercing damage.",2,707a2111-17f9-5510-8d72-0638f947ccb1,ACTION,NULL,NULL,false,AT_WILL,NULL,NULL,NULL
e558d21c-9f94-58d5-a651-47cc125a6c3c,2026-09-08T00:00:00,2026-09-08T00:00:00,0,Morningstar,"Melee Attack Roll: +5 (with Advantage if the target is Grappled by the bugbear), reach 10 ft. Hit: 12 (2d8 + 3) Piercing damage.",3,707a2111-17f9-5510-8d72-0638f947ccb1,ACTION,NULL,NULL,false,AT_WILL,NULL,NULL,NULL
774325aa-c02e-5bb5-985f-19051dbad77b,2026-09-08T00:00:00,2026-09-08T00:00:00,0,Quick Grapple,"Dexterity Saving Throw: DC 13, one Medium or smaller creature the bugbear can see within 10 feet. Failure: The target has the Grappled condition (escape DC 13).",4,707a2111-17f9-5510-8d72-0638f947ccb1,BONUS_ACTION,NULL,NULL,false,AT_WILL,NULL,NULL,NULL
79c178f5-0176-512a-97d0-6fca03b747c6,2026-09-08T00:00:00,2026-09-08T00:00:00,0,Abduct,The bugbear needn't spend extra movement to move a creature it is grappling.,0,1f4940b4-7f8a-52de-8c9f-ca62bb7a26bb,PASSIVE,NULL,NULL,false,AT_WILL,NULL,NULL,NULL
a25f7e1f-037f-5e8f-80d8-18cbb54bf6f3,2026-09-08T00:00:00,2026-09-08T00:00:00,0,Grab,"Melee Attack Roll: +4, reach 10 ft. Hit: 9 (2d6 + 2) Bludgeoning damage. If the target is a Medium or smaller creature, it has the Grappled condition (escape DC 12).",1,1f4940b4-7f8a-52de-8c9f-ca62bb7a26bb,ACTION,NULL,NULL,false,AT_WILL,NULL,NULL,NULL
2482b8d8-6d6d-5b02-91c6-52f17aa88248,2026-09-08T00:00:00,2026-09-08T00:00:00,0,Light Hammer,"Melee or Ranged Attack Roll: +4 (with Advantage if the target is Grappled by the bugbear), reach 10 ft. or range 20/60 ft. Hit: 9 (3d4 + 2) Bludgeoning damage.",2,1f4940b4-7f8a-52de-8c9f-ca62bb7a26bb,ACTION,NULL,NULL,false,AT_WILL,NULL,NULL,NULL
ca834cd7-3caf-5dc9-a513-0b47e0286460,2026-09-08T00:00:00,2026-09-08T00:00:00,0,Multiattack,The bulette makes two Bite attacks.,0,61a8a166-336a-5981-9e69-b22289abc5f6,ACTION,NULL,NULL,false,AT_WILL,NULL,NULL,NULL
867ceecc-e452-57fb-8661-3f3ca0546f1a,2026-09-08T00:00:00,2026-09-08T00:00:00,0,Bite,"Melee Attack Roll: +7, reach 5 ft. Hit: 17 (2d12 + 4) Piercing damage.",1,61a8a166-336a-5981-9e69-b22289abc5f6,ACTION,NULL,NULL,false,AT_WILL,NULL,NULL,NULL
8ad5288c-5e2e-5cce-a941-bebe98dba6b0,2026-09-08T00:00:00,2026-09-08T00:00:00,0,Deadly Leap,"The bulette spends 5 feet of movement to jump to a space within 15 feet that contains one or more Large or smaller creatures. Dexterity Saving Throw: DC 15, each creature in the bulette's destination space. Failure: 19 (3d12) Bludgeoning damage, and the target has the Prone condition. Success: Half damage, and the target is pushed 5 feet straight away from the bulette.",2,61a8a166-336a-5981-9e69-b22289abc5f6,ACTION,NULL,NULL,false,AT_WILL,NULL,NULL,NULL
69dd9546-fdeb-5735-8203-a402fe6c46ad,2026-09-08T00:00:00,2026-09-08T00:00:00,0,Leap,The bulette jumps up to 30 feet by spending 10 feet of movement. Centaur,3,61a8a166-336a-5981-9e69-b22289abc5f6,BONUS_ACTION,NULL,NULL,false,AT_WILL,NULL,NULL,NULL
3b102cde-1803-5a78-99c2-e37180d1edf3,2026-09-08T00:00:00,2026-09-08T00:00:00,0,Multiattack,"The centaur makes two attacks, using Pike or Longbow in any combination.",0,0068719a-5a5d-5df4-a8e5-55b712c71e7f,ACTION,NULL,NULL,false,AT_WILL,NULL,NULL,NULL
76aec4c7-a8b9-5ad8-8d00-c90d9dcfd57a,2026-09-08T00:00:00,2026-09-08T00:00:00,0,Pike,"Melee Attack Roll: +6, reach 10 ft. Hit: 9 (1d10 + 4) Piercing damage.",1,0068719a-5a5d-5df4-a8e5-55b712c71e7f,ACTION,NULL,NULL,false,AT_WILL,NULL,NULL,NULL
c85288df-d058-5ef2-b539-f95c65400a12,2026-09-08T00:00:00,2026-09-08T00:00:00,0,Longbow,"Ranged Attack Roll: +4, range 150/600 ft. Hit: 6 (1d8 + 2) Piercing damage.",2,0068719a-5a5d-5df4-a8e5-55b712c71e7f,ACTION,NULL,NULL,false,AT_WILL,NULL,NULL,NULL
411da7c4-dcc9-56b3-986e-287ec287054f,2026-09-08T00:00:00,2026-09-08T00:00:00,0,Trampling Charge,"The centaur moves up to its Speed without provoking Opportunity Attacks and can move through the spaces of Medium or smaller creatures. Each creature whose space the centaur enters is targeted once by the following effect. Strength Saving Throw: DC 14. Failure: 7 (1d6 + 4) Bludgeoning damage, and the target has the Prone condition.",3,0068719a-5a5d-5df4-a8e5-55b712c71e7f,BONUS_ACTION,NULL,NULL,false,RECHARGE,1,5,6
502f7c3f-5674-5845-b449-35cb86bb5c94,2026-09-08T00:00:00,2026-09-08T00:00:00,0,Diabolical Restoration,"If the devil dies outside the Nine Hells, its body disappears in sulfurous smoke, and it gains a new body instantly, reviving with all its Hit Points somewhere in the Nine Hells.",0,9d0f45d2-353c-55d6-b25a-ecf41a13a35e,PASSIVE,NULL,NULL,false,AT_WILL,NULL,NULL,NULL
6b909ad0-058a-570d-8e38-e72d127628dd,2026-09-08T00:00:00,2026-09-08T00:00:00,0,Magic Resistance,The devil has Advantage on saving throws against spells and other magical effects.,1,9d0f45d2-353c-55d6-b25a-ecf41a13a35e,PASSIVE,NULL,NULL,false,AT_WILL,NULL,NULL,NULL
ff43fafa-4687-5531-93c2-331c052d20fc,2026-09-08T00:00:00,2026-09-08T00:00:00,0,Multiattack,The devil makes two Chain attacks and uses Conjure Infernal Chain.,2,9d0f45d2-353c-55d6-b25a-ecf41a13a35e,ACTION,NULL,NULL,false,AT_WILL,NULL,NULL,NULL
7102b2bc-965a-508e-9a17-58fe6386f904,2026-09-08T00:00:00,2026-09-08T00:00:00,0,Chain,"Melee Attack Roll: +7, reach 10 ft. Hit: 11 (2d6 + 4) Slashing damage. If the target is a Large or smaller creature, it has the Grappled condition (escape DC 14) from one of two chains, and it has the Restrained condition until the grapple ends.",3,9d0f45d2-353c-55d6-b25a-ecf41a13a35e,ACTION,NULL,NULL,false,AT_WILL,NULL,NULL,NULL
6f284e33-cd8c-5cf2-a5d9-ff5bc0d92d12,2026-09-08T00:00:00,2026-09-08T00:00:00,0,Conjure Infernal Chain,"The devil conjures a fiery chain to bind a creature. Dexterity Saving Throw: DC 15, one creature the devil can see within 60 feet. Failure: 9 (2d4 + 4) Fire damage, and the target has the Restrained condition until the end of the devil's next turn, at which point the chain disappears. If the target is Large or smaller, the devil moves the target up to 30 feet straight toward itself. Success: The chain disappears.",4,9d0f45d2-353c-55d6-b25a-ecf41a13a35e,ACTION,NULL,NULL,false,AT_WILL,NULL,NULL,NULL
e56339de-de49-5f20-91c2-0d699af23100,2026-09-08T00:00:00,2026-09-08T00:00:00,0,Unnerving Gaze,"Trigger: A creature the devil can see starts its turn within 30 feet of the devil and can see the devil. Response-Wisdom Saving Throw: DC 15, the triggering creature. Failure: The target has the Frightened condition until the end of its turn. Success: The target is immune to this devil's Unnerving Gaze for 24 hours.",5,9d0f45d2-353c-55d6-b25a-ecf41a13a35e,REACTION,NULL,NULL,false,AT_WILL,NULL,NULL,NULL
b579c50b-e128-53df-ae4f-636f12cd2de0,2026-09-08T00:00:00,2026-09-08T00:00:00,0,Multiattack,"The chimera makes one Ram attack, one Bite attack, and one Claw attack. It can replace the Claw attack with a use of Fire Breath if available.",0,b7798ab4-ff0f-597c-8f42-24ff5148156d,ACTION,NULL,NULL,false,AT_WILL,NULL,NULL,NULL
eb1c953b-98b2-5b60-b81b-4e6d0026068d,2026-09-08T00:00:00,2026-09-08T00:00:00,0,Bite,"Melee Attack Roll: +7, reach 5 ft. Hit: 11 (2d6 + 4) Piercing damage, or 18 (4d6 + 4) Piercing damage if the chimera had Advantage on the attack roll.",1,b7798ab4-ff0f-597c-8f42-24ff5148156d,ACTION,NULL,NULL,false,AT_WILL,NULL,NULL,NULL
6494b352-f0dd-5d3c-919d-883c1f8aec31,2026-09-08T00:00:00,2026-09-08T00:00:00,0,Claw,"Melee Attack Roll: +7, reach 5 ft. Hit: 7 (1d6 + 4) Slashing damage.",2,b7798ab4-ff0f-597c-8f42-24ff5148156d,ACTION,NULL,NULL,false,AT_WILL,NULL,NULL,NULL
d59a3a83-665b-51ba-9bb3-b628fe382a9d,2026-09-08T00:00:00,2026-09-08T00:00:00,0,Ram,"Melee Attack Roll: +7, reach 5 ft. Hit: 10 (1d12 + 4) Bludgeoning damage. If the target is a Medium or smaller creature, it has the Prone condition.",3,b7798ab4-ff0f-597c-8f42-24ff5148156d,ACTION,NULL,NULL,false,AT_WILL,NULL,NULL,NULL
15fb57db-4782-5eb8-9903-6e5b581c17b1,2026-09-08T00:00:00,2026-09-08T00:00:00,0,Fire Breath,"Dexterity Saving Throw: DC 15, each creature in a 15-foot Cone. Failure: 31 (7d8) Fire damage. Success: Half damage.",4,b7798ab4-ff0f-597c-8f42-24ff5148156d,ACTION,NULL,NULL,false,RECHARGE,1,5,6
f4c8e3d1-35c6-563d-8ea9-bfd176c6b59a,2026-09-08T00:00:00,2026-09-08T00:00:00,0,Amphibious,The chuul can breathe air and water.,0,f8687241-5230-57e7-8cc5-96a1769ed7eb,PASSIVE,NULL,NULL,false,AT_WILL,NULL,NULL,NULL
3709403c-4add-5a4d-b662-75b70201115a,2026-09-08T00:00:00,2026-09-08T00:00:00,0,Sense Magic,The chuul senses magic within 120 feet of itself. This trait otherwise works like the Detect Magic spell but isn't itself magical.,1,f8687241-5230-57e7-8cc5-96a1769ed7eb,PASSIVE,NULL,NULL,false,AT_WILL,NULL,NULL,NULL
293d3e74-bb6b-5280-bc64-1e1887c3ed86,2026-09-08T00:00:00,2026-09-08T00:00:00,0,Multiattack,The chuul makes two Pincer attacks and uses Paralyzing Tentacles.,2,f8687241-5230-57e7-8cc5-96a1769ed7eb,ACTION,NULL,NULL,false,AT_WILL,NULL,NULL,NULL
c840db29-b4e6-5034-8dfc-149be6182a6f,2026-09-08T00:00:00,2026-09-08T00:00:00,0,Pincer,"Melee Attack Roll: +6, reach 10 ft. Hit: 9 (1d10 + 4) Bludgeoning damage. If the target is a Large or smaller creature, it has the Grappled condition (escape DC 14) from one of two pincers.",3,f8687241-5230-57e7-8cc5-96a1769ed7eb,ACTION,NULL,NULL,false,AT_WILL,NULL,NULL,NULL
fe54415e-5f1e-55de-b8fa-47932d2b9ce4,2026-09-08T00:00:00,2026-09-08T00:00:00,0,Paralyzing Tentacles,"Constitution Saving Throw: DC 13, one creature Grappled by the chuul. Failure: The target has the Poisoned condition and repeats the save at the end of each of its turns, ending the effect on itself on a success. After 1 minute, it succeeds automatically. While Poisoned, the target has the Paralyzed condition.",4,f8687241-5230-57e7-8cc5-96a1769ed7eb,ACTION,NULL,NULL,false,AT_WILL,NULL,NULL,NULL
5252d1bd-7441-5b7e-92ff-a07d6772c2b3,2026-09-08T00:00:00,2026-09-08T00:00:00,0,Acid Absorption,"Whenever the golem is subjected to Acid damage, it takes no damage and instead regains a number of Hit Points equal to the Acid damage dealt.",0,30ddc18c-251c-5334-99e2-7b0e692d8a05,PASSIVE,NULL,NULL,false,AT_WILL,NULL,NULL,NULL
1fdf62a0-429a-5bd3-9037-6816beba8b60,2026-09-08T00:00:00,2026-09-08T00:00:00,0,Berserk,"Whenever the golem starts its turn Bloodied, roll 1d6. On a 6, the golem goes berserk. On each of its turns while berserk, the golem attacks the nearest creature it can see. If no creature is near enough to move to and attack, the golem attacks an object. Once the golem goes berserk, it continues to be berserk until it is destroyed or it is no longer Bloodied.",1,30ddc18c-251c-5334-99e2-7b0e692d8a05,PASSIVE,NULL,NULL,false,AT_WILL,NULL,NULL,NULL
3c7e689d-9730-5009-af86-ffbfe842575e,2026-09-08T00:00:00,2026-09-08T00:00:00,0,Immutable Form,The golem can't shape-shift.,2,30ddc18c-251c-5334-99e2-7b0e692d8a05,PASSIVE,NULL,NULL,false,AT_WILL,NULL,NULL,NULL
aa51f64f-d0ba-5242-be46-259fb06cf21c,2026-09-08T00:00:00,2026-09-08T00:00:00,0,Magic Resistance,The golem has Advantage on saving throws against spells and other magical effects.,3,30ddc18c-251c-5334-99e2-7b0e692d8a05,PASSIVE,NULL,NULL,false,AT_WILL,NULL,NULL,NULL
179388ea-23bb-5889-a846-f3337059ec57,2026-09-08T00:00:00,2026-09-08T00:00:00,0,Multiattack,"The golem makes two Slam attacks, or it makes three Slam attacks if it used Hasten this turn.",4,30ddc18c-251c-5334-99e2-7b0e692d8a05,ACTION,NULL,NULL,false,AT_WILL,NULL,NULL,NULL
1f3a8026-1369-5aa2-8f65-114e7040314d,2026-09-08T00:00:00,2026-09-08T00:00:00,0,Slam,"Melee Attack Roll: +9, reach 5 ft. Hit: 10 (1d10 + 5) Bludgeoning damage plus 6 (1d12) Acid damage, and the target's Hit Point maximum decreases by an amount equal to the Acid damage taken.",5,30ddc18c-251c-5334-99e2-7b0e692d8a05,ACTION,NULL,NULL,false,AT_WILL,NULL,NULL,NULL
390e76fe-aa75-5a46-825d-0982aa21a16c,2026-09-08T00:00:00,2026-09-08T00:00:00,0,Hasten,The golem takes the Dash and Disengage actions.,6,30ddc18c-251c-5334-99e2-7b0e692d8a05,BONUS_ACTION,NULL,NULL,false,RECHARGE,1,5,6
ab65ddb7-0160-570c-abd6-1aca0a555032,2026-09-08T00:00:00,2026-09-08T00:00:00,0,Light Sensitivity,"While in Bright Light, the cloaker has Disadvantage on attack rolls.",0,be712961-00e4-5fdc-b3d9-7ce4b3ef3839,PASSIVE,NULL,NULL,false,AT_WILL,NULL,NULL,NULL
d40750b7-bbe4-57a3-afe8-54d9d662b2d3,2026-09-08T00:00:00,2026-09-08T00:00:00,0,Multiattack,The cloaker makes one Attach attack and two Tail attacks.,1,be712961-00e4-5fdc-b3d9-7ce4b3ef3839,ACTION,NULL,NULL,false,AT_WILL,NULL,NULL,NULL
8698d8bd-081b-5d43-bc7a-a96abefc18b7,2026-09-08T00:00:00,2026-09-08T00:00:00,0,Attach,"Melee Attack Roll: +6, reach 5 ft. Hit: 13 (3d6 + 3) Piercing damage. If the target is a Large or smaller creature, the cloaker attaches to it. While the cloaker is attached, the target has the Blinded condition, and the cloaker can't make Attach attacks against other targets. In addition, the cloaker halves the damage it takes (round down), and the target takes the same amount of damage. The cloaker can detach itself by spending 5 feet of movement. The target or a creature within 5 feet of it can take an action to try to detach the cloaker, doing so by succeeding on a DC 14 Strength (Athletics) check.",2,be712961-00e4-5fdc-b3d9-7ce4b3ef3839,ACTION,NULL,NULL,false,AT_WILL,NULL,NULL,NULL
5d8d344e-962e-582e-8a81-5a3d6b08ba4b,2026-09-08T00:00:00,2026-09-08T00:00:00,0,Tail,"Melee Attack Roll: +6, reach 10 ft. Hit: 8 (1d10 + 3) Slashing damage.",3,be712961-00e4-5fdc-b3d9-7ce4b3ef3839,ACTION,NULL,NULL,false,AT_WILL,NULL,NULL,NULL
cf029915-827f-59ba-a8fa-61e5ba5eead8,2026-09-08T00:00:00,2026-09-08T00:00:00,0,Moan,"Wisdom Saving Throw: DC 13, each creature in a 60-foot Emanation originating from the cloaker. Failure: The target has the Frightened condition until the end of the cloaker's next turn. Success: The target is immune to this cloaker's Moan for the next 24 hours.",4,be712961-00e4-5fdc-b3d9-7ce4b3ef3839,BONUS_ACTION,NULL,NULL,false,AT_WILL,NULL,NULL,NULL
08629861-559b-5927-8507-14618647d13b,2026-09-08T00:00:00,2026-09-08T00:00:00,0,Phantasms,"The cloaker casts the Mirror Image spell, requiring no spell components and using Wisdom as the spellcasting ability. The spell ends early if the cloaker starts or ends its turn in Bright Light.",5,be712961-00e4-5fdc-b3d9-7ce4b3ef3839,BONUS_ACTION,NULL,NULL,false,AT_WILL,NULL,NULL,NULL
9e2d3377-d76b-5faf-b14e-306747bfacf3,2026-09-08T00:00:00,2026-09-08T00:00:00,0,Multiattack,"The giant makes two attacks, using Thunderous Mace or Thundercloud in any combination. It can replace one attack with a use of Spellcasting to cast Fog Cloud.",0,28133e24-4663-51d1-9e69-22efd9a246dd,ACTION,NULL,NULL,false,AT_WILL,NULL,NULL,NULL
f1be79a1-34fc-5f6c-88d8-7e75c700d113,2026-09-08T00:00:00,2026-09-08T00:00:00,0,Thunderous Mace,"Melee Attack Roll: +12, reach 10 ft. Hit: 21 (3d8 + 8) Bludgeoning damage plus 7 (2d6) Thunder damage.",1,28133e24-4663-51d1-9e69-22efd9a246dd,ACTION,NULL,NULL,false,AT_WILL,NULL,NULL,NULL
33217f18-a57a-564d-a47b-c026feeef9ea,2026-09-08T00:00:00,2026-09-08T00:00:00,0,Thundercloud,"Ranged Attack Roll: +12, range 240 ft. Hit: 18 (3d6 + 8) Thunder damage, and the target has the Incapacitated condition until the end of its next turn.",2,28133e24-4663-51d1-9e69-22efd9a246dd,ACTION,NULL,NULL,false,AT_WILL,NULL,NULL,NULL
8ac8a7ae-cab8-5988-a82a-a681f4af7537,2026-09-08T00:00:00,2026-09-08T00:00:00,0,Spellcasting,"The giant casts one of the following spells, requiring no Material components and using Charisma as the spellcasting ability (spell save DC 15): At Will: Detect Magic, Fog Cloud, Light 1/Day Each: Control Weather, Gaseous Form, Telekinesis",3,28133e24-4663-51d1-9e69-22efd9a246dd,ACTION,NULL,NULL,false,AT_WILL,NULL,NULL,NULL
4f879071-4ba6-5a65-88be-76e9869c77fc,2026-09-08T00:00:00,2026-09-08T00:00:00,0,Misty Step,"The giant casts the Misty Step spell, using the same spellcasting ability as Spellcasting.",4,28133e24-4663-51d1-9e69-22efd9a246dd,BONUS_ACTION,NULL,NULL,false,AT_WILL,NULL,NULL,NULL
8cffd79a-2d57-510e-acb6-268ddea7f288,2026-09-08T00:00:00,2026-09-08T00:00:00,0,Petrifying Bite,"Melee Attack Roll: +3, reach 5 ft. Hit: 3 (1d4 + 1) Piercing damage. If the target is a creature, it is subjected to the following effect. Constitution Saving Throw: DC 11. First Failure: The target has the Restrained condition. The target repeats the save at the end of its next turn if it is still Restrained, ending the effect on itself on a success. Second Failure: The target has the Petrified condition, instead of the Restrained condition, for 24 hours.",0,b9eea488-d320-5cfa-b843-701d38590264,ACTION,NULL,NULL,false,AT_WILL,NULL,NULL,NULL
5cedf77c-2c9b-5539-a6f9-bf993d1aebde,2026-09-08T00:00:00,2026-09-08T00:00:00,0,Training,The commoner has proficiency in one skill of the GM's choice and has Advantage whenever it makes an ability check using that skill.,0,a8fc19ef-5730-5d26-b461-c590dfdbc3b9,PASSIVE,NULL,NULL,false,AT_WILL,NULL,NULL,NULL
aa9765af-81dd-53ff-bba3-d0ef128b88cd,2026-09-08T00:00:00,2026-09-08T00:00:00,0,Club,"Melee Attack Roll: +2, reach 5 ft. Hit: 2 (1d4) Bludgeoning damage. Copper Dragons",1,a8fc19ef-5730-5d26-b461-c590dfdbc3b9,ACTION,NULL,NULL,false,AT_WILL,NULL,NULL,NULL
29ef2c69-9870-5c05-b1a3-1a69435ef79e,2026-09-08T00:00:00,2026-09-08T00:00:00,0,Rend,"Melee Attack Roll: +4, reach 5 ft. Hit: 7 (1d10 + 2) Slashing damage.",0,ce0387c8-3d13-50bf-a216-5174851b483d,ACTION,NULL,NULL,false,AT_WILL,NULL,NULL,NULL
06223267-4c8e-5d44-a0dc-b70043c3b97f,2026-09-08T00:00:00,2026-09-08T00:00:00,0,Acid Breath,"Dexterity Saving Throw: DC 11, each creature in a 20-foot-long, 5-footwide Line. Failure: 18 (4d8) Acid damage. Success: Half damage.",1,ce0387c8-3d13-50bf-a216-5174851b483d,ACTION,NULL,NULL,false,RECHARGE,1,5,6
7efd5fbd-bc87-5072-bc27-d5deb2f45daa,2026-09-08T00:00:00,2026-09-08T00:00:00,0,Slowing Breath,"Constitution Saving Throw: DC 11, each creature in a 15-foot Cone. Failure: The target can't take Reactions; its Speed is halved; and it can take either an action or a Bonus Action on its turn, not both. This effect lasts until the end of its next turn.",2,ce0387c8-3d13-50bf-a216-5174851b483d,ACTION,NULL,NULL,false,AT_WILL,NULL,NULL,NULL
d7b7b553-affd-5efc-8f44-ddd19c11b7e4,2026-09-08T00:00:00,2026-09-08T00:00:00,0,Multiattack,The dragon makes three Rend attacks. It can replace one attack with a use of Slowing Breath.,0,20d99010-e378-59c5-a9ca-52eb9fbd070c,ACTION,NULL,NULL,false,AT_WILL,NULL,NULL,NULL
d0e5eb59-05e6-5be2-ae99-cbc7f2cbea6d,2026-09-08T00:00:00,2026-09-08T00:00:00,0,Rend,"Melee Attack Roll: +7, reach 10 ft. Hit: 15 (2d10 + 4) Slashing damage.",1,20d99010-e378-59c5-a9ca-52eb9fbd070c,ACTION,NULL,NULL,false,AT_WILL,NULL,NULL,NULL
b332eda4-414b-54e6-8f4c-56e09216ffb6,2026-09-08T00:00:00,2026-09-08T00:00:00,0,Acid Breath,"Dexterity Saving Throw: DC 14, each creature in a 40-foot-long, 5-footwide Line. Failure: 40 (9d8) Acid damage. Success: Half damage.",2,20d99010-e378-59c5-a9ca-52eb9fbd070c,ACTION,NULL,NULL,false,RECHARGE,1,5,6
9cc08c9f-de85-5fb6-be68-98f2b1dd7861,2026-09-08T00:00:00,2026-09-08T00:00:00,0,Slowing Breath,"Constitution Saving Throw: DC 14, each creature in a 30-foot Cone. Failure: The target can't take Reactions; its Speed is halved; and it can take either an action or a Bonus Action on its turn, not both. This effect lasts until the end of its next turn.",3,20d99010-e378-59c5-a9ca-52eb9fbd070c,ACTION,NULL,NULL,false,AT_WILL,NULL,NULL,NULL
cfa0b635-fb27-5516-84f4-2e20849e8ddc,2026-09-08T00:00:00,2026-09-08T00:00:00,0,Legendary Resistance,"If the dragon fails a saving throw, it can choose to succeed instead.",0,df40b7e6-7047-5eb9-ab7e-f8ce1c1280d5,PASSIVE,NULL,NULL,false,PER_DAY,3,NULL,NULL
478c4518-d490-56ef-a71d-8adce3a3a85f,2026-09-08T00:00:00,2026-09-08T00:00:00,0,Multiattack,The dragon makes three Rend attacks. It can replace one attack with a use of (A) Slowing Breath or (B) Spellcasting to cast Mind Spike (level 4 version).,1,df40b7e6-7047-5eb9-ab7e-f8ce1c1280d5,ACTION,NULL,NULL,false,AT_WILL,NULL,NULL,NULL
7d73c838-1e74-5151-9135-56861b7a7f55,2026-09-08T00:00:00,2026-09-08T00:00:00,0,Rend,"Melee Attack Roll: +11, reach 10 ft. Hit: 17 (2d10 + 6) Slashing damage plus 4 (1d8) Acid damage.",2,df40b7e6-7047-5eb9-ab7e-f8ce1c1280d5,ACTION,NULL,NULL,false,AT_WILL,NULL,NULL,NULL
a0e4ff17-7b43-5dcb-9f55-31bfc4b08cb2,2026-09-08T00:00:00,2026-09-08T00:00:00,0,Acid Breath,"Dexterity Saving Throw: DC 18, each creature in an 60-foot-long, 5-footwide Line. Failure: 54 (12d8) Acid damage. Success: Half damage.",3,df40b7e6-7047-5eb9-ab7e-f8ce1c1280d5,ACTION,NULL,NULL,false,RECHARGE,1,5,6
793d5ed9-06b1-5715-8451-54334c0e96b9,2026-09-08T00:00:00,2026-09-08T00:00:00,0,Slowing Breath,"Constitution Saving Throw: DC 18, each creature in a 60-foot Cone. Failure: The target can't take Reactions; its Speed is halved; and it can take either an action or a Bonus Action on its turn, not both. This effect lasts until the end of its next turn.",4,df40b7e6-7047-5eb9-ab7e-f8ce1c1280d5,ACTION,NULL,NULL,false,AT_WILL,NULL,NULL,NULL
b404a8ba-08a2-57a5-bcd9-b080a8ef4ed6,2026-09-08T00:00:00,2026-09-08T00:00:00,0,Spellcasting,"The dragon casts one of the following spells, requiring no Material components and using Charisma as the spellcasting ability (spell save DC 17): At Will: Detect Magic, Mind Spike (level 4 version), Minor Illusion, Shapechange (Beast or Humanoid form only, no Temporary Hit Points gained from the spell, and no Concentration or Temporary Hit Points required to maintain the spell) 1/Day Each: Greater Restoration, Major Image",5,df40b7e6-7047-5eb9-ab7e-f8ce1c1280d5,ACTION,NULL,NULL,false,AT_WILL,NULL,NULL,NULL
a2a86c8e-c317-559b-9a11-52be8d73ae47,2026-09-08T00:00:00,2026-09-08T00:00:00,0,Giggling Magic,"Charisma Saving Throw: DC 17, one creature the dragon can see within 90 feet. Failure: 24 (7d6) Psychic damage. Until the end of its next turn, the target rolls 1d6 whenever it makes an ability check or attack roll and subtracts the number rolled from the D20 Test. Failure or Success: The dragon can't take this action again until the start of its next turn.",6,df40b7e6-7047-5eb9-ab7e-f8ce1c1280d5,LEGENDARY,NULL,NULL,false,PER_ROUND,1,NULL,NULL
d293ab83-b816-5762-96f0-b99475311f44,2026-09-08T00:00:00,2026-09-08T00:00:00,0,Mind Jolt,The dragon uses Spellcasting to cast Mind Spike (level 4 version). The dragon can't take this action again until the start of its next turn.,7,df40b7e6-7047-5eb9-ab7e-f8ce1c1280d5,LEGENDARY,NULL,NULL,false,PER_ROUND,1,NULL,NULL
d2f01e18-5128-5fd2-a3b7-1b05930da52e,2026-09-08T00:00:00,2026-09-08T00:00:00,0,Pounce,"The dragon moves up to half its Speed, and it makes one Rend attack.",8,df40b7e6-7047-5eb9-ab7e-f8ce1c1280d5,LEGENDARY,NULL,NULL,false,AT_WILL,NULL,NULL,NULL
218bfbed-f9b5-5e1f-986f-fef80ce25142,2026-09-08T00:00:00,2026-09-08T00:00:00,0,Legendary Resistance,"If the dragon fails a saving throw, it can choose to succeed instead.",0,33da4341-6b62-5233-9c0f-f355e2738ccc,PASSIVE,NULL,NULL,false,PER_DAY,4,NULL,NULL
a28116fb-e301-5e1f-a18e-b664fbd8d7c7,2026-09-08T00:00:00,2026-09-08T00:00:00,0,Multiattack,The dragon makes three Rend attacks. It can replace one attack with a use of (A) Slowing Breath or (B) Spellcasting to cast Mind Spike (level 5 version).,1,33da4341-6b62-5233-9c0f-f355e2738ccc,ACTION,NULL,NULL,false,AT_WILL,NULL,NULL,NULL
0e64ce81-9ee2-536e-a189-1f819a3efe7a,2026-09-08T00:00:00,2026-09-08T00:00:00,0,Rend,"Melee Attack Roll: +15, reach 15 ft. Hit: 19 (2d10 + 8) Slashing damage plus 9 (2d8) Acid damage.",2,33da4341-6b62-5233-9c0f-f355e2738ccc,ACTION,NULL,NULL,false,AT_WILL,NULL,NULL,NULL
2c5dfcc3-0f5c-5d49-9084-874dd51093c7,2026-09-08T00:00:00,2026-09-08T00:00:00,0,Acid Breath,"Dexterity Saving Throw: DC 22, each creature in an 90-foot-long, 10-footwide Line. Failure: 63 (14d8) Acid damage. Success: Half damage.",3,33da4341-6b62-5233-9c0f-f355e2738ccc,ACTION,NULL,NULL,false,RECHARGE,1,5,6
a75fae06-e3c3-5f62-a30e-a855187110c7,2026-09-08T00:00:00,2026-09-08T00:00:00,0,Slowing Breath,"Constitution Saving Throw: DC 22, each creature in a 90-foot Cone. Failure: The target can't take Reactions; its Speed is halved; and it can take either an action or a Bonus Action on its turn, not both. This effect lasts until the end of its next turn.",4,33da4341-6b62-5233-9c0f-f355e2738ccc,ACTION,NULL,NULL,false,AT_WILL,NULL,NULL,NULL
577580bd-f1df-5573-8842-2d07966e6bae,2026-09-08T00:00:00,2026-09-08T00:00:00,0,Spellcasting,"The dragon casts one of the following spells, requiring no Material components and using Charisma as the spellcasting ability (spell save DC 21): At Will: Detect Magic, Mind Spike (level 5 version), Minor Illusion, Shapechange (Beast or Humanoid form only, no Temporary Hit Points gained from the spell, and no Concentration or Temporary Hit Points required to maintain the spell) 1/Day Each: Greater Restoration, Major Image, Project Image",5,33da4341-6b62-5233-9c0f-f355e2738ccc,ACTION,NULL,NULL,false,AT_WILL,NULL,NULL,NULL
4626705a-d32e-53ef-896f-246ea3db2588,2026-09-08T00:00:00,2026-09-08T00:00:00,0,Giggling Magic,"Charisma Saving Throw: DC 21, one creature the dragon can see within 120 feet. Failure: 31 (9d6) Psychic damage. Until the end of its next turn, the target rolls 1d8 whenever it makes an ability check or attack roll and subtracts the number rolled from the D20 Test. Failure or Success: The dragon can't take this action again until the start of its next turn.",6,33da4341-6b62-5233-9c0f-f355e2738ccc,LEGENDARY,NULL,NULL,false,PER_ROUND,1,NULL,NULL
a8fd6b70-2018-5c6b-a2f3-89423a22b52e,2026-09-08T00:00:00,2026-09-08T00:00:00,0,Mind Jolt,The dragon uses Spellcasting to cast Mind Spike (level 5 version). The dragon can't take this action again until the start of its next turn.,7,33da4341-6b62-5233-9c0f-f355e2738ccc,LEGENDARY,NULL,NULL,false,PER_ROUND,1,NULL,NULL
0f875806-d793-5ea8-b06b-32f40b573d2a,2026-09-08T00:00:00,2026-09-08T00:00:00,0,Pounce,"The dragon moves up to half its Speed, and it makes one Rend attack.",8,33da4341-6b62-5233-9c0f-f355e2738ccc,LEGENDARY,NULL,NULL,false,AT_WILL,NULL,NULL,NULL
15103e7e-44c2-5160-903a-94e49a3b85c0,2026-09-08T00:00:00,2026-09-08T00:00:00,0,Shielded Mind,"The couatl's thoughts can't be read by any means, and other creatures can communicate with it telepathically only if it allows them.",0,75aaf7d9-8097-5f09-8c47-db10961f69cb,PASSIVE,NULL,NULL,false,AT_WILL,NULL,NULL,NULL
74acd5bd-a941-5545-b65b-b865a8bce00b,2026-09-08T00:00:00,2026-09-08T00:00:00,0,Bite,"Melee Attack Roll: +7, reach 5 ft. Hit: 11 (1d12 + 5) Piercing damage, and the target has the Poisoned condition until the end of the couatl's next turn.",1,75aaf7d9-8097-5f09-8c47-db10961f69cb,ACTION,NULL,NULL,false,AT_WILL,NULL,NULL,NULL
09819efb-656f-5d12-9d23-fe0311bc86f1,2026-09-08T00:00:00,2026-09-08T00:00:00,0,Constrict,"Strength Saving Throw: DC 15, one Medium or smaller creature the couatl can see within 5 feet. Failure: 8 (1d6 + 5) Bludgeoning damage. The target has the Grappled condition (escape DC 13), and it has the Restrained condition until the grapple ends.",2,75aaf7d9-8097-5f09-8c47-db10961f69cb,ACTION,NULL,NULL,false,AT_WILL,NULL,NULL,NULL
feebfd4f-a8ed-58b9-a1fc-b3993f557ad3,2026-09-08T00:00:00,2026-09-08T00:00:00,0,Spellcasting,"The couatl casts one of the following spells, requiring no spell components and using Wisdom as the spellcasting ability (spell save DC 15): At Will: Detect Evil and Good, Detect Magic, Detect Thoughts, Shapechange (Beast or Humanoid form only, no Temporary Hit Points gained from the spell, and no Concentration or Temporary Hit Points required to maintain the spell) 1/Day Each: Create Food and Water, Dream, Greater Restoration, Scrying, Sleep",3,75aaf7d9-8097-5f09-8c47-db10961f69cb,ACTION,NULL,NULL,false,AT_WILL,NULL,NULL,NULL
68500b96-ef46-52c2-9b37-3d369dfaecb6,2026-09-08T00:00:00,2026-09-08T00:00:00,0,Divine Aid,"The couatl casts Bless, Lesser Restoration, or Sanctuary, requiring no spell components and using the same spellcasting ability as Spellcasting. Crawling Claw",4,75aaf7d9-8097-5f09-8c47-db10961f69cb,BONUS_ACTION,NULL,NULL,false,PER_DAY,2,NULL,NULL
a3900851-9afe-5f36-965b-75c985925550,2026-09-08T00:00:00,2026-09-08T00:00:00,0,Swarm,"The swarm can occupy another creature's space and vice versa, and the swarm can move through any opening large enough for a Tiny creature. The swarm can't regain Hit Points or gain Temporary Hit Points.",0,68a5204b-c403-538a-9ad4-12ac83ff69dc,PASSIVE,NULL,NULL,false,AT_WILL,NULL,NULL,NULL
31cbf439-f2e3-5f91-a7db-1a2e7ea75d68,2026-09-08T00:00:00,2026-09-08T00:00:00,0,Swarm of Grasping Hands,"Melee Attack Roll: +4, reach 5 ft. Hit: 20 (4d8 + 2) Necrotic damage, or 11 (2d8 + 2) Necrotic damage if the swarm is Bloodied. If the target is a Medium or smaller creature, it has the Prone condition. Cultists",1,68a5204b-c403-538a-9ad4-12ac83ff69dc,ACTION,NULL,NULL,false,AT_WILL,NULL,NULL,NULL
0a453c0d-3faa-5752-812f-4ab078217d60,2026-09-08T00:00:00,2026-09-08T00:00:00,0,Ritual Sickle,"Melee Attack Roll: +3, reach 5 ft. Hit: 3 (1d4 + 1) Slashing damage plus 1 Necrotic damage.",0,cf402a02-a4aa-50e5-a064-ab051149082f,ACTION,NULL,NULL,false,AT_WILL,NULL,NULL,NULL
38c1e1c2-4ddc-5bf4-9005-eec454257855,2026-09-08T00:00:00,2026-09-08T00:00:00,0,Pact Blade,"Melee Attack Roll: +4, reach 5 ft. Hit: 6 (1d8 + 2) Slashing damage plus 7 (2d6) Necrotic damage.",0,e4ab2238-e788-5fae-b26d-32aa80151e67,ACTION,NULL,NULL,false,AT_WILL,NULL,NULL,NULL
5acee93b-6606-57b3-b096-02988ebd62f0,2026-09-08T00:00:00,2026-09-08T00:00:00,0,Spellcasting,"The cultist casts one of the following spells, using Wisdom as the spellcasting ability (spell save DC 12, +4 to hit with spell attacks): At Will: Light, Thaumaturgy 2/Day: Command 1/Day: Hold Person",1,e4ab2238-e788-5fae-b26d-32aa80151e67,ACTION,NULL,NULL,false,AT_WILL,NULL,NULL,NULL
c720b008-1565-5625-abfe-949b16ddb3f9,2026-09-08T00:00:00,2026-09-08T00:00:00,0,Spiritual Weapon,"The cultist casts the Spiritual Weapon spell, using the same spellcasting ability as Spellcasting.",2,e4ab2238-e788-5fae-b26d-32aa80151e67,BONUS_ACTION,NULL,NULL,false,PER_DAY,2,NULL,NULL
88b3059b-4a26-5f9b-86ed-790bd1dc08bf,2026-09-08T00:00:00,2026-09-08T00:00:00,0,Crush,"Melee Attack Roll: +5, reach 5 ft. Hit: 6 (1d6 + 3) Bludgeoning damage, and the darkmantle attaches to the target. If the target is a Medium or smaller creature and the darkmantle had Advantage on the attack roll, it covers the target, which has the Blinded condition and is suffocating while the darkmantle is attached in this way. While attached to a target, the darkmantle can attack only the target but has Advantage on its attack rolls. Its Speed becomes 0, it can't benefit from any bonus to its Speed, and it moves with the target. A creature can take an action to try to detach the darkmantle from itself, doing so with a successful DC 13 Strength (Athletics) check. On its turn, the darkmantle can detach itself by using 5 feet of movement.",0,369d4ec5-4a3f-5850-a40f-54c4f4ae4b59,ACTION,NULL,NULL,false,AT_WILL,NULL,NULL,NULL
4c5ad3fb-0cf3-58fd-9911-5a25ca487a58,2026-09-08T00:00:00,2026-09-08T00:00:00,0,Darkness Aura,"Magical Darkness fills a 15-foot Emanation originating from the darkmantle. This effect lasts while the darkmantle maintains Concentration on it, up to 10 minutes. Darkvision can't penetrate this area, and no light can illuminate it.",1,369d4ec5-4a3f-5850-a40f-54c4f4ae4b59,ACTION,NULL,NULL,false,PER_DAY,1,NULL,NULL
1d420cc5-6085-5be4-896a-703f8be97eb8,2026-09-08T00:00:00,2026-09-08T00:00:00,0,Multiattack,The death dog makes two Bite attacks.,0,6f8f63ea-0142-585a-a7fe-0f86dfcf594f,ACTION,NULL,NULL,false,AT_WILL,NULL,NULL,NULL
dc2fe3bf-5bc9-5067-8a5f-f840df09b196,2026-09-08T00:00:00,2026-09-08T00:00:00,0,Bite,"Melee Attack Roll: +4, reach 5 ft. Hit: 4 (1d4 + 2) Piercing damage. If the target is a creature, it is subjected to the following effect. Constitution Saving Throw: DC 12. First Failure: The target has the Poisoned condition. While Poisoned, the target's Hit Point maximum doesn't return to normal when finishing a Long Rest, and it repeats the save every 24 hours that elapse, ending the effect on itself on a success. Subsequent Failures: The Poisoned target's Hit Point maximum decreases by 5 (1d10).",1,6f8f63ea-0142-585a-a7fe-0f86dfcf594f,ACTION,NULL,NULL,false,AT_WILL,NULL,NULL,NULL
b16ea735-83f4-5981-8746-68408b1dc006,2026-09-08T00:00:00,2026-09-08T00:00:00,0,Exalted Restoration,"If the deva dies outside Mount Celestia, its body disappears, and it gains a new body instantly, reviving with all its Hit Points somewhere in Mount Celestia.",0,38042d14-b41a-58d3-a5c3-ad7aec83e56d,PASSIVE,NULL,NULL,false,AT_WILL,NULL,NULL,NULL
5f748a77-a9f6-54f8-a89e-56fa8f30126a,2026-09-08T00:00:00,2026-09-08T00:00:00,0,Magic Resistance,The deva has Advantage on saving throws against spells and other magical effects.,1,38042d14-b41a-58d3-a5c3-ad7aec83e56d,PASSIVE,NULL,NULL,false,AT_WILL,NULL,NULL,NULL
9a76c832-4036-5da4-9d45-5020f8f04003,2026-09-08T00:00:00,2026-09-08T00:00:00,0,Multiattack,The deva makes two Holy Mace attacks.,2,38042d14-b41a-58d3-a5c3-ad7aec83e56d,ACTION,NULL,NULL,false,AT_WILL,NULL,NULL,NULL
1b2a0b95-f1dd-56b0-9085-dd3f729f1327,2026-09-08T00:00:00,2026-09-08T00:00:00,0,Holy Mace,"Melee Attack Roll: +8, reach 5 ft. Hit: 7 (1d6 + 4) Bludgeoning damage plus 18 (4d8) Radiant damage.",3,38042d14-b41a-58d3-a5c3-ad7aec83e56d,ACTION,NULL,NULL,false,AT_WILL,NULL,NULL,NULL
ee05136a-6998-5abc-a6e5-7b7e1ebb3c0d,2026-09-08T00:00:00,2026-09-08T00:00:00,0,Spellcasting,"The deva casts one of the following spells, requiring no Material components and using Charisma as the spellcasting ability (spell save DC 17): At Will: Detect Evil and Good, Shapechange (Beast or Humanoid form only, no Temporary Hit Points gained from the spell, and no Concentration or Temporary Hit Points required to maintain the spell) 1/Day Each: Commune, Raise Dead",4,38042d14-b41a-58d3-a5c3-ad7aec83e56d,ACTION,NULL,NULL,false,AT_WILL,NULL,NULL,NULL
473df466-943b-51b3-a077-148a1dba76a7,2026-09-08T00:00:00,2026-09-08T00:00:00,0,Divine Aid,"The deva casts Cure Wounds, Lesser Restoration, or Remove Curse, using the same spellcasting ability as Spellcasting.",5,38042d14-b41a-58d3-a5c3-ad7aec83e56d,BONUS_ACTION,NULL,NULL,false,PER_DAY,2,NULL,NULL
e86201fb-e131-59ff-854d-b35c3f2a48b0,2026-09-08T00:00:00,2026-09-08T00:00:00,0,Elemental Restoration,"If the djinni dies outside the Elemental Plane of Air, its body dissolves into mist, and it gains a new body in 1d4 days, reviving with all its Hit Points somewhere on the Plane of Air.",0,17cd2716-817e-5095-96fe-3eb45434cd63,PASSIVE,NULL,NULL,false,AT_WILL,NULL,NULL,NULL
4e619c8a-ce35-5ad4-816f-df579cdfb7dd,2026-09-08T00:00:00,2026-09-08T00:00:00,0,Magic Resistance,The djinni has Advantage on saving throws against spells and other magical effects.,1,17cd2716-817e-5095-96fe-3eb45434cd63,PASSIVE,NULL,NULL,false,AT_WILL,NULL,NULL,NULL
7cded618-2972-5a7c-8e97-64ebcda29e4a,2026-09-08T00:00:00,2026-09-08T00:00:00,0,Wishes,"The djinni has a 30 percent chance of knowing the Wish spell. If the djinni knows it, the djinni can cast it only on behalf of a non-genie creature who communicates a wish in a way the djinni can understand. If the djinni casts the spell for the creature, the djinni suffers none of the spell's stress. Once the djinni has cast it three times, the djinni can't do so again for 365 days.",2,17cd2716-817e-5095-96fe-3eb45434cd63,PASSIVE,NULL,NULL,false,AT_WILL,NULL,NULL,NULL
f6555f42-f6c0-5fc1-823e-b23757e3da0e,2026-09-08T00:00:00,2026-09-08T00:00:00,0,Multiattack,"The djinni makes three attacks, using Storm Blade or Storm Bolt in any combination.",3,17cd2716-817e-5095-96fe-3eb45434cd63,ACTION,NULL,NULL,false,AT_WILL,NULL,NULL,NULL
10c15896-88b1-52dd-85aa-9d8abd994191,2026-09-08T00:00:00,2026-09-08T00:00:00,0,Storm Blade,"Melee Attack Roll: +9, reach 5 feet. Hit: 12 (2d6 + 5) Slashing damage plus 7 (2d6) Lightning damage.",4,17cd2716-817e-5095-96fe-3eb45434cd63,ACTION,NULL,NULL,false,AT_WILL,NULL,NULL,NULL
0d42cb4f-f1bb-5724-b0b0-59a9c2533677,2026-09-08T00:00:00,2026-09-08T00:00:00,0,Storm Bolt,"Ranged Attack Roll: +9, range 120 feet. Hit: 13 (3d8) Thunder damage. If the target is a Large or smaller creature, it has the Prone condition.",5,17cd2716-817e-5095-96fe-3eb45434cd63,ACTION,NULL,NULL,false,AT_WILL,NULL,NULL,NULL
dc1495c7-4651-51d3-9170-f90f6b160d28,2026-09-08T00:00:00,2026-09-08T00:00:00,0,Create Whirlwind,"The djinni conjures a whirlwind at a point it can see within 120 feet. The whirlwind fills a 20-foot-radius, 60-foot-high Cylinder centered on that point. The whirlwind lasts until the djinni's Concentration on it ends. The djinni can move the whirlwind up to 20 feet at the start of each of its turns. Whenever the whirlwind enters a creature's space or a creature enters the whirlwind, that creature is subjected to the following effect. Strength Saving Throw: DC 17 (a creature makes this save only once per turn, and the djinni is unaffected). Failure: While in the whirlwind, the target has the Restrained condition and moves with the whirlwind. At the start of each of its turns, the Restrained target takes 21 (6d6) Thunder damage. At the end of each of its turns, the target repeats the save, ending the effect on itself on a success.",6,17cd2716-817e-5095-96fe-3eb45434cd63,ACTION,NULL,NULL,false,AT_WILL,NULL,NULL,NULL
9dadf2a5-065f-556e-b350-7520df27be4e,2026-09-08T00:00:00,2026-09-08T00:00:00,0,Spellcasting,"The djinni casts one of the following spells, requiring no Material components and using Charisma as the spellcasting ability (spell save DC 17): At Will: Detect Evil and Good, Detect Magic 2/Day Each: Create Food and Water (can create wine instead of water), Tongues, Wind Walk 1/Day Each: Creation, Gaseous Form, Invisibility, Major Image, Plane Shift",7,17cd2716-817e-5095-96fe-3eb45434cd63,ACTION,NULL,NULL,false,AT_WILL,NULL,NULL,NULL
ed9e879d-0f7d-5853-82be-5b373ba7899c,2026-09-08T00:00:00,2026-09-08T00:00:00,0,Multiattack,The doppelganger makes two Slam attacks and uses Unsettling Visage if available.,0,f72245b9-387c-5cf6-bbe0-f1ac86a358c4,ACTION,NULL,NULL,false,AT_WILL,NULL,NULL,NULL
6dbc0b80-f7aa-52c7-9b72-0dd90053f8d8,2026-09-08T00:00:00,2026-09-08T00:00:00,0,Slam,"Melee Attack Roll: +6 (with Advantage during the first round of each combat), reach 5 ft. Hit: 11 (2d6 + 4) Bludgeoning damage.",1,f72245b9-387c-5cf6-bbe0-f1ac86a358c4,ACTION,NULL,NULL,false,AT_WILL,NULL,NULL,NULL
b3113b0b-aba4-57dc-9946-ff946742f942,2026-09-08T00:00:00,2026-09-08T00:00:00,0,Read Thoughts,"The doppelganger casts Detect Thoughts, requiring no spell components and using Charisma as the spellcasting ability (spell save DC 12).",2,f72245b9-387c-5cf6-bbe0-f1ac86a358c4,ACTION,NULL,NULL,false,AT_WILL,NULL,NULL,NULL
591342b9-1499-555e-bf76-d128ea1a8e90,2026-09-08T00:00:00,2026-09-08T00:00:00,0,Unsettling Visage,"Wisdom Saving Throw: DC 12, each creature in a 15-foot Emanation originating from the doppelganger that can see the doppelganger. Failure: The target has the Frightened condition and repeats the save at the end of each of its turns, ending the effect on itself on a success. After 1 minute, it succeeds automatically.",3,f72245b9-387c-5cf6-bbe0-f1ac86a358c4,ACTION,NULL,NULL,false,RECHARGE,1,6,6
a255f9f8-7ca9-5657-9fb6-e3c631081135,2026-09-08T00:00:00,2026-09-08T00:00:00,0,Shape-Shift,"The doppelganger shape-shifts into a Medium or Small Humanoid, or it returns to its true form. Its game statistics, other than its size, are the same in each form. Any equipment it is wearing or carrying isn't transformed.",4,f72245b9-387c-5cf6-bbe0-f1ac86a358c4,BONUS_ACTION,NULL,NULL,false,AT_WILL,NULL,NULL,NULL
767367da-cd09-5ae3-996a-62221cc3db1e,2026-09-08T00:00:00,2026-09-08T00:00:00,0,Amphibious,The dragon can breathe air and water.,0,d7092d19-28a7-5f39-9e71-464623ce89c9,PASSIVE,NULL,NULL,false,AT_WILL,NULL,NULL,NULL
916b4d24-8603-5f28-93bf-61e664812880,2026-09-08T00:00:00,2026-09-08T00:00:00,0,Multiattack,The dragon makes three Bite attacks. It can replace one attack with a Tail attack.,1,d7092d19-28a7-5f39-9e71-464623ce89c9,ACTION,NULL,NULL,false,AT_WILL,NULL,NULL,NULL
f66feba5-a58b-5d35-89fb-e5600374bc62,2026-09-08T00:00:00,2026-09-08T00:00:00,0,Bite,"Melee Attack Roll: +13, reach 15 ft. Hit: 23 (3d10 + 7) Piercing damage plus 7 (2d6) Fire damage. Being underwater doesn't grant Resistance to this Fire damage.",2,d7092d19-28a7-5f39-9e71-464623ce89c9,ACTION,NULL,NULL,false,AT_WILL,NULL,NULL,NULL
8e74a850-67aa-5f5c-99f7-076967fcfa04,2026-09-08T00:00:00,2026-09-08T00:00:00,0,Tail,"Melee Attack Roll: +13, reach 15 ft. Hit: 18 (2d10 + 7) Bludgeoning damage. If the target is a Huge or smaller creature, it has the Prone condition.",3,d7092d19-28a7-5f39-9e71-464623ce89c9,ACTION,NULL,NULL,false,AT_WILL,NULL,NULL,NULL
f0aaa8a1-2961-594a-9dfb-1ca58f9a53fc,2026-09-08T00:00:00,2026-09-08T00:00:00,0,Steam Breath,"Constitution Saving Throw: DC 19, each creature in a 60-foot Cone. Failure: 56 (16d6) Fire damage. Success: Half damage. Failure or Success: Being underwater doesn't grant Resistance to this Fire damage.",4,d7092d19-28a7-5f39-9e71-464623ce89c9,ACTION,NULL,NULL,false,RECHARGE,1,5,6
3f1ebeb5-bf3a-51a4-94d1-7c9d853b261a,2026-09-08T00:00:00,2026-09-08T00:00:00,0,Rend,"Melee Attack Roll: +3, reach 5 ft. Hit: 4 (1d6 + 1) Slashing damage.",0,6133215b-a31d-562d-9316-35324f562d6c,ACTION,NULL,NULL,false,AT_WILL,NULL,NULL,NULL
1efbb986-cc15-59b6-b1e1-43a21ea83500,2026-09-08T00:00:00,2026-09-08T00:00:00,0,Fetid Cloud,"Constitution Saving Throw: DC 11, each creature in a 10-foot Emanation originating from the dretch. Failure: The target has the Poisoned condition until the end of its next turn. While Poisoned, the creature can take either an action or a Bonus Action on its turn, not both, and it can't take Reactions.",1,6133215b-a31d-562d-9316-35324f562d6c,ACTION,NULL,NULL,false,PER_DAY,1,NULL,NULL
348c4e56-50c8-57d1-9732-378f41bf3b7e,2026-09-08T00:00:00,2026-09-08T00:00:00,0,Spider Climb,"The drider can climb difficult surfaces, including along ceilings, without needing to make an ability check.",0,53c43655-552b-5980-baf2-1249e3456a99,PASSIVE,NULL,NULL,false,AT_WILL,NULL,NULL,NULL
a0065369-243e-535d-a0b5-4bd5ac3da4a8,2026-09-08T00:00:00,2026-09-08T00:00:00,0,Sunlight Sensitivity,"While in sunlight, the drider has Disadvantage on ability checks and attack rolls.",1,53c43655-552b-5980-baf2-1249e3456a99,PASSIVE,NULL,NULL,false,AT_WILL,NULL,NULL,NULL
353f6565-5b52-5fa2-a488-cb0d99c59318,2026-09-08T00:00:00,2026-09-08T00:00:00,0,Web Walker,"The drider ignores movement restrictions caused by webs, and the drider knows the location of any other creature in contact with the same web.",2,53c43655-552b-5980-baf2-1249e3456a99,PASSIVE,NULL,NULL,false,AT_WILL,NULL,NULL,NULL
8744ee55-827c-5067-ac01-7d69f3e13c04,2026-09-08T00:00:00,2026-09-08T00:00:00,0,Multiattack,"The drider makes three attacks, using Foreleg or Poison Burst in any combination.",3,53c43655-552b-5980-baf2-1249e3456a99,ACTION,NULL,NULL,false,AT_WILL,NULL,NULL,NULL
fffbbc29-a820-54cc-ab57-1599603eca0f,2026-09-08T00:00:00,2026-09-08T00:00:00,0,Foreleg,"Melee Attack Roll: +7, reach 10 ft. Hit: 13 (2d8 + 4) Piercing damage.",4,53c43655-552b-5980-baf2-1249e3456a99,ACTION,NULL,NULL,false,AT_WILL,NULL,NULL,NULL
3ce6c9e7-c76a-5f4c-ad34-c7c6df1e5da3,2026-09-08T00:00:00,2026-09-08T00:00:00,0,Poison Burst,"Ranged Attack Roll: +6, range 120 ft. Hit: 13 (3d6 + 3) Poison damage.",5,53c43655-552b-5980-baf2-1249e3456a99,ACTION,NULL,NULL,false,AT_WILL,NULL,NULL,NULL
476f32c7-cacb-52d8-8224-2b4ed8fbaad5,2026-09-08T00:00:00,2026-09-08T00:00:00,0,Magic of the Spider Queen,"The drider casts Darkness, Faerie Fire, or Web, requiring no Material components and using Wisdom as the spellcasting ability (spell save DC 14).",6,53c43655-552b-5980-baf2-1249e3456a99,BONUS_ACTION,NULL,NULL,false,RECHARGE,1,5,6
b6b7151d-e68e-54cd-8093-b26110dd7e48,2026-09-08T00:00:00,2026-09-08T00:00:00,0,Multiattack,"The druid makes two attacks, using Vine Staff or Verdant Wisp in any combination.",0,1bd5702c-3e46-5ef7-9c2f-74770fb8ef7d,ACTION,NULL,NULL,false,AT_WILL,NULL,NULL,NULL
8ca52586-c8d2-5a72-88cb-5c27d4e3f160,2026-09-08T00:00:00,2026-09-08T00:00:00,0,Vine Staff,"Melee Attack Roll: +5, reach 5 ft. Hit: 7 (1d8 + 3) Bludgeoning damage plus 2 (1d4) Poison damage.",1,1bd5702c-3e46-5ef7-9c2f-74770fb8ef7d,ACTION,NULL,NULL,false,AT_WILL,NULL,NULL,NULL
82337bc8-7e88-5cb3-826e-f60c872e68d4,2026-09-08T00:00:00,2026-09-08T00:00:00,0,Verdant Wisp,"Ranged Attack Roll: +5, range 90 ft. Hit: 10 (3d6) Radiant damage.",2,1bd5702c-3e46-5ef7-9c2f-74770fb8ef7d,ACTION,NULL,NULL,false,AT_WILL,NULL,NULL,NULL
54f48786-9f08-502f-af77-25e01d0aaba1,2026-09-08T00:00:00,2026-09-08T00:00:00,0,Spellcasting,"The druid casts one of the following spells, using Wisdom as the spellcasting ability (spell save DC 13): At Will: Druidcraft, Speak with Animals 2/Day Each: Entangle, Thunderwave 1/Day Each: Animal Messenger, Longstrider, Moonbeam",3,1bd5702c-3e46-5ef7-9c2f-74770fb8ef7d,ACTION,NULL,NULL,false,AT_WILL,NULL,NULL,NULL
b11f5ed0-5f0d-5835-b950-923fde419931,2026-09-08T00:00:00,2026-09-08T00:00:00,0,Magic Resistance,The dryad has Advantage on saving throws against spells and other magical effects.,0,033c4445-4e17-58f3-be70-b82e6bf147f7,PASSIVE,NULL,NULL,false,AT_WILL,NULL,NULL,NULL
31928b21-b070-513b-b5d6-045269691bf0,2026-09-08T00:00:00,2026-09-08T00:00:00,0,Speak with Beasts and Plants,The dryad can communicate with Beasts and Plants as if they shared a language.,1,033c4445-4e17-58f3-be70-b82e6bf147f7,PASSIVE,NULL,NULL,false,AT_WILL,NULL,NULL,NULL
97125cfd-b0df-5b27-a425-785ef35e5540,2026-09-08T00:00:00,2026-09-08T00:00:00,0,Multiattack,"The dryad makes one Vine Lash or Thorn Burst attack, and it can use Spellcasting to cast Charm Monster.",2,033c4445-4e17-58f3-be70-b82e6bf147f7,ACTION,NULL,NULL,false,AT_WILL,NULL,NULL,NULL
ec84d781-7a0e-51b2-be97-74ece046ed09,2026-09-08T00:00:00,2026-09-08T00:00:00,0,Vine Lash,"Melee Attack Roll: +6, reach 10 ft. Hit: 8 (1d8 + 4) Slashing damage.",3,033c4445-4e17-58f3-be70-b82e6bf147f7,ACTION,NULL,NULL,false,AT_WILL,NULL,NULL,NULL
f8965580-dbb1-5886-8708-4e303b107fd4,2026-09-08T00:00:00,2026-09-08T00:00:00,0,Thorn Burst,"Ranged Attack Roll: +6, range 60 ft. Hit: 7 (1d6 + 4) Piercing damage.",4,033c4445-4e17-58f3-be70-b82e6bf147f7,ACTION,NULL,NULL,false,AT_WILL,NULL,NULL,NULL
8a53da04-441b-5f7e-8f2c-e5b05cb2bdfe,2026-09-08T00:00:00,2026-09-08T00:00:00,0,Spellcasting,"The dryad casts one of the following spells, requiring no Material components and using Charisma as the spellcasting ability (spell save DC 14): At Will: Animal Friendship, Charm Monster (lasts 24 hours; ends early if the dryad casts the spell again), Druidcraft 1/Day Each: Entangle, Pass without Trace",5,033c4445-4e17-58f3-be70-b82e6bf147f7,ACTION,NULL,NULL,false,AT_WILL,NULL,NULL,NULL
13ff707e-66f5-545c-b1ee-394d320f255d,2026-09-08T00:00:00,2026-09-08T00:00:00,0,Tree Stride,"If within 5 feet of a Large or bigger tree, the dryad teleports to an unoccupied space within 5 feet of a second Large or bigger tree that is within 60 feet of the previous tree.",6,033c4445-4e17-58f3-be70-b82e6bf147f7,BONUS_ACTION,NULL,NULL,false,AT_WILL,NULL,NULL,NULL
5ab3f28d-8e4c-563b-95e8-9ec76a37ed23,2026-09-08T00:00:00,2026-09-08T00:00:00,0,Earth Glide,"The elemental can burrow through nonmagical, unworked earth and stone. While doing so, the elemental doesn't disturb the material it moves through.",0,3d4b70a2-00a8-50b4-b5d1-809fc757b318,PASSIVE,NULL,NULL,false,AT_WILL,NULL,NULL,NULL
e6906b28-2fa2-5f7c-98a8-171e2d5f2623,2026-09-08T00:00:00,2026-09-08T00:00:00,0,Siege Monster,The elemental deals double damage to objects and structures.,1,3d4b70a2-00a8-50b4-b5d1-809fc757b318,PASSIVE,NULL,NULL,false,AT_WILL,NULL,NULL,NULL
31d0cc88-53bf-5803-8ed8-f78326f38f65,2026-09-08T00:00:00,2026-09-08T00:00:00,0,Multiattack,"The elemental makes two attacks, using Slam or Rock Launch in any combination.",2,3d4b70a2-00a8-50b4-b5d1-809fc757b318,ACTION,NULL,NULL,false,AT_WILL,NULL,NULL,NULL
13fce0fe-a34b-5596-8f9b-1c4662845444,2026-09-08T00:00:00,2026-09-08T00:00:00,0,Slam,"Melee Attack Roll: +8, reach 10 ft. Hit: 14 (2d8 + 5) Bludgeoning damage.",3,3d4b70a2-00a8-50b4-b5d1-809fc757b318,ACTION,NULL,NULL,false,AT_WILL,NULL,NULL,NULL
c3c11183-6894-5c6a-a837-2cfb739170ee,2026-09-08T00:00:00,2026-09-08T00:00:00,0,Rock Launch,"Ranged Attack Roll: +8, range 60 ft. Hit: 8 (1d6 + 5) Bludgeoning damage. If the target is a Large or smaller creature, it has the Prone condition.",4,3d4b70a2-00a8-50b4-b5d1-809fc757b318,ACTION,NULL,NULL,false,AT_WILL,NULL,NULL,NULL
9431c9ad-5be4-5d8c-b458-48aaea9e0cee,2026-09-08T00:00:00,2026-09-08T00:00:00,0,Elemental Restoration,"If the efreeti dies outside the Elemental Plane of Fire, its body dissolves into ash, and it gains a new body in 1d4 days, reviving with all its Hit Points somewhere on the Plane of Fire.",0,0df6b8f7-5890-5cc2-9795-0ce79262cb6c,PASSIVE,NULL,NULL,false,AT_WILL,NULL,NULL,NULL
7a90a238-a382-5b90-9d7b-c3246d847697,2026-09-08T00:00:00,2026-09-08T00:00:00,0,Magic Resistance,The efreeti has Advantage on saving throws against spells and other magical effects.,1,0df6b8f7-5890-5cc2-9795-0ce79262cb6c,PASSIVE,NULL,NULL,false,AT_WILL,NULL,NULL,NULL
4ea5ca1e-7c46-53e0-a97d-138278346188,2026-09-08T00:00:00,2026-09-08T00:00:00,0,Wishes,"The efreeti has a 30 percent chance of knowing the Wish spell. If the efreeti knows it, the efreeti can cast it only on behalf of a non-genie creature who communicates a wish in a way the efreeti can understand. If the efreeti casts the spell for the creature, the efreeti suffers none of the spell's stress. Once the efreeti has cast it three times, the efreeti can't do so again for 365 days.",2,0df6b8f7-5890-5cc2-9795-0ce79262cb6c,PASSIVE,NULL,NULL,false,AT_WILL,NULL,NULL,NULL
650b4475-161e-5773-a6dd-9902b53b1b90,2026-09-08T00:00:00,2026-09-08T00:00:00,0,Multiattack,"The efreeti makes three attacks, using Heated Blade or Hurl Flame in any combination.",3,0df6b8f7-5890-5cc2-9795-0ce79262cb6c,ACTION,NULL,NULL,false,AT_WILL,NULL,NULL,NULL
424925a3-7f59-5fdc-b135-79e81acafde8,2026-09-08T00:00:00,2026-09-08T00:00:00,0,Heated Blade,"Melee Attack Roll: +10, reach 5 ft. Hit: 13 (2d6 + 6) Slashing damage plus 13 (2d12) Fire damage.",4,0df6b8f7-5890-5cc2-9795-0ce79262cb6c,ACTION,NULL,NULL,false,AT_WILL,NULL,NULL,NULL
535af708-4aa6-52e5-abd9-84cd21100d7c,2026-09-08T00:00:00,2026-09-08T00:00:00,0,Hurl Flame,"Ranged Attack Roll: +8, range 120 ft. Hit: 24 (7d6) Fire damage.",5,0df6b8f7-5890-5cc2-9795-0ce79262cb6c,ACTION,NULL,NULL,false,AT_WILL,NULL,NULL,NULL
da25018c-e22a-53c6-a2bc-dbc1eb318ec9,2026-09-08T00:00:00,2026-09-08T00:00:00,0,Spellcasting,"The efreeti casts one of the following spells, requiring no Material components and using Charisma as the spellcasting ability (spell save DC 16): At Will: Detect Magic, Elementalism 1/Day Each: Gaseous Form, Invisibility, Major Image, Plane Shift, Tongues, Wall of Fire (level 7 version)",6,0df6b8f7-5890-5cc2-9795-0ce79262cb6c,ACTION,NULL,NULL,false,AT_WILL,NULL,NULL,NULL
cdb61092-3831-5d5f-a9e1-a15d9ddf9d1a,2026-09-08T00:00:00,2026-09-08T00:00:00,0,Diabolical Restoration,"If the erinyes dies outside the Nine Hells, its body disappears in sulfurous smoke, and it gains a new body instantly, reviving with all its Hit Points somewhere in the Nine Hells.",0,bc11534a-39f1-5691-bb6b-3885b920c84b,PASSIVE,NULL,NULL,false,AT_WILL,NULL,NULL,NULL
8c0e9325-ab24-5b06-9ad1-246734804279,2026-09-08T00:00:00,2026-09-08T00:00:00,0,Magic Resistance,The erinyes has Advantage on saving throws against spells and other magical effects.,1,bc11534a-39f1-5691-bb6b-3885b920c84b,PASSIVE,NULL,NULL,false,AT_WILL,NULL,NULL,NULL
2a5179ca-de00-583c-b35d-783ca9674f12,2026-09-08T00:00:00,2026-09-08T00:00:00,0,Magic Rope,"The erinyes has a magic rope. While bearing it, the erinyes can use the Entangling Rope action. The rope has AC 20, HP 90, and Immunity to Poison and Psychic damage. The rope turns to dust if reduced to 0 Hit Points, if it is 5+ feet away from the erinyes for 1 hour or more, or if the erinyes dies. If the rope is damaged or destroyed, the erinyes can fully restore it when finishing a Short or Long Rest.",2,bc11534a-39f1-5691-bb6b-3885b920c84b,PASSIVE,NULL,NULL,false,AT_WILL,NULL,NULL,NULL
06bbfca4-906b-5ace-aa67-43729ea9c7c2,2026-09-08T00:00:00,2026-09-08T00:00:00,0,Multiattack,The erinyes makes three Withering Sword attacks and can use Entangling Rope.,3,bc11534a-39f1-5691-bb6b-3885b920c84b,ACTION,NULL,NULL,false,AT_WILL,NULL,NULL,NULL
d54aeaf8-2253-5b98-95d1-e815090d166f,2026-09-08T00:00:00,2026-09-08T00:00:00,0,Withering Sword,"Melee Attack Roll: +8, reach 5 ft. Hit: 13 (2d8 + 4) Slashing damage plus 11 (2d10) Necrotic damage.",4,bc11534a-39f1-5691-bb6b-3885b920c84b,ACTION,NULL,NULL,false,AT_WILL,NULL,NULL,NULL
0f4c971b-db4b-52b0-821d-dfff5f99e98d,2026-09-08T00:00:00,2026-09-08T00:00:00,0,Entangling Rope,"Strength Saving Throw: DC 16, one creature the erinyes can see within 120 feet. Failure: 14 (4d6) Force damage, and the target has the Restrained condition until the rope is destroyed, the erinyes uses a Bonus Action to release the target, or the erinyes uses Entangling Rope again.",5,bc11534a-39f1-5691-bb6b-3885b920c84b,ACTION,NULL,NULL,false,AT_WILL,NULL,NULL,NULL
c6b960be-11c2-5ec3-8fd1-3b3bc75d0e0d,2026-09-08T00:00:00,2026-09-08T00:00:00,0,Parry,"Trigger: The erinyes is hit by a melee attack roll while holding a weapon. Response: The erinyes adds 4 to its AC against that attack, possibly causing it to miss.",6,bc11534a-39f1-5691-bb6b-3885b920c84b,REACTION,NULL,The erinyes is hit by a melee attack roll while holding a weapon.,false,AT_WILL,NULL,NULL,NULL
bec5e3f3-a3cd-5d76-a613-177f9fd37c5e,2026-09-08T00:00:00,2026-09-08T00:00:00,0,Spider Climb,"The ettercap can climb difficult surfaces, including along ceilings, without needing to make an ability check.",0,69acc152-e877-5d92-af3a-4d2d14804d64,PASSIVE,NULL,NULL,false,AT_WILL,NULL,NULL,NULL
5e3f5d61-f2c7-5b4c-9fba-466bcd01a20a,2026-09-08T00:00:00,2026-09-08T00:00:00,0,Web Walker,"The ettercap ignores movement restrictions caused by webs, and the ettercap knows the location of any other creature in contact with the same web.",1,69acc152-e877-5d92-af3a-4d2d14804d64,PASSIVE,NULL,NULL,false,AT_WILL,NULL,NULL,NULL
8f8a8c37-e580-520d-857f-bfa76065c894,2026-09-08T00:00:00,2026-09-08T00:00:00,0,Multiattack,The ettercap makes one Bite attack and one Claw attack.,2,69acc152-e877-5d92-af3a-4d2d14804d64,ACTION,NULL,NULL,false,AT_WILL,NULL,NULL,NULL
650c837b-df0e-5780-ba3c-262ac995fff8,2026-09-08T00:00:00,2026-09-08T00:00:00,0,Bite,"Melee Attack Roll: +4, reach 5 ft. Hit: 5 (1d6 + 2) Piercing damage plus 2 (1d4) Poison damage, and the target has the Poisoned condition until the start of the ettercap's next turn.",3,69acc152-e877-5d92-af3a-4d2d14804d64,ACTION,NULL,NULL,false,AT_WILL,NULL,NULL,NULL
c7034b0f-b8ec-5a77-b770-770ba3615206,2026-09-08T00:00:00,2026-09-08T00:00:00,0,Claw,"Melee Attack Roll: +4, reach 5 ft. Hit: 7 (2d4 + 2) Slashing damage.",4,69acc152-e877-5d92-af3a-4d2d14804d64,ACTION,NULL,NULL,false,AT_WILL,NULL,NULL,NULL
4babc958-dc4a-54d8-bd69-e7f6e27f3a15,2026-09-08T00:00:00,2026-09-08T00:00:00,0,Web Strand,"Dexterity Saving Throw: DC 12, one Large or smaller creature the ettercap can see within 30 feet. Failure: The target has the Restrained condition until the web is destroyed (AC 10; HP 5; Vulnerability to Fire damage; Immunity to Bludgeoning, Poison, and Psychic damage).",5,69acc152-e877-5d92-af3a-4d2d14804d64,ACTION,NULL,NULL,false,RECHARGE,1,5,6
c8d2229c-c72c-5064-a66d-9bcc77f731d5,2026-09-08T00:00:00,2026-09-08T00:00:00,0,Reel,The ettercap pulls one creature within 30 feet of itself that is Restrained by its Web Strand up to 25 feet straight toward itself.,6,69acc152-e877-5d92-af3a-4d2d14804d64,BONUS_ACTION,NULL,NULL,false,AT_WILL,NULL,NULL,NULL
10977c43-f32d-53ff-ba5e-cdbb70915a2b,2026-09-08T00:00:00,2026-09-08T00:00:00,0,Multiattack,The ettin makes one Battleaxe attack and one Morningstar attack.,0,c87f1d42-e66b-50e8-9625-1741041c8a93,ACTION,NULL,NULL,false,AT_WILL,NULL,NULL,NULL
e3b42b49-ad63-5a9f-bc25-7b23b048681e,2026-09-08T00:00:00,2026-09-08T00:00:00,0,Battleaxe,"Melee Attack Roll: +7, reach 5 ft. Hit: 14 (2d8 + 5) Slashing damage. If the target is a Large or smaller creature, it has the Prone condition.",1,c87f1d42-e66b-50e8-9625-1741041c8a93,ACTION,NULL,NULL,false,AT_WILL,NULL,NULL,NULL
18d97902-b4da-5cd5-a971-e0ac55537d82,2026-09-08T00:00:00,2026-09-08T00:00:00,0,Morningstar,"Melee Attack Roll: +7, reach 5 ft. Hit: 14 (2d8 + 5) Piercing damage, and the target has Disadvantage on the next attack roll it makes before the end of its next turn.",2,c87f1d42-e66b-50e8-9625-1741041c8a93,ACTION,NULL,NULL,false,AT_WILL,NULL,NULL,NULL
c56c0f00-4beb-51b6-9855-9b4b4982c27f,2026-09-08T00:00:00,2026-09-08T00:00:00,0,Fire Aura,"At the end of each of the elemental's turns, each creature in a 10-foot Emanation originating from the elemental takes 5 (1d10) Fire damage. Creatures and flammable objects in the Emanation start burning.",0,36997c98-bf66-58b2-9d69-422d70eff96b,PASSIVE,NULL,NULL,false,AT_WILL,NULL,NULL,NULL
40cd0b39-b8f8-5cfd-9d42-2d5f3164f966,2026-09-08T00:00:00,2026-09-08T00:00:00,0,Fire Form,"The elemental can move through a space as narrow as 1 inch without expending extra movement to do so, and it can enter a creature's space and stop there. The first time it enters a creature's space on a turn, that creature takes 5 (1d10) Fire damage.",1,36997c98-bf66-58b2-9d69-422d70eff96b,PASSIVE,NULL,NULL,false,AT_WILL,NULL,NULL,NULL
35cfc9f7-1d68-5b7f-b96f-a38352ea3430,2026-09-08T00:00:00,2026-09-08T00:00:00,0,Illumination,The elemental sheds Bright Light in a 30foot radius and Dim Light for an additional 30 feet.,2,36997c98-bf66-58b2-9d69-422d70eff96b,PASSIVE,NULL,NULL,false,AT_WILL,NULL,NULL,NULL
6b0530ca-accf-5533-8318-5d1e436b22a6,2026-09-08T00:00:00,2026-09-08T00:00:00,0,Water Susceptibility,The elemental takes 3 (1d6) Cold damage for every 5 feet the elemental moves in water or for every gallon of water splashed on it.,3,36997c98-bf66-58b2-9d69-422d70eff96b,PASSIVE,NULL,NULL,false,AT_WILL,NULL,NULL,NULL
91d5faa5-7f63-5682-9245-acba9da4402f,2026-09-08T00:00:00,2026-09-08T00:00:00,0,Multiattack,The elemental makes two Burn attacks.,4,36997c98-bf66-58b2-9d69-422d70eff96b,ACTION,NULL,NULL,false,AT_WILL,NULL,NULL,NULL
8d383230-917f-5b76-83af-ab76782fa7eb,2026-09-08T00:00:00,2026-09-08T00:00:00,0,Burn,"Melee Attack Roll: +6, reach 5 ft. Hit: 10 (2d6 + 3) Fire damage. If the target is a creature or a flammable object, it starts burning.",5,36997c98-bf66-58b2-9d69-422d70eff96b,ACTION,NULL,NULL,false,AT_WILL,NULL,NULL,NULL
708e18d6-f330-53cc-9e0f-389411b08f69,2026-09-08T00:00:00,2026-09-08T00:00:00,0,Multiattack,"The giant makes two attacks, using Flame Sword or Hammer Throw in any combination.",0,0e4104f9-de6d-5c28-9fca-22bf44b73ed6,ACTION,NULL,NULL,false,AT_WILL,NULL,NULL,NULL
3a7854c5-3717-53ff-8d36-985ea72c156f,2026-09-08T00:00:00,2026-09-08T00:00:00,0,Flame Sword,"Melee Attack Roll: +11, reach 10 ft. Hit: 21 (4d6 + 7) Slashing damage plus 10 (3d6) Fire damage.",1,0e4104f9-de6d-5c28-9fca-22bf44b73ed6,ACTION,NULL,NULL,false,AT_WILL,NULL,NULL,NULL
b4fdfb7a-3518-5b7f-ae4d-bf95beafc415,2026-09-08T00:00:00,2026-09-08T00:00:00,0,Hammer Throw,"Ranged Attack Roll: +11, range 60/240 ft. Hit: 23 (3d10 + 7) Bludgeoning damage plus 4 (1d8) Fire damage, and the target is pushed up to 15 feet straight away from the giant and has Disadvantage on the next attack roll it makes before the end of its next turn.",2,0e4104f9-de6d-5c28-9fca-22bf44b73ed6,ACTION,NULL,NULL,false,AT_WILL,NULL,NULL,NULL
f3dc18b9-535d-5cd4-9ae5-309b71cd3a20,2026-09-08T00:00:00,2026-09-08T00:00:00,0,Aversion to Fire,"If the golem takes Fire damage, it has Disadvantage on attack rolls and ability checks until the end of its next turn.",0,b50869dc-e3a1-57fd-8419-cd10dd1b1885,PASSIVE,NULL,NULL,false,AT_WILL,NULL,NULL,NULL
0cc1769d-fdb5-5921-b466-e6f0b3e9c6e1,2026-09-08T00:00:00,2026-09-08T00:00:00,0,Berserk,"Whenever the golem starts its turn Bloodied, roll 1d6. On a 6, the golem goes berserk. On each of its turns while berserk, the golem attacks the nearest creature it can see. If no creature is near enough to move to and attack, the golem attacks an object. Once the golem goes berserk, it remains so until it is destroyed or it is no longer Bloodied. The golem's creator, if within 60 feet of the berserk golem, can try to calm it by taking an action to make a DC 15 Charisma (Persuasion) check; the golem must be able to hear its creator. If this check succeeds, the golem ceases being berserk until the start of its next turn, at which point it resumes rolling for the Berserk trait again if it is still Bloodied.",1,b50869dc-e3a1-57fd-8419-cd10dd1b1885,PASSIVE,NULL,NULL,false,AT_WILL,NULL,NULL,NULL
6b7c6470-32d7-5c2e-b81a-3f8039e3a87e,2026-09-08T00:00:00,2026-09-08T00:00:00,0,Immutable Form,The golem can't shape-shift.,2,b50869dc-e3a1-57fd-8419-cd10dd1b1885,PASSIVE,NULL,NULL,false,AT_WILL,NULL,NULL,NULL
07e2bd14-4171-5ec4-b841-e8c5ee599357,2026-09-08T00:00:00,2026-09-08T00:00:00,0,Lightning Absorption,"Whenever the golem is subjected to Lightning damage, it regains a number of Hit Points equal to the Lightning damage dealt.",3,b50869dc-e3a1-57fd-8419-cd10dd1b1885,PASSIVE,NULL,NULL,false,AT_WILL,NULL,NULL,NULL
b8b27367-3e84-5c81-8460-6d5e9e6d7ae3,2026-09-08T00:00:00,2026-09-08T00:00:00,0,Magic Resistance,The golem has Advantage on saving throws against spells and other magical effects.,4,b50869dc-e3a1-57fd-8419-cd10dd1b1885,PASSIVE,NULL,NULL,false,AT_WILL,NULL,NULL,NULL
05cab242-7b62-517c-a07a-611bcd836b99,2026-09-08T00:00:00,2026-09-08T00:00:00,0,Multiattack,The golem makes two Slam attacks.,5,b50869dc-e3a1-57fd-8419-cd10dd1b1885,ACTION,NULL,NULL,false,AT_WILL,NULL,NULL,NULL
3bd12552-9969-59ac-b4f0-254bd88ff434,2026-09-08T00:00:00,2026-09-08T00:00:00,0,Slam,"Melee Attack Roll: +7, reach 5 ft. Hit: 13 (2d8 + 4) Bludgeoning damage plus 4 (1d8) Lightning damage.",6,b50869dc-e3a1-57fd-8419-cd10dd1b1885,ACTION,NULL,NULL,false,AT_WILL,NULL,NULL,NULL
8110fc39-e989-5f05-a2d4-d00c5c892c27,2026-09-08T00:00:00,2026-09-08T00:00:00,0,Multiattack,"The giant makes two attacks, using Frost Axe or Great Bow in any combination.",0,b9adfac7-a098-5858-8481-6ad99f16eb26,ACTION,NULL,NULL,false,AT_WILL,NULL,NULL,NULL
f9c03737-c1c5-5ad1-b867-3d38f280cf00,2026-09-08T00:00:00,2026-09-08T00:00:00,0,Frost Axe,"Melee Attack Roll: +9, reach 10 ft. Hit: 19 (2d12 + 6) Slashing damage plus 9 (2d8) Cold damage.",1,b9adfac7-a098-5858-8481-6ad99f16eb26,ACTION,NULL,NULL,false,AT_WILL,NULL,NULL,NULL
d6558388-f413-538e-a76e-e21a8c383dff,2026-09-08T00:00:00,2026-09-08T00:00:00,0,Great Bow,"Ranged Attack Roll: +9, range 150/600 ft. Hit: 17 (2d10 + 6) Piercing damage plus 7 (2d6) Cold damage, and the target's Speed decreases by 10 feet until the end of its next turn.",2,b9adfac7-a098-5858-8481-6ad99f16eb26,ACTION,NULL,NULL,false,AT_WILL,NULL,NULL,NULL
ec2e40c5-87fb-5ebc-b214-bee6b28125ae,2026-09-08T00:00:00,2026-09-08T00:00:00,0,War Cry,The giant or one creature of its choice that can see or hear it gains 16 (2d10 + 5) Temporary Hit Points and has Advantage on attack rolls until the start of the giant's next turn. Fungi,3,b9adfac7-a098-5858-8481-6ad99f16eb26,BONUS_ACTION,NULL,NULL,false,RECHARGE,1,5,6
5318c4df-6733-5173-9a6b-d044cb49a118,2026-09-08T00:00:00,2026-09-08T00:00:00,0,Shriek,Trigger: A creature or a source of Bright Light moves within 30 feet of the shrieker. Response: The shrieker emits a shriek audible within 300 feet of itself for 1 minute or until the shrieker dies.,0,cc618aa0-1ee7-5853-a26e-000fb122fda3,REACTION,NULL,A creature or a source of Bright Light moves within 30 feet of the shrieker.,false,AT_WILL,NULL,NULL,NULL
2e933f81-7e12-53f0-8f2a-3306697450f1,2026-09-08T00:00:00,2026-09-08T00:00:00,0,Multiattack,The fungus makes two Rotting Touch attacks.,0,ef11c0ec-388a-5fcb-8cb4-f3cff6d5dd10,ACTION,NULL,NULL,false,AT_WILL,NULL,NULL,NULL
8cde1b61-3e1f-5395-b8f4-6572e60eabb8,2026-09-08T00:00:00,2026-09-08T00:00:00,0,Rotting Touch,"Melee Attack Roll: +2, reach 10 ft. Hit: 4 (1d8) Necrotic damage.",1,ef11c0ec-388a-5fcb-8cb4-f3cff6d5dd10,ACTION,NULL,NULL,false,AT_WILL,NULL,NULL,NULL
010b78f2-aa9b-51d9-9f6e-646583c5890b,2026-09-08T00:00:00,2026-09-08T00:00:00,0,Flyby,The gargoyle doesn't provoke an Opportunity Attack when it flies out of an enemy's reach.,0,209a0db5-c38a-556f-b56a-7f274bb42e4d,PASSIVE,NULL,NULL,false,AT_WILL,NULL,NULL,NULL
d44d3782-ffcb-587d-9004-1eb2b2071d26,2026-09-08T00:00:00,2026-09-08T00:00:00,0,Multiattack,The gargoyle makes two Claw attacks.,1,209a0db5-c38a-556f-b56a-7f274bb42e4d,ACTION,NULL,NULL,false,AT_WILL,NULL,NULL,NULL
cd589842-f821-558b-8fb1-e083e7a9f497,2026-09-08T00:00:00,2026-09-08T00:00:00,0,Claw,"Melee Attack Roll: +4, reach 5 ft. Hit: 7 (2d4 + 2) Slashing damage.",2,209a0db5-c38a-556f-b56a-7f274bb42e4d,ACTION,NULL,NULL,false,AT_WILL,NULL,NULL,NULL
a3d5fdf7-df97-5a27-8ceb-fdc721f9ad6c,2026-09-08T00:00:00,2026-09-08T00:00:00,0,Ooze Cube,"The cube fills its entire space and is transparent. Other creatures can enter that space, but a creature that does so is subjected to the cube's Engulf and has Disadvantage on the saving throw. Creatures inside the cube have Total Cover, and the cube can hold one Large creature or up to four Medium or Small creatures inside itself at a time. As an action, a creature within 5 feet of the cube can pull a creature or an object out of the cube by succeeding on a DC 12 Strength (Athletics) check, and the puller takes 10 (3d6) Acid damage.",0,2a1ca355-abde-537a-af0c-c79e04265666,PASSIVE,NULL,NULL,false,AT_WILL,NULL,NULL,NULL
fcda2fe3-a61e-5414-a27d-bd59ffc10e09,2026-09-08T00:00:00,2026-09-08T00:00:00,0,Transparent,"Even when the cube is in plain sight, a creature must succeed on a DC 15 Wisdom (Perception) check to notice the cube if the creature hasn't witnessed the cube move or otherwise act.",1,2a1ca355-abde-537a-af0c-c79e04265666,PASSIVE,NULL,NULL,false,AT_WILL,NULL,NULL,NULL
dfd7ac4f-95d9-5e76-9b07-6a395e4b7efe,2026-09-08T00:00:00,2026-09-08T00:00:00,0,Pseudopod,"Melee Attack Roll: +4, reach 5 ft. Hit: 12 (3d6 + 2) Acid damage.",2,2a1ca355-abde-537a-af0c-c79e04265666,ACTION,NULL,NULL,false,AT_WILL,NULL,NULL,NULL
4c980cfe-60f6-5744-b38e-0dc52848f7e9,2026-09-08T00:00:00,2026-09-08T00:00:00,0,Engulf,"The cube moves up to its Speed without provoking Opportunity Attacks. The cube can move through the spaces of Large or smaller creatures if it has room inside itself to contain them (see the Ooze Cube trait). Dexterity Saving Throw: DC 12, each creature whose space the cube enters for the first time during this move. Failure: 10 (3d6) Acid damage, and the target is engulfed. An engulfed target is suffocating, can't cast spells with a Verbal component, has the Restrained condition, and takes 10 (3d6) Acid damage at the start of each of the cube's turns. When the cube moves, the engulfed target moves with it. An engulfed target can try to escape by taking an action to make a DC 12 Strength (Athletics) check. On a successful check, the target escapes and enters the nearest unoccupied space. Success: Half damage, and the target moves to an unoccupied space within 5 feet of the cube. If there is no unoccupied space, the target fails the save instead.",3,2a1ca355-abde-537a-af0c-c79e04265666,ACTION,NULL,NULL,false,AT_WILL,NULL,NULL,NULL
8b94f806-cfe8-5a6a-8e56-6d9a5793b8c8,2026-09-08T00:00:00,2026-09-08T00:00:00,0,Stench,"Constitution Saving Throw: DC 10, any creature that starts its turn in a 5-foot Emanation originating from the ghast. Failure: The target has the Poisoned condition until the start of its next turn. Success: The target is immune to this ghast's Stench for 24 hours.",0,6f9b0cfe-9018-5cb8-849f-e0e4ff493900,PASSIVE,NULL,NULL,false,AT_WILL,NULL,NULL,NULL
b21a3b63-5ab6-50ee-9810-562d23bedc10,2026-09-08T00:00:00,2026-09-08T00:00:00,0,Bite,"Melee Attack Roll: +5, reach 5 ft. Hit: 7 (1d8 + 3) Piercing damage plus 9 (2d8) Necrotic damage.",1,6f9b0cfe-9018-5cb8-849f-e0e4ff493900,ACTION,NULL,NULL,false,AT_WILL,NULL,NULL,NULL
c0a16560-084b-5154-88a5-ce3a9a285787,2026-09-08T00:00:00,2026-09-08T00:00:00,0,Claw,"Melee Attack Roll: +5, reach 5 ft. Hit: 10 (2d6 + 3) Slashing damage. If the target is a non-Undead creature, it is subjected to the following effect. Constitution Saving Throw: DC 10. Failure: The target has the Paralyzed condition until the end of its next turn.",2,6f9b0cfe-9018-5cb8-849f-e0e4ff493900,ACTION,NULL,NULL,false,AT_WILL,NULL,NULL,NULL
c15a6afb-065e-5dc4-b28b-0cc7412aeab2,2026-09-08T00:00:00,2026-09-08T00:00:00,0,Ethereal Sight,The ghost can see 60 feet into the Ethereal Plane when it is on the Material Plane.,0,2ec7306c-1c74-51a7-940b-8cc4da983b97,PASSIVE,NULL,NULL,false,AT_WILL,NULL,NULL,NULL
06668465-0cf2-5b34-b8eb-4c33cf69b950,2026-09-08T00:00:00,2026-09-08T00:00:00,0,Incorporeal Movement,The ghost can move through other creatures and objects as if they were Difficult Terrain. It takes 5 (1d10) Force damage if it ends its turn inside an object.,1,2ec7306c-1c74-51a7-940b-8cc4da983b97,PASSIVE,NULL,NULL,false,AT_WILL,NULL,NULL,NULL
8b3a26e9-8191-5e79-a84d-9f6e98f98079,2026-09-08T00:00:00,2026-09-08T00:00:00,0,Multiattack,The ghost makes two Withering Touch attacks.,2,2ec7306c-1c74-51a7-940b-8cc4da983b97,ACTION,NULL,NULL,false,AT_WILL,NULL,NULL,NULL
ff1d1362-b2d9-565c-b535-78281fb16d7d,2026-09-08T00:00:00,2026-09-08T00:00:00,0,Withering Touch,"Melee Attack Roll: +5, reach 5 ft. Hit: 19 (3d10 + 3) Necrotic damage.",3,2ec7306c-1c74-51a7-940b-8cc4da983b97,ACTION,NULL,NULL,false,AT_WILL,NULL,NULL,NULL
b5472ead-3303-57fa-90f6-b1874f62af94,2026-09-08T00:00:00,2026-09-08T00:00:00,0,Etherealness,"The ghost casts the Etherealness spell, requiring no spell components and using Charisma as the spellcasting ability. The ghost is visible on the Material Plane while on the Border Ethereal and vice versa, but it can't affect or be affected by anything on the other plane.",4,2ec7306c-1c74-51a7-940b-8cc4da983b97,ACTION,NULL,NULL,false,AT_WILL,NULL,NULL,NULL
01477a5d-c282-5475-8ac6-f61e88cba755,2026-09-08T00:00:00,2026-09-08T00:00:00,0,Horrific Visage,"Wisdom Saving Throw: DC 13, each creature in a 60-foot Cone that can see the ghost and isn't an Undead. Failure: 10 (2d6 + 3) Psychic damage, and the target has the Frightened condition until the start of the ghost's next turn. Success: The target is immune to this ghost's Horrific Visage for 24 hours.",5,2ec7306c-1c74-51a7-940b-8cc4da983b97,ACTION,NULL,NULL,false,AT_WILL,NULL,NULL,NULL
a0e0be93-c02f-5d81-b16f-45ce7c2cebdb,2026-09-08T00:00:00,2026-09-08T00:00:00,0,Possession,"Charisma Saving Throw: DC 13, one Humanoid the ghost can see within 5 feet. Failure: The target is possessed by the ghost; the ghost disappears, and the target has the Incapacitated condition and loses control of its body. The ghost now controls the body, but the target retains awareness. The ghost can't be targeted by any attack, spell, or other effect, except ones that specifically target Undead. The ghost's game statistics are the same, except it uses the possessed target's Speed, as well as the target's Strength, Dexterity, and Constitution modifiers. The possession lasts until the body drops to 0 Hit Points or the ghost leaves as a Bonus Action. When the possession ends, the ghost appears in an unoccupied space within 5 feet of the target, and the target is immune to this ghost's Possession for 24 hours. Success: The target is immune to this ghost's Possession for 24 hours.",6,2ec7306c-1c74-51a7-940b-8cc4da983b97,ACTION,NULL,NULL,false,RECHARGE,1,6,6
4c20102a-db80-584b-83db-12534911026a,2026-09-08T00:00:00,2026-09-08T00:00:00,0,Multiattack,The ghoul makes two Bite attacks.,0,6a74b6e8-457f-5655-9c95-72d4822f7ee7,ACTION,NULL,NULL,false,AT_WILL,NULL,NULL,NULL
fb2d7c0c-4d14-532f-8d98-cc4b6fbcda2a,2026-09-08T00:00:00,2026-09-08T00:00:00,0,Bite,"Melee Attack Roll: +4, reach 5 ft. Hit: 5 (1d6 + 2) Piercing damage plus 3 (1d6) Necrotic damage.",1,6a74b6e8-457f-5655-9c95-72d4822f7ee7,ACTION,NULL,NULL,false,AT_WILL,NULL,NULL,NULL
12d3b62d-65fe-583e-affb-1d9881039c9d,2026-09-08T00:00:00,2026-09-08T00:00:00,0,Claw,"Melee Attack Roll: +4, reach 5 ft. Hit: 4 (1d4 + 2) Slashing damage. If the target is a creature that isn't an Undead or elf, it is subjected to the following effect. Constitution Saving Throw: DC 10. Failure: The target has the Paralyzed condition until the end of its next turn.",2,6a74b6e8-457f-5655-9c95-72d4822f7ee7,ACTION,NULL,NULL,false,AT_WILL,NULL,NULL,NULL
71d876e6-2b65-524a-b1a9-b18b7906fe32,2026-09-08T00:00:00,2026-09-08T00:00:00,0,Aberrant Ground,The ground in a 10-foot Emanation originating from the mouther is Difficult Terrain.,0,a4d9c15d-4ab6-5721-ad72-c042f590e25e,PASSIVE,NULL,NULL,false,AT_WILL,NULL,NULL,NULL
36bd41a8-1295-5a87-bb05-d6de422b9288,2026-09-08T00:00:00,2026-09-08T00:00:00,0,Gibbering,"The mouther babbles incoherently while it doesn't have the Incapacitated condition. Wisdom Saving Throw: DC 10, any creature that starts its turn within 20 feet of the mouther while it is babbling. Failure: The target rolls 1d8 to determine what it does during the current turn: 1-4. The target does nothing. 5-6. The target takes no action or Bonus Action and uses all its movement to move in a random direction. 7-8. The target makes a melee attack against a randomly determined creature within its reach or does nothing if it can't make such an attack.",1,a4d9c15d-4ab6-5721-ad72-c042f590e25e,PASSIVE,NULL,NULL,false,AT_WILL,NULL,NULL,NULL
ddc5f32f-cffc-5004-bcf5-5e0512f9d56f,2026-09-08T00:00:00,2026-09-08T00:00:00,0,Bite,"Melee Attack Roll: +2, reach 5 ft. Hit: 7 (2d6) Piercing damage. If the target is a Medium or smaller creature, it has the Prone condition. The target dies if it is reduced to 0 Hit Points by this attack. Its body is then absorbed into the mouther, leaving only equipment behind.",2,a4d9c15d-4ab6-5721-ad72-c042f590e25e,ACTION,NULL,NULL,false,AT_WILL,NULL,NULL,NULL
d8a6e63d-8a4f-5585-88ab-0f4d381d2925,2026-09-08T00:00:00,2026-09-08T00:00:00,0,Blinding Spittle,"Dexterity Saving Throw: DC 10, each creature in a 10-foot-radius Sphere centered on a point within 30 feet. Failure: 7 (2d6) Radiant damage, and the target has the Blinded condition until the end of the mouther's next turn.",3,a4d9c15d-4ab6-5721-ad72-c042f590e25e,ACTION,NULL,NULL,false,RECHARGE,1,5,6
0f537619-36bc-5300-a246-f1d1227d61c7,2026-09-08T00:00:00,2026-09-08T00:00:00,0,Demonic Restoration,"If the glabrezu dies outside the Abyss, its body dissolves into ichor, and it gains a new body instantly, reviving with all its Hit Points somewhere in the Abyss.",0,dc04d0e1-24ee-5712-b18c-b83dc8f5ad4a,PASSIVE,NULL,NULL,false,AT_WILL,NULL,NULL,NULL
832f00fe-1dc3-595f-98df-9ae0d6dbb3e6,2026-09-08T00:00:00,2026-09-08T00:00:00,0,Magic Resistance,The glabrezu has Advantage on saving throws against spells and other magical effects.,1,dc04d0e1-24ee-5712-b18c-b83dc8f5ad4a,PASSIVE,NULL,NULL,false,AT_WILL,NULL,NULL,NULL
b62c23e5-f53a-5734-b2e8-9b0d292a392e,2026-09-08T00:00:00,2026-09-08T00:00:00,0,Multiattack,The glabrezu makes two Pincer attacks and uses Pummel or Spellcasting.,2,dc04d0e1-24ee-5712-b18c-b83dc8f5ad4a,ACTION,NULL,NULL,false,AT_WILL,NULL,NULL,NULL
66858ba9-2851-50b3-ba8c-50bd2d527cf9,2026-09-08T00:00:00,2026-09-08T00:00:00,0,Pincer,"Melee Attack Roll: +9, reach 10 ft. Hit: 16 (2d10 + 5) Slashing damage. If the target is a Medium or smaller creature, it has the Grappled condition (escape DC 15) from one of two pincers.",3,dc04d0e1-24ee-5712-b18c-b83dc8f5ad4a,ACTION,NULL,NULL,false,AT_WILL,NULL,NULL,NULL
d5d60582-d08d-5df4-abfe-41bef50a18af,2026-09-08T00:00:00,2026-09-08T00:00:00,0,Pummel,"Dexterity Saving Throw: DC 17, one creature Grappled by the glabrezu. Failure: 15 (3d6 + 5) Bludgeoning damage. Success: Half damage.",4,dc04d0e1-24ee-5712-b18c-b83dc8f5ad4a,ACTION,NULL,NULL,false,AT_WILL,NULL,NULL,NULL
46ea5631-e73b-5281-843e-25fa8d670d5e,2026-09-08T00:00:00,2026-09-08T00:00:00,0,Spellcasting,"The glabrezu casts one of the following spells, requiring no Material components and using Intelligence as the spellcasting ability (spell save DC 16): At Will: Darkness, Detect Magic, Dispel Magic 1/Day Each: Confusion, Fly, Power Word Stun",5,dc04d0e1-24ee-5712-b18c-b83dc8f5ad4a,ACTION,NULL,NULL,false,AT_WILL,NULL,NULL,NULL
3460e186-79e6-56d9-89a8-e81ef2e9a9c7,2026-09-08T00:00:00,2026-09-08T00:00:00,0,Multiattack,The gladiator makes three Spear attacks. It can replace one attack with a use of Shield Bash.,0,d8f72762-af3b-5b03-9c37-a4ddc79f2e1b,ACTION,NULL,NULL,false,AT_WILL,NULL,NULL,NULL
422564ed-4750-5958-8030-74355a557bcd,2026-09-08T00:00:00,2026-09-08T00:00:00,0,Spear,"Melee or Ranged Attack Roll: +7, reach 5 ft. or range 20/60 ft. Hit: 11 (2d6 + 4) Piercing damage.",1,d8f72762-af3b-5b03-9c37-a4ddc79f2e1b,ACTION,NULL,NULL,false,AT_WILL,NULL,NULL,NULL
9062399e-ff05-5eee-9b60-6b7ede8f9f5a,2026-09-08T00:00:00,2026-09-08T00:00:00,0,Shield Bash,"Strength Saving Throw: DC 15, one creature within 5 feet that the gladiator can see. Failure: 9 (2d4 + 4) Bludgeoning damage. If the target is a Medium or smaller creature, it has the Prone condition.",2,d8f72762-af3b-5b03-9c37-a4ddc79f2e1b,ACTION,NULL,NULL,false,AT_WILL,NULL,NULL,NULL
8f37c1ef-099b-514b-938d-15478e629ca5,2026-09-08T00:00:00,2026-09-08T00:00:00,0,Parry,"Trigger: The gladiator is hit by a melee attack roll while holding a weapon. Response: The gladiator adds 3 to its AC against that attack, possibly causing it to miss. Gnoll",3,d8f72762-af3b-5b03-9c37-a4ddc79f2e1b,REACTION,NULL,The gladiator is hit by a melee attack roll while holding a weapon.,false,AT_WILL,NULL,NULL,NULL
1a0ac6da-4761-509f-9a50-0e67d44299bf,2026-09-08T00:00:00,2026-09-08T00:00:00,0,Rend,"Melee Attack Roll: +4, reach 5 ft. Hit: 5 (1d6 + 2) Piercing damage.",0,fc3aef8b-2b9b-50fb-98e4-3e5221400b1e,ACTION,NULL,NULL,false,AT_WILL,NULL,NULL,NULL
6aa07482-d359-59b1-b6f8-81e6aff98713,2026-09-08T00:00:00,2026-09-08T00:00:00,0,Bone Bow,"Ranged Attack Roll: +3, range 150/600 ft. Hit: 6 (1d10 + 1) Piercing damage.",1,fc3aef8b-2b9b-50fb-98e4-3e5221400b1e,ACTION,NULL,NULL,false,AT_WILL,NULL,NULL,NULL
6e3cb287-75c7-594c-93a8-1c340e49a2a3,2026-09-08T00:00:00,2026-09-08T00:00:00,0,Rampage,"Immediately after dealing damage to a creature that is already Bloodied, the gnoll moves up to half its Speed, and it makes one Rend attack. Goblins",2,fc3aef8b-2b9b-50fb-98e4-3e5221400b1e,BONUS_ACTION,NULL,NULL,false,PER_DAY,1,NULL,NULL
8a4992b1-b236-5e7a-bff3-383a58a4cfee,2026-09-08T00:00:00,2026-09-08T00:00:00,0,Dagger,"Melee or Ranged Attack Roll: +4, reach 5 ft. or range 20/60 ft. Hit: 4 (1d4 + 2) Piercing damage.",0,ad77e9cf-c420-5b55-bafe-46c51fba0ade,ACTION,NULL,NULL,false,AT_WILL,NULL,NULL,NULL
a6a2a298-5ef8-54ea-b76e-4eced7c8b237,2026-09-08T00:00:00,2026-09-08T00:00:00,0,Nimble Escape,The goblin takes the Disengage or Hide action.,1,ad77e9cf-c420-5b55-bafe-46c51fba0ade,BONUS_ACTION,NULL,NULL,false,AT_WILL,NULL,NULL,NULL
e796320e-f27c-5de5-a9fc-b07b797e650c,2026-09-08T00:00:00,2026-09-08T00:00:00,0,Scimitar,"Melee Attack Roll: +4, reach 5 ft. Hit: 5 (1d6 + 2) Slashing damage, plus 2 (1d4) Slashing damage if the attack roll had Advantage.",0,08b6d58f-a525-5063-9bdb-72618a737b11,ACTION,NULL,NULL,false,AT_WILL,NULL,NULL,NULL
777b62ff-01c5-5886-9a74-f99787d73a91,2026-09-08T00:00:00,2026-09-08T00:00:00,0,Shortbow,"Ranged Attack Roll: +4, range 80/320 ft. Hit: 5 (1d6 + 2) Piercing damage, plus 2 (1d4) Piercing damage if the attack roll had Advantage.",1,08b6d58f-a525-5063-9bdb-72618a737b11,ACTION,NULL,NULL,false,AT_WILL,NULL,NULL,NULL
f80d59d4-bff5-59be-9931-72f185cb78a0,2026-09-08T00:00:00,2026-09-08T00:00:00,0,Nimble Escape,The goblin takes the Disengage or Hide action.,2,08b6d58f-a525-5063-9bdb-72618a737b11,BONUS_ACTION,NULL,NULL,false,AT_WILL,NULL,NULL,NULL
d41991fc-a23c-5300-8f21-122becf2609c,2026-09-08T00:00:00,2026-09-08T00:00:00,0,Multiattack,"The goblin makes two attacks, using Scimitar or Shortbow in any combination.",0,e8108f5d-5141-5121-89ec-692f9fe7328d,ACTION,NULL,NULL,false,AT_WILL,NULL,NULL,NULL
73afbc57-f821-5f71-b32a-452bfca38c7d,2026-09-08T00:00:00,2026-09-08T00:00:00,0,Scimitar,"Melee Attack Roll: +4, reach 5 ft. Hit: 5 (1d6 + 2) Slashing damage, plus 2 (1d4) Slashing damage if the attack roll had Advantage.",1,e8108f5d-5141-5121-89ec-692f9fe7328d,ACTION,NULL,NULL,false,AT_WILL,NULL,NULL,NULL
7110a5d5-c604-5161-914e-b43ed2670ff9,2026-09-08T00:00:00,2026-09-08T00:00:00,0,Shortbow,"Ranged Attack Roll: +4, range 80/320 ft. Hit: 5 (1d6 + 2) Piercing damage, plus 2 (1d4) Piercing damage if the attack roll had Advantage.",2,e8108f5d-5141-5121-89ec-692f9fe7328d,ACTION,NULL,NULL,false,AT_WILL,NULL,NULL,NULL
e162307f-b7f3-5cbf-ad9a-a24e2d545bf9,2026-09-08T00:00:00,2026-09-08T00:00:00,0,Nimble Escape,The goblin takes the Disengage or Hide action.,3,e8108f5d-5141-5121-89ec-692f9fe7328d,BONUS_ACTION,NULL,NULL,false,AT_WILL,NULL,NULL,NULL
d7036eff-1364-53e9-84de-acd2c7296813,2026-09-08T00:00:00,2026-09-08T00:00:00,0,Redirect Attack,"Trigger: A creature the goblin can see makes an attack roll against it. Response: The goblin chooses a Small or Medium ally within 5 feet of itself. The goblin and that ally swap places, and the ally becomes the target of the attack instead. Gold Dragons",4,e8108f5d-5141-5121-89ec-692f9fe7328d,REACTION,NULL,A creature the goblin can see makes an attack roll against it.,false,AT_WILL,NULL,NULL,NULL
0fa2761c-422e-55f2-8a9e-11829c5e78f6,2026-09-08T00:00:00,2026-09-08T00:00:00,0,Amphibious,The dragon can breathe air and water.,0,5041345d-a209-5470-a65c-30ca8c8b0e01,PASSIVE,NULL,NULL,false,AT_WILL,NULL,NULL,NULL
558d010b-8e87-5438-aa60-0a5f4312431c,2026-09-08T00:00:00,2026-09-08T00:00:00,0,Multiattack,The dragon makes two Rend attacks.,1,5041345d-a209-5470-a65c-30ca8c8b0e01,ACTION,NULL,NULL,false,AT_WILL,NULL,NULL,NULL
308de99f-745d-56f3-ba70-1b87fc0b1d21,2026-09-08T00:00:00,2026-09-08T00:00:00,0,Rend,"Melee Attack Roll: +6, reach 5 ft. Hit: 9 (1d10 + 4) Slashing damage.",2,5041345d-a209-5470-a65c-30ca8c8b0e01,ACTION,NULL,NULL,false,AT_WILL,NULL,NULL,NULL
fa04c607-1215-58c5-8174-3d2cc9397013,2026-09-08T00:00:00,2026-09-08T00:00:00,0,Fire Breath,"Dexterity Saving Throw: DC 13, each creature in a 15-foot Cone. Failure: 22 (4d10) Fire damage. Success: Half damage.",3,5041345d-a209-5470-a65c-30ca8c8b0e01,ACTION,NULL,NULL,false,RECHARGE,1,5,6
80f97c89-0b2d-5c75-abd1-d1c36a143a07,2026-09-08T00:00:00,2026-09-08T00:00:00,0,Weakening Breath,"Strength Saving Throw: DC 13, each creature that isn't currently affected by this breath in a 15-foot Cone. Failure: The target has Disadvantage on Strength-based D20 Tests and subtracts 2 (1d4) from its damage rolls. It repeats the save at the end of each of its turns, ending the effect on itself on a success. After 1 minute, it succeeds automatically.",4,5041345d-a209-5470-a65c-30ca8c8b0e01,ACTION,NULL,NULL,false,AT_WILL,NULL,NULL,NULL
6c1de63d-38c7-56e3-b3cb-57f794585c4f,2026-09-08T00:00:00,2026-09-08T00:00:00,0,Amphibious,The dragon can breathe air and water.,0,cd5a1706-a5eb-5f93-9a27-d0e675cf4d3f,PASSIVE,NULL,NULL,false,AT_WILL,NULL,NULL,NULL
1b9320e9-4268-5e96-89b9-2691238d77f2,2026-09-08T00:00:00,2026-09-08T00:00:00,0,Multiattack,The dragon makes three Rend attacks. It can replace one attack with a use of Weakening Breath.,1,cd5a1706-a5eb-5f93-9a27-d0e675cf4d3f,ACTION,NULL,NULL,false,AT_WILL,NULL,NULL,NULL
7d9ec75e-e212-505c-9740-7a04958f3054,2026-09-08T00:00:00,2026-09-08T00:00:00,0,Rend,"Melee Attack Roll: +10, reach 10 ft. Hit: 17 (2d10 + 6) Slashing damage.",2,cd5a1706-a5eb-5f93-9a27-d0e675cf4d3f,ACTION,NULL,NULL,false,AT_WILL,NULL,NULL,NULL
f89d5e21-70c8-5d18-830b-7b2970b37b8c,2026-09-08T00:00:00,2026-09-08T00:00:00,0,Fire Breath,"Dexterity Saving Throw: DC 17, each creature in a 30-foot Cone. Failure: 55 (10d10) Fire damage. Success: Half damage.",3,cd5a1706-a5eb-5f93-9a27-d0e675cf4d3f,ACTION,NULL,NULL,false,RECHARGE,1,5,6
35928a77-df75-5d17-896e-b1e4c73a1ccc,2026-09-08T00:00:00,2026-09-08T00:00:00,0,Weakening Breath,"Strength Saving Throw: DC 17, each creature that isn't currently affected by this breath in a 30-foot Cone. Failure: The target has Disadvantage on Strength-based D20 Tests and subtracts 3 (1d6) from its damage rolls. It repeats the save at the end of each of its turns, ending the effect on itself on a success. After 1 minute, it succeeds automatically.",4,cd5a1706-a5eb-5f93-9a27-d0e675cf4d3f,ACTION,NULL,NULL,false,AT_WILL,NULL,NULL,NULL
8fb28997-9bb9-54be-a971-59b898e0930f,2026-09-08T00:00:00,2026-09-08T00:00:00,0,Amphibious,The dragon can breathe air and water.,0,f30a06ec-741b-5822-ae9b-15d64671ed04,PASSIVE,NULL,NULL,false,AT_WILL,NULL,NULL,NULL
022df97b-018d-5f4c-85b6-cb4f0b6e4981,2026-09-08T00:00:00,2026-09-08T00:00:00,0,Legendary Resistance,"If the dragon fails a saving throw, it can choose to succeed instead.",1,f30a06ec-741b-5822-ae9b-15d64671ed04,PASSIVE,NULL,NULL,false,PER_DAY,3,NULL,NULL
0d110f95-8698-5866-bed8-1e20f657ac01,2026-09-08T00:00:00,2026-09-08T00:00:00,0,Multiattack,The dragon makes three Rend attacks. It can replace one attack with a use of (A) Spellcasting to cast Guiding Bolt (level 2 version) or (B) Weakening Breath.,2,f30a06ec-741b-5822-ae9b-15d64671ed04,ACTION,NULL,NULL,false,AT_WILL,NULL,NULL,NULL
5fe9d78c-ab18-5d1a-86d7-0f4a1718fa7d,2026-09-08T00:00:00,2026-09-08T00:00:00,0,Rend,"Melee Attack Roll: +14, reach 10 ft. Hit: 17 (2d8 + 8) Slashing damage plus 4 (1d8) Fire damage.",3,f30a06ec-741b-5822-ae9b-15d64671ed04,ACTION,NULL,NULL,false,AT_WILL,NULL,NULL,NULL
cb65f0f8-81b0-5855-98e3-821058b58940,2026-09-08T00:00:00,2026-09-08T00:00:00,0,Fire Breath,"Dexterity Saving Throw: DC 21, each creature in a 60-foot Cone. Failure: 66 (12d10) Fire damage. Success: Half damage.",4,f30a06ec-741b-5822-ae9b-15d64671ed04,ACTION,NULL,NULL,false,RECHARGE,1,5,6
0959c9da-5f3c-50e9-8a0c-6ea6fbff519c,2026-09-08T00:00:00,2026-09-08T00:00:00,0,Spellcasting,"The dragon casts one of the following spells, requiring no Material components and using Charisma as the spellcasting ability (spell save DC 21, +13 to hit with spell attacks): At Will: Detect Magic, Guiding Bolt (level 2 version), Shapechange (Beast or Humanoid form only, no Temporary Hit Points gained from the spell, and no Concentration or Temporary Hit Points required to maintain the spell) 1/Day Each: Flame Strike, Zone of Truth Weakening Breath. Strength Saving Throw: DC 21, each creature that isn't currently affected by this breath in a 60-foot Cone. Failure: The target has Disadvantage on Strength-based D20 Tests and subtracts 3 (1d6) from its damage rolls. It repeats the save at the end of each of its turns, ending the effect on itself on a success. After 1 minute, it succeeds automatically.",5,f30a06ec-741b-5822-ae9b-15d64671ed04,ACTION,NULL,NULL,false,AT_WILL,NULL,NULL,NULL
58f65625-38b9-5eb5-94f0-6d325117770b,2026-09-08T00:00:00,2026-09-08T00:00:00,0,Banish,"Charisma Saving Throw: DC 21, one creature the dragon can see within 120 feet. Failure: 10 (3d6) Force damage, and the target has the Incapacitated condition and is transported to a harmless demiplane until the start of the dragon's next turn, at which point it re­appears in an unoccupied space of the dragon's choice within 120 feet of the dragon. Failure or Success: The dragon can't take this action again until the start of its next turn.",6,f30a06ec-741b-5822-ae9b-15d64671ed04,LEGENDARY,NULL,NULL,false,PER_ROUND,1,NULL,NULL
592888da-dd78-58fd-852c-f31c868d45c1,2026-09-08T00:00:00,2026-09-08T00:00:00,0,Guiding Light,The dragon uses Spellcasting to cast Guiding Bolt (level 2 version).,7,f30a06ec-741b-5822-ae9b-15d64671ed04,LEGENDARY,NULL,NULL,false,AT_WILL,NULL,NULL,NULL
e6ce9b13-101e-5364-8f63-e213c5c3c969,2026-09-08T00:00:00,2026-09-08T00:00:00,0,Pounce,"The dragon moves up to half its Speed, and it makes one Rend attack.",8,f30a06ec-741b-5822-ae9b-15d64671ed04,LEGENDARY,NULL,NULL,false,AT_WILL,NULL,NULL,NULL
4b391a8d-0a36-539f-8bbd-99625bba8cd2,2026-09-08T00:00:00,2026-09-08T00:00:00,0,Amphibious,The dragon can breathe air and water.,0,48df82ed-f959-54b8-b03a-24dc248ba79b,PASSIVE,NULL,NULL,false,AT_WILL,NULL,NULL,NULL
50b1aaff-8019-58aa-ae12-cbf18df1cac1,2026-09-08T00:00:00,2026-09-08T00:00:00,0,Legendary Resistance,"If the dragon fails a saving throw, it can choose to succeed instead.",1,48df82ed-f959-54b8-b03a-24dc248ba79b,PASSIVE,NULL,NULL,false,PER_DAY,4,NULL,NULL
d161b7f2-56a1-5378-82d8-76b7c8d81b13,2026-09-08T00:00:00,2026-09-08T00:00:00,0,Multiattack,The dragon makes three Rend attacks. It can replace one attack with a use of (A) Spellcasting to cast Guiding Bolt (level 4 version) or (B) Weakening Breath.,2,48df82ed-f959-54b8-b03a-24dc248ba79b,ACTION,NULL,NULL,false,AT_WILL,NULL,NULL,NULL
c2dea7cf-dc55-5af9-9176-ffe039d0c5c3,2026-09-08T00:00:00,2026-09-08T00:00:00,0,Rend,"Melee Attack Roll: +17 to hit, reach 15 ft. Hit: 19 (2d8 + 10) Slashing damage plus 9 (2d8) Fire damage.",3,48df82ed-f959-54b8-b03a-24dc248ba79b,ACTION,NULL,NULL,false,AT_WILL,NULL,NULL,NULL
c3ca4f5e-9a9b-5789-8ee0-fc70e6d82cfa,2026-09-08T00:00:00,2026-09-08T00:00:00,0,Fire Breath,"Dexterity Saving Throw: DC 24, each creature in a 90-foot Cone. Failure: 71 (13d10) Fire damage. Success: Half damage.",4,48df82ed-f959-54b8-b03a-24dc248ba79b,ACTION,NULL,NULL,false,RECHARGE,1,5,6
d7a56e7f-aa13-576a-8eea-0e72dabba0d6,2026-09-08T00:00:00,2026-09-08T00:00:00,0,Spellcasting,"The dragon casts one of the following spells, requiring no Material components and using Charisma as the spellcasting ability (spell save DC 24, +16 to hit with spell attacks): At Will: Detect Magic, Guiding Bolt (level 4 version), Shapechange (Beast or Humanoid form only, no Temporary Hit Points gained from the spell, and no Concentration or Temporary Hit Points required to maintain the spell) 1/Day Each: Flame Strike (level 6 version), Word of Recall, Zone of Truth Weakening Breath. Strength Saving Throw: DC 24, each creature that isn't currently affected by this breath in a 90-foot Cone. Failure: The target has Disadvantage on Strength-based D20 Tests and subtracts 5 (1d10) from its damage rolls. It repeats the save at the end of each of its turns, ending the effect on itself on a success. After 1 minute, it succeeds automatically.",5,48df82ed-f959-54b8-b03a-24dc248ba79b,ACTION,NULL,NULL,false,AT_WILL,NULL,NULL,NULL
4ab1325f-ccc4-5fbc-8988-a98cb113de15,2026-09-08T00:00:00,2026-09-08T00:00:00,0,Banish,"Charisma Saving Throw: DC 24, one creature the dragon can see within 120 feet. Failure: 24 (7d6) Force damage, and the target has the Incapacitated condition and is transported to a harmless demiplane until the start of the dragon's next turn, at which point it reappears in an unoccupied space of the dragon's choice within 120 feet of the dragon. Failure or Success: The dragon can't take this action again until the start of its next turn.",6,48df82ed-f959-54b8-b03a-24dc248ba79b,LEGENDARY,NULL,NULL,false,PER_ROUND,1,NULL,NULL
13c85f83-8843-5e4c-b835-246f925ce708,2026-09-08T00:00:00,2026-09-08T00:00:00,0,Guiding Light,The dragon uses Spellcasting to cast Guiding Bolt (level 4 version).,7,48df82ed-f959-54b8-b03a-24dc248ba79b,LEGENDARY,NULL,NULL,false,AT_WILL,NULL,NULL,NULL
da612301-14d2-5e68-be0d-b89ebad8dab3,2026-09-08T00:00:00,2026-09-08T00:00:00,0,Pounce,"The dragon moves up to half its Speed, and it makes one Rend attack.",8,48df82ed-f959-54b8-b03a-24dc248ba79b,LEGENDARY,NULL,NULL,false,AT_WILL,NULL,NULL,NULL
2277915b-7a5e-521c-b671-4709c65a971a,2026-09-08T00:00:00,2026-09-08T00:00:00,0,Gore,"Melee Attack Roll: +8, reach 5 ft. Hit: 18 (2d12 + 5) Piercing damage. If the target is a Large or smaller creature and the gorgon moved 20+ feet straight toward it immediately before the hit, the target has the Prone condition.",0,be5a1ceb-5d3f-5258-9e1b-073feb18b8be,ACTION,NULL,NULL,false,AT_WILL,NULL,NULL,NULL
5bf1512b-7134-5957-b7ed-c96edf3c5008,2026-09-08T00:00:00,2026-09-08T00:00:00,0,Petrifying Breath,"Constitution Saving Throw: DC 15, each creature in a 30-foot Cone. First Failure: The target has the Restrained condition and repeats the save at the end of its next turn if it is still Restrained, ending the effect on itself on a success. Second Failure: The target has the Petrified condition instead of the Restrained condition.",1,be5a1ceb-5d3f-5258-9e1b-073feb18b8be,ACTION,NULL,NULL,false,RECHARGE,1,5,6
faab6699-0551-5efb-b361-fab86fe15269,2026-09-08T00:00:00,2026-09-08T00:00:00,0,Trample,"Dexterity Saving Throw: DC 16, one creature within 5 feet that has the Prone condition. Failure: 16 (2d10 + 5) Bludgeoning damage. Success: Half damage.",2,be5a1ceb-5d3f-5258-9e1b-073feb18b8be,BONUS_ACTION,NULL,NULL,false,AT_WILL,NULL,NULL,NULL
d84b78fb-351e-5912-a3bc-27292e35106b,2026-09-08T00:00:00,2026-09-08T00:00:00,0,Amorphous,The ooze can move through a space as narrow as 1 inch without expending extra movement to do so.,0,6f87e0ae-d0fb-5f06-9dff-9b3a09154664,PASSIVE,NULL,NULL,false,AT_WILL,NULL,NULL,NULL
31a1804d-37c3-51a7-bce2-c2c34c9920c5,2026-09-08T00:00:00,2026-09-08T00:00:00,0,Corrosive Form,"Nonmagical ammunition is destroyed immediately after hitting the ooze and dealing any damage. Any nonmagical weapon takes a cumulative -1 penalty to attack rolls immediately after dealing damage to the ooze and coming into contact with it. The weapon is destroyed if the penalty reaches -5. The penalty can be removed by casting the Mending spell on the weapon. The ooze can eat through 2-inch-thick, nonmagical metal or wood in 1 round.",1,6f87e0ae-d0fb-5f06-9dff-9b3a09154664,PASSIVE,NULL,NULL,false,AT_WILL,NULL,NULL,NULL
0778b614-492b-5c09-8a18-e09337d4552e,2026-09-08T00:00:00,2026-09-08T00:00:00,0,Pseudopod,"Melee Attack Roll: +3, reach 5 ft. Hit: 10 (2d8 + 1) Acid damage. Nonmagical armor worn by the target takes a -1 penalty to the AC it offers. The armor is destroyed if the penalty reduces its AC to 10. The penalty can be removed by casting the Mending spell on the armor. Green Dragons",2,6f87e0ae-d0fb-5f06-9dff-9b3a09154664,ACTION,NULL,NULL,false,AT_WILL,NULL,NULL,NULL
274c07af-ef29-5c1f-9d7f-08aa57149cb5,2026-09-08T00:00:00,2026-09-08T00:00:00,0,Amphibious,The dragon can breathe air and water.,0,0e52bb7c-96d5-58f9-b469-b45eab8c3c3d,PASSIVE,NULL,NULL,false,AT_WILL,NULL,NULL,NULL
12953be6-b841-5a8d-8132-52ece5dc6718,2026-09-08T00:00:00,2026-09-08T00:00:00,0,Multiattack,The dragon makes two Rend attacks.,1,0e52bb7c-96d5-58f9-b469-b45eab8c3c3d,ACTION,NULL,NULL,false,AT_WILL,NULL,NULL,NULL
eed9cb2c-5574-5c52-a238-8b2ca945c94b,2026-09-08T00:00:00,2026-09-08T00:00:00,0,Rend,"Melee Attack Roll: +4, reach 5 ft. Hit: 7 (1d10 + 2) Slashing damage plus 3 (1d6) Poison damage.",2,0e52bb7c-96d5-58f9-b469-b45eab8c3c3d,ACTION,NULL,NULL,false,AT_WILL,NULL,NULL,NULL
1ee89294-91b1-59f1-bd42-b184e28daa03,2026-09-08T00:00:00,2026-09-08T00:00:00,0,Poison Breath,"Constitution Saving Throw: DC 11, each creature in a 15-foot Cone. Failure: 21 (6d6) Poison damage. Success: Half damage.",3,0e52bb7c-96d5-58f9-b469-b45eab8c3c3d,ACTION,NULL,NULL,false,RECHARGE,1,5,6
1f2b1c16-02c7-5b4b-9b6f-69f4d28b78c4,2026-09-08T00:00:00,2026-09-08T00:00:00,0,Amphibious,The dragon can breathe air and water.,0,6b603949-759d-5c72-b310-074d45747013,PASSIVE,NULL,NULL,false,AT_WILL,NULL,NULL,NULL
405acbd6-bb07-5bfe-aab7-f0fead54108b,2026-09-08T00:00:00,2026-09-08T00:00:00,0,Multiattack,The dragon makes three Rend attacks.,1,6b603949-759d-5c72-b310-074d45747013,ACTION,NULL,NULL,false,AT_WILL,NULL,NULL,NULL
d15c0d2e-f00b-5098-9543-950e0b6ba693,2026-09-08T00:00:00,2026-09-08T00:00:00,0,Rend,"Melee Attack Roll: +7, reach 10 ft. Hit: 11 (2d6 + 4) Slashing damage plus 7 (2d6) Poison damage.",2,6b603949-759d-5c72-b310-074d45747013,ACTION,NULL,NULL,false,AT_WILL,NULL,NULL,NULL
8ae7b95a-03f2-5958-9b79-dad511e85c2c,2026-09-08T00:00:00,2026-09-08T00:00:00,0,Poison Breath,"Constitution Saving Throw: DC 14, each creature in a 30-foot Cone. Failure: 42 (12d6) Poison damage. Success: Half damage.",3,6b603949-759d-5c72-b310-074d45747013,ACTION,NULL,NULL,false,RECHARGE,1,5,6
cd141d97-7058-5ec0-9a4c-1bab6aed2f92,2026-09-08T00:00:00,2026-09-08T00:00:00,0,Amphibious,The dragon can breathe air and water.,0,352006ea-b852-59c0-b79c-6dda624688c4,PASSIVE,NULL,NULL,false,AT_WILL,NULL,NULL,NULL
36dd52e2-9182-5355-9dd0-a9df84717fcd,2026-09-08T00:00:00,2026-09-08T00:00:00,0,Legendary Resistance,"If the dragon fails a saving throw, it can choose to succeed instead.",1,352006ea-b852-59c0-b79c-6dda624688c4,PASSIVE,NULL,NULL,false,PER_DAY,3,NULL,NULL
1243e632-e17c-5d69-92d4-7e91fdc13b7c,2026-09-08T00:00:00,2026-09-08T00:00:00,0,Multiattack,The dragon makes three Rend attacks. It can replace one attack with a use of Spellcasting to cast Mind Spike (level 3 version).,2,352006ea-b852-59c0-b79c-6dda624688c4,ACTION,NULL,NULL,false,AT_WILL,NULL,NULL,NULL
4c7fc5db-f7bb-5d11-9a23-3daf93b9be79,2026-09-08T00:00:00,2026-09-08T00:00:00,0,Rend,"Melee Attack Roll: +11, reach 10 ft. Hit: 15 (2d8 + 6) Slashing damage plus 7 (2d6) Poison damage.",3,352006ea-b852-59c0-b79c-6dda624688c4,ACTION,NULL,NULL,false,AT_WILL,NULL,NULL,NULL
ce42bf2b-0700-5959-b34d-758decd1b3f1,2026-09-08T00:00:00,2026-09-08T00:00:00,0,Poison Breath,"Constitution Saving Throw: DC 18, each creature in a 60-foot Cone. Failure: 56 (16d6) Poison damage. Success: Half damage.",4,352006ea-b852-59c0-b79c-6dda624688c4,ACTION,NULL,NULL,false,RECHARGE,1,5,6
0b121e1c-1c19-53e2-a657-847e8aec718b,2026-09-08T00:00:00,2026-09-08T00:00:00,0,Spellcasting,"The dragon casts one of the following spells, requiring no Material components and using Charisma as the spellcasting ability (spell save DC 17): At Will: Detect Magic, Mind Spike (level 3 version) 1/Day: Geas",5,352006ea-b852-59c0-b79c-6dda624688c4,ACTION,NULL,NULL,false,AT_WILL,NULL,NULL,NULL
f2ed7abc-468a-5038-ba77-487596b5004f,2026-09-08T00:00:00,2026-09-08T00:00:00,0,Mind Invasion,The dragon uses Spellcasting to cast Mind Spike (level 3 version).,6,352006ea-b852-59c0-b79c-6dda624688c4,LEGENDARY,NULL,NULL,false,AT_WILL,NULL,NULL,NULL
351972be-e315-5e58-8dab-58d4d02df916,2026-09-08T00:00:00,2026-09-08T00:00:00,0,Noxious Miasma,"Constitution Saving Throw: DC 17, each creature in a 20-foot-radius Sphere centered on a point the dragon can see within 90 feet. Failure: 7 (2d6) Poison damage, and the target takes a -2 penalty to AC until the end of its next turn. Failure or Success: The dragon can't take this action again until the start of its next turn.",7,352006ea-b852-59c0-b79c-6dda624688c4,LEGENDARY,NULL,NULL,false,PER_ROUND,1,NULL,NULL
d661501d-d878-5a3a-b503-056ad9976c7b,2026-09-08T00:00:00,2026-09-08T00:00:00,0,Pounce,"The dragon moves up to half its Speed, and it makes one Rend attack.",8,352006ea-b852-59c0-b79c-6dda624688c4,LEGENDARY,NULL,NULL,false,AT_WILL,NULL,NULL,NULL
d0f7e66f-576d-56c0-b3fb-b9fba24b4538,2026-09-08T00:00:00,2026-09-08T00:00:00,0,Amphibious,The dragon can breathe air and water.,0,e02f30d6-9c3f-5ee7-9937-b2df7044344c,PASSIVE,NULL,NULL,false,AT_WILL,NULL,NULL,NULL
3d52a72d-204e-5cfd-b316-b799ba420d09,2026-09-08T00:00:00,2026-09-08T00:00:00,0,Legendary Resistance,"If the dragon fails a saving throw, it can choose to succeed instead.",1,e02f30d6-9c3f-5ee7-9937-b2df7044344c,PASSIVE,NULL,NULL,false,PER_DAY,4,NULL,NULL
70026771-fe8d-5f41-993e-2582fe0e7a9b,2026-09-08T00:00:00,2026-09-08T00:00:00,0,Multiattack,The dragon makes three Rend attacks. It can replace one attack with a use of Spellcasting to cast Mind Spike (level 5 version).,2,e02f30d6-9c3f-5ee7-9937-b2df7044344c,ACTION,NULL,NULL,false,AT_WILL,NULL,NULL,NULL
d72c1438-1077-5a64-86ee-05d878185fbc,2026-09-08T00:00:00,2026-09-08T00:00:00,0,Rend,"Melee Attack Roll: +15, reach 15 ft. Hit: 17 (2d8 + 8) Slashing damage plus 10 (3d6) Poison damage.",3,e02f30d6-9c3f-5ee7-9937-b2df7044344c,ACTION,NULL,NULL,false,AT_WILL,NULL,NULL,NULL
ec9804fc-563f-5642-b021-de1b2c2ff6fb,2026-09-08T00:00:00,2026-09-08T00:00:00,0,Poison Breath,"Constitution Saving Throw: DC 22, each creature in a 90-foot Cone. Failure: 77 (22d6) Poison damage. Success: Half damage.",4,e02f30d6-9c3f-5ee7-9937-b2df7044344c,ACTION,NULL,NULL,false,RECHARGE,1,5,6
a3464896-6123-5086-a152-f12ffa7528ee,2026-09-08T00:00:00,2026-09-08T00:00:00,0,Spellcasting,"The dragon casts one of the following spells, requiring no Material components and using Charisma as the spellcasting ability (spell save DC 21): At Will: Detect Magic, Mind Spike (level 5 version) 1/Day Each: Geas, Modify Memory",5,e02f30d6-9c3f-5ee7-9937-b2df7044344c,ACTION,NULL,NULL,false,AT_WILL,NULL,NULL,NULL
fc2547c5-ea4b-57a0-bb78-4494c23da3fd,2026-09-08T00:00:00,2026-09-08T00:00:00,0,Mind Invasion,The dragon uses Spellcasting to cast Mind Spike (level 5 version).,6,e02f30d6-9c3f-5ee7-9937-b2df7044344c,LEGENDARY,NULL,NULL,false,AT_WILL,NULL,NULL,NULL
8bf98f5d-88a7-54a3-8acf-0ba63bd05639,2026-09-08T00:00:00,2026-09-08T00:00:00,0,Noxious Miasma,"Constitution Saving Throw: DC 21, each creature in a 30-foot-radius Sphere centered on a point the dragon can see within 90 feet. Failure: 17 (5d6) Poison damage, and the target takes a -2 penalty to AC until the end of its next turn. Failure or Success: The dragon can't take this action again until the start of its next turn.",7,e02f30d6-9c3f-5ee7-9937-b2df7044344c,LEGENDARY,NULL,NULL,false,PER_ROUND,1,NULL,NULL
6a05b429-7815-5336-af2c-9743e600a151,2026-09-08T00:00:00,2026-09-08T00:00:00,0,Pounce,"The dragon moves up to half its Speed, and it makes one Rend attack.",8,e02f30d6-9c3f-5ee7-9937-b2df7044344c,LEGENDARY,NULL,NULL,false,AT_WILL,NULL,NULL,NULL
ec6228d4-5c9a-535a-99de-8bf972448c56,2026-09-08T00:00:00,2026-09-08T00:00:00,0,Amphibious,The hag can breathe air and water.,0,edb83e46-b4f5-56ed-8a8b-aebec29863c2,PASSIVE,NULL,NULL,false,AT_WILL,NULL,NULL,NULL
58e6a2e1-5734-5d6a-baa6-2a3484ecfd2a,2026-09-08T00:00:00,2026-09-08T00:00:00,0,Coven Magic,"While within 30 feet of at least two hag allies, the hag can cast one of the following spells, requiring no Material components, using the spell's normal casting time, and using Intelligence as the spellcasting ability (spell save DC 11): Augury, Find Familiar, Identify, Locate Object, Scrying, or Unseen Servant. The hag must finish a Long Rest before using this trait to cast that spell again.",1,edb83e46-b4f5-56ed-8a8b-aebec29863c2,PASSIVE,NULL,NULL,false,AT_WILL,NULL,NULL,NULL
1be88e66-92b1-52ee-be81-acb86b1a67b2,2026-09-08T00:00:00,2026-09-08T00:00:00,0,Mimicry,The hag can mimic animal sounds and humanoid voices. A creature that hears the sounds can tell they are imitations only with a successful DC 14 Wisdom (Insight) check.,2,edb83e46-b4f5-56ed-8a8b-aebec29863c2,PASSIVE,NULL,NULL,false,AT_WILL,NULL,NULL,NULL
c5a4592b-2046-517f-9609-610a3cd41134,2026-09-08T00:00:00,2026-09-08T00:00:00,0,Multiattack,The hag makes two Claw attacks.,3,edb83e46-b4f5-56ed-8a8b-aebec29863c2,ACTION,NULL,NULL,false,AT_WILL,NULL,NULL,NULL
cdb0ba6a-f318-5553-b5b2-52ea8b7c85b1,2026-09-08T00:00:00,2026-09-08T00:00:00,0,Claw,"Melee Attack Roll: +6, reach 5 ft. Hit: 8 (1d8 + 4) Slashing damage plus 3 (1d6) Poison damage.",4,edb83e46-b4f5-56ed-8a8b-aebec29863c2,ACTION,NULL,NULL,false,AT_WILL,NULL,NULL,NULL
3f688385-f09d-54aa-9f94-2e9dc6441115,2026-09-08T00:00:00,2026-09-08T00:00:00,0,Spellcasting,"The hag casts one of the following spells, requiring no Material components and using Wisdom as the spellcasting ability (spell save DC 12, +4 to hit with spell attacks): At Will: Dancing Lights, Disguise Self (24-hour duration), Invisibility (self only, and the hag leaves no tracks while Invisible), Minor Illusion, Ray of Sickness (level 3 version)",5,edb83e46-b4f5-56ed-8a8b-aebec29863c2,ACTION,NULL,NULL,false,AT_WILL,NULL,NULL,NULL
59fb46c8-ff3d-5d94-986d-287f00a638e8,2026-09-08T00:00:00,2026-09-08T00:00:00,0,Multiattack,The grick makes one Beak attack and one Tentacles attack.,0,3a7ab06f-a094-5767-b2d0-61f1dceed4c1,ACTION,NULL,NULL,false,AT_WILL,NULL,NULL,NULL
613aef97-7b44-59b3-92f2-9f39f291bf32,2026-09-08T00:00:00,2026-09-08T00:00:00,0,Beak,"Melee Attack Roll: +4, reach 5 ft. Hit: 9 (2d6 + 2) Piercing damage.",1,3a7ab06f-a094-5767-b2d0-61f1dceed4c1,ACTION,NULL,NULL,false,AT_WILL,NULL,NULL,NULL
65047707-516b-5976-be9d-cca52d507314,2026-09-08T00:00:00,2026-09-08T00:00:00,0,Tentacles,"Melee Attack Roll: +4, reach 5 ft. Hit: 7 (1d10 + 2) Slashing damage. If the target is a Medium or smaller creature, it has the Grappled condition (escape DC 12) from all four tentacles.",2,3a7ab06f-a094-5767-b2d0-61f1dceed4c1,ACTION,NULL,NULL,false,AT_WILL,NULL,NULL,NULL
79b48351-da6b-5046-aef2-1c6383fa2a5d,2026-09-08T00:00:00,2026-09-08T00:00:00,0,Multiattack,The griffon makes two Rend attacks.,0,549be1bb-de18-58a1-898c-0b112ef15332,ACTION,NULL,NULL,false,AT_WILL,NULL,NULL,NULL
c2963252-c346-54d2-867e-3e126010d0c1,2026-09-08T00:00:00,2026-09-08T00:00:00,0,Rend,"Melee Attack Roll: +6, reach 5 ft. Hit: 8 (1d8 + 4) Piercing damage. If the target is a Medium or smaller creature, it has the Grappled condition (escape DC 14) from both of the griffon's front claws.",1,549be1bb-de18-58a1-898c-0b112ef15332,ACTION,NULL,NULL,false,AT_WILL,NULL,NULL,NULL
bb5219ba-f12d-5c86-a026-c6a811d57ba7,2026-09-08T00:00:00,2026-09-08T00:00:00,0,Bone Cudgel,"Melee Attack Roll: +5, reach 5 ft. Hit: 6 (1d6 + 3) Bludgeoning damage plus 2 (1d4) Psychic damage.",0,da6bee9d-ded1-5cfa-8348-a21043f6adf9,ACTION,NULL,NULL,false,AT_WILL,NULL,NULL,NULL
3794c4d5-fed8-5bdc-b948-3ad5e807989b,2026-09-08T00:00:00,2026-09-08T00:00:00,0,Celestial Restoration,"If the naga dies, it returns to life in 1d6 days and regains all its Hit Points unless Dispel Evil and Good is cast on its remains.",0,5741bdc0-01af-5fdf-938b-d977ca6f514d,PASSIVE,NULL,NULL,false,AT_WILL,NULL,NULL,NULL
20a0712c-93ea-54a5-a2f2-dda4f4f9c77b,2026-09-08T00:00:00,2026-09-08T00:00:00,0,Multiattack,The naga makes two Bite attacks. It can replace any attack with a use of Poisonous Spittle.,1,5741bdc0-01af-5fdf-938b-d977ca6f514d,ACTION,NULL,NULL,false,AT_WILL,NULL,NULL,NULL
97eec6b3-1eff-5f35-8fdc-41742599eef0,2026-09-08T00:00:00,2026-09-08T00:00:00,0,Bite,"Melee Attack Roll: +8, reach 10 ft. Hit: 17 (2d12 + 4) Piercing damage plus 22 (4d10) Poison damage.",2,5741bdc0-01af-5fdf-938b-d977ca6f514d,ACTION,NULL,NULL,false,AT_WILL,NULL,NULL,NULL
255f27ad-7015-58a1-9ad1-9312b8f7700e,2026-09-08T00:00:00,2026-09-08T00:00:00,0,Poisonous Spittle,"Constitution Saving Throw: DC 16, one creature the naga can see within 60 feet. Failure: 31 (7d8) Poison damage, and the target has the Blinded condition until the start of the naga's next turn. Success: Half damage only.",3,5741bdc0-01af-5fdf-938b-d977ca6f514d,ACTION,NULL,NULL,false,AT_WILL,NULL,NULL,NULL
616994b1-d889-5caf-97b1-ded3c3a95ebd,2026-09-08T00:00:00,2026-09-08T00:00:00,0,Spellcasting,"The naga casts one of the following spells, requiring no Somatic or Material components and using Wisdom as the spellcasting ability (spell save DC 16): At Will: Thaumaturgy 1/Day Each: Clairvoyance, Cure Wounds (level 6 version), Flame Strike (level 6 version), Geas, True Seeing Guards",4,5741bdc0-01af-5fdf-938b-d977ca6f514d,ACTION,NULL,NULL,false,AT_WILL,NULL,NULL,NULL
9eb53d99-7fa5-5ce0-afbf-4146dff16419,2026-09-08T00:00:00,2026-09-08T00:00:00,0,Spear,"Melee or Ranged Attack Roll: +3, reach 5 ft. or range 20/60 ft. Hit: 4 (1d6 + 1) Piercing damage.",0,c442a044-2660-5ae1-bb76-7941919b88aa,ACTION,NULL,NULL,false,AT_WILL,NULL,NULL,NULL
2f88f3c8-0581-513c-a9ce-bf189651ee32,2026-09-08T00:00:00,2026-09-08T00:00:00,0,Multiattack,"The guard makes two attacks, using Javelin or Longsword in any combination.",0,33eb289c-e2fe-5c3c-ab3f-1d86c92f00e5,ACTION,NULL,NULL,false,AT_WILL,NULL,NULL,NULL
e91e599e-9430-5e13-89be-713e83eb1630,2026-09-08T00:00:00,2026-09-08T00:00:00,0,Javelin,"Melee or Ranged Attack Roll: +6, reach 5 ft. or range 30/120 ft. Hit: 14 (3d6 + 4) Piercing damage.",1,33eb289c-e2fe-5c3c-ab3f-1d86c92f00e5,ACTION,NULL,NULL,false,AT_WILL,NULL,NULL,NULL
f15bcf28-1489-5e3d-90c9-7195b99d1b7a,2026-09-08T00:00:00,2026-09-08T00:00:00,0,Longsword,"Melee Attack Roll: +6, reach 5 ft. Hit: 15 (2d10 + 4) Slashing damage.",2,33eb289c-e2fe-5c3c-ab3f-1d86c92f00e5,ACTION,NULL,NULL,false,AT_WILL,NULL,NULL,NULL
e907feeb-a44a-5130-803c-eba07b45e86e,2026-09-08T00:00:00,2026-09-08T00:00:00,0,Draconic Origin,"The half-dragon is related to a type of dragon associated with one of the following damage types (GM's choice): Acid, Cold, Fire, Lightning, or Poison. This choice affects other aspects of the stat block.",0,cab786f8-266c-5d51-87eb-518eb632d617,PASSIVE,NULL,NULL,false,AT_WILL,NULL,NULL,NULL
4cd261bd-f6e8-52d4-8542-702e5341b6cc,2026-09-08T00:00:00,2026-09-08T00:00:00,0,Multiattack,The half-dragon makes two Claw attacks.,1,cab786f8-266c-5d51-87eb-518eb632d617,ACTION,NULL,NULL,false,AT_WILL,NULL,NULL,NULL
65549ad3-4748-5cb5-bc7a-213e5bbed640,2026-09-08T00:00:00,2026-09-08T00:00:00,0,Claw,"Melee Attack Roll: +7, reach 10 ft. Hit: 6 (1d4 + 4) Slashing damage plus 7 (2d6) damage of the type chosen for the Draconic Origin trait.",2,cab786f8-266c-5d51-87eb-518eb632d617,ACTION,NULL,NULL,false,AT_WILL,NULL,NULL,NULL
397fc788-13ca-570b-8251-c1cb9b39b4d1,2026-09-08T00:00:00,2026-09-08T00:00:00,0,Dragon's Breath,"Dexterity Saving Throw: DC 14, each creature in a 30-foot Cone. Failure: 28 (8d6) damage of the type chosen for the Draconic Origin trait. Success: Half damage.",3,cab786f8-266c-5d51-87eb-518eb632d617,ACTION,NULL,NULL,false,RECHARGE,1,5,6
b9f4a50f-2ff8-551e-8189-3aba19adabc0,2026-09-08T00:00:00,2026-09-08T00:00:00,0,Leap,The half-dragon jumps up to 30 feet by spending 10 feet of movement.,4,cab786f8-266c-5d51-87eb-518eb632d617,BONUS_ACTION,NULL,NULL,false,AT_WILL,NULL,NULL,NULL
c7cdcfd4-e08d-5e88-b893-317f3b685a73,2026-09-08T00:00:00,2026-09-08T00:00:00,0,Claw,"Melee Attack Roll: +3, reach 5 ft. Hit: 6 (2d4 + 1) Slashing damage.",0,a699a7c7-0c6e-5b4e-8b02-cb0af0975ef1,ACTION,NULL,NULL,false,AT_WILL,NULL,NULL,NULL
dfe1ee89-ec5f-54f0-a18a-5c0ed43a0fe9,2026-09-08T00:00:00,2026-09-08T00:00:00,0,Luring Song,"The harpy sings a magical melody, which lasts until the harpy's Concentration ends on it. Wisdom Saving Throw: DC 11, each Humanoid and Giant in a 300-foot Emanation originating from the harpy when the song starts. Failure: The target has the Charmed condition until the song ends and repeats the save at the end of each of its turns. While Charmed, the target has the Incapacitated condition and ignores the Luring Song of other harpies. If the target is more than 5 feet from the harpy, the target moves on its turn toward the harpy by the most direct route, trying to get within 5 feet of the harpy. It doesn't avoid Opportunity Attacks; however, before moving into damaging terrain (such as lava or a pit) and whenever it takes damage from a source other than the harpy, the target repeats the save. Success: The target is immune to this harpy's Luring Song for 24 hours.",1,a699a7c7-0c6e-5b4e-8b02-cb0af0975ef1,ACTION,NULL,NULL,false,AT_WILL,NULL,NULL,NULL
b3c3aff8-d69f-5893-84a2-a809ddc22af8,2026-09-08T00:00:00,2026-09-08T00:00:00,0,Pack Tactics,The hound has Advantage on an attack roll against a creature if at least one of the hound's allies is within 5 feet of the creature and the ally doesn't have the Incapacitated condition.,0,0ec3a98e-0d40-5fba-933c-a05c59487953,PASSIVE,NULL,NULL,false,AT_WILL,NULL,NULL,NULL
812e3306-1e38-55e1-9874-fd36e5887891,2026-09-08T00:00:00,2026-09-08T00:00:00,0,Multiattack,The hound makes two Bite attacks.,1,0ec3a98e-0d40-5fba-933c-a05c59487953,ACTION,NULL,NULL,false,AT_WILL,NULL,NULL,NULL
ae84950e-993d-5192-92ff-d313d53b8fc9,2026-09-08T00:00:00,2026-09-08T00:00:00,0,Bite,"Melee Attack Roll: +5, reach 5 ft. Hit: 7 (1d8 + 3) Piercing damage plus 3 (1d6) Fire damage.",2,0ec3a98e-0d40-5fba-933c-a05c59487953,ACTION,NULL,NULL,false,AT_WILL,NULL,NULL,NULL
9dd2d38a-943f-5dd6-8b29-3986d14464f4,2026-09-08T00:00:00,2026-09-08T00:00:00,0,Fire Breath,"Dexterity Saving Throw: DC 12, each creature in a 15-foot Cone. Failure: 17 (5d6) Fire damage. Success: Half damage.",3,0ec3a98e-0d40-5fba-933c-a05c59487953,ACTION,NULL,NULL,false,RECHARGE,1,5,6
eaa3a6ad-6ea6-5101-b4c5-4bd13dca8e03,2026-09-08T00:00:00,2026-09-08T00:00:00,0,Demonic Restoration,"If the hezrou dies outside the Abyss, its body dissolves into ichor, and it gains a new body instantly, reviving with all its Hit Points somewhere in the Abyss.",0,f0daad33-3bad-5c96-9515-fbe749874b41,PASSIVE,NULL,NULL,false,AT_WILL,NULL,NULL,NULL
a4e6a55c-2072-5d08-ad4c-877615568ed9,2026-09-08T00:00:00,2026-09-08T00:00:00,0,Magic Resistance,The hezrou has Advantage on saving throws against spells and other magical effects.,1,f0daad33-3bad-5c96-9515-fbe749874b41,PASSIVE,NULL,NULL,false,AT_WILL,NULL,NULL,NULL
a937edf7-957f-5db4-88aa-afdd35039e7e,2026-09-08T00:00:00,2026-09-08T00:00:00,0,Stench,"Constitution Saving Throw: DC 16, any creature that starts its turn in a 10-foot Emanation originating from the hezrou. Failure: The target has the Poisoned condition until the start of its next turn.",2,f0daad33-3bad-5c96-9515-fbe749874b41,PASSIVE,NULL,NULL,false,AT_WILL,NULL,NULL,NULL
f4889d65-d1d0-543a-aa36-173f959316b1,2026-09-08T00:00:00,2026-09-08T00:00:00,0,Multiattack,The hezrou makes three Rend attacks.,3,f0daad33-3bad-5c96-9515-fbe749874b41,ACTION,NULL,NULL,false,AT_WILL,NULL,NULL,NULL
b1d859a8-7eb7-587b-9bad-d81c3085eff4,2026-09-08T00:00:00,2026-09-08T00:00:00,0,Rend,"Melee Attack Roll: +7, reach 5 ft. Hit: 6 (1d4 + 4) Slashing damage plus 9 (2d8) Poison damage.",4,f0daad33-3bad-5c96-9515-fbe749874b41,ACTION,NULL,NULL,false,AT_WILL,NULL,NULL,NULL
67a05e63-8bbe-5e45-a87c-fc1a8cc91d0f,2026-09-08T00:00:00,2026-09-08T00:00:00,0,Leap,The hezrou jumps up to 30 feet by spending 10 feet of movement.,5,f0daad33-3bad-5c96-9515-fbe749874b41,BONUS_ACTION,NULL,NULL,false,AT_WILL,NULL,NULL,NULL
35471d1c-a2fa-523b-b66d-f9e74e2cd3dd,2026-09-08T00:00:00,2026-09-08T00:00:00,0,Multiattack,"The giant makes two attacks, using Tree Club or Trash Lob in any combination.",0,0c5b8963-efc7-5c4c-9622-da0d0ea3607a,ACTION,NULL,NULL,false,AT_WILL,NULL,NULL,NULL
84af3b72-4c15-5158-b7a5-93249b0891b5,2026-09-08T00:00:00,2026-09-08T00:00:00,0,Tree Club,"Melee Attack Roll: +8, reach 10 ft. Hit: 18 (3d8 + 5) Bludgeoning damage. If the target is a Large or smaller creature, it has the Prone condition.",1,0c5b8963-efc7-5c4c-9622-da0d0ea3607a,ACTION,NULL,NULL,false,AT_WILL,NULL,NULL,NULL
443a52ac-1ad0-5c55-b3fc-e76e95a2ead1,2026-09-08T00:00:00,2026-09-08T00:00:00,0,Trash Lob,"Ranged Attack Roll: +8, range 60/240 ft. Hit: 16 (2d10 + 5) Bludgeoning damage, and the target has the Poisoned condition until the end of its next turn.",2,0c5b8963-efc7-5c4c-9622-da0d0ea3607a,ACTION,NULL,NULL,false,AT_WILL,NULL,NULL,NULL
e04577c8-5c63-5b38-9d6a-e6e4fe7958b1,2026-09-08T00:00:00,2026-09-08T00:00:00,0,Flyby,The hippogriff doesn't provoke an Opportunity Attack when it flies out of an enemy's reach.,0,fc25baba-85df-506b-959e-dbc35112a9bb,PASSIVE,NULL,NULL,false,AT_WILL,NULL,NULL,NULL
8e230995-4888-57f4-83db-644f4ae9a487,2026-09-08T00:00:00,2026-09-08T00:00:00,0,Multiattack,The hippogriff makes two Rend attacks.,1,fc25baba-85df-506b-959e-dbc35112a9bb,ACTION,NULL,NULL,false,AT_WILL,NULL,NULL,NULL
118d91c5-7d69-55ad-a776-dbf8cd475cb6,2026-09-08T00:00:00,2026-09-08T00:00:00,0,Rend,"Melee Attack Roll: +5, reach 5 ft. Hit: 7 (1d8 + 3) Slashing damage. Hobgoblins",2,fc25baba-85df-506b-959e-dbc35112a9bb,ACTION,NULL,NULL,false,AT_WILL,NULL,NULL,NULL
f3d956e1-8641-5736-9cfb-3f891d4f35d2,2026-09-08T00:00:00,2026-09-08T00:00:00,0,Pack Tactics,The hobgoblin has Advantage on an attack roll against a creature if at least one of the hobgoblin's allies is within 5 feet of the creature and the ally doesn't have the Incapacitated condition.,0,45d59fb4-87ea-5101-88e4-8749239b5fc1,PASSIVE,NULL,NULL,false,AT_WILL,NULL,NULL,NULL
02a7533e-d6a4-5390-8eb5-164c266d4a3b,2026-09-08T00:00:00,2026-09-08T00:00:00,0,Longsword,"Melee Attack Roll: +3, reach 5 ft. Hit: 12 (2d10 + 1) Slashing damage.",1,45d59fb4-87ea-5101-88e4-8749239b5fc1,ACTION,NULL,NULL,false,AT_WILL,NULL,NULL,NULL
b42d290b-f49f-52b3-bb9e-3258bf7a7a1e,2026-09-08T00:00:00,2026-09-08T00:00:00,0,Longbow,"Ranged Attack Roll: +3, range 150/600 ft. Hit: 5 (1d8 + 1) Piercing damage plus 7 (3d4) Poison damage.",2,45d59fb4-87ea-5101-88e4-8749239b5fc1,ACTION,NULL,NULL,false,AT_WILL,NULL,NULL,NULL
4ef75f52-86be-59b0-b694-2c95a7987f9e,2026-09-08T00:00:00,2026-09-08T00:00:00,0,Aura of Authority,"While in a 10-foot Emanation originating from the hobgoblin, the hobgoblin and its allies have Advantage on attack rolls and saving throws, provided the hobgoblin doesn't have the Incapacitated condition.",0,bdbf6f10-fb16-5ce7-99cd-f74fdec699f3,PASSIVE,NULL,NULL,false,AT_WILL,NULL,NULL,NULL
7a47c429-a7a6-5c77-960a-50729a4ab681,2026-09-08T00:00:00,2026-09-08T00:00:00,0,Multiattack,"The hobgoblin makes two attacks, using Greatsword or Longbow in any combination.",1,bdbf6f10-fb16-5ce7-99cd-f74fdec699f3,ACTION,NULL,NULL,false,AT_WILL,NULL,NULL,NULL
df88ef98-57ce-58e0-952d-4d4afe2c5fff,2026-09-08T00:00:00,2026-09-08T00:00:00,0,Greatsword,"Melee Attack Roll: +4, reach 5 ft. Hit: 9 (2d6 + 2) Slashing damage plus 3 (1d6) Poison damage.",2,bdbf6f10-fb16-5ce7-99cd-f74fdec699f3,ACTION,NULL,NULL,false,AT_WILL,NULL,NULL,NULL
aadc68e4-7b98-521d-85ad-156d2c1c7965,2026-09-08T00:00:00,2026-09-08T00:00:00,0,Longbow,"Ranged Attack Roll: +4, range 150/600 ft. Hit: 6 (1d8 + 2) Piercing damage plus 5 (2d4) Poison damage.",3,bdbf6f10-fb16-5ce7-99cd-f74fdec699f3,ACTION,NULL,NULL,false,AT_WILL,NULL,NULL,NULL
2cc02a43-226e-5294-bdc9-e76c7aae9bde,2026-09-08T00:00:00,2026-09-08T00:00:00,0,Telepathic Bond,"While the homunculus is on the same plane of existence as its master, the two of them can communicate telepathically with each other.",0,9f10001a-1443-5480-9792-f59d6ab56cc8,PASSIVE,NULL,NULL,false,AT_WILL,NULL,NULL,NULL
b84018e7-29d0-59cd-958d-96c889c25ad8,2026-09-08T00:00:00,2026-09-08T00:00:00,0,Bite,"Melee Attack Roll: +4, reach 5 ft. Hit: 1 Piercing damage, and the target is subjected to the following effect. Constitution Saving Throw: DC 12. Failure: The target has the Poisoned condition until the end of the homunculus's next turn. Failure by 5 or More: The target has the Poisoned condition for 1 minute. While Poisoned, the target has the Unconscious condition, which ends early if the target takes any damage.",1,9f10001a-1443-5480-9792-f59d6ab56cc8,ACTION,NULL,NULL,false,AT_WILL,NULL,NULL,NULL
98c65b61-01c2-5e5b-b150-4560725a1def,2026-09-08T00:00:00,2026-09-08T00:00:00,0,Diabolical Restoration,"If the devil dies outside the Nine Hells, its body disappears in sulfurous smoke, and it gains a new body instantly, reviving with all its Hit Points somewhere in the Nine Hells.",0,7e11286d-f7aa-5d3b-9ad1-2da41f2f5c14,PASSIVE,NULL,NULL,false,AT_WILL,NULL,NULL,NULL
640887c6-6932-5bcb-b181-2c96aec2d5a5,2026-09-08T00:00:00,2026-09-08T00:00:00,0,Magic Resistance,The devil has Advantage on saving throws against spells and other magical effects.,1,7e11286d-f7aa-5d3b-9ad1-2da41f2f5c14,PASSIVE,NULL,NULL,false,AT_WILL,NULL,NULL,NULL
e1a837c2-9411-5c84-ab19-11976793c672,2026-09-08T00:00:00,2026-09-08T00:00:00,0,Multiattack,"The devil makes three attacks, using Searing Fork or Hurl Flame in any combination. It can replace one attack with a use of Infernal Tail.",2,7e11286d-f7aa-5d3b-9ad1-2da41f2f5c14,ACTION,NULL,NULL,false,AT_WILL,NULL,NULL,NULL
5ff39668-9e4f-5c32-a9a4-9370f18c1612,2026-09-08T00:00:00,2026-09-08T00:00:00,0,Searing Fork,"Melee Attack Roll: +10, reach 10 ft. Hit: 15 (2d8 + 6) Piercing damage plus 9 (2d8) Fire damage.",3,7e11286d-f7aa-5d3b-9ad1-2da41f2f5c14,ACTION,NULL,NULL,false,AT_WILL,NULL,NULL,NULL
c95056cf-4b4d-5a21-a913-672fec898a78,2026-09-08T00:00:00,2026-09-08T00:00:00,0,Hurl Flame,"Ranged Attack Roll: +8, range 150 ft. Hit: 26 (5d8 + 4) Fire damage. If the target is a flammable object that isn't being worn or carried, it starts burning.",4,7e11286d-f7aa-5d3b-9ad1-2da41f2f5c14,ACTION,NULL,NULL,false,AT_WILL,NULL,NULL,NULL
d9e96c2a-60f9-58f5-93f0-f4c8aa696c75,2026-09-08T00:00:00,2026-09-08T00:00:00,0,Infernal Tail,"Dexterity Saving Throw: DC 17, one creature the devil can see within 10 feet. Failure: 10 (1d8 + 6) Necrotic damage, and the target receives an infernal wound if it doesn't have one. While wounded, the target loses 10 (3d6) Hit Points at the start of each of its turns. The wound closes after 1 minute, after a spell restores Hit Points to the target, or after the target or a creature within 5 feet of it takes an action to stanch the wound, doing so by succeeding on a DC 17 Wisdom (Medicine) check.",5,7e11286d-f7aa-5d3b-9ad1-2da41f2f5c14,ACTION,NULL,NULL,false,AT_WILL,NULL,NULL,NULL
e24532ab-f37e-51a6-a123-211104970111,2026-09-08T00:00:00,2026-09-08T00:00:00,0,Hold Breath,The hydra can hold its breath for 1 hour.,0,6663817c-edf8-552e-8ede-f0d77e4d658a,PASSIVE,NULL,NULL,false,AT_WILL,NULL,NULL,NULL
beffd088-2710-5ab5-a029-641e85b74c0c,2026-09-08T00:00:00,2026-09-08T00:00:00,0,Multiple Heads,"The hydra has five heads. Whenever the hydra takes 25 damage or more on a single turn, one of its heads dies. The hydra dies if all its heads are dead. At the end of each of its turns when it has at least one living head, the hydra grows two heads for each of its heads that died since its last turn, unless it has taken Fire damage since its last turn. The hydra regains 20 Hit Points when it grows new heads.",1,6663817c-edf8-552e-8ede-f0d77e4d658a,PASSIVE,NULL,NULL,false,AT_WILL,NULL,NULL,NULL
7adccedc-86dd-58ba-a02f-3b17942e0e41,2026-09-08T00:00:00,2026-09-08T00:00:00,0,Reactive Heads,"For each head the hydra has beyond one, it gets an extra Reaction that can be used only for Opportunity Attacks.",2,6663817c-edf8-552e-8ede-f0d77e4d658a,PASSIVE,NULL,NULL,false,AT_WILL,NULL,NULL,NULL
b913ad65-b4ed-5763-89b1-d1e1579795e3,2026-09-08T00:00:00,2026-09-08T00:00:00,0,Multiattack,The hydra makes as many Bite attacks as it has heads.,3,6663817c-edf8-552e-8ede-f0d77e4d658a,ACTION,NULL,NULL,false,AT_WILL,NULL,NULL,NULL
80789ada-4ffc-5f78-8fff-2569f8d47052,2026-09-08T00:00:00,2026-09-08T00:00:00,0,Bite,"Melee Attack Roll: +8, reach 10 ft. Hit: 10 (1d10 + 5) Piercing damage.",4,6663817c-edf8-552e-8ede-f0d77e4d658a,ACTION,NULL,NULL,false,AT_WILL,NULL,NULL,NULL
95399095-04e0-5966-a457-6ecb8b798ecd,2026-09-08T00:00:00,2026-09-08T00:00:00,0,Diabolical Restoration,"If the devil dies outside the Nine Hells, its body disappears in sulfurous smoke, and it gains a new body instantly, reviving with all its Hit Points somewhere in the Nine Hells.",0,639dc600-5a69-58a8-ba9a-f9a49f36ae95,PASSIVE,NULL,NULL,false,AT_WILL,NULL,NULL,NULL
ee27e53f-cd97-5c23-8ae2-d4d16a96e357,2026-09-08T00:00:00,2026-09-08T00:00:00,0,Magic Resistance,The devil has Advantage on saving throws against spells and other magical effects.,1,639dc600-5a69-58a8-ba9a-f9a49f36ae95,PASSIVE,NULL,NULL,false,AT_WILL,NULL,NULL,NULL
c434e214-f502-5183-ad58-40f65cce7fcb,2026-09-08T00:00:00,2026-09-08T00:00:00,0,Multiattack,The devil makes three Ice Spear attacks. It can replace one attack with a Tail attack.,2,639dc600-5a69-58a8-ba9a-f9a49f36ae95,ACTION,NULL,NULL,false,AT_WILL,NULL,NULL,NULL
821decf5-b105-5794-8c9d-23bcf9bdf2c2,2026-09-08T00:00:00,2026-09-08T00:00:00,0,Ice Spear,"Melee or Ranged Attack Roll: +10, reach 5 ft. or range 30/120 ft. Hit: 14 (2d8 + 5) Piercing damage plus 10 (3d6) Cold damage. Until the end of its next turn, the target can't take a Bonus Action or Reaction, its Speed decreases by 10 feet, and it can move or take one action on its turn, not both. Hit or Miss: The spear magically returns to the devil's hand immediately after a ranged attack.",3,639dc600-5a69-58a8-ba9a-f9a49f36ae95,ACTION,NULL,NULL,false,AT_WILL,NULL,NULL,NULL
f95f1457-0fd6-5603-872c-5cbc6a067315,2026-09-08T00:00:00,2026-09-08T00:00:00,0,Tail,"Melee Attack Roll: +10, reach 10 ft. Hit: 15 (3d6 + 5) Bludgeoning damage plus 18 (4d8) Cold damage.",4,639dc600-5a69-58a8-ba9a-f9a49f36ae95,ACTION,NULL,NULL,false,AT_WILL,NULL,NULL,NULL
9259582f-d549-5bd3-85c4-42baa5c7d082,2026-09-08T00:00:00,2026-09-08T00:00:00,0,Ice Wall,"The devil casts Wall of Ice (level 8 version), requiring no spell components and using Intelligence as the spellcasting ability (spell save DC 17).",5,639dc600-5a69-58a8-ba9a-f9a49f36ae95,ACTION,NULL,NULL,false,RECHARGE,1,6,6
24006793-6c2a-5359-9728-cefe49b49110,2026-09-08T00:00:00,2026-09-08T00:00:00,0,Magic Resistance,The imp has Advantage on saving throws against spells and other magical effects.,0,eac7706e-b667-5ac5-ae31-b3bf3e5c9bac,PASSIVE,NULL,NULL,false,AT_WILL,NULL,NULL,NULL
f0963282-73ba-5922-8dee-8bbf1eca1b7c,2026-09-08T00:00:00,2026-09-08T00:00:00,0,Sting,"Melee Attack Roll: +5, reach 5 ft. Hit: 6 (1d6 + 3) Piercing damage plus 7 (2d6) Poison damage.",1,eac7706e-b667-5ac5-ae31-b3bf3e5c9bac,ACTION,NULL,NULL,false,AT_WILL,NULL,NULL,NULL
457aa932-0b2d-51d6-91c5-b93e65ba91c5,2026-09-08T00:00:00,2026-09-08T00:00:00,0,Invisibility,"The imp casts Invisibility on itself, requiring no spell components and using Charisma as the spellcasting ability.",2,eac7706e-b667-5ac5-ae31-b3bf3e5c9bac,ACTION,NULL,NULL,false,AT_WILL,NULL,NULL,NULL
eb24f453-8fe3-5cea-b337-cb4287661395,2026-09-08T00:00:00,2026-09-08T00:00:00,0,Shape-Shift,"The imp shape-shifts to resemble a rat (Speed 20 ft.), a raven (20 ft., Fly 60 ft.), or a spider (20 ft., Climb 20 ft.), or it returns to its true form. Its game statistics are the same in each form, except for its Speed. Any equipment it is wearing or carrying isn't transformed.",3,eac7706e-b667-5ac5-ae31-b3bf3e5c9bac,ACTION,NULL,NULL,false,AT_WILL,NULL,NULL,NULL
7c4b0828-3aed-52d6-a960-0e1b2a80e2e3,2026-09-08T00:00:00,2026-09-08T00:00:00,0,Succubus Form,"When the incubus finishes a Long Rest, it can shape-shift into a Succubus, using that stat block instead of this one. Any equipment it is wearing or carrying isn't transformed.",0,3367bac2-faa5-5174-9acd-237dd9d9fbbf,PASSIVE,NULL,NULL,false,AT_WILL,NULL,NULL,NULL
dbcdfa70-4859-5627-90a5-e673da1d4616,2026-09-08T00:00:00,2026-09-08T00:00:00,0,Multiattack,The incubus makes two Restless Touch attacks.,1,3367bac2-faa5-5174-9acd-237dd9d9fbbf,ACTION,NULL,NULL,false,AT_WILL,NULL,NULL,NULL
a5577dc9-b442-5c18-a685-a6dfcda15b80,2026-09-08T00:00:00,2026-09-08T00:00:00,0,Restless Touch,"Melee Attack Roll: +7, reach 5 ft. Hit: 15 (3d6 + 5) Psychic damage, and the target is cursed for 24 hours or until the incubus dies. Until the curse ends, the target gains no benefit from finishing Short Rests.",2,3367bac2-faa5-5174-9acd-237dd9d9fbbf,ACTION,NULL,NULL,false,AT_WILL,NULL,NULL,NULL
022b1073-1bad-5c66-bc3f-5dba15afa6cb,2026-09-08T00:00:00,2026-09-08T00:00:00,0,Spellcasting,"The incubus casts one of the following spells, requiring no Material components and using Charisma as the spellcasting ability (spell save DC 15): At Will: Disguise Self, Etherealness 1/Day Each: Dream, Hypnotic Pattern",3,3367bac2-faa5-5174-9acd-237dd9d9fbbf,ACTION,NULL,NULL,false,AT_WILL,NULL,NULL,NULL
de8180e7-e476-5f6f-9551-7cfa07e63d67,2026-09-08T00:00:00,2026-09-08T00:00:00,0,Nightmare,"Wisdom Saving Throw: DC 15, one creature the incubus can see within 60 feet. Failure: If the target has 20 Hit Points or fewer, it has the Unconscious condition for 1 hour, until it takes damage, or until a creature within 5 feet of it takes an action to wake it. Otherwise, the target takes 18 (4d8) Psychic damage.",4,3367bac2-faa5-5174-9acd-237dd9d9fbbf,BONUS_ACTION,NULL,NULL,false,RECHARGE,1,6,6
030f287f-0464-5639-8fbf-754b7564c573,2026-09-08T00:00:00,2026-09-08T00:00:00,0,Air Form,The stalker can enter an enemy's space and stop there. It can move through a space as narrow as 1 inch without expending extra movement to do so.,0,baafa8c2-3531-5793-a8d3-2c02e302903a,PASSIVE,NULL,NULL,false,AT_WILL,NULL,NULL,NULL
b38b8b96-1a04-5431-8c31-117a4e671fa8,2026-09-08T00:00:00,2026-09-08T00:00:00,0,Invisibility,The stalker has the Invisible condition.,1,baafa8c2-3531-5793-a8d3-2c02e302903a,PASSIVE,NULL,NULL,false,AT_WILL,NULL,NULL,NULL
f63329c2-edc3-50b5-b4e5-db4a81872a66,2026-09-08T00:00:00,2026-09-08T00:00:00,0,Multiattack,The stalker makes three Wind Swipe attacks. It can replace one attack with a use of Vortex.,2,baafa8c2-3531-5793-a8d3-2c02e302903a,ACTION,NULL,NULL,false,AT_WILL,NULL,NULL,NULL
94de8fa2-6de9-5f33-aa45-8677adf9eb40,2026-09-08T00:00:00,2026-09-08T00:00:00,0,Wind Swipe,"Melee Attack Roll: +7, reach 5 ft. Hit: 11 (2d6 + 4) Force damage.",3,baafa8c2-3531-5793-a8d3-2c02e302903a,ACTION,NULL,NULL,false,AT_WILL,NULL,NULL,NULL
cd0a67e9-cdc6-5669-be91-4bb2c0fa9e63,2026-09-08T00:00:00,2026-09-08T00:00:00,0,Vortex,"Constitution Saving Throw: DC 14, one Large or smaller creature in the stalker's space. Failure: 7 (1d8 + 3) Thunder damage, and the target has the Grappled condition (escape DC 13). Until the grapple ends, the target can't cast spells with a Verbal component and takes 7 (2d6) Thunder damage at the start of each of the stalker's turns.",4,baafa8c2-3531-5793-a8d3-2c02e302903a,ACTION,NULL,NULL,false,AT_WILL,NULL,NULL,NULL
f52d49df-ef39-5b74-be17-905101a928e3,2026-09-08T00:00:00,2026-09-08T00:00:00,0,Fire Absorption,"Whenever the golem is subjected to Fire damage, it regains a number of Hit Points equal to the Fire damage dealt.",0,6353a56e-4d51-5e4e-9815-7a47498e7ad7,PASSIVE,NULL,NULL,false,AT_WILL,NULL,NULL,NULL
50b5c4ed-8e07-571d-a2c2-e522d15a610e,2026-09-08T00:00:00,2026-09-08T00:00:00,0,Immutable Form,The golem can't shape-shift.,1,6353a56e-4d51-5e4e-9815-7a47498e7ad7,PASSIVE,NULL,NULL,false,AT_WILL,NULL,NULL,NULL
d93b04d3-589d-529e-98b8-2acba1c07922,2026-09-08T00:00:00,2026-09-08T00:00:00,0,Magic Resistance,The golem has Advantage on saving throws against spells and other magical effects.,2,6353a56e-4d51-5e4e-9815-7a47498e7ad7,PASSIVE,NULL,NULL,false,AT_WILL,NULL,NULL,NULL
bd90ce3d-a4b3-560a-ad83-f4c1148639ff,2026-09-08T00:00:00,2026-09-08T00:00:00,0,Multiattack,"The golem makes two attacks, using Bladed Arm or Fiery Bolt in any combination.",3,6353a56e-4d51-5e4e-9815-7a47498e7ad7,ACTION,NULL,NULL,false,AT_WILL,NULL,NULL,NULL
977025c1-f016-5489-98f1-7d68aebc90ea,2026-09-08T00:00:00,2026-09-08T00:00:00,0,Bladed Arm,"Melee Attack Roll: +12, reach 10 ft. Hit: 20 (3d8 + 7) Slashing damage plus 10 (3d6) Fire damage.",4,6353a56e-4d51-5e4e-9815-7a47498e7ad7,ACTION,NULL,NULL,false,AT_WILL,NULL,NULL,NULL
81179e90-e801-5319-adc8-46af786dd3a2,2026-09-08T00:00:00,2026-09-08T00:00:00,0,Fiery Bolt,"Ranged Attack Roll: +10, range 120 ft. Hit: 36 (8d8) Fire damage.",5,6353a56e-4d51-5e4e-9815-7a47498e7ad7,ACTION,NULL,NULL,false,AT_WILL,NULL,NULL,NULL
d8dcf373-bf1a-5b74-8eed-7c301de1c428,2026-09-08T00:00:00,2026-09-08T00:00:00,0,Poison Breath,"Constitution Saving Throw: DC 18, each creature in a 60-foot Cone. Failure: 55 (10d10) Poison damage. Success: Half damage.",6,6353a56e-4d51-5e4e-9815-7a47498e7ad7,ACTION,NULL,NULL,false,RECHARGE,1,6,6
3c6706c3-053b-5f21-bdb6-c7bc5e35c02c,2026-09-08T00:00:00,2026-09-08T00:00:00,0,Multiattack,"The knight makes two attacks, using Greatsword or Heavy Crossbow in any combination.",0,4e972e38-7089-56be-b409-0cba74ef0537,ACTION,NULL,NULL,false,AT_WILL,NULL,NULL,NULL
879f6aee-ea65-59d2-87f0-eef61c97ba4e,2026-09-08T00:00:00,2026-09-08T00:00:00,0,Greatsword,"Melee Attack Roll: +5, reach 5 ft. Hit: 10 (2d6 + 3) Slashing damage plus 4 (1d8) Radiant damage.",1,4e972e38-7089-56be-b409-0cba74ef0537,ACTION,NULL,NULL,false,AT_WILL,NULL,NULL,NULL
2ba7993b-da24-516e-bcf5-1e9079b77c8c,2026-09-08T00:00:00,2026-09-08T00:00:00,0,Heavy Crossbow,"Ranged Attack Roll: +2, range 100/400 ft. Hit: 11 (2d10) Piercing damage plus 4 (1d8) Radiant damage.",2,4e972e38-7089-56be-b409-0cba74ef0537,ACTION,NULL,NULL,false,AT_WILL,NULL,NULL,NULL
2299af3d-aecb-5673-801b-eb6a19b90b03,2026-09-08T00:00:00,2026-09-08T00:00:00,0,Parry,"Trigger: The knight is hit by a melee attack roll while holding a weapon. Response: The knight adds 2 to its AC against that attack, possibly causing it to miss. Kobold",3,4e972e38-7089-56be-b409-0cba74ef0537,REACTION,NULL,The knight is hit by a melee attack roll while holding a weapon.,false,AT_WILL,NULL,NULL,NULL
9c912080-de24-5295-b58a-6e4e8261e2a9,2026-09-08T00:00:00,2026-09-08T00:00:00,0,Pack Tactics,The kobold has Advantage on an attack roll against a creature if at least one of the kobold's allies is within 5 feet of the creature and the ally doesn't have the Incapacitated condition.,0,e5e42c51-2f6c-5283-ab41-83068f4a3436,PASSIVE,NULL,NULL,false,AT_WILL,NULL,NULL,NULL
f6bcb42b-cc3d-5c37-aef0-7da0b3670d42,2026-09-08T00:00:00,2026-09-08T00:00:00,0,Sunlight Sensitivity,"While in sunlight, the kobold has Disadvantage on ability checks and attack rolls.",1,e5e42c51-2f6c-5283-ab41-83068f4a3436,PASSIVE,NULL,NULL,false,AT_WILL,NULL,NULL,NULL
482048fb-aa68-5e66-9ae9-1e89e9af6725,2026-09-08T00:00:00,2026-09-08T00:00:00,0,Dagger,"Melee or Ranged Attack Roll: +4, reach 5 ft. or range 20/60 ft. Hit: 4 (1d4 + 2) Piercing damage.",2,e5e42c51-2f6c-5283-ab41-83068f4a3436,ACTION,NULL,NULL,false,AT_WILL,NULL,NULL,NULL
ab6ed9ab-6c03-5050-bfab-623ff5a699f3,2026-09-08T00:00:00,2026-09-08T00:00:00,0,Amphibious,The kraken can breathe air and water.,0,cfcdd6a4-3b89-53a6-9557-d06ca21a1946,PASSIVE,NULL,NULL,false,AT_WILL,NULL,NULL,NULL
f76d5e89-0f97-51be-9b97-48c574d377ad,2026-09-08T00:00:00,2026-09-08T00:00:00,0,Legendary Resistance,"If the kraken fails a saving throw, it can choose to succeed instead.",1,cfcdd6a4-3b89-53a6-9557-d06ca21a1946,PASSIVE,NULL,NULL,false,PER_DAY,4,NULL,NULL
43d2d959-3b6e-55a6-acef-d47aeb829026,2026-09-08T00:00:00,2026-09-08T00:00:00,0,Siege Monster,The kraken deals double damage to objects and structures.,2,cfcdd6a4-3b89-53a6-9557-d06ca21a1946,PASSIVE,NULL,NULL,false,AT_WILL,NULL,NULL,NULL
cc35c4f4-e37c-5f4e-b7c3-ebacc7ef15f2,2026-09-08T00:00:00,2026-09-08T00:00:00,0,Multiattack,"The kraken makes two Tentacle attacks and uses Fling, Lightning Strike, or Swallow.",3,cfcdd6a4-3b89-53a6-9557-d06ca21a1946,ACTION,NULL,NULL,false,AT_WILL,NULL,NULL,NULL
700e79ff-c555-50ce-8549-5012aa238bf7,2026-09-08T00:00:00,2026-09-08T00:00:00,0,Tentacle,"Melee Attack Roll: +17, reach 30 ft. Hit: 24 (4d6 + 10) Bludgeoning damage. The target has the Grappled condition (escape DC 20) from one of ten tentacles, and it has the Restrained condition until the grapple ends.",4,cfcdd6a4-3b89-53a6-9557-d06ca21a1946,ACTION,NULL,NULL,false,AT_WILL,NULL,NULL,NULL
617d38a1-f4da-58ec-942c-702a72005e6a,2026-09-08T00:00:00,2026-09-08T00:00:00,0,Fling,"The kraken throws a Large or smaller creature Grappled by it to a space it can see within 60 feet of itself that isn't in the air. Dexterity Saving Throw: DC 25, the creature thrown and each creature in the destination space. Failure: 18 (4d8) Bludgeoning damage, and the target has the Prone condition. Success: Half damage only.",5,cfcdd6a4-3b89-53a6-9557-d06ca21a1946,ACTION,NULL,NULL,false,AT_WILL,NULL,NULL,NULL
d3784221-c3e1-55c8-8a5c-6b4ad6f0a262,2026-09-08T00:00:00,2026-09-08T00:00:00,0,Lightning Strike,"Dexterity Saving Throw: DC 23, one creature the kraken can see within 120 feet. Failure: 33 (6d10) Lightning damage. Success: Half damage.",6,cfcdd6a4-3b89-53a6-9557-d06ca21a1946,ACTION,NULL,NULL,false,AT_WILL,NULL,NULL,NULL
64af9354-1412-5aa4-8d13-dc6bee9b989b,2026-09-08T00:00:00,2026-09-08T00:00:00,0,Swallow,"Dexterity Saving Throw: DC 25, one creature Grappled by the kraken (it can have up to four creatures swallowed at a time). Failure: 23 (3d8 + 10) Piercing damage. If the target is Large or smaller, it is swallowed and no longer Grappled. A swallowed creature has the Restrained condition, has Total Cover against attacks and other effects outside the kraken, and takes 24 (7d6) Acid damage at the start of each of its turns. If the kraken takes 50 damage or more on a single turn from a creature inside it, the kraken must succeed on a DC 25 Constitution saving throw at the end of that turn or regurgitate all swallowed creatures, each of which falls in a space within 10 feet of the kraken with the Prone condition. If the kraken dies, any swallowed creature no longer has the Restrained condition and can escape from the corpse using 15 feet of movement, exiting Prone.",7,cfcdd6a4-3b89-53a6-9557-d06ca21a1946,ACTION,NULL,NULL,false,AT_WILL,NULL,NULL,NULL
a0672c04-1e36-5327-8025-f9488d19b4f0,2026-09-08T00:00:00,2026-09-08T00:00:00,0,Storm Bolt,The kraken uses Lightning Strike.,8,cfcdd6a4-3b89-53a6-9557-d06ca21a1946,LEGENDARY,NULL,NULL,false,AT_WILL,NULL,NULL,NULL
727c9194-6827-5bd4-8984-628614de5a69,2026-09-08T00:00:00,2026-09-08T00:00:00,0,Toxic Ink,"Constitution Saving Throw: DC 23, each creature in a 15-foot Emanation originating from the kraken while it is underwater. Failure: The target has the Blinded and Poisoned conditions until the end of the kraken's next turn. The kraken then moves up to its Speed. Failure or Success: The kraken can't take this action again until the start of its next turn.",9,cfcdd6a4-3b89-53a6-9557-d06ca21a1946,LEGENDARY,NULL,NULL,false,PER_ROUND,1,NULL,NULL
b14acd70-a5ce-547c-87a8-cfbd31edd79f,2026-09-08T00:00:00,2026-09-08T00:00:00,0,Multiattack,The lamia makes two Claw attacks. It can replace one attack with a use of Corrupting Touch.,0,51deafbd-8649-5be8-bf4c-ea9984eb00f9,ACTION,NULL,NULL,false,AT_WILL,NULL,NULL,NULL
5d9dfa93-31a0-5fe7-bfd6-0ede6ed43204,2026-09-08T00:00:00,2026-09-08T00:00:00,0,Claw,"Melee Attack Roll: +5, reach 5 ft. Hit: 7 (1d8 + 3) Slashing damage plus 7 (2d6) Psychic damage.",1,51deafbd-8649-5be8-bf4c-ea9984eb00f9,ACTION,NULL,NULL,false,AT_WILL,NULL,NULL,NULL
3775f2ef-0079-5353-9450-77d213f288b8,2026-09-08T00:00:00,2026-09-08T00:00:00,0,Corrupting Touch,"Wisdom Saving Throw: DC 13, one creature the lamia can see within 5 feet. Failure: 13 (3d8) Psychic damage, and the target is cursed for 1 hour. Until the curse ends, the target has the Charmed and Poisoned conditions.",2,51deafbd-8649-5be8-bf4c-ea9984eb00f9,ACTION,NULL,NULL,false,AT_WILL,NULL,NULL,NULL
8e51a7cf-7878-59fc-8618-5c2d90a87054,2026-09-08T00:00:00,2026-09-08T00:00:00,0,Spellcasting,"The lamia casts one of the following spells, requiring no Material components and using Charisma as the spellcasting ability (spell save DC 13): At Will: Disguise Self (can appear as a Large or Medium biped), Minor Illusion 1/Day Each: Geas, Major Image, Scrying",3,51deafbd-8649-5be8-bf4c-ea9984eb00f9,ACTION,NULL,NULL,false,AT_WILL,NULL,NULL,NULL
2e58c92f-cce1-5ad3-b6eb-ca9e598b7027,2026-09-08T00:00:00,2026-09-08T00:00:00,0,Leap,The lamia jumps up to 30 feet by spending 10 feet of movement.,4,51deafbd-8649-5be8-bf4c-ea9984eb00f9,BONUS_ACTION,NULL,NULL,false,AT_WILL,NULL,NULL,NULL
bbd703c9-cfab-5dad-95c4-bac48755a4f9,2026-09-08T00:00:00,2026-09-08T00:00:00,0,Hellish Restoration,"If the lemure dies in the Nine Hells, it revives with all its Hit Points in 1d10 days unless it is killed by a creature under the effects of a Bless spell or its remains are sprinkled with Holy Water.",0,ca4ebfe1-7875-527f-8849-3aed5c7f1257,PASSIVE,NULL,NULL,false,AT_WILL,NULL,NULL,NULL
96f927ca-4bda-59c0-93d0-e48b355f21fd,2026-09-08T00:00:00,2026-09-08T00:00:00,0,Vile Slime,"Melee Attack Roll: +2, reach 5 ft. Hit: 2 (1d4) Poison damage.",1,ca4ebfe1-7875-527f-8849-3aed5c7f1257,ACTION,NULL,NULL,false,AT_WILL,NULL,NULL,NULL
92edc9e8-88c5-5cce-9a53-3c327eb0c819,2026-09-08T00:00:00,2026-09-08T00:00:00,0,Legendary Resistance,"If the lich fails a saving throw, it can choose to succeed instead.",0,874246f2-ba2f-5948-add9-e11c8fa60fd9,PASSIVE,NULL,NULL,false,PER_DAY,4,NULL,NULL
2ef30297-33c5-5384-9b40-3f7ecc05d8c2,2026-09-08T00:00:00,2026-09-08T00:00:00,0,Spirit Jar,"If destroyed, the lich reforms in 1d10 days if it has a spirit jar, reviving with all its Hit Points. The new body appears in an unoccupied space within the lich's lair.",1,874246f2-ba2f-5948-add9-e11c8fa60fd9,PASSIVE,NULL,NULL,false,AT_WILL,NULL,NULL,NULL
c1cf6ae3-13f2-5c35-b1a9-a3443c979c98,2026-09-08T00:00:00,2026-09-08T00:00:00,0,Multiattack,"The lich makes three attacks, using Eldritch Burst or Paralyzing Touch in any combination.",2,874246f2-ba2f-5948-add9-e11c8fa60fd9,ACTION,NULL,NULL,false,AT_WILL,NULL,NULL,NULL
143dcdde-1e74-50fc-bc85-c3357eaa993e,2026-09-08T00:00:00,2026-09-08T00:00:00,0,Eldritch Burst,"Melee or Ranged Attack Roll: +12, reach 5 ft. or range 120 ft. Hit: 31 (4d12 + 5) Force damage.",3,874246f2-ba2f-5948-add9-e11c8fa60fd9,ACTION,NULL,NULL,false,AT_WILL,NULL,NULL,NULL
e7904b84-54ed-5e88-acd8-f6127b3be0d9,2026-09-08T00:00:00,2026-09-08T00:00:00,0,Paralyzing Touch,"Melee Attack Roll: +12, reach 5 ft. Hit: 15 (3d6 + 5) Cold damage, and the target has the Paralyzed condition until the start of the lich's next turn.",4,874246f2-ba2f-5948-add9-e11c8fa60fd9,ACTION,NULL,NULL,false,AT_WILL,NULL,NULL,NULL
256f1d92-ccdf-5538-bcf4-bd21b2e63a6d,2026-09-08T00:00:00,2026-09-08T00:00:00,0,Spellcasting,"The lich casts one of the following spells, using Intelligence as the spellcasting ability (spell save DC 20): At Will: Detect Magic, Detect Thoughts, Dispel Magic, Fireball (level 5 version), Invisibility, Lightning Bolt (level 5 version), Mage Hand, Prestidigitation 2/Day Each: Animate Dead, Dimension Door, Plane Shift 1/Day Each: Chain Lightning, Finger of Death, Power Word Kill, Scrying",5,874246f2-ba2f-5948-add9-e11c8fa60fd9,ACTION,NULL,NULL,false,AT_WILL,NULL,NULL,NULL
2161143c-8f42-5616-b5ba-c6b50f842f06,2026-09-08T00:00:00,2026-09-08T00:00:00,0,Protective Magic,"The lich casts Counterspell or Shield in response to the spell's trigger, using the same spellcasting ability as Spellcasting.",6,874246f2-ba2f-5948-add9-e11c8fa60fd9,REACTION,NULL,NULL,false,AT_WILL,NULL,NULL,NULL
35c09f39-7d65-5c99-a5f2-d636e6eeb31d,2026-09-08T00:00:00,2026-09-08T00:00:00,0,Deathly Teleport,"The lich teleports up to 60 feet to an unoccupied space it can see, and each creature within 10 feet of the space it left takes 11 (2d10) Necrotic damage.",7,874246f2-ba2f-5948-add9-e11c8fa60fd9,LEGENDARY,NULL,NULL,false,AT_WILL,NULL,NULL,NULL
7211e02d-8bc4-55d7-9ca6-3b3ab85e2c36,2026-09-08T00:00:00,2026-09-08T00:00:00,0,Disrupt Life,"Constitution Saving Throw: DC 20, each creature that isn't an Undead in a 20-foot Emanation originating from the lich. Failure: 31 (9d6) Necrotic damage. Success: Half damage. Failure or Success: The lich can't take this action again until the start of its next turn.",8,874246f2-ba2f-5948-add9-e11c8fa60fd9,LEGENDARY,NULL,NULL,false,PER_ROUND,1,NULL,NULL
99c9109d-92d8-5bc1-968f-175c17f8bc02,2026-09-08T00:00:00,2026-09-08T00:00:00,0,Frightening Gaze,"The lich casts Fear, using the same spellcasting ability as Spellcasting. The lich can't take this action again until the start of its next turn. Mages",9,874246f2-ba2f-5948-add9-e11c8fa60fd9,LEGENDARY,NULL,NULL,false,PER_ROUND,1,NULL,NULL
7a53d57c-5464-5e03-b612-310112845a23,2026-09-08T00:00:00,2026-09-08T00:00:00,0,Multiattack,The mage makes three Arcane Burst attacks.,0,e9358f36-6ff4-5a72-bd5e-923bc130177c,ACTION,NULL,NULL,false,AT_WILL,NULL,NULL,NULL
445b1ad7-200c-5f8f-bd62-4587bfc12409,2026-09-08T00:00:00,2026-09-08T00:00:00,0,Arcane Burst,"Melee or Ranged Attack Roll: +6, reach 5 ft. or range 120 ft. Hit: 16 (3d8 + 3) Force damage.",1,e9358f36-6ff4-5a72-bd5e-923bc130177c,ACTION,NULL,NULL,false,AT_WILL,NULL,NULL,NULL
7b120282-f736-5527-8c0f-62d79b03f9ac,2026-09-08T00:00:00,2026-09-08T00:00:00,0,Spellcasting,"The mage casts one of the following spells, using Intelligence as the spellcasting ability (spell save DC 14): At Will: Detect Magic, Light, Mage Armor (included in AC), Mage Hand, Prestidigitation 2/Day Each: Fireball (level 4 version), Invisibility 1/Day Each: Cone of Cold, Fly",2,e9358f36-6ff4-5a72-bd5e-923bc130177c,ACTION,NULL,NULL,false,AT_WILL,NULL,NULL,NULL
afa78321-8add-50d5-9e9a-f8de7e240583,2026-09-08T00:00:00,2026-09-08T00:00:00,0,Misty Step,"The mage casts Misty Step, using the same spellcasting ability as Spellcasting.",3,e9358f36-6ff4-5a72-bd5e-923bc130177c,BONUS_ACTION,NULL,NULL,false,PER_DAY,3,NULL,NULL
e82729ab-1a26-5c87-9b1d-609d481b86b0,2026-09-08T00:00:00,2026-09-08T00:00:00,0,Protective Magic,"The mage casts Counterspell or Shield in response to the spell's trigger, using the same spellcasting ability as Spellcasting.",4,e9358f36-6ff4-5a72-bd5e-923bc130177c,REACTION,NULL,NULL,false,PER_DAY,3,NULL,NULL
3dfbcb86-6ac0-5457-9fa2-189f0d586fab,2026-09-08T00:00:00,2026-09-08T00:00:00,0,Magic Resistance,The archmage has Advantage on saving throws against spells and other magical effects.,0,252f9ded-9b49-5d4d-bda3-d1141e1b97f4,PASSIVE,NULL,NULL,false,AT_WILL,NULL,NULL,NULL
0722111b-8c68-58a1-92da-7357329c5b36,2026-09-08T00:00:00,2026-09-08T00:00:00,0,Multiattack,The archmage makes four Arcane Burst attacks.,1,252f9ded-9b49-5d4d-bda3-d1141e1b97f4,ACTION,NULL,NULL,false,AT_WILL,NULL,NULL,NULL
5cc6756c-7669-58ce-afb0-f9c9d48d6761,2026-09-08T00:00:00,2026-09-08T00:00:00,0,Arcane Burst,"Melee or Ranged Attack Roll: +9, reach 5 ft. or range 150 ft. Hit: 27 (4d10 + 5) Force damage.",2,252f9ded-9b49-5d4d-bda3-d1141e1b97f4,ACTION,NULL,NULL,false,AT_WILL,NULL,NULL,NULL
887e3e65-a5a2-52e2-9065-8173e8651262,2026-09-08T00:00:00,2026-09-08T00:00:00,0,Spellcasting,"The archmage casts one of the following spells, using Intelligence as the spellcasting ability (spell save DC 17): At Will: Detect Magic, Detect Thoughts, Disguise Self, Invisibility, Light, Mage Armor (included in AC), Mage Hand, Prestidigitation 2/Day Each: Fly, Lightning Bolt (level 7 version) 1/Day Each: Cone of Cold (level 9 version), Mind Blank (cast before combat), Scrying, Teleport",3,252f9ded-9b49-5d4d-bda3-d1141e1b97f4,ACTION,NULL,NULL,false,AT_WILL,NULL,NULL,NULL
c4a776b6-6ab4-5ac8-8ab5-77d8c0a05e5c,2026-09-08T00:00:00,2026-09-08T00:00:00,0,Misty Step,"The mage casts Misty Step, using the same spellcasting ability as Spellcasting.",4,252f9ded-9b49-5d4d-bda3-d1141e1b97f4,BONUS_ACTION,NULL,NULL,false,PER_DAY,3,NULL,NULL
f2e5c0ec-7f74-5bfa-8ae1-a6423c144cb7,2026-09-08T00:00:00,2026-09-08T00:00:00,0,Protective Magic,"The archmage casts Counterspell or Shield in response to the spell's trigger, using the same spellcasting ability as Spellcasting.",5,252f9ded-9b49-5d4d-bda3-d1141e1b97f4,REACTION,NULL,NULL,false,PER_DAY,3,NULL,NULL
7c8a3e6b-b1f0-5442-91f2-18955446ed0f,2026-09-08T00:00:00,2026-09-08T00:00:00,0,Death Burst,"The magmin explodes when it dies. Dexterity Saving Throw: DC 11, each creature in a 10-foot Emanation originating from the magmin. Failure: 7 (2d6) Fire damage. Success: Half damage.",0,ff734998-0aad-5bc3-b979-d62e50842e2c,PASSIVE,NULL,NULL,false,AT_WILL,NULL,NULL,NULL
98855692-800d-500c-abfa-238864ef1968,2026-09-08T00:00:00,2026-09-08T00:00:00,0,Touch,"Melee Attack Roll: +4, reach 5 ft. Hit: 7 (2d4 + 2) Fire damage. If the target is a creature or a flammable object that isn't being worn or carried, it starts burning.",1,ff734998-0aad-5bc3-b979-d62e50842e2c,ACTION,NULL,NULL,false,AT_WILL,NULL,NULL,NULL
f9341e89-20ed-5110-ae20-fa2cf05bcd48,2026-09-08T00:00:00,2026-09-08T00:00:00,0,Ignited Illumination,"The magmin sets itself ablaze or extinguishes its flames. While ablaze, the magmin sheds Bright Light in a 10-foot radius and Dim Light for an additional 10 feet.",2,ff734998-0aad-5bc3-b979-d62e50842e2c,BONUS_ACTION,NULL,NULL,false,AT_WILL,NULL,NULL,NULL
f35c69fe-6724-5b06-8cd5-5d1d02da8df9,2026-09-08T00:00:00,2026-09-08T00:00:00,0,Multiattack,"The manticore makes three attacks, using Rend or Tail Spike in any combination.",0,2d12f026-9bcb-5cf9-8959-1f5d7d4dfac0,ACTION,NULL,NULL,false,AT_WILL,NULL,NULL,NULL
ed4c7f2a-710d-5d41-a914-bb617a551e73,2026-09-08T00:00:00,2026-09-08T00:00:00,0,Rend,"Melee Attack Roll: +5, reach 5 ft. Hit: 7 (1d8 + 3) Slashing damage.",1,2d12f026-9bcb-5cf9-8959-1f5d7d4dfac0,ACTION,NULL,NULL,false,AT_WILL,NULL,NULL,NULL
c013ed1a-fc02-5547-bfe5-bd6072a9f98b,2026-09-08T00:00:00,2026-09-08T00:00:00,0,Tail Spike,"Ranged Attack Roll: +5, range 100/200 ft. Hit: 7 (1d8 + 3) Piercing damage.",2,2d12f026-9bcb-5cf9-8959-1f5d7d4dfac0,ACTION,NULL,NULL,false,AT_WILL,NULL,NULL,NULL
cdbb4f23-55a1-5f48-99a4-5e94c3e61288,2026-09-08T00:00:00,2026-09-08T00:00:00,0,Demonic Restoration,"If the marilith dies outside the Abyss, its body dissolves into ichor, and it gains a new body instantly, reviving with all its Hit Points somewhere in the Abyss.",0,cac1f74d-45d4-5314-abde-f8386a57304b,PASSIVE,NULL,NULL,false,AT_WILL,NULL,NULL,NULL
fb7a34b2-7215-5872-966b-0d09650d0955,2026-09-08T00:00:00,2026-09-08T00:00:00,0,Magic Resistance,The marilith has Advantage on saving throws against spells and other magical effects.,1,cac1f74d-45d4-5314-abde-f8386a57304b,PASSIVE,NULL,NULL,false,AT_WILL,NULL,NULL,NULL
d4468d5c-a08e-5126-82db-5107d501d343,2026-09-08T00:00:00,2026-09-08T00:00:00,0,Reactive,The marilith can take one Reaction on every turn of combat.,2,cac1f74d-45d4-5314-abde-f8386a57304b,PASSIVE,NULL,NULL,false,AT_WILL,NULL,NULL,NULL
1a240910-e89f-5750-aaf3-4104863c8d86,2026-09-08T00:00:00,2026-09-08T00:00:00,0,Multiattack,The marilith makes six Pact Blade attacks and uses Constrict.,3,cac1f74d-45d4-5314-abde-f8386a57304b,ACTION,NULL,NULL,false,AT_WILL,NULL,NULL,NULL
fb9f2860-545a-5320-95ce-c45f92485c9b,2026-09-08T00:00:00,2026-09-08T00:00:00,0,Pact Blade,"Melee Attack Roll: +10, reach 5 ft. Hit: 10 (1d10 + 5) Slashing damage plus 7 (2d6) Necrotic damage.",4,cac1f74d-45d4-5314-abde-f8386a57304b,ACTION,NULL,NULL,false,AT_WILL,NULL,NULL,NULL
779014e4-380c-5724-9c3c-15bfa4b5ebf9,2026-09-08T00:00:00,2026-09-08T00:00:00,0,Constrict,"Strength Saving Throw: DC 17, one Medium or smaller creature the marilith can see within 5 feet. Failure: 15 (2d10 + 4) Bludgeoning damage. The target has the Grappled condition (escape DC 14), and it has the Restrained condition until the grapple ends.",5,cac1f74d-45d4-5314-abde-f8386a57304b,ACTION,NULL,NULL,false,AT_WILL,NULL,NULL,NULL
d1921b80-d71b-5863-837a-cd169d991430,2026-09-08T00:00:00,2026-09-08T00:00:00,0,Teleport,The marilith teleports up to 120 feet to an unoccupied space it can see.,6,cac1f74d-45d4-5314-abde-f8386a57304b,BONUS_ACTION,NULL,NULL,false,RECHARGE,1,5,6
da309d44-0d99-55a5-a2ff-d80c60969e1c,2026-09-08T00:00:00,2026-09-08T00:00:00,0,Parry,"Trigger: The marilith is hit by a melee attack roll while holding a weapon. Response: The marilith adds 5 to its AC against that attack, possibly causing it to miss.",7,cac1f74d-45d4-5314-abde-f8386a57304b,REACTION,NULL,The marilith is hit by a melee attack roll while holding a weapon.,false,AT_WILL,NULL,NULL,NULL
ebea71a7-af7f-54c7-b019-02673c64ad95,2026-09-08T00:00:00,2026-09-08T00:00:00,0,Multiattack,"The medusa makes two Claw attacks and one Snake Hair attack, or it makes three Poison Ray attacks.",0,4d26569e-6acf-582e-a1b0-d097e477ed7e,ACTION,NULL,NULL,false,AT_WILL,NULL,NULL,NULL
515ba04b-febb-5bcb-9f80-644a75766dc5,2026-09-08T00:00:00,2026-09-08T00:00:00,0,Claw,"Melee Attack Roll: +6, reach 5 ft. Hit: 10 (2d6 + 3) Slashing damage.",1,4d26569e-6acf-582e-a1b0-d097e477ed7e,ACTION,NULL,NULL,false,AT_WILL,NULL,NULL,NULL
1770ab54-191e-5003-b39b-f438b2aeda12,2026-09-08T00:00:00,2026-09-08T00:00:00,0,Snake Hair,"Melee Attack Roll: +6, reach 5 ft. Hit: 5 (1d4 + 3) Piercing damage plus 14 (4d6) Poison damage.",2,4d26569e-6acf-582e-a1b0-d097e477ed7e,ACTION,NULL,NULL,false,AT_WILL,NULL,NULL,NULL
cf6580ac-6582-5c57-8e1b-0a1e45905b1a,2026-09-08T00:00:00,2026-09-08T00:00:00,0,Poison Ray,"Ranged Attack Roll: +5, range 150 ft. Hit: 11 (2d8 + 2) Poison damage.",3,4d26569e-6acf-582e-a1b0-d097e477ed7e,ACTION,NULL,NULL,false,AT_WILL,NULL,NULL,NULL
c48d6f04-eb7e-5162-81e8-68215660b377,2026-09-08T00:00:00,2026-09-08T00:00:00,0,Petrifying Gaze,"Constitution Saving Throw: DC 13, each creature in a 30-foot Cone. If the medusa sees its reflection in the Cone, the medusa must make this save. First Failure: The target has the Restrained condition and repeats the save at the end of its next turn if it is still Restrained, ending the effect on itself on a success. Second Failure: The target has the Petrified condition instead of the Restrained condition. Mephits",4,4d26569e-6acf-582e-a1b0-d097e477ed7e,BONUS_ACTION,NULL,NULL,false,RECHARGE,1,5,6
7491c8cf-bd23-53af-aa03-395f9c1ce21b,2026-09-08T00:00:00,2026-09-08T00:00:00,0,Death Burst,"The mephit explodes when it dies. Dexterity Saving Throw: DC 10, each creature in a 5-foot Emanation originating from the mephit. Failure: 5 (2d4) Bludgeoning damage. Success: Half damage.",0,63c2085a-f8fb-56a6-bd7a-7ec20b5e0b5d,PASSIVE,NULL,NULL,false,AT_WILL,NULL,NULL,NULL
5ae3efe3-17f2-5edf-981e-b1780e8aba73,2026-09-08T00:00:00,2026-09-08T00:00:00,0,Claw,"Melee Attack Roll: +4, reach 5 ft. Hit: 4 (1d4 + 2) Slashing damage.",1,63c2085a-f8fb-56a6-bd7a-7ec20b5e0b5d,ACTION,NULL,NULL,false,AT_WILL,NULL,NULL,NULL
42278908-7270-5da4-bcfa-393749bf9ae1,2026-09-08T00:00:00,2026-09-08T00:00:00,0,Blinding Breath,"Dexterity Saving Throw: DC 10, each creature in a 15-foot Cone. Failure: The target has the Blinded condition until the end of the mephit's next turn.",2,63c2085a-f8fb-56a6-bd7a-7ec20b5e0b5d,ACTION,NULL,NULL,false,RECHARGE,1,6,6
08c9c2cd-942a-5058-a980-ff2fb59b1677,2026-09-08T00:00:00,2026-09-08T00:00:00,0,Sleep,"The mephit casts the Sleep spell, requiring no spell components and using Charisma as the spellcasting ability (spell save DC 10).",3,63c2085a-f8fb-56a6-bd7a-7ec20b5e0b5d,ACTION,NULL,NULL,false,PER_DAY,1,NULL,NULL
78e76cdd-b5bc-521b-ac7b-8242115cb519,2026-09-08T00:00:00,2026-09-08T00:00:00,0,Death Burst,"The mephit explodes when it dies. Constitution Saving Throw: DC 10, each creature in a 5-foot Emanation originating from the mephit. Failure: 5 (2d4) Cold damage. Success: Half damage.",0,089d2b7c-87b1-5a9e-8561-0997f2e8dadb,PASSIVE,NULL,NULL,false,AT_WILL,NULL,NULL,NULL
ce388dba-74e9-5f35-9639-462ccdb631cd,2026-09-08T00:00:00,2026-09-08T00:00:00,0,Claw,"Melee Attack Roll: +3, reach 5 ft. Hit: 3 (1d4 + 1) Slashing damage plus 2 (1d4) Cold damage.",1,089d2b7c-87b1-5a9e-8561-0997f2e8dadb,ACTION,NULL,NULL,false,AT_WILL,NULL,NULL,NULL
63e2c00e-6c70-5610-8f64-fbf3cda2cfec,2026-09-08T00:00:00,2026-09-08T00:00:00,0,Fog Cloud,"The mephit casts Fog Cloud, requiring no spell components and using Charisma as the spellcasting ability.",2,089d2b7c-87b1-5a9e-8561-0997f2e8dadb,ACTION,NULL,NULL,false,PER_DAY,1,NULL,NULL
b937311b-db90-5e78-8d2d-fa622efa0e40,2026-09-08T00:00:00,2026-09-08T00:00:00,0,Frost Breath,"Constitution Saving Throw: DC 10, each creature in a 15-foot Cone. Failure: 7 (3d4) Cold damage. Success: Half damage.",3,089d2b7c-87b1-5a9e-8561-0997f2e8dadb,ACTION,NULL,NULL,false,RECHARGE,1,6,6
a58118e6-edb5-5c51-bfb8-d97218dc88b5,2026-09-08T00:00:00,2026-09-08T00:00:00,0,Death Burst,"The mephit explodes when it dies. Dexterity Saving Throw: DC 11, each creature in a 5-foot Emanation originating from the mephit. Failure: 7 (2d6) Fire damage. Success: Half damage.",0,126bfcc3-bb22-5b98-9d99-805dc5254c26,PASSIVE,NULL,NULL,false,AT_WILL,NULL,NULL,NULL
da49f00d-13f7-5735-8275-416958264af9,2026-09-08T00:00:00,2026-09-08T00:00:00,0,Claw,"Melee Attack Roll: +3, reach 5 ft. Hit: 3 (1d4 + 1) Slashing damage plus 3 (1d6) Fire damage.",1,126bfcc3-bb22-5b98-9d99-805dc5254c26,ACTION,NULL,NULL,false,AT_WILL,NULL,NULL,NULL
515c5138-4791-5c30-8fb1-974fa894b48b,2026-09-08T00:00:00,2026-09-08T00:00:00,0,Fire Breath,"Dexterity Saving Throw: DC 11, each creature in a 15-foot Cone. Failure: 7 (2d6) Fire damage. Success: Half damage.",2,126bfcc3-bb22-5b98-9d99-805dc5254c26,ACTION,NULL,NULL,false,RECHARGE,1,6,6
6634e46e-50bf-5ad7-abf4-4ef50dbc2a2b,2026-09-08T00:00:00,2026-09-08T00:00:00,0,Blurred Form,Attack rolls against the mephit are made with Disadvantage unless the mephit has the Incapacitated condition.,0,96eca42e-4260-5e69-b338-c26f8d3774a9,PASSIVE,NULL,NULL,false,AT_WILL,NULL,NULL,NULL
5406fb9d-1780-5687-a7f0-48cf2e5721bc,2026-09-08T00:00:00,2026-09-08T00:00:00,0,Death Burst,"The mephit explodes when it dies. Dexterity Saving Throw: DC 10, each creature in a 5-foot Emanation originating from the mephit. Failure: 5 (2d4) Fire damage. Success: Half damage.",1,96eca42e-4260-5e69-b338-c26f8d3774a9,PASSIVE,NULL,NULL,false,AT_WILL,NULL,NULL,NULL
272e0c7c-b96b-5595-9857-82df68d92b84,2026-09-08T00:00:00,2026-09-08T00:00:00,0,Claw,"Melee Attack Roll: +2, reach 5 ft. Hit: 2 (1d4) Slashing damage plus 2 (1d4) Fire damage.",2,96eca42e-4260-5e69-b338-c26f8d3774a9,ACTION,NULL,NULL,false,AT_WILL,NULL,NULL,NULL
ed04bf83-876c-5e5c-9f2f-ea8328e84e6a,2026-09-08T00:00:00,2026-09-08T00:00:00,0,Steam Breath,"Constitution Saving Throw: DC 10, each creature in a 15-foot Cone. Failure: 5 (2d4) Fire damage, and the target's Speed decreases by 10 feet until the end of the mephit's next turn. Success: Half damage only. Failure or Success: Being underwater doesn't grant Resistance to this Fire damage. Merfolk",3,96eca42e-4260-5e69-b338-c26f8d3774a9,ACTION,NULL,NULL,false,RECHARGE,1,6,6
4f60bf25-c040-5740-9cb7-2ab182d7dc4f,2026-09-08T00:00:00,2026-09-08T00:00:00,0,Amphibious,The merfolk can breathe air and water.,0,b80c26a9-8c68-5c94-b64f-dece51fba485,PASSIVE,NULL,NULL,false,AT_WILL,NULL,NULL,NULL
251110ba-0dda-5275-b0ad-3692442256e0,2026-09-08T00:00:00,2026-09-08T00:00:00,0,Ocean Spear,"Melee or Ranged Attack Roll: +2, reach 5 ft. or range 20/60 ft. Hit: 3 (1d6) Piercing damage plus 2 (1d4) Cold damage. If the target is a creature, its Speed decreases by 10 feet until the end of its next turn. Hit or Miss: The spear magically returns to the merfolk's hand immediately after a ranged attack.",1,b80c26a9-8c68-5c94-b64f-dece51fba485,ACTION,NULL,NULL,false,AT_WILL,NULL,NULL,NULL
5d7e5321-01b8-588c-93bb-008908b69e69,2026-09-08T00:00:00,2026-09-08T00:00:00,0,Amphibious,The merrow can breathe air and water.,0,50655a6b-f693-555d-afa2-b56c6339cb42,PASSIVE,NULL,NULL,false,AT_WILL,NULL,NULL,NULL
5c98af5f-7895-55a0-9dac-8cd746408f36,2026-09-08T00:00:00,2026-09-08T00:00:00,0,Multiattack,"The merrow makes two attacks, using Bite, Claw, or Harpoon in any combination.",1,50655a6b-f693-555d-afa2-b56c6339cb42,ACTION,NULL,NULL,false,AT_WILL,NULL,NULL,NULL
d3a75159-dfa6-5a39-a6fe-93bbb5762558,2026-09-08T00:00:00,2026-09-08T00:00:00,0,Bite,"Melee Attack Roll: +6, reach 5 ft. Hit: 6 (1d4 + 4) Piercing damage, and the target has the Poisoned condition until the end of the merrow's next turn.",2,50655a6b-f693-555d-afa2-b56c6339cb42,ACTION,NULL,NULL,false,AT_WILL,NULL,NULL,NULL
dc96665f-fb24-5c5b-a870-2634833d7b14,2026-09-08T00:00:00,2026-09-08T00:00:00,0,Claw,"Melee Attack Roll: +6, reach 5 ft. Hit: 9 (2d4 + 4) Slashing damage.",3,50655a6b-f693-555d-afa2-b56c6339cb42,ACTION,NULL,NULL,false,AT_WILL,NULL,NULL,NULL
a0073837-61b7-583d-b97b-072d513aa89e,2026-09-08T00:00:00,2026-09-08T00:00:00,0,Harpoon,"Melee or Ranged Attack Roll: +6, reach 5 ft. or range 20/60 ft. Hit: 11 (2d6 + 4) Piercing damage. If the target is a Large or smaller creature, the merrow pulls the target up to 15 feet straight toward itself.",4,50655a6b-f693-555d-afa2-b56c6339cb42,ACTION,NULL,NULL,false,AT_WILL,NULL,NULL,NULL
d9432345-8b26-5d2c-93d4-e5df12410ab5,2026-09-08T00:00:00,2026-09-08T00:00:00,0,Adhesive,The mimic adheres to anything that touches it. A Huge or smaller creature adhered to the mimic has the Grappled condition (escape DC 13). Ability checks made to escape this grapple have Disadvantage.,0,34afcb0b-0b82-56bb-b819-1efb6a800708,PASSIVE,NULL,NULL,false,AT_WILL,NULL,NULL,NULL
b9e4c2c3-3c2c-5e5f-a975-1de01ae3ed2b,2026-09-08T00:00:00,2026-09-08T00:00:00,0,Bite,"Melee Attack Roll: +5 (with Advantage if the target is Grappled by the mimic), reach 5 ft. Hit: 7 (1d8 + 3) Piercing damage-or 12 (2d8 + 3) Piercing damage if the target is Grappled by the mimic-plus 4 (1d8) Acid damage.",1,34afcb0b-0b82-56bb-b819-1efb6a800708,ACTION,NULL,NULL,false,AT_WILL,NULL,NULL,NULL
ce952e76-1efa-55f5-9cf2-677f5eb5fbc0,2026-09-08T00:00:00,2026-09-08T00:00:00,0,Pseudopod,"Melee Attack Roll: +5, reach 5 ft. Hit: 7 (1d8 + 3) Bludgeoning damage plus 4 (1d8) Acid damage. If the target is a Large or smaller creature, it has the Grappled condition (escape DC 13). Ability checks made to escape this grapple have Disadvantage.",2,34afcb0b-0b82-56bb-b819-1efb6a800708,ACTION,NULL,NULL,false,AT_WILL,NULL,NULL,NULL
fa17cbe5-b0d2-5bfe-873f-78bbc603a913,2026-09-08T00:00:00,2026-09-08T00:00:00,0,Shape-Shift,"The mimic shape-shifts to resemble a Medium or Small object while retaining its game statistics, or it returns to its true blob form. Any equipment it is wearing or carrying isn't transformed.",3,34afcb0b-0b82-56bb-b819-1efb6a800708,BONUS_ACTION,NULL,NULL,false,AT_WILL,NULL,NULL,NULL
adee97a1-52fc-5700-842c-6d0ea0862621,2026-09-08T00:00:00,2026-09-08T00:00:00,0,Abyssal Glaive,"Melee Attack Roll: +6, reach 10 ft. Hit: 10 (1d12 + 4) Slashing damage plus 10 (3d6) Necrotic damage.",0,7b9fad12-53c1-5a08-85aa-df75b4b2e3f6,ACTION,NULL,NULL,false,AT_WILL,NULL,NULL,NULL
f64d2300-b924-57a4-9d09-4a6f56649a34,2026-09-08T00:00:00,2026-09-08T00:00:00,0,Gore,"Melee Attack Roll: +6, reach 5 ft. Hit: 18 (4d6 + 4) Piercing damage. If the target is a Large or smaller creature and the minotaur moved 10+ feet straight toward it immediately before the hit, the target takes an extra 10 (3d6) Piercing damage and has the Prone condition. Mummies",1,7b9fad12-53c1-5a08-85aa-df75b4b2e3f6,ACTION,NULL,NULL,false,RECHARGE,1,5,6
cf458590-7338-518e-bfa7-2466d2dc326d,2026-09-08T00:00:00,2026-09-08T00:00:00,0,Multiattack,The mummy makes two Rotting Fist attacks and uses Dreadful Glare.,0,ef32e688-948a-50df-8734-56c6e5720391,ACTION,NULL,NULL,false,AT_WILL,NULL,NULL,NULL
ce059d48-e930-5802-ac2e-451e2d0e19cb,2026-09-08T00:00:00,2026-09-08T00:00:00,0,Rotting Fist,"Melee Attack Roll: +5, reach 5 ft. Hit: 8 (1d10 + 3) Bludgeoning damage plus 10 (3d6) Necrotic damage. If the target is a creature, it is cursed. While cursed, the target can't regain Hit Points, its Hit Point maximum doesn't return to normal when finishing a Long Rest, and its Hit Point maximum decreases by 10 (3d6) every 24 hours that elapse. A creature dies and turns to dust if reduced to 0 Hit Points by this attack.",1,ef32e688-948a-50df-8734-56c6e5720391,ACTION,NULL,NULL,false,AT_WILL,NULL,NULL,NULL
1a224cf5-a82c-5140-8b0e-522424a7fe5c,2026-09-08T00:00:00,2026-09-08T00:00:00,0,Dreadful Glare,"Wisdom Saving Throw: DC 11, one creature the mummy can see within 60 feet. Failure: The target has the Frightened condition until the end of the mummy's next turn. Success: The target is immune to this mummy's Dreadful Glare for 24 hours.",2,ef32e688-948a-50df-8734-56c6e5720391,ACTION,NULL,NULL,false,AT_WILL,NULL,NULL,NULL
92f158e2-3f0c-5e0a-80ee-11b337acef30,2026-09-08T00:00:00,2026-09-08T00:00:00,0,Legendary Resistance,"If the mummy fails a saving throw, it can choose to succeed instead.",0,74ea9d70-a5a1-5c65-8527-7e786bb6045e,PASSIVE,NULL,NULL,false,PER_DAY,3,NULL,NULL
39bd78f6-51aa-5ceb-9e54-601c3b25b3b1,2026-09-08T00:00:00,2026-09-08T00:00:00,0,Magic Resistance,The mummy has Advantage on saving throws against spells and other magical effects.,1,74ea9d70-a5a1-5c65-8527-7e786bb6045e,PASSIVE,NULL,NULL,false,AT_WILL,NULL,NULL,NULL
7360d082-1af1-59aa-8234-ebd3123c7109,2026-09-08T00:00:00,2026-09-08T00:00:00,0,Undead Restoration,"If destroyed, the mummy gains a new body in 24 hours if its heart is intact, reviving with all its Hit Points. The new body appears in an unoccupied space within the mummy's lair. The heart is a Tiny object that has AC 17, HP 10, and Immunity to all damage except Fire.",2,74ea9d70-a5a1-5c65-8527-7e786bb6045e,PASSIVE,NULL,NULL,false,AT_WILL,NULL,NULL,NULL
fa99d48e-4cba-5f37-8491-4225f43a8541,2026-09-08T00:00:00,2026-09-08T00:00:00,0,Multiattack,"The mummy makes one Rotting Fist or Channel Negative Energy attack, and it uses Dreadful Glare.",3,74ea9d70-a5a1-5c65-8527-7e786bb6045e,ACTION,NULL,NULL,false,AT_WILL,NULL,NULL,NULL
69ce50ea-e44e-5a48-af82-aba0e83b0631,2026-09-08T00:00:00,2026-09-08T00:00:00,0,Rotting Fist,"Melee Attack Roll: +9, reach 5 ft. Hit: 15 (2d10 + 4) Bludgeoning damage plus 10 (3d6) Necrotic damage. If the target is a creature, it is cursed. While cursed, the target can't regain Hit Points, it gains no benefit from finishing a Long Rest, and its Hit Point maximum decreases by 10 (3d6) every 24 hours that elapse. A creature dies and turns to dust if reduced to 0 Hit Points by this attack.",4,74ea9d70-a5a1-5c65-8527-7e786bb6045e,ACTION,NULL,NULL,false,AT_WILL,NULL,NULL,NULL
7c4b3e07-6cbb-5e34-b1c4-1b2acb8a0927,2026-09-08T00:00:00,2026-09-08T00:00:00,0,Channel Negative Energy,"Ranged Attack Roll: +9, range 60 ft. Hit: 25 (6d6 + 4) Necrotic damage.",5,74ea9d70-a5a1-5c65-8527-7e786bb6045e,ACTION,NULL,NULL,false,AT_WILL,NULL,NULL,NULL
42c76579-db66-570e-8d94-d0da073594fe,2026-09-08T00:00:00,2026-09-08T00:00:00,0,Dreadful Glare,"Wisdom Saving Throw: DC 17, one creature the mummy can see within 60 feet. Failure: 25 (6d6 + 4) Psychic damage, and the target has the Paralyzed condition until the end of the mummy's next turn.",6,74ea9d70-a5a1-5c65-8527-7e786bb6045e,ACTION,NULL,NULL,false,AT_WILL,NULL,NULL,NULL
800d55b3-c93c-5354-9453-2267c38d1591,2026-09-08T00:00:00,2026-09-08T00:00:00,0,Spellcasting,"The mummy casts one of the following spells, requiring no Material components and using Wisdom as the spellcasting ability (spell save DC 17, +9 to hit with spell attacks): At Will: Dispel Magic, Thaumaturgy 1/Day Each: Animate Dead, Harm, Insect Plague (level 7 version)",7,74ea9d70-a5a1-5c65-8527-7e786bb6045e,ACTION,NULL,NULL,false,AT_WILL,NULL,NULL,NULL
88fdc37f-964b-5807-a158-4d86dea34765,2026-09-08T00:00:00,2026-09-08T00:00:00,0,Whirlwind of Sand,"Trigger: The mummy is hit by an attack roll. Response: The mummy adds 2 to its AC against the attack, possibly causing the attack to miss, and the mummy teleports up to 60 feet to an unoccupied space it can see. Each creature of its choice that it can see within 5 feet of its destination space has the Blinded condition until the end of the mummy's next turn.",8,74ea9d70-a5a1-5c65-8527-7e786bb6045e,REACTION,NULL,The mummy is hit by an attack roll.,false,AT_WILL,NULL,NULL,NULL
1a37e90c-d058-5e98-b051-3b89ba457ec6,2026-09-08T00:00:00,2026-09-08T00:00:00,0,Dread Command,"The mummy casts Command (level 2 version), using the same spellcasting ability as Spellcasting. The mummy can't take this action again until the start of its next turn.",9,74ea9d70-a5a1-5c65-8527-7e786bb6045e,LEGENDARY,NULL,NULL,false,PER_ROUND,1,NULL,NULL
95584833-edde-5df1-bea6-02406974a67c,2026-09-08T00:00:00,2026-09-08T00:00:00,0,Glare,The mummy uses Dreadful Glare. The mummy can't take this action again until the start of its next turn.,10,74ea9d70-a5a1-5c65-8527-7e786bb6045e,LEGENDARY,NULL,NULL,false,PER_ROUND,1,NULL,NULL
6db4633e-c4d8-57d4-aec4-3edf5a78712d,2026-09-08T00:00:00,2026-09-08T00:00:00,0,Necrotic Strike,The mummy makes one Rotting Fist or Channel Negative Energy attack.,11,74ea9d70-a5a1-5c65-8527-7e786bb6045e,LEGENDARY,NULL,NULL,false,AT_WILL,NULL,NULL,NULL
0984c78f-615c-5376-87d6-235af971b812,2026-09-08T00:00:00,2026-09-08T00:00:00,0,Demonic Restoration,"If the nalfeshnee dies outside the Abyss, its body dissolves into ichor, and it gains a new body instantly, reviving with all its Hit Points somewhere in the Abyss.",0,c165fa51-3abd-5b4d-a097-059ffbf588f4,PASSIVE,NULL,NULL,false,AT_WILL,NULL,NULL,NULL
d938135b-561e-5b47-980e-1fccd2afc5a2,2026-09-08T00:00:00,2026-09-08T00:00:00,0,Magic Resistance,The nalfeshnee has Advantage on saving throws against spells and other magical effects.,1,c165fa51-3abd-5b4d-a097-059ffbf588f4,PASSIVE,NULL,NULL,false,AT_WILL,NULL,NULL,NULL
d1e75f6e-5c0d-523f-a215-6642c7124be3,2026-09-08T00:00:00,2026-09-08T00:00:00,0,Multiattack,The nalfeshnee makes three Rend attacks.,2,c165fa51-3abd-5b4d-a097-059ffbf588f4,ACTION,NULL,NULL,false,AT_WILL,NULL,NULL,NULL
f7d4849b-d2b7-5740-85cc-c798eec0170b,2026-09-08T00:00:00,2026-09-08T00:00:00,0,Rend,"Melee Attack Roll: +10, reach 10 ft. Hit: 16 (2d10 + 5) Slashing damage plus 11 (2d10) Force damage.",3,c165fa51-3abd-5b4d-a097-059ffbf588f4,ACTION,NULL,NULL,false,AT_WILL,NULL,NULL,NULL
7bbf1b12-c756-5fbf-a816-fe50fe37a76b,2026-09-08T00:00:00,2026-09-08T00:00:00,0,Teleport,The nalfeshnee teleports up to 120 feet to an unoccupied space it can see.,4,c165fa51-3abd-5b4d-a097-059ffbf588f4,ACTION,NULL,NULL,false,AT_WILL,NULL,NULL,NULL
31442cf3-7aaa-5b9e-907e-217ef10689bb,2026-09-08T00:00:00,2026-09-08T00:00:00,0,Horror Nimbus,"Wisdom Saving Throw: DC 15, each creature in a 15-foot Emanation originating from the nalfeshnee. Failure: 28 (8d6) Psychic damage, and the target has the Frightened condition for 1 minute, until it takes damage, or until it ends its turn with the nalfeshnee out of line of sight. Success: The target is immune to this nalfeshnee's Horror Nimbus for 24 hours.",5,c165fa51-3abd-5b4d-a097-059ffbf588f4,BONUS_ACTION,NULL,NULL,false,RECHARGE,1,5,6
2978fd10-c7f6-5018-b434-e59496d7121b,2026-09-08T00:00:00,2026-09-08T00:00:00,0,Pursuit,"Trigger: Another creature the nalfeshnee can see ends its move within 120 feet of the nalfeshnee. Response: The nalfeshnee uses Teleport, but its destination space must be within 10 feet of the triggering creature.",6,c165fa51-3abd-5b4d-a097-059ffbf588f4,REACTION,NULL,Another creature the nalfeshnee can see ends its move within 120 feet of the nalfeshnee.,false,AT_WILL,NULL,NULL,NULL
b012d605-a84f-5fdf-b175-d86d39155862,2026-09-08T00:00:00,2026-09-08T00:00:00,0,Coven Magic,"While within 30 feet of at least two hag allies, the hag can cast one of the following spells, requiring no Material components, using the spell's normal casting time, and using Intelligence as the spellcasting ability (spell save DC 14): Augury, Find Familiar, Identify, Locate Object, Scrying, or Unseen Servant. The hag must finish a Long Rest before using this trait to cast that spell again.",0,65484791-9b43-5d65-be3b-cbf65b4be9c5,PASSIVE,NULL,NULL,false,AT_WILL,NULL,NULL,NULL
1a2457ad-4727-50ea-9120-ef8205cb9e7d,2026-09-08T00:00:00,2026-09-08T00:00:00,0,Magic Resistance,The hag has Advantage on saving throws against spells and other magical effects.,1,65484791-9b43-5d65-be3b-cbf65b4be9c5,PASSIVE,NULL,NULL,false,AT_WILL,NULL,NULL,NULL
6c4f7a13-24a8-55e5-ad72-c31963b0f15c,2026-09-08T00:00:00,2026-09-08T00:00:00,0,Soul Bag,"The hag has a soul bag. While holding or carrying the bag, the hag can use its Nightmare Haunting action. The bag has AC 15, HP 20, and Resistance to all damage. The bag turns to dust if reduced to 0 Hit Points. If the bag is destroyed, any souls the bag is holding are released. The hag can create a new bag after 7 days.",2,65484791-9b43-5d65-be3b-cbf65b4be9c5,PASSIVE,NULL,NULL,false,AT_WILL,NULL,NULL,NULL
ade59d40-d2e1-515b-9c9c-ebab1b5cc4b0,2026-09-08T00:00:00,2026-09-08T00:00:00,0,Multiattack,The hag makes two Claw attacks.,3,65484791-9b43-5d65-be3b-cbf65b4be9c5,ACTION,NULL,NULL,false,AT_WILL,NULL,NULL,NULL
84eb2192-5667-5d9a-9834-4c02a60d65bf,2026-09-08T00:00:00,2026-09-08T00:00:00,0,Claw,"Melee Attack Roll: +7, reach 5 ft. Hit: 13 (2d8 + 4) Slashing damage. Nightmare Haunting (1/Day; Requires Soul Bag). While on the Ethereal Plane, the hag casts Dream, using the same spellcasting ability as Spellcasting. Only the hag can serve as the spell's messenger, and the target must be a creature the hag can see on the Material Plane. The spell fails and is wasted if the target is under the effect of the Protection from Evil and Good spell or within a Magic Circle spell. If the target takes damage from the Dream spell, the target's Hit Point maximum decreases by an amount equal to that damage. If the spell kills the target, its soul is trapped in the hag's soul bag, and the target can't be raised from the dead until its soul is released.",4,65484791-9b43-5d65-be3b-cbf65b4be9c5,ACTION,NULL,NULL,false,AT_WILL,NULL,NULL,NULL
2e852a89-516e-5cf0-a3f5-acfe366b1af1,2026-09-08T00:00:00,2026-09-08T00:00:00,0,Spellcasting,"The hag casts one of the following spells, requiring no Material components and using Intelligence as the spellcasting ability (spell save DC 14): At Will: Detect Magic, Etherealness, Magic Missile (level 4 version) 2/Day Each: Phantasmal Killer, Plane Shift (self only)",5,65484791-9b43-5d65-be3b-cbf65b4be9c5,ACTION,NULL,NULL,false,AT_WILL,NULL,NULL,NULL
c0a34795-fe85-5549-925d-37d4703bb369,2026-09-08T00:00:00,2026-09-08T00:00:00,0,Shape-Shift,"The hag shape-shifts into a Small or Medium Humanoid, or it returns to its true form. Other than its size, its game statistics are the same in each form. Any equipment it is wearing or carrying isn't transformed.",6,65484791-9b43-5d65-be3b-cbf65b4be9c5,BONUS_ACTION,NULL,NULL,false,AT_WILL,NULL,NULL,NULL
84954068-6448-564d-9f87-c5d6893a9ce6,2026-09-08T00:00:00,2026-09-08T00:00:00,0,Confer Fire Resistance,The nightmare can grant Resistance to Fire damage to a rider while it is on the nightmare.,0,40c86b28-ff23-54d9-9533-80b34fb57638,PASSIVE,NULL,NULL,false,AT_WILL,NULL,NULL,NULL
6ab29bb5-de46-5e02-a92b-9ef832306375,2026-09-08T00:00:00,2026-09-08T00:00:00,0,Illumination,The nightmare sheds Bright Light in a 10foot radius and Dim Light for an additional 10 feet.,1,40c86b28-ff23-54d9-9533-80b34fb57638,PASSIVE,NULL,NULL,false,AT_WILL,NULL,NULL,NULL
65500e20-ffdb-588b-bcc7-0260fad3efab,2026-09-08T00:00:00,2026-09-08T00:00:00,0,Hooves,"Melee Attack Roll: +6, reach 5 ft. Hit: 13 (2d8 + 4) Bludgeoning damage plus 10 (3d6) Fire damage.",2,40c86b28-ff23-54d9-9533-80b34fb57638,ACTION,NULL,NULL,false,AT_WILL,NULL,NULL,NULL
bb0861e8-11d8-5bc5-9c0e-8b49bbc6fdb3,2026-09-08T00:00:00,2026-09-08T00:00:00,0,Ethereal Stride,The nightmare and up to three willing creatures within 5 feet of it teleport to the Ethereal Plane from the Material Plane or vice versa.,3,40c86b28-ff23-54d9-9533-80b34fb57638,ACTION,NULL,NULL,false,AT_WILL,NULL,NULL,NULL
5391dd2f-0add-58be-b595-6f9802157d17,2026-09-08T00:00:00,2026-09-08T00:00:00,0,Rapier,"Melee Attack Roll: +3, reach 5 ft. Hit: 5 (1d8 + 1) Piercing damage.",0,5d5a5edf-cbf2-5478-954e-06f2f58313f3,ACTION,NULL,NULL,false,AT_WILL,NULL,NULL,NULL
ee5f4fa4-2893-5063-8cfb-081e2280dda9,2026-09-08T00:00:00,2026-09-08T00:00:00,0,Parry,"Trigger: The noble is hit by a melee attack roll while holding a weapon. Response: The noble adds 2 to its AC against that attack, possibly causing it to miss.",1,5d5a5edf-cbf2-5478-954e-06f2f58313f3,REACTION,NULL,The noble is hit by a melee attack roll while holding a weapon.,false,AT_WILL,NULL,NULL,NULL
c1e7d948-7393-508d-bb93-fe0b052c323e,2026-09-08T00:00:00,2026-09-08T00:00:00,0,Amorphous,The jelly can move through a space as narrow as 1 inch without expending extra movement to do so.,0,9dd8d1ff-7594-518e-9d12-2b93012eaa10,PASSIVE,NULL,NULL,false,AT_WILL,NULL,NULL,NULL
91f06265-4214-5326-8f35-133fa622f27b,2026-09-08T00:00:00,2026-09-08T00:00:00,0,Spider Climb,"The jelly can climb difficult surfaces, including along ceilings, without needing to make an ability check.",1,9dd8d1ff-7594-518e-9d12-2b93012eaa10,PASSIVE,NULL,NULL,false,AT_WILL,NULL,NULL,NULL
ee5237ad-a1f8-5e86-8add-89fa98746adb,2026-09-08T00:00:00,2026-09-08T00:00:00,0,Pseudopod,"Melee Attack Roll: +4, reach 5 ft. Hit: 12 (3d6 + 2) Acid damage.",2,9dd8d1ff-7594-518e-9d12-2b93012eaa10,ACTION,NULL,NULL,false,AT_WILL,NULL,NULL,NULL
e7389324-0687-5c35-acbd-f0860dd4e379,2026-09-08T00:00:00,2026-09-08T00:00:00,0,Split,"Trigger: While the jelly is Large or Medium and has 10+ Hit Points, it becomes Bloodied or is subjected to Lightning or Slashing damage. Response: The jelly splits into two new Ochre Jellies. Each new jelly is one size smaller than the original jelly and acts on its Initiative. The original jelly's Hit Points are divided evenly between the new jellies (round down).",3,9dd8d1ff-7594-518e-9d12-2b93012eaa10,REACTION,NULL,"While the jelly is Large or Medium and has 10+ Hit Points, it becomes Bloodied or is subjected to Lightning or Slashing damage.",false,AT_WILL,NULL,NULL,NULL
b3cd4722-604d-58d2-ae46-e5915189900d,2026-09-08T00:00:00,2026-09-08T00:00:00,0,Greatclub,"Melee Attack Roll: +6, reach 5 ft. Hit: 13 (2d8 + 4) Bludgeoning damage.",0,78c08956-5857-51c0-acfc-26dd812a1909,ACTION,NULL,NULL,false,AT_WILL,NULL,NULL,NULL
12cfc518-49a8-58b4-8d8b-fb5932987a61,2026-09-08T00:00:00,2026-09-08T00:00:00,0,Javelin,"Melee or Ranged Attack Roll: +6, reach 5 ft. or range 30/120 ft. Hit: 11 (2d6 + 4) Piercing damage.",1,78c08956-5857-51c0-acfc-26dd812a1909,ACTION,NULL,NULL,false,AT_WILL,NULL,NULL,NULL
58cba208-f85b-5a56-9f61-9e06c0c043d3,2026-09-08T00:00:00,2026-09-08T00:00:00,0,Regeneration,The oni regains 10 Hit Points at the start of each of its turns if it has at least 1 Hit Point.,0,50b05fc2-5b24-59c4-92c4-6151e86f42ed,PASSIVE,NULL,NULL,false,AT_WILL,NULL,NULL,NULL
e4b2ee5c-e3cb-5ae6-8ca9-316a0ba30290,2026-09-08T00:00:00,2026-09-08T00:00:00,0,Multiattack,The oni makes two Claw or Nightmare Ray attacks. It can replace one attack with a use of Spellcasting.,1,50b05fc2-5b24-59c4-92c4-6151e86f42ed,ACTION,NULL,NULL,false,AT_WILL,NULL,NULL,NULL
195fd02d-dc88-5b94-8d11-2ff5ea14029d,2026-09-08T00:00:00,2026-09-08T00:00:00,0,Claw,"Melee Attack Roll: +7, reach 10 ft. Hit: 10 (1d12 + 4) Slashing damage plus 9 (2d8) Necrotic damage.",2,50b05fc2-5b24-59c4-92c4-6151e86f42ed,ACTION,NULL,NULL,false,AT_WILL,NULL,NULL,NULL
1b6437c9-7dfe-52c7-85d1-e78235db05ac,2026-09-08T00:00:00,2026-09-08T00:00:00,0,Nightmare Ray,"Ranged Attack Roll: +5, range 60 ft. Hit: 9 (2d6 + 2) Psychic damage, and the target has the Frightened condition until the start of the oni's next turn.",3,50b05fc2-5b24-59c4-92c4-6151e86f42ed,ACTION,NULL,NULL,false,AT_WILL,NULL,NULL,NULL
d95ce4fa-42d3-558b-be5f-fbfc9b427489,2026-09-08T00:00:00,2026-09-08T00:00:00,0,Shape-Shift,"The oni shape-shifts into a Small or Medium Humanoid or a Large Giant, or it returns to its true form. Other than its size, its game statistics are the same in each form. Any equipment it is wearing or carrying isn't transformed.",4,50b05fc2-5b24-59c4-92c4-6151e86f42ed,ACTION,NULL,NULL,false,AT_WILL,NULL,NULL,NULL
fd03bd00-57df-55a5-ad39-55ed4a59ae6a,2026-09-08T00:00:00,2026-09-08T00:00:00,0,Spellcasting,"The oni casts one of the following spells, requiring no Material components and using Charisma as the spellcasting ability (spell save DC 13): 1/Day Each: Charm Person (level 2 version), Darkness, Gaseous Form, Sleep",5,50b05fc2-5b24-59c4-92c4-6151e86f42ed,ACTION,NULL,NULL,false,AT_WILL,NULL,NULL,NULL
67672ec9-4150-5d43-ae95-b6855f31ae58,2026-09-08T00:00:00,2026-09-08T00:00:00,0,Invisibility,"The oni casts Invisibility on itself, requiring no spell components and using the same spellcasting ability as Spellcasting.",6,50b05fc2-5b24-59c4-92c4-6151e86f42ed,BONUS_ACTION,NULL,NULL,false,AT_WILL,NULL,NULL,NULL
d5474b55-2240-5966-b2db-77c7a4b8f978,2026-09-08T00:00:00,2026-09-08T00:00:00,0,Multiattack,The otyugh makes one Bite attack and two Tentacle attacks.,0,40a2a2bb-0e31-5d7f-a389-5b795ba869a8,ACTION,NULL,NULL,false,AT_WILL,NULL,NULL,NULL
f438595f-a236-5698-b2a6-fb7f2e107b51,2026-09-08T00:00:00,2026-09-08T00:00:00,0,Bite,"Melee Attack Roll: +6, reach 5 ft. Hit: 12 (2d8 + 3) Piercing damage, and the target has the Poisoned condition. Whenever the Poisoned target finishes a Long Rest, it is subjected to the following effect. Constitution Saving Throw: DC 15. Failure: The target's Hit Point maximum decreases by 5 (1d10) and doesn't return to normal until the Poisoned condition ends on the target. Success: The Poisoned condition ends.",1,40a2a2bb-0e31-5d7f-a389-5b795ba869a8,ACTION,NULL,NULL,false,AT_WILL,NULL,NULL,NULL
2b70b518-e7eb-5e16-8156-d2b482b7ab49,2026-09-08T00:00:00,2026-09-08T00:00:00,0,Tentacle,"Melee Attack Roll: +6, reach 10 ft. Hit: 12 (2d8 + 3) Piercing damage. If the target is a Medium or smaller creature, it has the Grappled condition (escape DC 13) from one of two tentacles.",2,40a2a2bb-0e31-5d7f-a389-5b795ba869a8,ACTION,NULL,NULL,false,AT_WILL,NULL,NULL,NULL
09ab452e-e6c2-593b-952e-db4e12b27a1b,2026-09-08T00:00:00,2026-09-08T00:00:00,0,Tentacle Slam,"Constitution Saving Throw: DC 14, each creature Grappled by the otyugh. Failure: 16 (3d8 + 3) Bludgeoning damage, and the target has the Stunned condition until the start of the otyugh's next turn. Success: Half damage only.",3,40a2a2bb-0e31-5d7f-a389-5b795ba869a8,ACTION,NULL,NULL,false,AT_WILL,NULL,NULL,NULL
411497b4-54f9-59d3-b3bd-686e8fec9217,2026-09-08T00:00:00,2026-09-08T00:00:00,0,Multiattack,The owlbear makes two Rend attacks.,0,d54766b1-f3fe-52d9-8957-55829cd140cc,ACTION,NULL,NULL,false,AT_WILL,NULL,NULL,NULL
8ba7a478-a5d3-5c21-88fb-90748968c094,2026-09-08T00:00:00,2026-09-08T00:00:00,0,Rend,"Melee Attack Roll: +7, reach 5 ft. Hit: 14 (2d8 + 5) Slashing damage.",1,d54766b1-f3fe-52d9-8957-55829cd140cc,ACTION,NULL,NULL,false,AT_WILL,NULL,NULL,NULL
71f2613f-18ec-503e-b372-b2e0783ab934,2026-09-08T00:00:00,2026-09-08T00:00:00,0,Hooves,"Melee Attack Roll: +6, reach 5 ft. Hit: 7 (1d6 + 4) Bludgeoning damage plus 5 (2d4) Radiant damage.",0,61137728-1031-5ab2-961d-cd09da5d24b0,ACTION,NULL,NULL,false,AT_WILL,NULL,NULL,NULL
480e6679-3999-52e9-93ad-012e1efab797,2026-09-08T00:00:00,2026-09-08T00:00:00,0,Ethereal Sight,The spider can see 60 feet into the Ethereal Plane while on the Material Plane and vice versa.,0,344e7a03-e20a-5e8f-9d0b-fd14273b2f97,PASSIVE,NULL,NULL,false,AT_WILL,NULL,NULL,NULL
75c7d85d-3127-5647-8ded-5ada77d3b392,2026-09-08T00:00:00,2026-09-08T00:00:00,0,Spider Climb,"The spider can climb difficult surfaces, including along ceilings, without needing to make an ability check.",1,344e7a03-e20a-5e8f-9d0b-fd14273b2f97,PASSIVE,NULL,NULL,false,AT_WILL,NULL,NULL,NULL
7e408ecd-0315-5cdf-8206-7dfacffa7371,2026-09-08T00:00:00,2026-09-08T00:00:00,0,Web Walker,"The spider ignores movement restrictions caused by webs, and the spider knows the location of any other creature in contact with the same web.",2,344e7a03-e20a-5e8f-9d0b-fd14273b2f97,PASSIVE,NULL,NULL,false,AT_WILL,NULL,NULL,NULL
543b8f4d-7531-52c7-8a00-f34d1d3fc2c7,2026-09-08T00:00:00,2026-09-08T00:00:00,0,Multiattack,The spider makes two Bite attacks.,3,344e7a03-e20a-5e8f-9d0b-fd14273b2f97,ACTION,NULL,NULL,false,AT_WILL,NULL,NULL,NULL
70d141ae-2f95-526d-bccd-9af3fa7dc017,2026-09-08T00:00:00,2026-09-08T00:00:00,0,Bite,"Melee Attack Roll: +5, reach 5 ft. Hit: 8 (1d10 + 3) Piercing damage plus 9 (2d8) Poison damage. If this damage reduces the target to 0 Hit Points, the target becomes Stable, and it has the Poisoned condition for 1 hour. While Poisoned, the target also has the Paralyzed condition.",4,344e7a03-e20a-5e8f-9d0b-fd14273b2f97,ACTION,NULL,NULL,false,AT_WILL,NULL,NULL,NULL
aa050834-815e-5701-8e20-b7d39da872ac,2026-09-08T00:00:00,2026-09-08T00:00:00,0,Ethereal Jaunt,The spider teleports from the Material Plane to the Ethereal Plane or vice versa. Pirates,5,344e7a03-e20a-5e8f-9d0b-fd14273b2f97,BONUS_ACTION,NULL,NULL,false,AT_WILL,NULL,NULL,NULL
cfb4c391-9c8f-55b5-b014-c6f488b69e4d,2026-09-08T00:00:00,2026-09-08T00:00:00,0,Multiattack,The pirate makes two Dagger attacks. It can replace one attack with a use of Enthralling Panache.,0,5a7ebffa-d46d-5348-97b6-74810cf440ab,ACTION,NULL,NULL,false,AT_WILL,NULL,NULL,NULL
3c6a2dfa-b26e-5350-bd52-33e4cfbdecc1,2026-09-08T00:00:00,2026-09-08T00:00:00,0,Dagger,"Melee or Ranged Attack Roll: +5, reach 5 ft. or range 20/60 ft. Hit: 5 (1d4 + 3) Piercing damage.",1,5a7ebffa-d46d-5348-97b6-74810cf440ab,ACTION,NULL,NULL,false,AT_WILL,NULL,NULL,NULL
78d09c08-0ce1-5c90-a55e-d23312932383,2026-09-08T00:00:00,2026-09-08T00:00:00,0,Enthralling Panache,"Wisdom Saving Throw: DC 12, one creature the pirate can see within 30 feet. Failure: The target has the Charmed condition until the start of the pirate's next turn.",2,5a7ebffa-d46d-5348-97b6-74810cf440ab,ACTION,NULL,NULL,false,AT_WILL,NULL,NULL,NULL
c4e67921-c17a-5ad7-b56d-4d6756eb2db5,2026-09-08T00:00:00,2026-09-08T00:00:00,0,Multiattack,"The pirate makes three attacks, using Rapier or Pistol in any combination.",0,5fad0893-2721-5e54-87ac-c74595a5a8e1,ACTION,NULL,NULL,false,AT_WILL,NULL,NULL,NULL
a618fd2e-37ed-5304-938b-f24b7d55d704,2026-09-08T00:00:00,2026-09-08T00:00:00,0,Rapier,"Melee Attack Roll: +7, reach 5 ft. Hit: 13 (2d8 + 4) Piercing damage, and the pirate has Advantage on the next attack roll it makes before the end of this turn.",1,5fad0893-2721-5e54-87ac-c74595a5a8e1,ACTION,NULL,NULL,false,AT_WILL,NULL,NULL,NULL
5a7d2fe3-510f-564e-9284-4c7992e1af95,2026-09-08T00:00:00,2026-09-08T00:00:00,0,Pistol,"Ranged Attack Roll: +7, range 30/90 ft. Hit: 15 (2d10 + 4) Piercing damage.",2,5fad0893-2721-5e54-87ac-c74595a5a8e1,ACTION,NULL,NULL,false,AT_WILL,NULL,NULL,NULL
4929f329-3a73-5fc9-97f8-2f6ab1049c5e,2026-09-08T00:00:00,2026-09-08T00:00:00,0,Captain's Charm,"Wisdom Saving Throw: DC 14, one creature the pirate can see within 30 feet. Failure: The target has the Charmed condition until the start of the pirate's next turn.",3,5fad0893-2721-5e54-87ac-c74595a5a8e1,BONUS_ACTION,NULL,NULL,false,AT_WILL,NULL,NULL,NULL
e5927404-9b92-51b4-a9af-04da0be83313,2026-09-08T00:00:00,2026-09-08T00:00:00,0,Riposte,"Trigger: The pirate is hit by a melee attack roll while holding a weapon. Response: The pirate adds 3 to its AC against that attack, possibly causing it to miss. On a miss, the pirate makes one Rapier attack against the triggering creature if within range.",4,5fad0893-2721-5e54-87ac-c74595a5a8e1,REACTION,NULL,The pirate is hit by a melee attack roll while holding a weapon.,false,AT_WILL,NULL,NULL,NULL
f48c2198-6ba2-53f1-a0a4-385f731bb30d,2026-09-08T00:00:00,2026-09-08T00:00:00,0,Diabolical Restoration,"If the pit fiend dies outside the Nine Hells, its body disappears in sulfurous smoke, and it gains a new body instantly, reviving with all its Hit Points somewhere in the Nine Hells.",0,1f6780e2-633d-523c-9ae4-6f74c4ca04bc,PASSIVE,NULL,NULL,false,AT_WILL,NULL,NULL,NULL
5d86c906-4da1-5e52-86e3-3d7eee004de8,2026-09-08T00:00:00,2026-09-08T00:00:00,0,Fear Aura,"The pit fiend emanates an aura in a 20foot Emanation while it doesn't have the Incapacitated condition. Wisdom Saving Throw: DC 21, any enemy that starts its turn in the aura. Failure: The target has the Frightened condition until the start of its next turn. Success: The target is immune to this pit fiend's aura for 24 hours.",1,1f6780e2-633d-523c-9ae4-6f74c4ca04bc,PASSIVE,NULL,NULL,false,AT_WILL,NULL,NULL,NULL
225dca88-a704-5158-9374-9c5a92996d4c,2026-09-08T00:00:00,2026-09-08T00:00:00,0,Legendary Resistance,"If the pit fiend fails a saving throw, it can choose to succeed instead.",2,1f6780e2-633d-523c-9ae4-6f74c4ca04bc,PASSIVE,NULL,NULL,false,PER_DAY,4,NULL,NULL
b598218b-680d-5ed4-a063-45a1334d7fbe,2026-09-08T00:00:00,2026-09-08T00:00:00,0,Magic Resistance,The pit fiend has Advantage on saving throws against spells and other magical effects.,3,1f6780e2-633d-523c-9ae4-6f74c4ca04bc,PASSIVE,NULL,NULL,false,AT_WILL,NULL,NULL,NULL
cbc74d1f-ab08-5b62-8886-53d5b551d6b1,2026-09-08T00:00:00,2026-09-08T00:00:00,0,Multiattack,"The pit fiend makes one Bite attack, two Devilish Claw attacks, and one Fiery Mace attack.",4,1f6780e2-633d-523c-9ae4-6f74c4ca04bc,ACTION,NULL,NULL,false,AT_WILL,NULL,NULL,NULL
0241f7c9-9da4-5648-bd59-d0d41d1c1c7e,2026-09-08T00:00:00,2026-09-08T00:00:00,0,Bite,"Melee Attack Roll: +14, reach 10 ft. Hit: 18 (3d6 + 8) Piercing damage. If the target is a creature, it must make the following saving throw. Constitution Saving Throw: DC 21. Failure: The target has the Poisoned condition. While Poisoned, the target can't regain Hit Points and takes 21 (6d6) Poison damage at the start of each of its turns, and it repeats the save at the end of each of its turns, ending the effect on itself on a success. After 1 minute, it succeeds automatically.",5,1f6780e2-633d-523c-9ae4-6f74c4ca04bc,ACTION,NULL,NULL,false,AT_WILL,NULL,NULL,NULL
77f5da4b-04c5-5f3a-820e-3081303ae99f,2026-09-08T00:00:00,2026-09-08T00:00:00,0,Devilish Claw,"Melee Attack Roll: +14, reach 10 ft. Hit: 26 (4d8 + 8) Necrotic damage.",6,1f6780e2-633d-523c-9ae4-6f74c4ca04bc,ACTION,NULL,NULL,false,AT_WILL,NULL,NULL,NULL
2473b77e-568d-59ef-a6d9-74cf7350260d,2026-09-08T00:00:00,2026-09-08T00:00:00,0,Fiery Mace,"Melee Attack Roll: +14, reach 10 ft. Hit: 22 (4d6 + 8) Force damage plus 21 (6d6) Fire damage.",7,1f6780e2-633d-523c-9ae4-6f74c4ca04bc,ACTION,NULL,NULL,false,AT_WILL,NULL,NULL,NULL
28d4d215-0ade-5c03-9920-71c3528b4591,2026-09-08T00:00:00,2026-09-08T00:00:00,0,Hellfire Spellcasting,"The pit fiend casts Fireball (level 5 version) twice, requiring no Material components and using Charisma as the spellcasting ability (spell save DC 21). It can replace one Fireball with Hold Monster (level 7 version) or Wall of Fire.",8,1f6780e2-633d-523c-9ae4-6f74c4ca04bc,ACTION,NULL,NULL,false,RECHARGE,1,4,6
56593b9e-534f-578c-9fe3-373b3a477c83,2026-09-08T00:00:00,2026-09-08T00:00:00,0,Divine Awareness,The planetar knows if it hears a lie.,0,d5c41de9-f969-5a3a-a98b-a355fc36b0a4,PASSIVE,NULL,NULL,false,AT_WILL,NULL,NULL,NULL
d17dbdd2-7d6c-5330-8c36-96729507fade,2026-09-08T00:00:00,2026-09-08T00:00:00,0,Exalted Restoration,"If the planetar dies outside Mount Celestia, its body disappears, and it gains a new body instantly, reviving with all its Hit Points somewhere in Mount Celestia.",1,d5c41de9-f969-5a3a-a98b-a355fc36b0a4,PASSIVE,NULL,NULL,false,AT_WILL,NULL,NULL,NULL
044fbc9b-8054-5ca4-b5ca-0c4b14e722f0,2026-09-08T00:00:00,2026-09-08T00:00:00,0,Magic Resistance,The planetar has Advantage on saving throws against spells and other magical effects.,2,d5c41de9-f969-5a3a-a98b-a355fc36b0a4,PASSIVE,NULL,NULL,false,AT_WILL,NULL,NULL,NULL
9504f047-7d14-5328-91a9-ef1839c9c5b1,2026-09-08T00:00:00,2026-09-08T00:00:00,0,Multiattack,The planetar makes three Radiant Sword attacks or uses Holy Burst twice.,3,d5c41de9-f969-5a3a-a98b-a355fc36b0a4,ACTION,NULL,NULL,false,AT_WILL,NULL,NULL,NULL
fd1fec71-6200-5430-9bd5-7470b67b7dc4,2026-09-08T00:00:00,2026-09-08T00:00:00,0,Radiant Sword,"Melee Attack Roll: +12, reach 10 ft. Hit: 14 (2d6 + 7) Slashing damage plus 18 (4d8) Radiant damage.",4,d5c41de9-f969-5a3a-a98b-a355fc36b0a4,ACTION,NULL,NULL,false,AT_WILL,NULL,NULL,NULL
dbf599d8-caae-57f0-99d5-54395257d4b2,2026-09-08T00:00:00,2026-09-08T00:00:00,0,Holy Burst,"Dexterity Saving Throw: DC 20, each enemy in a 20-foot-radius Sphere centered on a point the planetar can see within 120 feet. Failure: 24 (7d6) Radiant damage. Success: Half damage.",5,d5c41de9-f969-5a3a-a98b-a355fc36b0a4,ACTION,NULL,NULL,false,AT_WILL,NULL,NULL,NULL
46546afe-6e95-552e-a213-2d86ec220b31,2026-09-08T00:00:00,2026-09-08T00:00:00,0,Spellcasting,"The planetar casts one of the following spells, requiring no Material components and using Charisma as spellcasting ability (spell save DC 20): At Will: Detect Evil and Good 1/Day Each: Commune, Control Weather, Dispel Evil and Good, Raise Dead",6,d5c41de9-f969-5a3a-a98b-a355fc36b0a4,ACTION,NULL,NULL,false,AT_WILL,NULL,NULL,NULL
5efce279-6457-5abf-9dad-026bdaf4bb05,2026-09-08T00:00:00,2026-09-08T00:00:00,0,Divine Aid,"The planetar casts Cure Wounds, Invisibility, Lesser Restoration, or Remove Curse, using the same spellcasting ability as Spellcasting. Priests",7,d5c41de9-f969-5a3a-a98b-a355fc36b0a4,BONUS_ACTION,NULL,NULL,false,PER_DAY,2,NULL,NULL
810c27b1-6e41-5365-82bc-1b2b0af1c87a,2026-09-08T00:00:00,2026-09-08T00:00:00,0,Mace,"Melee Attack Roll: +4, reach 5 ft. Hit: 5 (1d6 + 2) Bludgeoning damage plus 2 (1d4) Radiant damage.",0,8373949f-5cb1-5479-ba9a-652851ba3ab9,ACTION,NULL,NULL,false,AT_WILL,NULL,NULL,NULL
71b42ef5-9699-5fef-8fe1-b69767e0f4bb,2026-09-08T00:00:00,2026-09-08T00:00:00,0,Radiant Flame,"Ranged Attack Roll: +4, range 60 ft. Hit: 7 (2d6) Radiant damage.",1,8373949f-5cb1-5479-ba9a-652851ba3ab9,ACTION,NULL,NULL,false,AT_WILL,NULL,NULL,NULL
c2318ed3-53e1-5393-b1ea-b39f60452e1b,2026-09-08T00:00:00,2026-09-08T00:00:00,0,Spellcasting,"The priest casts one of the following spells, using Wisdom as the spellcasting ability: At Will: Light, Thaumaturgy",2,8373949f-5cb1-5479-ba9a-652851ba3ab9,ACTION,NULL,NULL,false,AT_WILL,NULL,NULL,NULL
151b52c0-7636-586e-811d-90d954ce16ec,2026-09-08T00:00:00,2026-09-08T00:00:00,0,Divine Aid,"The priest casts Bless, Healing Word, or Sanctuary, using the same spellcasting ability as Spellcasting.",3,8373949f-5cb1-5479-ba9a-652851ba3ab9,BONUS_ACTION,NULL,NULL,false,PER_DAY,1,NULL,NULL
462d4859-05bf-5e08-8906-20f7c5665adf,2026-09-08T00:00:00,2026-09-08T00:00:00,0,Multiattack,"The priest makes two attacks, using Mace or Radiant Flame in any combination.",0,20998135-fcaa-5d94-8d4b-1f95bdecb9c3,ACTION,NULL,NULL,false,AT_WILL,NULL,NULL,NULL
2ef6cb1b-062a-523f-b270-34b52b32df7f,2026-09-08T00:00:00,2026-09-08T00:00:00,0,Mace,"Melee Attack Roll: +5, reach 5 ft. Hit: 6 (1d6 + 3) Bludgeoning damage plus 5 (2d4) Radiant damage.",1,20998135-fcaa-5d94-8d4b-1f95bdecb9c3,ACTION,NULL,NULL,false,AT_WILL,NULL,NULL,NULL
d67a7573-017d-5287-9257-4fcde3b29785,2026-09-08T00:00:00,2026-09-08T00:00:00,0,Radiant Flame,"Ranged Attack Roll: +5, range 60 ft. Hit: 11 (2d10) Radiant damage.",2,20998135-fcaa-5d94-8d4b-1f95bdecb9c3,ACTION,NULL,NULL,false,AT_WILL,NULL,NULL,NULL
44aac0eb-0ba1-56ef-b0b4-95fff0d7808b,2026-09-08T00:00:00,2026-09-08T00:00:00,0,Spellcasting,"The priest casts one of the following spells, using Wisdom as the spellcasting ability (spell save DC 13): At Will: Light, Thaumaturgy 1/Day: Spirit Guardians",3,20998135-fcaa-5d94-8d4b-1f95bdecb9c3,ACTION,NULL,NULL,false,AT_WILL,NULL,NULL,NULL
8695f855-68ed-5395-ab8e-5296921d6dad,2026-09-08T00:00:00,2026-09-08T00:00:00,0,Divine Aid,"The priest casts Bless, Dispel Magic, Healing Word, or Lesser Restoration, using the same spellcasting ability as Spellcasting.",4,20998135-fcaa-5d94-8d4b-1f95bdecb9c3,BONUS_ACTION,NULL,NULL,false,PER_DAY,3,NULL,NULL
580a2e0d-47a9-580e-aa71-d76b85900bb5,2026-09-08T00:00:00,2026-09-08T00:00:00,0,Magic Resistance,The pseudodragon has Advantage on saving throws against spells and other magical effects.,0,6dca46b9-6593-51c7-9bb3-08dbb296e7ca,PASSIVE,NULL,NULL,false,AT_WILL,NULL,NULL,NULL
88552fdd-a7b0-55bb-82db-463d170f339d,2026-09-08T00:00:00,2026-09-08T00:00:00,0,Multiattack,The pseudodragon makes two Bite attacks.,1,6dca46b9-6593-51c7-9bb3-08dbb296e7ca,ACTION,NULL,NULL,false,AT_WILL,NULL,NULL,NULL
9995b584-23bc-54e2-9957-4410a78d02ef,2026-09-08T00:00:00,2026-09-08T00:00:00,0,Bite,"Melee Attack Roll: +4, reach 5 ft. Hit: 4 (1d4 + 2) Piercing damage.",2,6dca46b9-6593-51c7-9bb3-08dbb296e7ca,ACTION,NULL,NULL,false,AT_WILL,NULL,NULL,NULL
0248a306-7116-5142-bcb7-a675356dd2bf,2026-09-08T00:00:00,2026-09-08T00:00:00,0,Sting,"Constitution Saving Throw: DC 12, one creature the pseudodragon can see within 5 feet. Failure: 5 (2d4) Poison damage, and the target has the Poisoned condition for 1 hour. Failure by 5 or More: While Poisoned, the target also has the Unconscious condition, which ends early if the target takes damage or a creature within 5 feet of it takes an action to wake it.",3,6dca46b9-6593-51c7-9bb3-08dbb296e7ca,ACTION,NULL,NULL,false,AT_WILL,NULL,NULL,NULL
6fc0f77f-71b0-5e72-83f1-2082a7435aca,2026-09-08T00:00:00,2026-09-08T00:00:00,0,Tunneler,The worm can burrow through solid rock at half its Burrow Speed and leaves a 10-foot-diameter tunnel in its wake.,0,d0069fe4-1f7f-531e-969e-8e9f751cbb02,PASSIVE,NULL,NULL,false,AT_WILL,NULL,NULL,NULL
219dfc07-a385-56d4-9ba3-e164c5db1e90,2026-09-08T00:00:00,2026-09-08T00:00:00,0,Multiattack,The worm makes one Bite attack and one Tail Stinger attack.,1,d0069fe4-1f7f-531e-969e-8e9f751cbb02,ACTION,NULL,NULL,false,AT_WILL,NULL,NULL,NULL
37fae7c1-bd1c-5a62-8710-f0db0567c0bb,2026-09-08T00:00:00,2026-09-08T00:00:00,0,Bite,"Melee Attack Roll: +14, reach 10 ft. Hit: 22 (3d8 + 9) Piercing damage. If the target is a Large or smaller creature, it has the Grappled condition (escape DC 19), and it has the Restrained condition until the grapple ends.",2,d0069fe4-1f7f-531e-969e-8e9f751cbb02,ACTION,NULL,NULL,false,AT_WILL,NULL,NULL,NULL
1b3fdefc-cf89-5e78-91bf-af4783cbcfc9,2026-09-08T00:00:00,2026-09-08T00:00:00,0,Tail Stinger,"Melee Attack Roll: +14, reach 10 ft. Hit: 16 (2d6 + 9) Piercing damage plus 35 (10d6) Poison damage.",3,d0069fe4-1f7f-531e-969e-8e9f751cbb02,ACTION,NULL,NULL,false,AT_WILL,NULL,NULL,NULL
8af18914-7a88-5978-ac84-57913e84d875,2026-09-08T00:00:00,2026-09-08T00:00:00,0,Swallow,"Strength Saving Throw: DC 19, one Large or smaller creature Grappled by the worm (it can have up to three creatures swallowed at a time). Failure: The target is swallowed by the worm, and the Grappled condition ends. A swallowed creature has the Blinded and Restrained conditions, has Total Cover against attacks and other effects outside the worm, and takes 17 (5d6) Acid damage at the start of each of the worm's turns. If the worm takes 30 damage or more on a single turn from a creature inside it, the worm must succeed on a DC 21 Constitution saving throw at the end of that turn or regurgitate all swallowed creatures, each of which falls in a space within 5 feet of the worm and has the Prone condition. If the worm dies, any swallowed creature no longer has the Restrained condition and can escape from the corpse using 20 feet of movement, exiting Prone.",4,d0069fe4-1f7f-531e-969e-8e9f751cbb02,BONUS_ACTION,NULL,NULL,false,AT_WILL,NULL,NULL,NULL
493168eb-9f48-57ea-9aa9-b21a6890c13e,2026-09-08T00:00:00,2026-09-08T00:00:00,0,Magic Resistance,The quasit has Advantage on saving throws against spells and other magical effects.,0,8b4527f2-be0e-54a1-9a38-5c740f5be669,PASSIVE,NULL,NULL,false,AT_WILL,NULL,NULL,NULL
9cb54093-0981-5ecf-8175-51a458bd2691,2026-09-08T00:00:00,2026-09-08T00:00:00,0,Rend,"Melee Attack Roll: +5, reach 5 ft. Hit: 5 (1d4 + 3) Slashing damage, and the target has the Poisoned condition until the start of the quasit's next turn.",1,8b4527f2-be0e-54a1-9a38-5c740f5be669,ACTION,NULL,NULL,false,AT_WILL,NULL,NULL,NULL
ec627b40-c185-5fba-96f8-7f206ede7582,2026-09-08T00:00:00,2026-09-08T00:00:00,0,Invisibility,"The quasit casts Invisibility on itself, requiring no spell components and using Charisma as the spellcasting ability.",2,8b4527f2-be0e-54a1-9a38-5c740f5be669,ACTION,NULL,NULL,false,AT_WILL,NULL,NULL,NULL
7901ae3b-2e7d-51f0-9511-95a15de10b89,2026-09-08T00:00:00,2026-09-08T00:00:00,0,Scare,"Wisdom Saving Throw: DC 10, one creature within 20 feet. Failure: The target has the Frightened condition. At the end of each of its turns, the target repeats the save, ending the effect on itself on a success. After 1 minute, it succeeds automatically.",3,8b4527f2-be0e-54a1-9a38-5c740f5be669,ACTION,NULL,NULL,false,PER_DAY,1,NULL,NULL
6efe49dc-73b8-5338-9a21-424b99b35ebe,2026-09-08T00:00:00,2026-09-08T00:00:00,0,Shape-Shift,"The quasit shape-shifts to resemble a bat (Speed 10 ft., Fly 40 ft.), a centipede (40 ft., Climb 40 ft.), or a toad (40 ft., Swim 40 ft.), or it returns to its true form. Its game statistics are the same in each form, except for its Speed. Any equipment it is wearing or carrying isn't transformed.",4,8b4527f2-be0e-54a1-9a38-5c740f5be669,ACTION,NULL,NULL,false,AT_WILL,NULL,NULL,NULL
9f52d593-76d8-5326-857d-cd01ebaba72d,2026-09-08T00:00:00,2026-09-08T00:00:00,0,Greater Magic Resistance,"The rakshasa automatically succeeds on saving throws against spells and other magical effects, and the attack rolls of spells automatically miss it. Without the rakshasa's permission, no spell can observe the rakshasa remotely or detect its thoughts, creature type, or alignment.",0,952200fa-a33d-5e9a-9270-d875660a6e4a,PASSIVE,NULL,NULL,false,AT_WILL,NULL,NULL,NULL
c88d9ce4-18ad-55bc-81e5-64fc36161c62,2026-09-08T00:00:00,2026-09-08T00:00:00,0,Fiendish Restoration,"If the rakshasa dies outside the Nine Hells, its body turns to ichor, and it gains a new body instantly, reviving with all its Hit Points somewhere in the Nine Hells.",1,952200fa-a33d-5e9a-9270-d875660a6e4a,PASSIVE,NULL,NULL,false,AT_WILL,NULL,NULL,NULL
1573e142-d932-547c-ac0a-f2b013ce5e5e,2026-09-08T00:00:00,2026-09-08T00:00:00,0,Multiattack,The rakshasa makes three Cursed Touch attacks.,2,952200fa-a33d-5e9a-9270-d875660a6e4a,ACTION,NULL,NULL,false,AT_WILL,NULL,NULL,NULL
e958f405-f064-57ea-8202-5caa30f1b133,2026-09-08T00:00:00,2026-09-08T00:00:00,0,Cursed Touch,"Melee Attack Roll: +10, reach 5 ft. Hit: 12 (2d6 + 5) Slashing damage plus 19 (3d12) Necrotic damage. If the target is a creature, it is cursed. While cursed, the target gains no benefit from finishing a Short or Long Rest.",3,952200fa-a33d-5e9a-9270-d875660a6e4a,ACTION,NULL,NULL,false,AT_WILL,NULL,NULL,NULL
ab8c107c-2fa7-5f8b-a72f-971292086a82,2026-09-08T00:00:00,2026-09-08T00:00:00,0,Baleful Command,"Wisdom Saving Throw: DC 18, each enemy in a 30-foot Emanation originating from the rakshasa. Failure: 28 (8d6) Psychic damage, and the target has the Frightened and Incapacitated conditions until the start of the rakshasa's next turn.",4,952200fa-a33d-5e9a-9270-d875660a6e4a,ACTION,NULL,NULL,false,RECHARGE,1,5,6
6904fc5b-6ef5-52c2-ac38-fa5431cc689a,2026-09-08T00:00:00,2026-09-08T00:00:00,0,Spellcasting,"The rakshasa casts one of the following spells, requiring no Material components and using Charisma as the spellcasting ability (spell save DC 18): At Will: Detect Magic, Detect Thoughts, Disguise Self, Mage Hand, Minor Illusion 1/Day Each: Fly, Invisibility, Major Image, Plane Shift Red Dragons",5,952200fa-a33d-5e9a-9270-d875660a6e4a,ACTION,NULL,NULL,false,AT_WILL,NULL,NULL,NULL
fddef717-e292-5f2e-8aaf-27cddc4b7391,2026-09-08T00:00:00,2026-09-08T00:00:00,0,Multiattack,The dragon makes two Rend attacks.,0,91ac15bc-bcfd-57a5-a6c9-e0a4593259ad,ACTION,NULL,NULL,false,AT_WILL,NULL,NULL,NULL
3c888f44-6096-55f2-97df-22a9553061b1,2026-09-08T00:00:00,2026-09-08T00:00:00,0,Rend,"Melee Attack Roll: +6, reach 5 ft. Hit: 9 (1d10 + 4) Slashing damage plus 3 (1d6) Fire damage.",1,91ac15bc-bcfd-57a5-a6c9-e0a4593259ad,ACTION,NULL,NULL,false,AT_WILL,NULL,NULL,NULL
0ad2d587-903a-5393-98c2-7582fc08f702,2026-09-08T00:00:00,2026-09-08T00:00:00,0,Fire Breath,"Dexterity Saving Throw: DC 13, each creature in a 15-foot Cone. Failure: 24 (7d6) Fire damage. Success: Half damage.",2,91ac15bc-bcfd-57a5-a6c9-e0a4593259ad,ACTION,NULL,NULL,false,RECHARGE,1,5,6
52b18f61-f534-5eab-8d42-c4cf3ae26265,2026-09-08T00:00:00,2026-09-08T00:00:00,0,Multiattack,The dragon makes three Rend attacks.,0,198505b8-d56a-5b8a-b550-4a85af512f4f,ACTION,NULL,NULL,false,AT_WILL,NULL,NULL,NULL
dc3a1d13-0c01-5512-9c61-bcf46ff4ffc9,2026-09-08T00:00:00,2026-09-08T00:00:00,0,Rend,"Melee Attack Roll: +10, reach 10 ft. Hit: 13 (2d6 + 6) Slashing damage plus 3 (1d6) Fire damage.",1,198505b8-d56a-5b8a-b550-4a85af512f4f,ACTION,NULL,NULL,false,AT_WILL,NULL,NULL,NULL
98b5b8ec-986e-5ede-8749-90fd971fb99f,2026-09-08T00:00:00,2026-09-08T00:00:00,0,Fire Breath,"Dexterity Saving Throw: DC 17, each creature in a 30-foot Cone. Failure: 56 (16d6) Fire damage. Success: Half damage.",2,198505b8-d56a-5b8a-b550-4a85af512f4f,ACTION,NULL,NULL,false,RECHARGE,1,5,6
f765ccc4-fd86-513c-a9d9-1ebdd4966c29,2026-09-08T00:00:00,2026-09-08T00:00:00,0,Legendary Resistance,"If the dragon fails a saving throw, it can choose to succeed instead.",0,4f4517ac-a1f8-5b81-a64f-553d2b370d77,PASSIVE,NULL,NULL,false,PER_DAY,3,NULL,NULL
fa2697a9-2f1b-50d4-a853-a7bf9118b38f,2026-09-08T00:00:00,2026-09-08T00:00:00,0,Multiattack,The dragon makes three Rend attacks. It can replace one attack with a use of Spellcasting to cast Scorching Ray.,1,4f4517ac-a1f8-5b81-a64f-553d2b370d77,ACTION,NULL,NULL,false,AT_WILL,NULL,NULL,NULL
68846608-77ed-5f14-af57-ca18fac32def,2026-09-08T00:00:00,2026-09-08T00:00:00,0,Rend,"Melee Attack Roll: +14, reach 10 ft. Hit: 13 (1d10 + 8) Slashing damage plus 5 (2d4) Fire damage.",2,4f4517ac-a1f8-5b81-a64f-553d2b370d77,ACTION,NULL,NULL,false,AT_WILL,NULL,NULL,NULL
a1d3e8c4-6ba1-54ee-95a4-2f9e918fb7c0,2026-09-08T00:00:00,2026-09-08T00:00:00,0,Fire Breath,"Dexterity Saving Throw: DC 21, each creature in a 60-foot Cone. Failure: 59 (17d6) Fire damage. Success: Half damage.",3,4f4517ac-a1f8-5b81-a64f-553d2b370d77,ACTION,NULL,NULL,false,RECHARGE,1,5,6
0135a9b8-c946-574f-b51a-19bec82de1ef,2026-09-08T00:00:00,2026-09-08T00:00:00,0,Spellcasting,"The dragon casts one of the following spells, requiring no Material components and using Charisma as the spellcasting ability (spell save DC 20, +12 to hit with spell attacks): At Will: Command (level 2 version), Detect Magic, Scorching Ray 1/Day: Fireball",4,4f4517ac-a1f8-5b81-a64f-553d2b370d77,ACTION,NULL,NULL,false,AT_WILL,NULL,NULL,NULL
ef0ff144-d122-5190-98ab-72306d8ebda9,2026-09-08T00:00:00,2026-09-08T00:00:00,0,Commanding Presence,The dragon uses Spellcasting to cast Command (level 2 version). The dragon can't take this action again until the start of its next turn.,5,4f4517ac-a1f8-5b81-a64f-553d2b370d77,LEGENDARY,NULL,NULL,false,PER_ROUND,1,NULL,NULL
ecd30397-15a7-54d1-84d4-6ea02a241195,2026-09-08T00:00:00,2026-09-08T00:00:00,0,Fiery Rays,The dragon uses Spellcasting to cast Scorching Ray. The dragon can't take this action again until the start of its next turn.,6,4f4517ac-a1f8-5b81-a64f-553d2b370d77,LEGENDARY,NULL,NULL,false,PER_ROUND,1,NULL,NULL
1833dfcd-e6d6-5a80-996b-09dce416a801,2026-09-08T00:00:00,2026-09-08T00:00:00,0,Pounce,"The dragon moves up to half its Speed, and it makes one Rend attack.",7,4f4517ac-a1f8-5b81-a64f-553d2b370d77,LEGENDARY,NULL,NULL,false,AT_WILL,NULL,NULL,NULL
fe88aac9-aef3-5913-82e6-698826825e71,2026-09-08T00:00:00,2026-09-08T00:00:00,0,Legendary Resistance,"If the dragon fails a saving throw, it can choose to succeed instead.",0,ebe3fc0e-b274-5701-bbeb-0eff8a046873,PASSIVE,NULL,NULL,false,PER_DAY,4,NULL,NULL
0b1c5793-88cf-5e8a-9089-8dcc62f7a0a8,2026-09-08T00:00:00,2026-09-08T00:00:00,0,Multiattack,The dragon makes three Rend attacks. It can replace one attack with a use of Spellcasting to cast Scorching Ray (level 3 version).,1,ebe3fc0e-b274-5701-bbeb-0eff8a046873,ACTION,NULL,NULL,false,AT_WILL,NULL,NULL,NULL
013ac35f-5685-53e3-ac31-8acdda146a94,2026-09-08T00:00:00,2026-09-08T00:00:00,0,Rend,"Melee Attack Roll: +17, reach 15 ft. Hit: 19 (2d8 + 10) Slashing damage plus 10 (3d6) Fire damage.",2,ebe3fc0e-b274-5701-bbeb-0eff8a046873,ACTION,NULL,NULL,false,AT_WILL,NULL,NULL,NULL
785c39bb-18bf-598c-8ced-1f546444f0e4,2026-09-08T00:00:00,2026-09-08T00:00:00,0,Fire Breath,"Dexterity Saving Throw: DC 24, each creature in a 90-foot Cone. Failure: 91 (26d6) Fire damage. Success: Half damage.",3,ebe3fc0e-b274-5701-bbeb-0eff8a046873,ACTION,NULL,NULL,false,RECHARGE,1,5,6
f9e1da60-40f4-5920-8fae-2adb5811786f,2026-09-08T00:00:00,2026-09-08T00:00:00,0,Spellcasting,"The dragon casts one of the following spells, requiring no Material components and using Charisma as the spellcasting ability (spell save DC 23, +15 to hit with spell attacks): At Will: Command (level 2 version), Detect Magic, Scorching Ray (level 3 version) 1/Day Each: Fireball (level 6 version), Scrying",4,ebe3fc0e-b274-5701-bbeb-0eff8a046873,ACTION,NULL,NULL,false,AT_WILL,NULL,NULL,NULL
5150d33d-d999-53bb-ba73-afc0043c5d22,2026-09-08T00:00:00,2026-09-08T00:00:00,0,Commanding Presence,The dragon uses Spellcasting to cast Command (level 2 version). The dragon can't take this action again until the start of its next turn.,5,ebe3fc0e-b274-5701-bbeb-0eff8a046873,LEGENDARY,NULL,NULL,false,PER_ROUND,1,NULL,NULL
85283fc5-5427-5223-a12f-12da0ca1fac4,2026-09-08T00:00:00,2026-09-08T00:00:00,0,Fiery Rays,The dragon uses Spellcasting to cast Scorching Ray (level 3 version). The dragon can't take this action again until the start of its next turn.,6,ebe3fc0e-b274-5701-bbeb-0eff8a046873,LEGENDARY,NULL,NULL,false,PER_ROUND,1,NULL,NULL
a972e5da-5993-50e1-8254-acecc69be493,2026-09-08T00:00:00,2026-09-08T00:00:00,0,Pounce,"The dragon moves up to half its Speed, and it makes one Rend attack.",7,ebe3fc0e-b274-5701-bbeb-0eff8a046873,LEGENDARY,NULL,NULL,false,AT_WILL,NULL,NULL,NULL
61cac302-bca5-5660-9550-04052da73cc1,2026-09-08T00:00:00,2026-09-08T00:00:00,0,Heat Aura,"At the end of each of the remorhaz's turns, each creature in a 5-foot Emanation originating from the remorhaz takes 16 (3d10) Fire damage.",0,27b93787-51bc-5b70-930e-905c76c8a861,PASSIVE,NULL,NULL,false,AT_WILL,NULL,NULL,NULL
78cdcbff-43c9-57ee-9045-e3eef55d33a6,2026-09-08T00:00:00,2026-09-08T00:00:00,0,Bite,"Melee Attack Roll: +11, reach 10 ft. Hit: 18 (2d10 + 7) Piercing damage plus 14 (4d6) Fire damage. If the target is a Large or smaller creature, it has the Grappled condition (escape DC 17), and it has the Restrained condition until the grapple ends.",1,27b93787-51bc-5b70-930e-905c76c8a861,ACTION,NULL,NULL,false,AT_WILL,NULL,NULL,NULL
4f125613-7aed-545d-8220-20d840cf47ce,2026-09-08T00:00:00,2026-09-08T00:00:00,0,Swallow,"Strength Saving Throw: DC 19, one Large or smaller creature Grappled by the remorhaz (it can have up to two creatures swallowed at a time). Failure: The target is swallowed by the remorhaz, and the Grappled condition ends. A swallowed creature has the Blinded and Restrained conditions, it has Total Cover against attacks and other effects outside the remorhaz, and it takes 10 (3d6) Acid damage plus 10 (3d6) Fire damage at the start of each of the remorhaz's turns. If the remorhaz takes 30 damage or more on a single turn from a creature inside it, the remorhaz must succeed on a DC 15 Constitution saving throw at the end of that turn or regurgitate all swallowed creatures, each of which falls in a space within 5 feet of the remorhaz and has the Prone condition. If the remorhaz dies, any swallowed creature no longer has the Restrained condition and can escape from the corpse by using 15 feet of movement, exiting Prone.",2,27b93787-51bc-5b70-930e-905c76c8a861,BONUS_ACTION,NULL,NULL,false,AT_WILL,NULL,NULL,NULL
4e710854-8e17-55ee-861b-20f53402bcd2,2026-09-08T00:00:00,2026-09-08T00:00:00,0,Multiattack,The roc makes two Beak attacks. It can replace one attack with a Talons attack.,0,49455e6c-0e05-58ae-b3d3-7e8136717b56,ACTION,NULL,NULL,false,AT_WILL,NULL,NULL,NULL
9e7941a1-c9a6-5b07-8cf7-29496a91d2a2,2026-09-08T00:00:00,2026-09-08T00:00:00,0,Beak,"Melee Attack Roll: +13, reach 10 ft. Hit: 28 (3d12 + 9) Piercing damage.",1,49455e6c-0e05-58ae-b3d3-7e8136717b56,ACTION,NULL,NULL,false,AT_WILL,NULL,NULL,NULL
f548cc58-a5b9-554a-b086-205d92386353,2026-09-08T00:00:00,2026-09-08T00:00:00,0,Talons,"Melee Attack Roll: +13, reach 5 ft. Hit: 23 (4d6 + 9) Slashing damage. If the target is a Huge or smaller creature, it has the Grappled condition (escape DC 19) from both talons, and it has the Restrained condition until the grapple ends.",2,49455e6c-0e05-58ae-b3d3-7e8136717b56,ACTION,NULL,NULL,false,AT_WILL,NULL,NULL,NULL
3ca980b7-b028-597c-aaf3-5fbc2a63b18e,2026-09-08T00:00:00,2026-09-08T00:00:00,0,Swoop,"If the roc has a creature Grappled, the roc flies up to half its Fly Speed without provoking Opportunity Attacks and drops that creature.",3,49455e6c-0e05-58ae-b3d3-7e8136717b56,BONUS_ACTION,NULL,NULL,false,RECHARGE,1,5,6
05472a58-1d51-5760-a496-c45058830ccf,2026-09-08T00:00:00,2026-09-08T00:00:00,0,Spider Climb,"The roper can climb difficult surfaces, including along ceilings, without needing to make an ability check.",0,0faa36a0-cd97-54ca-936b-233cb939221d,PASSIVE,NULL,NULL,false,AT_WILL,NULL,NULL,NULL
24ea533b-2d20-54a8-a6c0-ee329c11ec71,2026-09-08T00:00:00,2026-09-08T00:00:00,0,Multiattack,"The roper makes two Tentacle attacks, uses Reel, and makes two Bite attacks.",1,0faa36a0-cd97-54ca-936b-233cb939221d,ACTION,NULL,NULL,false,AT_WILL,NULL,NULL,NULL
909e2d22-45d9-506e-8f57-4dd73af88a4f,2026-09-08T00:00:00,2026-09-08T00:00:00,0,Bite,"Melee Attack Roll: +7, reach 5 ft. Hit: 17 (3d8 + 4) Piercing damage.",2,0faa36a0-cd97-54ca-936b-233cb939221d,ACTION,NULL,NULL,false,AT_WILL,NULL,NULL,NULL
3a05de74-0c79-5094-8086-bd53ed843cf5,2026-09-08T00:00:00,2026-09-08T00:00:00,0,Tentacle,"Melee Attack Roll: +7, reach 60 ft. Hit: The target has the Grappled condition (escape DC 14) from one of six tentacles, and the target has the Poisoned condition until the grapple ends. The tentacle can be damaged, freeing a creature it has Grappled when destroyed (AC 20, HP 10, Immunity to Poison and Psychic damage). Damaging the tentacle deals no damage to the roper, and a destroyed tentacle regrows at the start of the roper's next turn.",3,0faa36a0-cd97-54ca-936b-233cb939221d,ACTION,NULL,NULL,false,AT_WILL,NULL,NULL,NULL
ddcc28f8-9247-5f65-ba1e-e277a038448b,2026-09-08T00:00:00,2026-09-08T00:00:00,0,Reel,The roper pulls each creature Grappled by it up to 30 feet straight toward it.,4,0faa36a0-cd97-54ca-936b-233cb939221d,ACTION,NULL,NULL,false,AT_WILL,NULL,NULL,NULL
3c0fc42a-31dc-5968-aa9b-63e1c898582a,2026-09-08T00:00:00,2026-09-08T00:00:00,0,Iron Scent,The rust monster can pinpoint the location of ferrous metal within 30 feet of itself.,0,81db1a38-c86f-5383-9ea3-925094ab6155,PASSIVE,NULL,NULL,false,AT_WILL,NULL,NULL,NULL
21b828b7-bc90-576d-aa6d-e215e1a9f343,2026-09-08T00:00:00,2026-09-08T00:00:00,0,Multiattack,The rust monster makes one Bite attack and uses Antennae twice.,1,81db1a38-c86f-5383-9ea3-925094ab6155,ACTION,NULL,NULL,false,AT_WILL,NULL,NULL,NULL
717e2ae2-31e5-5476-969c-648b5b4a4c0b,2026-09-08T00:00:00,2026-09-08T00:00:00,0,Bite,"Melee Attack Roll: +3, reach 5 ft. Hit: 5 (1d8 + 1) Piercing damage.",2,81db1a38-c86f-5383-9ea3-925094ab6155,ACTION,NULL,NULL,false,AT_WILL,NULL,NULL,NULL
c3e4e3cd-3375-5d9a-ba77-ec20d79d9e39,2026-09-08T00:00:00,2026-09-08T00:00:00,0,Antennae,"The rust monster targets one nonmagical metal object-armor or a weapon-worn or carried by a creature within 5 feet of itself. Dexterity Saving Throw: DC 11, the creature with the object. Failure: The object takes a -1 penalty to the AC it offers (armor) or to its attack rolls (weapon). Armor is destroyed if the penalty reduces its AC to 10, and a weapon is destroyed if its penalty reaches -5. The penalty can be removed by casting the Mending spell on the armor or weapon.",3,81db1a38-c86f-5383-9ea3-925094ab6155,ACTION,NULL,NULL,false,AT_WILL,NULL,NULL,NULL
89294f0a-7b82-5e5f-bf78-4535e37ddbd4,2026-09-08T00:00:00,2026-09-08T00:00:00,0,Destroy Metal,The rust monster touches a nonmagical metal object within 5 feet of itself that isn't being worn or carried. The touch destroys a 1-foot Cube of the object.,4,81db1a38-c86f-5383-9ea3-925094ab6155,ACTION,NULL,NULL,false,AT_WILL,NULL,NULL,NULL
84d6d671-0827-5401-bdc9-e4f0c426c796,2026-09-08T00:00:00,2026-09-08T00:00:00,0,Reflexive Antennae,Trigger: An attack roll hits the rust monster. Response: The rust monster uses Antennae. Sahuagin,5,81db1a38-c86f-5383-9ea3-925094ab6155,REACTION,NULL,An attack roll hits the rust monster.,false,AT_WILL,NULL,NULL,NULL
12f2de3a-4a12-5ba3-b221-ae3efe1547f5,2026-09-08T00:00:00,2026-09-08T00:00:00,0,Blood Frenzy,The sahuagin has Advantage on attack rolls against any creature that doesn't have all its Hit Points.,0,0de28e84-86cb-5d90-a0c8-2a51bfde1bf0,PASSIVE,NULL,NULL,false,AT_WILL,NULL,NULL,NULL
7b732e9a-6200-5471-a76c-9e74da13feb6,2026-09-08T00:00:00,2026-09-08T00:00:00,0,Limited Amphibiousness,"The sahuagin can breathe air and water, but it must be submerged at least once every 4 hours to avoid suffocating outside water.",1,0de28e84-86cb-5d90-a0c8-2a51bfde1bf0,PASSIVE,NULL,NULL,false,AT_WILL,NULL,NULL,NULL
933bc997-9cd5-5fc9-ae15-102de02d4adc,2026-09-08T00:00:00,2026-09-08T00:00:00,0,Shark Telepathy,"The sahuagin can magically control sharks within 120 feet of itself, using a special telepathy.",2,0de28e84-86cb-5d90-a0c8-2a51bfde1bf0,PASSIVE,NULL,NULL,false,AT_WILL,NULL,NULL,NULL
e207e10d-75ba-5d8e-b5f7-3b8eeb40cd72,2026-09-08T00:00:00,2026-09-08T00:00:00,0,Multiattack,The sahuagin makes two Claw attacks.,3,0de28e84-86cb-5d90-a0c8-2a51bfde1bf0,ACTION,NULL,NULL,false,AT_WILL,NULL,NULL,NULL
01bb1ccb-fb2c-52dc-a865-f748011739b3,2026-09-08T00:00:00,2026-09-08T00:00:00,0,Claw,"Melee Attack Roll: +3, reach 5 ft. Hit: 4 (1d6 + 1) Slashing damage.",4,0de28e84-86cb-5d90-a0c8-2a51bfde1bf0,ACTION,NULL,NULL,false,AT_WILL,NULL,NULL,NULL
99d2affd-101a-56d8-826a-6196e5f50cd8,2026-09-08T00:00:00,2026-09-08T00:00:00,0,Aquatic Charge,The sahuagin swims up to its Swim Speed straight toward an enemy it can see.,5,0de28e84-86cb-5d90-a0c8-2a51bfde1bf0,BONUS_ACTION,NULL,NULL,false,AT_WILL,NULL,NULL,NULL
2e206d4f-845a-58b7-9b09-006ca945ba43,2026-09-08T00:00:00,2026-09-08T00:00:00,0,Fire Aura,"At the end of each of the salamander's turns, each creature of the salamander's choice in a 5-foot Emanation originating from the salamander takes 7 (2d6) Fire damage.",0,255b5979-9d43-563c-804f-8340c1756bdf,PASSIVE,NULL,NULL,false,AT_WILL,NULL,NULL,NULL
c91d9626-10bf-59e6-944a-e05e5174dbda,2026-09-08T00:00:00,2026-09-08T00:00:00,0,Multiattack,The salamander makes two Flame Spear attacks. It can replace one attack with a use of Constrict.,1,255b5979-9d43-563c-804f-8340c1756bdf,ACTION,NULL,NULL,false,AT_WILL,NULL,NULL,NULL
f6117f96-945b-5d0f-ab4f-e00734299e6b,2026-09-08T00:00:00,2026-09-08T00:00:00,0,Flame Spear,"Melee or Ranged Attack Roll: +7, reach 5 ft. or range 20/60 ft. Hit: 13 (2d8 + 4) Piercing damage plus 7 (2d6) Fire damage. Hit or Miss: The spear magically returns to the salamander's hand immediately after a ranged attack.",2,255b5979-9d43-563c-804f-8340c1756bdf,ACTION,NULL,NULL,false,AT_WILL,NULL,NULL,NULL
b4b0bcaa-0a5d-5a92-9296-71c7b4d0671a,2026-09-08T00:00:00,2026-09-08T00:00:00,0,Constrict,"Strength Saving Throw: DC 15, one Large or smaller creature the salamander can see within 10 feet. Failure: 11 (2d6 + 4) Bludgeoning damage plus 7 (2d6) Fire damage. The target has the Grappled condition (escape DC 14), and it has the Restrained condition until the grapple ends.",3,255b5979-9d43-563c-804f-8340c1756bdf,ACTION,NULL,NULL,false,AT_WILL,NULL,NULL,NULL
4f83f2d9-db26-5d59-abce-316dc0333726,2026-09-08T00:00:00,2026-09-08T00:00:00,0,Magic Resistance,The satyr has Advantage on saving throws against spells and other magical effects.,0,46418783-34e1-56d9-9051-06a8cb946379,PASSIVE,NULL,NULL,false,AT_WILL,NULL,NULL,NULL
e38a442b-e289-5e32-9d80-1ce60f531590,2026-09-08T00:00:00,2026-09-08T00:00:00,0,Hooves,"Melee Attack Roll: +5, reach 5 ft. Hit: 5 (1d4 + 3) Bludgeoning damage. If the target is a Medium or smaller creature, the satyr pushes the target up to 10 feet straight away from itself.",1,46418783-34e1-56d9-9051-06a8cb946379,ACTION,NULL,NULL,false,AT_WILL,NULL,NULL,NULL
85764622-0d6a-5f9e-bb4e-be1404946fb4,2026-09-08T00:00:00,2026-09-08T00:00:00,0,Mockery,"Wisdom Saving Throw: DC 12, one creature the satyr can see within 90 feet. Failure: 5 (1d6 + 2) Psychic damage.",2,46418783-34e1-56d9-9051-06a8cb946379,ACTION,NULL,NULL,false,AT_WILL,NULL,NULL,NULL
b9fb5f49-d330-5eab-b6c3-890c888cf2bf,2026-09-08T00:00:00,2026-09-08T00:00:00,0,Multiattack,"The scout makes two attacks, using Shortsword and Longbow in any combination.",0,872c883b-3192-5833-8111-b9170e159574,ACTION,NULL,NULL,false,AT_WILL,NULL,NULL,NULL
6b4d2819-41bf-52dc-9344-9b1ac2eb756a,2026-09-08T00:00:00,2026-09-08T00:00:00,0,Shortsword,"Melee Attack Roll: +4, reach 5 ft. Hit: 5 (1d6 + 2) Piercing damage.",1,872c883b-3192-5833-8111-b9170e159574,ACTION,NULL,NULL,false,AT_WILL,NULL,NULL,NULL
01eb812d-2969-59e0-8be5-ebdfc10982a6,2026-09-08T00:00:00,2026-09-08T00:00:00,0,Longbow,"Ranged Attack Roll: +4, range 150/600 ft. Hit: 6 (1d8 + 2) Piercing damage.",2,872c883b-3192-5833-8111-b9170e159574,ACTION,NULL,NULL,false,AT_WILL,NULL,NULL,NULL
f4365a14-2dfd-5461-9d08-daeecc770107,2026-09-08T00:00:00,2026-09-08T00:00:00,0,Amphibious,The hag can breathe air and water.,0,55029c8d-41ca-5898-b5bc-694c22431b93,PASSIVE,NULL,NULL,false,AT_WILL,NULL,NULL,NULL
fb53706e-3602-5bc8-a8c4-9720b2b58c98,2026-09-08T00:00:00,2026-09-08T00:00:00,0,Coven Magic,"While within 30 feet of at least two hag allies, the hag can cast one of the following spells, requiring no Material components, using the spell's normal casting time, and using Intelligence as the spellcasting ability (spell save DC 11): Augury, Find Familiar, Identify, Locate Object, Scrying, or Unseen Servant. The hag must finish a Long Rest before using this trait to cast that spell again.",1,55029c8d-41ca-5898-b5bc-694c22431b93,PASSIVE,NULL,NULL,false,AT_WILL,NULL,NULL,NULL
c660a54b-c5ae-5f90-8f46-f49c7875d212,2026-09-08T00:00:00,2026-09-08T00:00:00,0,Vile Appearance,"Wisdom Saving Throw: DC 11, any Beast or Humanoid that starts its turn within 30 feet of the hag and can see the hag's true form. Failure: The target has the Frightened condition until the start of its next turn. Success: The target is immune to this hag's Vile Appearance for 24 hours.",2,55029c8d-41ca-5898-b5bc-694c22431b93,PASSIVE,NULL,NULL,false,AT_WILL,NULL,NULL,NULL
da10306a-c588-5d99-a43b-674532ab4e7c,2026-09-08T00:00:00,2026-09-08T00:00:00,0,Claw,"Melee Attack Roll: +5, reach 5 ft. Hit: 10 (2d6 + 3) Slashing damage.",3,55029c8d-41ca-5898-b5bc-694c22431b93,ACTION,NULL,NULL,false,AT_WILL,NULL,NULL,NULL
bd9f650c-0248-548e-b302-58d80c58147e,2026-09-08T00:00:00,2026-09-08T00:00:00,0,Death Glare,"Wisdom Saving Throw: DC 11, one Frightened creature the hag can see within 30 feet. Failure: If the target has 20 Hit Points or fewer, it drops to 0 Hit Points. Otherwise, the target takes 13 (3d8) Psychic damage.",4,55029c8d-41ca-5898-b5bc-694c22431b93,ACTION,NULL,NULL,false,RECHARGE,1,5,6
8dbfbd13-e491-5a71-bf99-c9f42528dc24,2026-09-08T00:00:00,2026-09-08T00:00:00,0,Illusory Appearance,"The hag casts Disguise Self, using Constitution as the spellcasting ability (spell save DC 13). The spell's duration is 24 hours.",5,55029c8d-41ca-5898-b5bc-694c22431b93,ACTION,NULL,NULL,false,AT_WILL,NULL,NULL,NULL
3390f887-3742-5e6c-aa42-58c3c9efd6f5,2026-09-08T00:00:00,2026-09-08T00:00:00,0,Amorphous,The shadow can move through a space as narrow as 1 inch without expending extra movement to do so.,0,be513016-5033-51e9-a25d-d88133e41410,PASSIVE,NULL,NULL,false,AT_WILL,NULL,NULL,NULL
a4f0367a-b71d-537c-973c-99652575f387,2026-09-08T00:00:00,2026-09-08T00:00:00,0,Sunlight Weakness,"While in sunlight, the shadow has Disadvantage on D20 Tests.",1,be513016-5033-51e9-a25d-d88133e41410,PASSIVE,NULL,NULL,false,AT_WILL,NULL,NULL,NULL
37436cde-3d68-5684-9174-afdcbb7c9103,2026-09-08T00:00:00,2026-09-08T00:00:00,0,Draining Swipe,"Melee Attack Roll: +4, reach 5 ft. Hit: 5 (1d6 + 2) Necrotic damage, and the target's Strength score decreases by 1d4. The target dies if this reduces that score to 0. If a Humanoid is slain by this attack, a Shadow rises from the corpse 1d4 hours later.",2,be513016-5033-51e9-a25d-d88133e41410,ACTION,NULL,NULL,false,AT_WILL,NULL,NULL,NULL
9b5ee976-dbf6-5554-bec4-66f14819c483,2026-09-08T00:00:00,2026-09-08T00:00:00,0,Shadow Stealth,"While in Dim Light or Darkness, the shadow takes the Hide action.",3,be513016-5033-51e9-a25d-d88133e41410,BONUS_ACTION,NULL,NULL,false,AT_WILL,NULL,NULL,NULL
0d8a2415-6f9d-5f10-94e0-f8664c5838e0,2026-09-08T00:00:00,2026-09-08T00:00:00,0,Lightning Absorption,"Whenever the shambling mound is subjected to Lightning damage, it regains a number of Hit Points equal to the Lightning damage dealt.",0,8797172f-e535-53b2-b92a-51c9f014bb9c,PASSIVE,NULL,NULL,false,AT_WILL,NULL,NULL,NULL
5368b2f4-13f5-59c7-85f9-8f4ac06cf31d,2026-09-08T00:00:00,2026-09-08T00:00:00,0,Multiattack,The shambling mound makes three Charged Tendril attacks. It can replace one attack with a use of Engulf.,1,8797172f-e535-53b2-b92a-51c9f014bb9c,ACTION,NULL,NULL,false,AT_WILL,NULL,NULL,NULL
b7fdddf5-8c50-50a2-8078-21faaf53ee32,2026-09-08T00:00:00,2026-09-08T00:00:00,0,Charged Tendril,"Melee Attack Roll: +7, reach 10 ft. Hit: 7 (1d6 + 4) Bludgeoning damage plus 5 (2d4) Lightning damage. If the target is a Medium or smaller creature, the shambling mound pulls the target 5 feet straight toward itself.",2,8797172f-e535-53b2-b92a-51c9f014bb9c,ACTION,NULL,NULL,false,AT_WILL,NULL,NULL,NULL
42edf46d-a39d-5e01-95f8-f5d2348986fb,2026-09-08T00:00:00,2026-09-08T00:00:00,0,Engulf,"Strength Saving Throw: DC 15, one Medium or smaller creature within 5 feet. Failure: The target is pulled into the shambling mound's space and has the Grappled condition (escape DC 14). Until the grapple ends, the target has the Blinded and Restrained conditions, and it takes 10 (3d6) Lightning damage at the start of each of its turns. When the shambling mound moves, the Grappled target moves with it, costing it no extra movement. The shambling mound can have only one creature Grappled by this action at a time.",3,8797172f-e535-53b2-b92a-51c9f014bb9c,ACTION,NULL,NULL,false,AT_WILL,NULL,NULL,NULL
57a6fb8c-8fdd-5333-9bec-36c5e544a38e,2026-09-08T00:00:00,2026-09-08T00:00:00,0,Bound,"The guardian is magically bound to an amulet. While the guardian and its amulet are on the same plane of existence, the amulet's wearer can telepathically call the guardian to travel to it, and the guardian knows the distance and direction to the amulet. If the guardian is within 60 feet of the amulet's wearer, half of any damage the wearer takes (round up) is transferred to the guardian.",0,e7044c07-d8e9-5da2-9307-aa80a82b2b84,PASSIVE,NULL,NULL,false,AT_WILL,NULL,NULL,NULL
a4edf030-36a9-5890-91e0-cd3933e1765f,2026-09-08T00:00:00,2026-09-08T00:00:00,0,Regeneration,The guardian regains 10 Hit Points at the start of each of its turns if it has at least 1 Hit Point.,1,e7044c07-d8e9-5da2-9307-aa80a82b2b84,PASSIVE,NULL,NULL,false,AT_WILL,NULL,NULL,NULL
3f9e66bd-81c8-5059-a7c2-085edf54dbe9,2026-09-08T00:00:00,2026-09-08T00:00:00,0,Spell Storing,"A spellcaster who wears the guardian's amulet can cause the guardian to store one spell of level 4 or lower. To do so, the wearer must cast the spell on the guardian while within 5 feet of it. The spell has no effect but is stored within the guardian. Any previously stored spell is lost when a new spell is stored. The guardian can cast the spell stored with any parameters set by the original caster, requiring no spell components and using the caster's spellcasting ability. The stored spell is then lost.",2,e7044c07-d8e9-5da2-9307-aa80a82b2b84,PASSIVE,NULL,NULL,false,AT_WILL,NULL,NULL,NULL
e782592f-5364-5187-ba39-7d07c28d8994,2026-09-08T00:00:00,2026-09-08T00:00:00,0,Multiattack,The guardian makes two Fist attacks.,3,e7044c07-d8e9-5da2-9307-aa80a82b2b84,ACTION,NULL,NULL,false,AT_WILL,NULL,NULL,NULL
15123dac-a5c4-5470-8847-ff8bf3c0b842,2026-09-08T00:00:00,2026-09-08T00:00:00,0,Fist,"Melee Attack Roll: +7, reach 10 ft. Hit: 11 (2d6 + 4) Bludgeoning damage plus 7 (2d6) Force damage.",4,e7044c07-d8e9-5da2-9307-aa80a82b2b84,ACTION,NULL,NULL,false,AT_WILL,NULL,NULL,NULL
e040b39d-66be-55f0-91d7-6e0449ab6a8a,2026-09-08T00:00:00,2026-09-08T00:00:00,0,Protection,"Trigger: An attack roll hits the wearer of the guardian's amulet while the wearer is within 5 feet of the guardian. Response: The wearer gains a +5 bonus to AC, including against the triggering attack and possibly causing it to miss, until the start of the guardian's next turn. Silver Dragons",5,e7044c07-d8e9-5da2-9307-aa80a82b2b84,REACTION,NULL,An attack roll hits the wearer of the guardian's amulet while the wearer is within 5 feet of the guardian.,false,AT_WILL,NULL,NULL,NULL
2bc6272c-5e3c-5310-be41-80be1c1e9777,2026-09-08T00:00:00,2026-09-08T00:00:00,0,Multiattack,The dragon makes two Rend attacks.,0,22b5678b-8fa5-5a6d-a7ec-bbe215df3d46,ACTION,NULL,NULL,false,AT_WILL,NULL,NULL,NULL
e0d8f1e6-891d-513f-b3ae-6a60fd1b59af,2026-09-08T00:00:00,2026-09-08T00:00:00,0,Rend,"Melee Attack Roll: +6, reach 5 ft. Hit: 9 (1d10 + 4) Piercing damage.",1,22b5678b-8fa5-5a6d-a7ec-bbe215df3d46,ACTION,NULL,NULL,false,AT_WILL,NULL,NULL,NULL
27ef0321-a901-5a1e-a728-044852868db5,2026-09-08T00:00:00,2026-09-08T00:00:00,0,Cold Breath,"Constitution Saving Throw: DC 13, each creature in a 15-foot Cone. Failure: 18 (4d8) Cold damage. Success: Half damage.",2,22b5678b-8fa5-5a6d-a7ec-bbe215df3d46,ACTION,NULL,NULL,false,RECHARGE,1,5,6
ce84c698-d89f-59f9-98c6-ca442f19b88a,2026-09-08T00:00:00,2026-09-08T00:00:00,0,Paralyzing Breath,"Constitution Saving Throw: DC 13, each creature in a 15-foot Cone. First Failure: The target has the Incapacitated condition until the end of its next turn, when it repeats the save. Second Failure: The target has the Paralyzed condition, and it repeats the save at the end of each of its turns, ending the effect on itself on a success. After 1 minute, it succeeds automatically.",3,22b5678b-8fa5-5a6d-a7ec-bbe215df3d46,ACTION,NULL,NULL,false,AT_WILL,NULL,NULL,NULL
41164863-8a72-5b51-ba9c-4e1e9db0cd7e,2026-09-08T00:00:00,2026-09-08T00:00:00,0,Multiattack,The dragon makes three Rend attacks. It can replace one attack with a use of Paralyzing Breath.,0,ff19a367-ce85-57fd-87fa-8ce112039f79,ACTION,NULL,NULL,false,AT_WILL,NULL,NULL,NULL
bd755233-bba1-5c96-a8c5-07dca81f784f,2026-09-08T00:00:00,2026-09-08T00:00:00,0,Rend,"Melee Attack Roll: +10, reach 10 ft. Hit: 15 (2d8 + 6) Slashing damage.",1,ff19a367-ce85-57fd-87fa-8ce112039f79,ACTION,NULL,NULL,false,AT_WILL,NULL,NULL,NULL
3749955a-902a-55ad-a8cc-faad22cafbcc,2026-09-08T00:00:00,2026-09-08T00:00:00,0,Cold Breath,"Constitution Saving Throw: DC 17, each creature in a 30-foot Cone. Failure: 49 (11d8) Cold damage. Success: Half damage.",2,ff19a367-ce85-57fd-87fa-8ce112039f79,ACTION,NULL,NULL,false,RECHARGE,1,5,6
59279988-e8e6-514e-aaf2-09b63ce57307,2026-09-08T00:00:00,2026-09-08T00:00:00,0,Paralyzing Breath,"Constitution Saving Throw: DC 17, each creature in a 30-foot Cone. First Failure: The target has the Incapacitated condition until the end of its next turn, when it repeats the save. Second Failure: The target has the Paralyzed condition, and it repeats the save at the end of each of its turns, ending the effect on itself on a success. After 1 minute, it succeeds automatically.",3,ff19a367-ce85-57fd-87fa-8ce112039f79,ACTION,NULL,NULL,false,AT_WILL,NULL,NULL,NULL
f0d35718-5ef6-568d-b15e-0d5d7cc715e8,2026-09-08T00:00:00,2026-09-08T00:00:00,0,Legendary Resistance,"If the dragon fails a saving throw, it can choose to succeed instead.",0,572aabd0-686e-5187-b72d-e9db3add7d7f,PASSIVE,NULL,NULL,false,PER_DAY,3,NULL,NULL
124c4aa3-7924-5ce7-b4b6-cc765fb53011,2026-09-08T00:00:00,2026-09-08T00:00:00,0,Multiattack,The dragon makes three Rend attacks. It can replace one attack with a use of (A) Paralyzing Breath or (B) Spellcasting to cast Ice Knife.,1,572aabd0-686e-5187-b72d-e9db3add7d7f,ACTION,NULL,NULL,false,AT_WILL,NULL,NULL,NULL
9afb9459-db36-5b29-860e-84d19c88a04c,2026-09-08T00:00:00,2026-09-08T00:00:00,0,Rend,"Melee Attack Roll: +13, reach 10 ft. Hit: 17 (2d8 + 8) Slashing damage plus 4 (1d8) Cold damage.",2,572aabd0-686e-5187-b72d-e9db3add7d7f,ACTION,NULL,NULL,false,AT_WILL,NULL,NULL,NULL
974f8814-6c0b-5c54-a082-90061c331e8c,2026-09-08T00:00:00,2026-09-08T00:00:00,0,Cold Breath,"Constitution Saving Throw: DC 20, each creature in a 60-foot Cone. Failure: 54 (12d8) Cold damage. Success: Half damage.",3,572aabd0-686e-5187-b72d-e9db3add7d7f,ACTION,NULL,NULL,false,RECHARGE,1,5,6
fa98f4c3-76d0-5571-8c35-778cc9ba7b2a,2026-09-08T00:00:00,2026-09-08T00:00:00,0,Paralyzing Breath,"Constitution Saving Throw: DC 20, each creature in a 60-foot Cone. First Failure: The target has the Incapacitated condition until the end of its next turn, when it repeats the save. Second Failure: The target has the Paralyzed condition, and it repeats the save at the end of each of its turns, ending the effect on itself on a success. After 1 minute, it succeeds automatically.",4,572aabd0-686e-5187-b72d-e9db3add7d7f,ACTION,NULL,NULL,false,AT_WILL,NULL,NULL,NULL
1554d0ee-469c-5d52-9f80-448dc171c96f,2026-09-08T00:00:00,2026-09-08T00:00:00,0,Spellcasting,"The dragon casts one of the following spells, requiring no Material components and using Charisma as the spellcasting ability (spell save DC 19, +11 to hit with spell attacks): At Will: Detect Magic, Hold Monster, Ice Knife, Shapechange (Beast or Humanoid form only, no Temporary Hit Points gained from the spell, and no Concentration or Temporary Hit Points required to maintain the spell) 1/Day Each: Ice Storm (level 5 version), Zone of Truth",5,572aabd0-686e-5187-b72d-e9db3add7d7f,ACTION,NULL,NULL,false,AT_WILL,NULL,NULL,NULL
97456e44-ae76-5388-8390-7b127d5bbe51,2026-09-08T00:00:00,2026-09-08T00:00:00,0,Chill,The dragon uses Spellcasting to cast Hold Monster. The dragon can't take this action again until the start of its next turn.,6,572aabd0-686e-5187-b72d-e9db3add7d7f,LEGENDARY,NULL,NULL,false,PER_ROUND,1,NULL,NULL
9fefb08c-cd7a-5ab1-b943-8c7299e4e62d,2026-09-08T00:00:00,2026-09-08T00:00:00,0,Cold Gale,"Dexterity Saving Throw: DC 19, each creature in a 60-foot-long, 10-foot-wide Line. Failure: 14 (4d6) Cold damage, and the target is pushed up to 30 feet straight away from the dragon. Success: Half damage only. Failure or Success: The dragon can't take this action again until the start of its next turn.",7,572aabd0-686e-5187-b72d-e9db3add7d7f,LEGENDARY,NULL,NULL,false,PER_ROUND,1,NULL,NULL
67601e4a-86b6-5054-b3af-f98cabe0aa1e,2026-09-08T00:00:00,2026-09-08T00:00:00,0,Pounce,"The dragon moves up to half its Speed, and it makes one Rend attack.",8,572aabd0-686e-5187-b72d-e9db3add7d7f,LEGENDARY,NULL,NULL,false,AT_WILL,NULL,NULL,NULL
309bda8f-ec1f-54f0-9880-e094023cd070,2026-09-08T00:00:00,2026-09-08T00:00:00,0,Legendary Resistance,"If the dragon fails a saving throw, it can choose to succeed instead.",0,61648b56-7b1e-50fb-9133-05264fd470c1,PASSIVE,NULL,NULL,false,PER_DAY,4,NULL,NULL
58dc49e3-8f86-52fe-a071-3071c571b0d7,2026-09-08T00:00:00,2026-09-08T00:00:00,0,Multiattack,The dragon makes three Rend attacks. It can replace one attack with a use of (A) Paralyzing Breath or (B) Spellcasting to cast Ice Knife (level 2 version).,1,61648b56-7b1e-50fb-9133-05264fd470c1,ACTION,NULL,NULL,false,AT_WILL,NULL,NULL,NULL
c49d7f08-cd27-5b83-b1c3-916e10e29b47,2026-09-08T00:00:00,2026-09-08T00:00:00,0,Rend,"Melee Attack Roll: +17, reach 15 ft. Hit: 19 (2d8 + 10) Slashing damage plus 9 (2d8) Cold damage.",2,61648b56-7b1e-50fb-9133-05264fd470c1,ACTION,NULL,NULL,false,AT_WILL,NULL,NULL,NULL
d5260183-ef87-503f-bd0c-67dded1b651f,2026-09-08T00:00:00,2026-09-08T00:00:00,0,Cold Breath,"Constitution Saving Throw: DC 24, each creature in a 90-foot Cone. Failure: 67 (15d8) Cold damage. Success: Half damage.",3,61648b56-7b1e-50fb-9133-05264fd470c1,ACTION,NULL,NULL,false,RECHARGE,1,5,6
5f18ce41-6993-5edd-89e2-778eecbeded8,2026-09-08T00:00:00,2026-09-08T00:00:00,0,Paralyzing Breath,"Constitution Saving Throw: DC 24, each creature in a 90-foot Cone. First Failure: The target has the Incapacitated condition until the end of its next turn, when it repeats the save. Second Failure: The target has the Paralyzed condition, and it repeats the save at the end of each of its turns, ending the effect on itself on a success. After 1 minute, it succeeds automatically.",4,61648b56-7b1e-50fb-9133-05264fd470c1,ACTION,NULL,NULL,false,AT_WILL,NULL,NULL,NULL
c11c44d9-57ed-5767-b7a6-c41256f2f6a1,2026-09-08T00:00:00,2026-09-08T00:00:00,0,Spellcasting,"The dragon casts one of the following spells, requiring no Material components and using Charisma as the spellcasting ability (spell save DC 23, +15 to hit with spell attacks): At Will: Detect Magic, Hold Monster, Ice Knife (level 2 version), Shapechange (Beast or Humanoid form only, no Temporary Hit Points gained from the spell, and no Concentration or Temporary Hit Points required to maintain the spell) 1/Day Each: Control Weather, Ice Storm (level 7 version), Teleport, Zone of Truth",5,61648b56-7b1e-50fb-9133-05264fd470c1,ACTION,NULL,NULL,false,AT_WILL,NULL,NULL,NULL
53728f9a-40bc-5d38-b9a6-bbb00549fe9b,2026-09-08T00:00:00,2026-09-08T00:00:00,0,Chill,The dragon uses Spellcasting to cast Hold Monster. The dragon can't take this action again until the start of its next turn.,6,61648b56-7b1e-50fb-9133-05264fd470c1,LEGENDARY,NULL,NULL,false,PER_ROUND,1,NULL,NULL
716f9373-1101-5f12-a9eb-25e473d0dd83,2026-09-08T00:00:00,2026-09-08T00:00:00,0,Cold Gale,"Dexterity Saving Throw: DC 23, each creature in a 60-foot-long, 10-foot-wide Line. Failure: 14 (4d6) Cold damage, and the target is pushed up to 30 feet straight away from the dragon. Success: Half damage only. Failure or Success: The dragon can't take this action again until the start of its next turn.",7,61648b56-7b1e-50fb-9133-05264fd470c1,LEGENDARY,NULL,NULL,false,PER_ROUND,1,NULL,NULL
f96d8f75-7892-590b-a532-6524c335b3b3,2026-09-08T00:00:00,2026-09-08T00:00:00,0,Pounce,"The dragon moves up to half its Speed, and it makes one Rend attack. Skeletons",8,61648b56-7b1e-50fb-9133-05264fd470c1,LEGENDARY,NULL,NULL,false,AT_WILL,NULL,NULL,NULL
51c272c9-f107-588e-a979-fc55400f715c,2026-09-08T00:00:00,2026-09-08T00:00:00,0,Shortsword,"Melee Attack Roll: +5, reach 5 ft. Hit: 6 (1d6 + 3) Piercing damage.",0,b925d03e-b635-5ff4-9a3a-55714f3801c8,ACTION,NULL,NULL,false,AT_WILL,NULL,NULL,NULL
b4ca6797-0b25-5488-97bd-996099927f4e,2026-09-08T00:00:00,2026-09-08T00:00:00,0,Shortbow,"Ranged Attack Roll: +5, range 80/320 ft. Hit: 6 (1d6 + 3) Piercing damage.",1,b925d03e-b635-5ff4-9a3a-55714f3801c8,ACTION,NULL,NULL,false,AT_WILL,NULL,NULL,NULL
cb5080c7-0498-54fc-954a-007f85dd18dc,2026-09-08T00:00:00,2026-09-08T00:00:00,0,Hooves,"Melee Attack Roll: +6, reach 5 ft. Hit: 7 (1d6 + 4) Bludgeoning damage. If the target is a Large or smaller creature and the skeleton moved 20+ feet straight toward it immediately before the hit, the target has the Prone condition.",0,3894e974-6a37-5fe6-819f-34607281077b,ACTION,NULL,NULL,false,AT_WILL,NULL,NULL,NULL
97baf3a6-c776-5bdc-a7b4-1d576d132b87,2026-09-08T00:00:00,2026-09-08T00:00:00,0,Gore,"Melee Attack Roll: +6, reach 5 ft. Hit: 11 (2d6 + 4) Piercing damage. If the target is a Large or smaller creature and the skeleton moved 20+ feet straight toward it immediately before the hit, the target takes an extra 9 (2d8) Piercing damage and has the Prone condition.",0,d6690be2-fe5d-5181-b5a2-a70d2f078524,ACTION,NULL,NULL,false,AT_WILL,NULL,NULL,NULL
eb55d413-09d1-58db-9fdf-d2458792cd3a,2026-09-08T00:00:00,2026-09-08T00:00:00,0,Slam,"Melee Attack Roll: +6, reach 5 ft. Hit: 15 (2d10 + 4) Bludgeoning damage.",1,d6690be2-fe5d-5181-b5a2-a70d2f078524,ACTION,NULL,NULL,false,AT_WILL,NULL,NULL,NULL
2f519352-4f1e-54e3-a168-7ac1a54003a0,2026-09-08T00:00:00,2026-09-08T00:00:00,0,Divine Awareness,The solar knows if it hears a lie.,0,88e30d20-5c53-5362-ac06-23372004dcc2,PASSIVE,NULL,NULL,false,AT_WILL,NULL,NULL,NULL
6c796239-2c8b-5328-b24b-1927f552a300,2026-09-08T00:00:00,2026-09-08T00:00:00,0,Exalted Restoration,"If the solar dies outside Mount Celestia, its body disappears, and it gains a new body instantly, reviving with all its Hit Points somewhere in Mount Celestia.",1,88e30d20-5c53-5362-ac06-23372004dcc2,PASSIVE,NULL,NULL,false,AT_WILL,NULL,NULL,NULL
2ac5e833-1e33-5da8-85ba-0fe196961ad4,2026-09-08T00:00:00,2026-09-08T00:00:00,0,Legendary Resistance,"If the solar fails a saving throw, it can choose to succeed instead.",2,88e30d20-5c53-5362-ac06-23372004dcc2,PASSIVE,NULL,NULL,false,PER_DAY,4,NULL,NULL
bc65b1b8-1fd9-5665-b178-381f11328251,2026-09-08T00:00:00,2026-09-08T00:00:00,0,Magic Resistance,The solar has Advantage on saving throws against spells and other magical effects.,3,88e30d20-5c53-5362-ac06-23372004dcc2,PASSIVE,NULL,NULL,false,AT_WILL,NULL,NULL,NULL
e75f8112-9498-5668-9e74-17ef32d1f5e8,2026-09-08T00:00:00,2026-09-08T00:00:00,0,Multiattack,The solar makes two Flying Sword attacks. It can replace one attack with a use of Slaying Bow.,4,88e30d20-5c53-5362-ac06-23372004dcc2,ACTION,NULL,NULL,false,AT_WILL,NULL,NULL,NULL
8cb519d7-2275-5b6a-8017-2ab5c800e892,2026-09-08T00:00:00,2026-09-08T00:00:00,0,Flying Sword,"Melee or Ranged Attack Roll: +15, reach 10 ft. or range 120 ft. Hit: 22 (4d6 + 8) Slashing damage plus 36 (8d8) Radiant damage. Hit or Miss: The sword magically returns to the solar's hand or hovers within 5 feet of the solar immediately after a ranged attack.",5,88e30d20-5c53-5362-ac06-23372004dcc2,ACTION,NULL,NULL,false,AT_WILL,NULL,NULL,NULL
eb5f37a1-ce3a-5bdf-8c1c-e354f7d4ae19,2026-09-08T00:00:00,2026-09-08T00:00:00,0,Slaying Bow,"Dexterity Saving Throw: DC 21, one creature the solar can see within 600 feet. Failure: If the creature has 100 Hit Points or fewer, it dies. It otherwise takes 24 (4d8 + 6) Piercing damage plus 36 (8d8) Radiant damage.",6,88e30d20-5c53-5362-ac06-23372004dcc2,ACTION,NULL,NULL,false,AT_WILL,NULL,NULL,NULL
df2c7fbc-2404-5a92-8744-66660ec105ab,2026-09-08T00:00:00,2026-09-08T00:00:00,0,Spellcasting,"The solar casts one of the following spells, requiring no Material components and using Charisma as the spellcasting ability (spell save DC 25): At Will: Detect Evil and Good 1/Day Each: Commune, Control Weather, Dispel Evil and Good, Resurrection",7,88e30d20-5c53-5362-ac06-23372004dcc2,ACTION,NULL,NULL,false,AT_WILL,NULL,NULL,NULL
c182c721-2db3-54ea-9df0-fb80bc794937,2026-09-08T00:00:00,2026-09-08T00:00:00,0,Divine Aid,"The solar casts Cure Wounds (level 2 version), Lesser Restoration, or Remove Curse, using the same spellcasting ability as Spellcasting.",8,88e30d20-5c53-5362-ac06-23372004dcc2,BONUS_ACTION,NULL,NULL,false,PER_DAY,3,NULL,NULL
332d161e-bcb9-5262-b9c7-64c932aaff32,2026-09-08T00:00:00,2026-09-08T00:00:00,0,Blinding Gaze,"Constitution Saving Throw: DC 25, one creature the solar can see within 120 feet. Failure: The target has the Blinded condition for 1 minute. Failure or Success: The solar can't take this action again until the start of its next turn.",9,88e30d20-5c53-5362-ac06-23372004dcc2,LEGENDARY,NULL,NULL,false,PER_ROUND,1,NULL,NULL
bde2e075-d8b1-5c9c-b309-61097e6a3753,2026-09-08T00:00:00,2026-09-08T00:00:00,0,Radiant Teleport,"The solar teleports up to 60 feet to an unoccupied space it can see. Dexterity Saving Throw: DC 25, each creature in a 10-foot Emanation originating from the solar at its destination space. Failure: 11 (2d10) Radiant damage. Success: Half damage.",10,88e30d20-5c53-5362-ac06-23372004dcc2,LEGENDARY,NULL,NULL,false,AT_WILL,NULL,NULL,NULL
41206a29-1c0c-54f5-bf25-26a2eaf88de8,2026-09-08T00:00:00,2026-09-08T00:00:00,0,Incorporeal Movement,The specter can move through other creatures and objects as if they were Difficult Terrain. It takes 5 (1d10) Force damage if it ends its turn inside an object.,0,762c4171-6477-5706-b8ef-2d1882f9f0e7,PASSIVE,NULL,NULL,false,AT_WILL,NULL,NULL,NULL
f1c61ac3-6480-5e49-a126-217a5b282fc3,2026-09-08T00:00:00,2026-09-08T00:00:00,0,Sunlight Sensitivity,"While in sunlight, the specter has Disadvantage on ability checks and attack rolls.",1,762c4171-6477-5706-b8ef-2d1882f9f0e7,PASSIVE,NULL,NULL,false,AT_WILL,NULL,NULL,NULL
b039c109-0acc-5441-a214-93a23d82c24c,2026-09-08T00:00:00,2026-09-08T00:00:00,0,Life Drain,"Melee Attack Roll: +4, reach 5 ft. Hit: 7 (2d6) Necrotic damage. If the target is a creature, its Hit Point maximum decreases by an amount equal to the damage taken. Sphinxes",2,762c4171-6477-5706-b8ef-2d1882f9f0e7,ACTION,NULL,NULL,false,AT_WILL,NULL,NULL,NULL
22b32cf2-523e-525f-b7d3-14dd1b5b0680,2026-09-08T00:00:00,2026-09-08T00:00:00,0,Magic Resistance,The sphinx has Advantage on saving throws against spells and other magical effects.,0,d9fa6de6-609b-500a-b12b-5d6facdc2db1,PASSIVE,NULL,NULL,false,AT_WILL,NULL,NULL,NULL
24496cfe-bf6d-52af-8c36-26ae0815b52b,2026-09-08T00:00:00,2026-09-08T00:00:00,0,Rend,"Melee Attack Roll: +5, reach 5 ft. Hit: 5 (1d4 + 3) Slashing damage plus 7 (2d6) Radiant damage.",1,d9fa6de6-609b-500a-b12b-5d6facdc2db1,ACTION,NULL,NULL,false,AT_WILL,NULL,NULL,NULL
557542ee-b068-5fb3-a9e9-00f01387d389,2026-09-08T00:00:00,2026-09-08T00:00:00,0,Burst of Ingenuity,Trigger: The sphinx or another creature within 30 feet makes an ability check or a saving throw. Response: The sphinx adds 2 to the roll.,2,d9fa6de6-609b-500a-b12b-5d6facdc2db1,REACTION,NULL,The sphinx or another creature within 30 feet makes an ability check or a saving throw.,false,PER_DAY,2,NULL,NULL
e2d66231-dee3-59b4-b375-0d2604f9245e,2026-09-08T00:00:00,2026-09-08T00:00:00,0,Inscrutable,No magic can observe the sphinx remotely or detect its thoughts without its permission. Wisdom (Insight) checks made to ascertain its intentions or sincerity are made with Disadvantage.,0,e9b8bfaa-6730-5da9-a123-2ddc61ee9887,PASSIVE,NULL,NULL,false,AT_WILL,NULL,NULL,NULL
0e7a8176-77f4-5ef6-8a09-3f631671bade,2026-09-08T00:00:00,2026-09-08T00:00:00,0,Legendary Resistance,"If the sphinx fails a saving throw, it can choose to succeed instead.",1,e9b8bfaa-6730-5da9-a123-2ddc61ee9887,PASSIVE,NULL,NULL,false,PER_DAY,3,NULL,NULL
38d6b5fe-1ded-5a25-a611-9a8b1425119d,2026-09-08T00:00:00,2026-09-08T00:00:00,0,Multiattack,The sphinx makes three Claw attacks.,2,e9b8bfaa-6730-5da9-a123-2ddc61ee9887,ACTION,NULL,NULL,false,AT_WILL,NULL,NULL,NULL
fd840a78-bc5b-5ed0-9984-b556ed876f1e,2026-09-08T00:00:00,2026-09-08T00:00:00,0,Claw,"Melee Attack Roll: +8, reach 5 ft. Hit: 14 (3d6 + 4) Slashing damage.",3,e9b8bfaa-6730-5da9-a123-2ddc61ee9887,ACTION,NULL,NULL,false,AT_WILL,NULL,NULL,NULL
1ce3e943-7133-5f1d-8881-d498b7e50f21,2026-09-08T00:00:00,2026-09-08T00:00:00,0,Mind-Rending Roar,"Wisdom Saving Throw: DC 16, each enemy in a 300-foot Emanation originating from the sphinx. Failure: 35 (10d6) Psychic damage, and the target has the Incapacitated condition until the start of the sphinx's next turn.",4,e9b8bfaa-6730-5da9-a123-2ddc61ee9887,ACTION,NULL,NULL,false,RECHARGE,1,5,6
693fa2b2-ae05-5a10-95e8-8ea2d247bad5,2026-09-08T00:00:00,2026-09-08T00:00:00,0,Spellcasting,"The sphinx casts one of the following spells, requiring no Material components and using Intelligence as the spellcasting ability (spell save DC 16): At Will: Detect Magic, Identify, Mage Hand, Minor Illusion, Prestidigitation 1/Day Each: Dispel Magic, Legend Lore, Locate Object, Plane Shift, Remove Curse, Tongues",5,e9b8bfaa-6730-5da9-a123-2ddc61ee9887,ACTION,NULL,NULL,false,AT_WILL,NULL,NULL,NULL
eb667803-2435-59fa-bb24-837a10aa5581,2026-09-08T00:00:00,2026-09-08T00:00:00,0,Arcane Prowl,"The sphinx can teleport up to 30 feet to an unoccupied space it can see, and it makes one Claw attack.",6,e9b8bfaa-6730-5da9-a123-2ddc61ee9887,LEGENDARY,NULL,NULL,false,AT_WILL,NULL,NULL,NULL
ae7032b6-0505-54c2-b9de-d1dfb090455c,2026-09-08T00:00:00,2026-09-08T00:00:00,0,Weight of Years,"Constitution Saving Throw: DC 16, one creature the sphinx can see within 120 feet. Failure: The target gains 1 Exhaustion level. While the target has any Exhaustion levels, it appears 3d10 years older. Failure or Success: The sphinx can't take this action again until the start of its next turn.",7,e9b8bfaa-6730-5da9-a123-2ddc61ee9887,LEGENDARY,NULL,NULL,false,PER_ROUND,1,NULL,NULL
68fcf094-9c2b-5199-8808-40eaa85fd9b4,2026-09-08T00:00:00,2026-09-08T00:00:00,0,Inscrutable,No magic can observe the sphinx remotely or detect its thoughts without its permission. Wisdom (Insight) checks made to ascertain its intentions or sincerity are made with Disadvantage.,0,5df859a8-4247-5372-811b-304e3921ff11,PASSIVE,NULL,NULL,false,AT_WILL,NULL,NULL,NULL
9f7643c4-0e33-5b90-b266-664757ffbf9a,2026-09-08T00:00:00,2026-09-08T00:00:00,0,Legendary Resistance,"If the sphinx fails a saving throw, it can choose to succeed instead.",1,5df859a8-4247-5372-811b-304e3921ff11,PASSIVE,NULL,NULL,false,PER_DAY,3,NULL,NULL
5a1ff569-d981-51b7-85ab-3076bcc9a172,2026-09-08T00:00:00,2026-09-08T00:00:00,0,Multiattack,The sphinx makes two Claw attacks and uses Roar.,2,5df859a8-4247-5372-811b-304e3921ff11,ACTION,NULL,NULL,false,AT_WILL,NULL,NULL,NULL
e1eea52e-284c-5cdf-9f5c-59dc57721298,2026-09-08T00:00:00,2026-09-08T00:00:00,0,Claw,"Melee Attack Roll: +12, reach 5 ft. Hit: 20 (4d6 + 6) Slashing damage.",3,5df859a8-4247-5372-811b-304e3921ff11,ACTION,NULL,NULL,false,AT_WILL,NULL,NULL,NULL
11816e56-c94c-5aef-ab82-3bbd7f55b6d4,2026-09-08T00:00:00,2026-09-08T00:00:00,0,Roar,"The sphinx emits a magical roar. Whenever it roars, the roar has a different effect, as detailed below (the sequence resets when it takes a Long Rest): First Roar. Wisdom Saving Throw: DC 20, each enemy in a 500-foot Emanation originating from the sphinx. Failure: The target has the Frightened condition for 1 minute.",4,5df859a8-4247-5372-811b-304e3921ff11,ACTION,NULL,NULL,false,PER_DAY,3,NULL,NULL
109f2acc-ca22-521c-806b-2938a1d27a15,2026-09-08T00:00:00,2026-09-08T00:00:00,0,Second Roar,"Wisdom Saving Throw: DC 20, each enemy in a 500-foot Emanation originating from the sphinx. Failure: The target has the Paralyzed condition, and it repeats the save at the end of each of its turns, ending the effect on itself on a success. After 1 minute, it succeeds automatically.",5,5df859a8-4247-5372-811b-304e3921ff11,ACTION,NULL,NULL,false,AT_WILL,NULL,NULL,NULL
e994ec4b-0513-5ff4-b29b-40f985846f11,2026-09-08T00:00:00,2026-09-08T00:00:00,0,Third Roar,"Constitution Saving Throw: DC 20, each enemy in a 500-foot Emanation originating from the sphinx. Failure: 44 (8d10) Thunder damage, and the target has the Prone condition. Success: Half damage only.",6,5df859a8-4247-5372-811b-304e3921ff11,ACTION,NULL,NULL,false,AT_WILL,NULL,NULL,NULL
a9a1f8c1-69f1-5624-addd-81a3f4f0bd68,2026-09-08T00:00:00,2026-09-08T00:00:00,0,Spellcasting,"The sphinx casts one of the following spells, requiring no Material components and using Wisdom as the spellcasting ability (spell save DC 20): At Will: Detect Evil and Good, Thaumaturgy 1/Day Each: Detect Magic, Dispel Magic, Greater Restoration, Heroes' Feast, Zone of Truth",7,5df859a8-4247-5372-811b-304e3921ff11,ACTION,NULL,NULL,false,AT_WILL,NULL,NULL,NULL
51d82b08-bf54-5595-b9d6-40984d0fc62e,2026-09-08T00:00:00,2026-09-08T00:00:00,0,Arcane Prowl,"The sphinx can teleport up to 30 feet to an unoccupied space it can see, and it makes one Claw attack.",8,5df859a8-4247-5372-811b-304e3921ff11,LEGENDARY,NULL,NULL,false,AT_WILL,NULL,NULL,NULL
30b4f349-6b76-5481-b82c-3075be016583,2026-09-08T00:00:00,2026-09-08T00:00:00,0,Weight of Years,"Constitution Saving Throw: DC 16, one creature the sphinx can see within 120 feet. Failure: The target gains 1 Exhaustion level. While the target has any Exhaustion levels, it appears 3d10 years older. Failure or Success: The sphinx can't take this action again until the start of its next turn.",9,5df859a8-4247-5372-811b-304e3921ff11,LEGENDARY,NULL,NULL,false,PER_ROUND,1,NULL,NULL
7b0bb909-7cf4-50b0-9a52-041f1fb9fc03,2026-09-08T00:00:00,2026-09-08T00:00:00,0,Fiendish Restoration,"If it dies, the naga returns to life in 1d6 days and regains all its Hit Points. Only a Wish spell can prevent this trait from functioning.",0,7b035506-c08d-5e3b-9953-a27493b96e96,PASSIVE,NULL,NULL,false,AT_WILL,NULL,NULL,NULL
38508d9b-95da-5e15-b1ef-446cbcf9d462,2026-09-08T00:00:00,2026-09-08T00:00:00,0,Multiattack,"The naga makes three attacks, using Bite or Necrotic Ray in any combination.",1,7b035506-c08d-5e3b-9953-a27493b96e96,ACTION,NULL,NULL,false,AT_WILL,NULL,NULL,NULL
f8b199d6-519c-550f-a960-3bc5b863671d,2026-09-08T00:00:00,2026-09-08T00:00:00,0,Bite,"Melee Attack Roll: +7, reach 10 ft. Hit: 7 (1d6 + 4) Piercing damage plus 14 (4d6) Poison damage.",2,7b035506-c08d-5e3b-9953-a27493b96e96,ACTION,NULL,NULL,false,AT_WILL,NULL,NULL,NULL
84ea9f07-8d9f-58f5-85b4-8e3ae3abb2e6,2026-09-08T00:00:00,2026-09-08T00:00:00,0,Necrotic Ray,"Ranged Attack Roll: +6, range 60 ft. Hit: 21 (6d6) Necrotic damage.",3,7b035506-c08d-5e3b-9953-a27493b96e96,ACTION,NULL,NULL,false,AT_WILL,NULL,NULL,NULL
4adb6050-4998-54cd-a2da-d09d6cf7dbef,2026-09-08T00:00:00,2026-09-08T00:00:00,0,Spellcasting,"The naga casts one of the following spells, requiring no Somatic or Material components and using Intelligence as the spellcasting ability (spell save DC 14): At Will: Detect Magic, Mage Hand, Minor Illusion, Water Breathing 2/Day Each: Detect Thoughts, Dimension Door, Hold Person (level 3 version), Lightning Bolt (level 4 version)",4,7b035506-c08d-5e3b-9953-a27493b96e96,ACTION,NULL,NULL,false,AT_WILL,NULL,NULL,NULL
228f2114-5890-5ade-b95b-14ca05b03a1a,2026-09-08T00:00:00,2026-09-08T00:00:00,0,Needle Sword,"Melee Attack Roll: +6, reach 5 ft. Hit: 6 (1d4 + 4) Piercing damage.",0,dccc7c87-4681-5bac-9350-568e1c76e937,ACTION,NULL,NULL,false,AT_WILL,NULL,NULL,NULL
3db7c05a-009e-54f5-8ef5-2b7c0d2184ed,2026-09-08T00:00:00,2026-09-08T00:00:00,0,Enchanting Bow,"Ranged Attack Roll: +6, range 40/160 ft. Hit: 1 Piercing damage, and the target has the Charmed condition until the start of the sprite's next turn.",1,dccc7c87-4681-5bac-9350-568e1c76e937,ACTION,NULL,NULL,false,AT_WILL,NULL,NULL,NULL
542b27e9-05aa-5ad2-9990-7f2f9f130cd1,2026-09-08T00:00:00,2026-09-08T00:00:00,0,Heart Sight,"Charisma Saving Throw: DC 10, one creature within 5 feet the sprite can see (Celestials, Fiends, and Undead automatically fail the save). Failure: The sprite knows the target's emotions and alignment.",2,dccc7c87-4681-5bac-9350-568e1c76e937,ACTION,NULL,NULL,false,AT_WILL,NULL,NULL,NULL
9832bbfc-626f-50b9-9a46-c690a8e62fb3,2026-09-08T00:00:00,2026-09-08T00:00:00,0,Invisibility,"The sprite casts Invisibility on itself, requiring no spell components and using Charisma as the spellcasting ability.",3,dccc7c87-4681-5bac-9350-568e1c76e937,ACTION,NULL,NULL,false,AT_WILL,NULL,NULL,NULL
219d48b4-d6f7-5046-8081-bd259506ebe4,2026-09-08T00:00:00,2026-09-08T00:00:00,0,Shortsword,"Melee Attack Roll: +4, reach 5 ft. Hit: 5 (1d6 + 2) Piercing damage plus 7 (2d6) Poison damage.",0,d66a8a58-b0c8-5f08-9ba5-db64b48dbb42,ACTION,NULL,NULL,false,AT_WILL,NULL,NULL,NULL
2b133d3b-7284-5291-bd37-365bd1029c77,2026-09-08T00:00:00,2026-09-08T00:00:00,0,Hand Crossbow,"Ranged Attack Roll: +4, range 30/120 ft. Hit: 5 (1d6 + 2) Piercing damage plus 7 (2d6) Poison damage.",1,d66a8a58-b0c8-5f08-9ba5-db64b48dbb42,ACTION,NULL,NULL,false,AT_WILL,NULL,NULL,NULL
c2952ce6-5dd4-56c5-a20a-99f20da362d2,2026-09-08T00:00:00,2026-09-08T00:00:00,0,Cunning Action,"The spy takes the Dash, Disengage, or Hide action.",2,d66a8a58-b0c8-5f08-9ba5-db64b48dbb42,BONUS_ACTION,NULL,NULL,false,AT_WILL,NULL,NULL,NULL
1d83b42e-35d8-51af-a1d1-d28fdbff80ec,2026-09-08T00:00:00,2026-09-08T00:00:00,0,Proboscis,"Melee Attack Roll: +5, reach 5 ft. Hit: 6 (1d6 + 3) Piercing damage, and the stirge attaches to the target. While attached, the stirge can't make Proboscis attacks, and the target takes 5 (2d4) Necrotic damage at the start of each of the stirge's turns. The stirge can detach itself by spending 5 feet of its movement. The target or a creature within 5 feet of it can detach the stirge as an action.",0,92b71b91-ac6b-56d5-9de7-1eaff99c446c,ACTION,NULL,NULL,false,AT_WILL,NULL,NULL,NULL
827c2e13-5b4a-5631-ae06-c24ff1b623a9,2026-09-08T00:00:00,2026-09-08T00:00:00,0,Multiattack,"The giant makes two attacks, using Stone Club or Boulder in any combination.",0,a1bfe89a-4d20-5fcb-a3b4-bb3fee18ae2f,ACTION,NULL,NULL,false,AT_WILL,NULL,NULL,NULL
f85f4090-9059-56a2-aaa9-9746e057a2bc,2026-09-08T00:00:00,2026-09-08T00:00:00,0,Stone Club,"Melee Attack Roll: +9, reach 15 ft. Hit: 22 (3d10 + 6) Bludgeoning damage.",1,a1bfe89a-4d20-5fcb-a3b4-bb3fee18ae2f,ACTION,NULL,NULL,false,AT_WILL,NULL,NULL,NULL
724b8d19-ae05-5f2f-b10e-7ada31baac13,2026-09-08T00:00:00,2026-09-08T00:00:00,0,Boulder,"Ranged Attack Roll: +9, range 60/240 ft. Hit: 15 (2d8 + 6) Bludgeoning damage. If the target is a Large or smaller creature, it has the Prone condition.",2,a1bfe89a-4d20-5fcb-a3b4-bb3fee18ae2f,ACTION,NULL,NULL,false,AT_WILL,NULL,NULL,NULL
eed9f2f1-704e-5567-86f2-3dcdf08bfe0d,2026-09-08T00:00:00,2026-09-08T00:00:00,0,Deflect Missile,"Trigger: The giant is hit by a ranged attack roll and takes Bludgeoning, Piercing, or Slashing damage from it. Response: The giant reduces the damage it takes from the attack by 11 (1d10 + 6), and if that damage is reduced to 0, the giant can redirect some of the attack's force. Dexterity Saving Throw: DC 17, one creature the giant can see within 60 feet. Failure: 11 (1d10 + 6) Force damage.",3,a1bfe89a-4d20-5fcb-a3b4-bb3fee18ae2f,REACTION,NULL,"The giant is hit by a ranged attack roll and takes Bludgeoning, Piercing, or Slashing damage from it.",false,RECHARGE,1,5,6
e3df3fed-56e0-5973-b864-0838e98f919c,2026-09-08T00:00:00,2026-09-08T00:00:00,0,Immutable Form,The golem can't shape-shift.,0,1e3d7463-9156-5de7-817a-663e0cbf79d2,PASSIVE,NULL,NULL,false,AT_WILL,NULL,NULL,NULL
c6bbbc8c-e51a-53a6-86b8-421d934f9c24,2026-09-08T00:00:00,2026-09-08T00:00:00,0,Magic Resistance,The golem has Advantage on saving throws against spells and other magical effects.,1,1e3d7463-9156-5de7-817a-663e0cbf79d2,PASSIVE,NULL,NULL,false,AT_WILL,NULL,NULL,NULL
61412b40-c77a-5ba9-baef-c157b2a555f9,2026-09-08T00:00:00,2026-09-08T00:00:00,0,Multiattack,"The golem makes two attacks, using Slam or Force Bolt in any combination.",2,1e3d7463-9156-5de7-817a-663e0cbf79d2,ACTION,NULL,NULL,false,AT_WILL,NULL,NULL,NULL
c49d54f7-a1d7-55ef-8336-7e5daee697db,2026-09-08T00:00:00,2026-09-08T00:00:00,0,Slam,"Melee Attack Roll: +10, reach 5 ft. Hit: 15 (2d8 + 6) Bludgeoning damage plus 9 (2d8) Force damage.",3,1e3d7463-9156-5de7-817a-663e0cbf79d2,ACTION,NULL,NULL,false,AT_WILL,NULL,NULL,NULL
45fa2d2e-290d-54af-ab0a-9a8884cb34f3,2026-09-08T00:00:00,2026-09-08T00:00:00,0,Force Bolt,"Ranged Attack Roll: +9, range 120 ft. Hit: 22 (4d10) Force damage.",4,1e3d7463-9156-5de7-817a-663e0cbf79d2,ACTION,NULL,NULL,false,AT_WILL,NULL,NULL,NULL
895f1e39-1d3e-59e3-9c3d-5fd6448b86da,2026-09-08T00:00:00,2026-09-08T00:00:00,0,Slow,"The golem casts the Slow spell, requiring no spell components and using Constitution as the spellcasting ability (spell save DC 17).",5,1e3d7463-9156-5de7-817a-663e0cbf79d2,BONUS_ACTION,NULL,NULL,false,RECHARGE,1,5,6
b7874eb7-26b5-525f-85c3-f0ccf3b69243,2026-09-08T00:00:00,2026-09-08T00:00:00,0,Amphibious,The giant can breathe air and water.,0,2befbad5-fc44-5196-925e-4aef0bc84a75,PASSIVE,NULL,NULL,false,AT_WILL,NULL,NULL,NULL
ac2b3f04-f732-5949-8578-8e71ec485e8b,2026-09-08T00:00:00,2026-09-08T00:00:00,0,Multiattack,"The giant makes two attacks, using Storm Sword or Thunderbolt in any combination.",1,2befbad5-fc44-5196-925e-4aef0bc84a75,ACTION,NULL,NULL,false,AT_WILL,NULL,NULL,NULL
aeb9a78d-1cc4-5e96-9e6a-ab42d51c5cf9,2026-09-08T00:00:00,2026-09-08T00:00:00,0,Storm Sword,"Melee Attack Roll: +14, reach 10 ft. Hit: 23 (4d6 + 9) Slashing damage plus 13 (3d8) Lightning damage.",2,2befbad5-fc44-5196-925e-4aef0bc84a75,ACTION,NULL,NULL,false,AT_WILL,NULL,NULL,NULL
76d7dd89-f11f-5e91-a393-cf2c1b880ad6,2026-09-08T00:00:00,2026-09-08T00:00:00,0,Thunderbolt,"Ranged Attack Roll: +14, range 500 ft. Hit: 22 (2d12 + 9) Lightning damage, and the target has the Blinded and Deafened conditions until the start of the giant's next turn.",3,2befbad5-fc44-5196-925e-4aef0bc84a75,ACTION,NULL,NULL,false,AT_WILL,NULL,NULL,NULL
88fca534-049a-5b7c-a5bc-fab7e3f4ec62,2026-09-08T00:00:00,2026-09-08T00:00:00,0,Lightning Storm,"Dexterity Saving Throw: DC 18, each creature in a 10-foot-radius, 40-foot-high Cylinder originating from a point the giant can see within 500 feet. Failure: 55 (10d10) Lightning damage. Success: Half damage.",4,2befbad5-fc44-5196-925e-4aef0bc84a75,ACTION,NULL,NULL,false,RECHARGE,1,5,6
bc388a42-0eab-53ec-a828-1e08096c77c0,2026-09-08T00:00:00,2026-09-08T00:00:00,0,Spellcasting,"The giant casts one of the following spells, requiring no Material components and using Wisdom as the spellcasting ability (spell save DC 18): At Will: Detect Magic, Light 1/Day: Control Weather",5,2befbad5-fc44-5196-925e-4aef0bc84a75,ACTION,NULL,NULL,false,AT_WILL,NULL,NULL,NULL
87d233a8-638e-5522-af18-a38880796cc3,2026-09-08T00:00:00,2026-09-08T00:00:00,0,Incubus Form,"When the succubus finishes a Long Rest, it can shape-shift into an Incubus, using that stat block instead of this one.",0,578daa8d-fc6b-5da1-a52f-fbc8b4d7ad22,PASSIVE,NULL,NULL,false,AT_WILL,NULL,NULL,NULL
37143b23-b833-5c0b-8992-c037be6ee10e,2026-09-08T00:00:00,2026-09-08T00:00:00,0,Multiattack,The succubus makes one Fiendish Touch attack and uses Charm or Draining Kiss.,1,578daa8d-fc6b-5da1-a52f-fbc8b4d7ad22,ACTION,NULL,NULL,false,AT_WILL,NULL,NULL,NULL
16600b3d-b8c6-5883-973e-9f9dd2bb39e1,2026-09-08T00:00:00,2026-09-08T00:00:00,0,Fiendish Touch,"Melee Attack Roll: +7, reach 5 ft. Hit: 16 (2d10 + 5) Psychic damage.",2,578daa8d-fc6b-5da1-a52f-fbc8b4d7ad22,ACTION,NULL,NULL,false,AT_WILL,NULL,NULL,NULL
b1b11d0a-74b8-5674-afeb-a92c9865271d,2026-09-08T00:00:00,2026-09-08T00:00:00,0,Charm,"The succubus casts Dominate Person (level 8 version), requiring no spell components and using Charisma as the spellcasting ability (spell save DC 15).",3,578daa8d-fc6b-5da1-a52f-fbc8b4d7ad22,ACTION,NULL,NULL,false,AT_WILL,NULL,NULL,NULL
1c2c8e54-26e5-5922-8f37-745c62028c7d,2026-09-08T00:00:00,2026-09-08T00:00:00,0,Draining Kiss,"Constitution Saving Throw: DC 15, one creature Charmed by the succubus within 5 feet. Failure: 13 (3d8) Psychic damage. Success: Half damage. Failure or Success: The target's Hit Point maximum decreases by an amount equal to the damage taken.",4,578daa8d-fc6b-5da1-a52f-fbc8b4d7ad22,ACTION,NULL,NULL,false,AT_WILL,NULL,NULL,NULL
1ef7cc79-c445-5dfb-a02f-47561ae32038,2026-09-08T00:00:00,2026-09-08T00:00:00,0,Shape-Shift,"The succubus shape-shifts into a Medium or Small Humanoid, or it returns to its true form. Its game statistics are the same in each form, except its Fly Speed is available only in its true form. Any equipment it is wearing or carrying isn't transformed.",5,578daa8d-fc6b-5da1-a52f-fbc8b4d7ad22,BONUS_ACTION,NULL,NULL,false,AT_WILL,NULL,NULL,NULL
41a9b725-f7ff-5b34-8f4a-c1ec21908d4d,2026-09-08T00:00:00,2026-09-08T00:00:00,0,Legendary Resistance,"If the tarrasque fails a saving throw, it can choose to succeed instead.",0,f01dc9ea-555e-51ff-a7f2-16d629f7d3e9,PASSIVE,NULL,NULL,false,PER_DAY,6,NULL,NULL
914a6e71-3728-57bf-8cb8-4c53ce7f8367,2026-09-08T00:00:00,2026-09-08T00:00:00,0,Magic Resistance,The tarrasque has Advantage on saving throws against spells and other magical effects.,1,f01dc9ea-555e-51ff-a7f2-16d629f7d3e9,PASSIVE,NULL,NULL,false,AT_WILL,NULL,NULL,NULL
20be5bbc-c423-5dad-b06b-041564644fa3,2026-09-08T00:00:00,2026-09-08T00:00:00,0,Reflective Carapace,"If the tarrasque is targeted by a Magic Missile spell or a spell that requires a ranged attack roll, roll 1d6. On a 1-5, the tarrasque is unaffected. On a 6, the tarrasque is unaffected and reflects the spell, turning the caster into the target.",2,f01dc9ea-555e-51ff-a7f2-16d629f7d3e9,PASSIVE,NULL,NULL,false,AT_WILL,NULL,NULL,NULL
870e558a-c439-5ced-8aca-eadbd2a91ec5,2026-09-08T00:00:00,2026-09-08T00:00:00,0,Siege Monster,The tarrasque deals double damage to objects and structures.,3,f01dc9ea-555e-51ff-a7f2-16d629f7d3e9,PASSIVE,NULL,NULL,false,AT_WILL,NULL,NULL,NULL
8671636c-ae45-5e5b-833a-24b72a8bd821,2026-09-08T00:00:00,2026-09-08T00:00:00,0,Multiattack,"The tarrasque makes one Bite attack and three other attacks, using Claw or Tail in any combination.",4,f01dc9ea-555e-51ff-a7f2-16d629f7d3e9,ACTION,NULL,NULL,false,AT_WILL,NULL,NULL,NULL
6080e753-27d4-59da-af93-fd89f9a76cb8,2026-09-08T00:00:00,2026-09-08T00:00:00,0,Bite,"Melee Attack Roll: +19, reach 15 ft. Hit: 36 (4d12 + 10) Piercing damage, and the target has the Grappled condition (escape DC 20). Until the grapple ends, the target has the Restrained condition and can't teleport.",5,f01dc9ea-555e-51ff-a7f2-16d629f7d3e9,ACTION,NULL,NULL,false,AT_WILL,NULL,NULL,NULL
7d313a9d-60de-5414-a85c-8a2966323e5c,2026-09-08T00:00:00,2026-09-08T00:00:00,0,Claw,"Melee Attack Roll: +19, reach 15 ft. Hit: 28 (4d8 + 10) Slashing damage.",6,f01dc9ea-555e-51ff-a7f2-16d629f7d3e9,ACTION,NULL,NULL,false,AT_WILL,NULL,NULL,NULL
76cd8057-48f2-5fef-a9fb-b562446e8637,2026-09-08T00:00:00,2026-09-08T00:00:00,0,Tail,"Melee Attack Roll: +19, reach 30 ft. Hit: 23 (3d8 + 10) Bludgeoning damage. If the target is a Huge or smaller creature, it has the Prone condition.",7,f01dc9ea-555e-51ff-a7f2-16d629f7d3e9,ACTION,NULL,NULL,false,AT_WILL,NULL,NULL,NULL
296a90d2-0688-567c-8b36-a47ac36b32c2,2026-09-08T00:00:00,2026-09-08T00:00:00,0,Thunderous Bellow,"Constitution Saving Throw: DC 27, each creature and each object that isn't being worn or carried in a 150-foot Cone. Failure: 78 (12d12) Thunder damage, and the target has the Deafened and Frightened conditions until the end of its next turn. Success: Half damage only.",8,f01dc9ea-555e-51ff-a7f2-16d629f7d3e9,ACTION,NULL,NULL,false,RECHARGE,1,5,6
f903fcb3-6e13-5320-aadd-761803c04570,2026-09-08T00:00:00,2026-09-08T00:00:00,0,Swallow,"Strength Saving Throw: DC 27, one Large or smaller creature Grappled by the tarrasque (it can have up to six creatures swallowed at a time). Failure: The target is swallowed, and the Grappled condition ends. A swallowed creature has the Blinded and Restrained conditions and can't teleport, it has Total Cover against attacks and other effects outside the tarrasque, and it takes 56 (16d6) Acid damage at the start of each of the tarrasque's turns. If the tarrasque takes 60 damage or more on a single turn from a creature inside it, the tarrasque must succeed on a DC 20 Constitution saving throw at the end of that turn or regurgitate all swallowed creatures, each of which falls in a space within 10 feet of the tarrasque and has the Prone condition. If the tarrasque dies, any swallowed creature no longer has the Restrained condition and can escape from the corpse using 20 feet of movement, exiting Prone.",9,f01dc9ea-555e-51ff-a7f2-16d629f7d3e9,BONUS_ACTION,NULL,NULL,false,AT_WILL,NULL,NULL,NULL
0c404ad6-1dd6-5351-a513-9aa6472b7c1a,2026-09-08T00:00:00,2026-09-08T00:00:00,0,Onslaught,"The tarrasque moves up to half its Speed, and it makes one Claw or Tail attack.",10,f01dc9ea-555e-51ff-a7f2-16d629f7d3e9,LEGENDARY,NULL,NULL,false,AT_WILL,NULL,NULL,NULL
757140e0-2c0f-5948-9706-9bf66587bee2,2026-09-08T00:00:00,2026-09-08T00:00:00,0,World-Shaking Movement,"The tarrasque moves up to its Speed. At the end of this movement, the tarrasque creates an instantaneous shock wave in a 60-foot Emanation originating from itself. Creatures in that area lose Concentration and, if Medium or smaller, have the Prone condition. The tarrasque can't take this action again until the start of its next turn. Toughs",11,f01dc9ea-555e-51ff-a7f2-16d629f7d3e9,LEGENDARY,NULL,NULL,false,PER_ROUND,1,NULL,NULL
f02267a2-46c5-58e1-b5f7-d3e7799b36ce,2026-09-08T00:00:00,2026-09-08T00:00:00,0,Pack Tactics,The tough has Advantage on an attack roll against a creature if at least one of the tough's allies is within 5 feet of the creature and the ally doesn't have the Incapacitated condition.,0,2845034d-f87a-5f06-98f4-7f54ae895d41,PASSIVE,NULL,NULL,false,AT_WILL,NULL,NULL,NULL
f623514d-43ae-54e6-bc57-9748536bfb7a,2026-09-08T00:00:00,2026-09-08T00:00:00,0,Mace,"Melee Attack Roll: +4, reach 5 ft. Hit: 5 (1d6 + 2) Bludgeoning damage.",1,2845034d-f87a-5f06-98f4-7f54ae895d41,ACTION,NULL,NULL,false,AT_WILL,NULL,NULL,NULL
d7742e2a-6947-504c-81b6-008356cc2589,2026-09-08T00:00:00,2026-09-08T00:00:00,0,Heavy Crossbow,"Ranged Attack Roll: +3, range 100/400 ft. Hit: 6 (1d10 + 1) Piercing damage.",2,2845034d-f87a-5f06-98f4-7f54ae895d41,ACTION,NULL,NULL,false,AT_WILL,NULL,NULL,NULL
7f56d59e-949a-5b95-95bc-9d062b5456d3,2026-09-08T00:00:00,2026-09-08T00:00:00,0,Pack Tactics,The tough has Advantage on an attack roll against a creature if at least one of the tough's allies is within 5 feet of the creature and the ally doesn't have the Incapacitated condition.,0,3adcd839-4f14-5e6a-9ab4-62c8caf3d88f,PASSIVE,NULL,NULL,false,AT_WILL,NULL,NULL,NULL
62704a4a-2245-52f5-be2d-4aa14d8b606c,2026-09-08T00:00:00,2026-09-08T00:00:00,0,Multiattack,"The tough makes two attacks, using Warhammer or Heavy Crossbow in any combination.",1,3adcd839-4f14-5e6a-9ab4-62c8caf3d88f,ACTION,NULL,NULL,false,AT_WILL,NULL,NULL,NULL
97abf014-7c19-54a9-a18f-b2df76757f8e,2026-09-08T00:00:00,2026-09-08T00:00:00,0,Warhammer,"Melee Attack Roll: +5, reach 5 ft. Hit: 12 (2d8 + 3) Bludgeoning damage. If the target is a Large or smaller creature, the tough pushes the target up to 10 feet straight away from itself.",2,3adcd839-4f14-5e6a-9ab4-62c8caf3d88f,ACTION,NULL,NULL,false,AT_WILL,NULL,NULL,NULL
939563f3-a93b-5af1-8f00-bfe39b0fc7c4,2026-09-08T00:00:00,2026-09-08T00:00:00,0,Heavy Crossbow,"Ranged Attack Roll: +4, range 100/400 ft. Hit: 13 (2d10 + 2) Piercing damage.",3,3adcd839-4f14-5e6a-9ab4-62c8caf3d88f,ACTION,NULL,NULL,false,AT_WILL,NULL,NULL,NULL
26842b38-6008-5380-9e33-1629ad2aeff7,2026-09-08T00:00:00,2026-09-08T00:00:00,0,Siege Monster,The treant deals double damage to objects and structures.,0,3a69541d-4ed4-56ef-9073-e768c6bf7342,PASSIVE,NULL,NULL,false,AT_WILL,NULL,NULL,NULL
3a9b9042-b76f-58b2-88ab-615b0c3f78ad,2026-09-08T00:00:00,2026-09-08T00:00:00,0,Multiattack,The treant makes two Slam attacks.,1,3a69541d-4ed4-56ef-9073-e768c6bf7342,ACTION,NULL,NULL,false,AT_WILL,NULL,NULL,NULL
82f3034d-968d-5363-be6d-58966b5cacf5,2026-09-08T00:00:00,2026-09-08T00:00:00,0,Slam,"Melee Attack Roll: +10, reach 5 ft. Hit: 16 (3d6 + 6) Bludgeoning damage.",2,3a69541d-4ed4-56ef-9073-e768c6bf7342,ACTION,NULL,NULL,false,AT_WILL,NULL,NULL,NULL
7390f894-13d5-527a-a213-20387109e37c,2026-09-08T00:00:00,2026-09-08T00:00:00,0,Hail of Bark,"Ranged Attack Roll: +10, range 180 ft. Hit: 28 (4d10 + 6) Piercing damage.",3,3a69541d-4ed4-56ef-9073-e768c6bf7342,ACTION,NULL,NULL,false,AT_WILL,NULL,NULL,NULL
ac0a33b0-57d6-52be-a778-db267e1e1514,2026-09-08T00:00:00,2026-09-08T00:00:00,0,Animate Trees,"The treant magically animates up to two trees it can see within 60 feet of itself. Each tree uses the Treant stat block, except it has Intelligence and Charisma scores of 1, it can't speak, and it lacks this action. The tree takes its turn immediately after the treant on the same Initiative count, and it obeys the treant. A tree remains animate for 1 day or until it dies, the treant dies, or it is more than 120 feet from the treant. The tree then takes root if possible.",4,3a69541d-4ed4-56ef-9073-e768c6bf7342,ACTION,NULL,NULL,false,PER_DAY,1,NULL,NULL
1758cf1f-8759-5f40-b480-5175a9eddd7a,2026-09-08T00:00:00,2026-09-08T00:00:00,0,Loathsome Limbs,"If the troll ends any turn Bloodied and took 15+ Slashing damage during that turn, one of the troll's limbs is severed, falls into the troll's space, and becomes a Troll Limb. The limb acts immediately after the troll's turn. The troll has 1 Exhaustion level for each missing limb, and it grows replacement limbs the next time it regains Hit Points.",0,ae1563c8-0adc-544e-9f82-5da6cab34c17,PASSIVE,NULL,NULL,false,PER_DAY,4,NULL,NULL
10260658-ec57-594c-8e2a-5131ae2b43fc,2026-09-08T00:00:00,2026-09-08T00:00:00,0,Regeneration,"The troll regains 15 Hit Points at the start of each of its turns. If the troll takes Acid or Fire damage, this trait doesn't function on the troll's next turn. The troll dies only if it starts its turn with 0 Hit Points and doesn't regenerate.",1,ae1563c8-0adc-544e-9f82-5da6cab34c17,PASSIVE,NULL,NULL,false,AT_WILL,NULL,NULL,NULL
16875c2f-4f7e-570a-b00e-db0322b0d969,2026-09-08T00:00:00,2026-09-08T00:00:00,0,Multiattack,The troll makes three Rend attacks.,2,ae1563c8-0adc-544e-9f82-5da6cab34c17,ACTION,NULL,NULL,false,AT_WILL,NULL,NULL,NULL
8ffbc928-fb27-5dd3-afa5-c7a18289460c,2026-09-08T00:00:00,2026-09-08T00:00:00,0,Rend,"Melee Attack Roll: +7, reach 10 ft. Hit: 11 (2d6 + 4) Slashing damage.",3,ae1563c8-0adc-544e-9f82-5da6cab34c17,ACTION,NULL,NULL,false,AT_WILL,NULL,NULL,NULL
fccbd97c-ea15-55c8-80f5-981f2ba9c65a,2026-09-08T00:00:00,2026-09-08T00:00:00,0,Charge,The troll moves up to half its Speed straight toward an enemy it can see.,4,ae1563c8-0adc-544e-9f82-5da6cab34c17,BONUS_ACTION,NULL,NULL,false,AT_WILL,NULL,NULL,NULL
761768fa-63cc-5387-ac79-c4b01aacbe48,2026-09-08T00:00:00,2026-09-08T00:00:00,0,Regeneration,"The limb regains 5 Hit Points at the start of each of its turns. If the limb takes Acid or Fire damage, this trait doesn't function on the limb's next turn. The limb dies only if it starts its turn with 0 Hit Points and doesn't regenerate.",0,b1e3b533-ce3e-576e-b98e-4cdebe94d7d8,PASSIVE,NULL,NULL,false,AT_WILL,NULL,NULL,NULL
dcc649cf-6c44-5c6f-bf06-06de74369157,2026-09-08T00:00:00,2026-09-08T00:00:00,0,Troll Spawn,"The limb uncannily has the same senses as a whole troll. If the limb isn't destroyed within 24 hours, roll 1d12. On a 12, the limb turns into a Troll. Otherwise, the limb withers away.",1,b1e3b533-ce3e-576e-b98e-4cdebe94d7d8,PASSIVE,NULL,NULL,false,AT_WILL,NULL,NULL,NULL
eead6433-fe13-5d94-8b0b-3da0eaf26020,2026-09-08T00:00:00,2026-09-08T00:00:00,0,Rend,"Melee Attack Roll: +6, reach 5 ft. Hit: 9 (2d4 + 4) Slashing damage.",2,b1e3b533-ce3e-576e-b98e-4cdebe94d7d8,ACTION,NULL,NULL,false,AT_WILL,NULL,NULL,NULL
c6f4ac02-771c-5281-934a-7061c626355d,2026-09-08T00:00:00,2026-09-08T00:00:00,0,Legendary Resistance,"If the unicorn fails a saving throw, it can choose to succeed instead.",0,631e533d-18b2-5a2f-8152-df17a92aea99,PASSIVE,NULL,NULL,false,PER_DAY,3,NULL,NULL
1d1d1781-7b3f-5717-80c2-7b75cd75e1be,2026-09-08T00:00:00,2026-09-08T00:00:00,0,Magic Resistance,The unicorn has Advantage on saving throws against spells and other magical effects.,1,631e533d-18b2-5a2f-8152-df17a92aea99,PASSIVE,NULL,NULL,false,AT_WILL,NULL,NULL,NULL
5d59ccbe-68aa-599a-9538-c5489213c7ec,2026-09-08T00:00:00,2026-09-08T00:00:00,0,Multiattack,The unicorn makes one Hooves attack and one Radiant Horn attack.,2,631e533d-18b2-5a2f-8152-df17a92aea99,ACTION,NULL,NULL,false,AT_WILL,NULL,NULL,NULL
87787a66-0b47-57a7-8327-c84feb8f0ebe,2026-09-08T00:00:00,2026-09-08T00:00:00,0,Hooves,"Melee Attack Roll: +7, reach 5 ft. Hit: 11 (2d6 + 4) Bludgeoning damage.",3,631e533d-18b2-5a2f-8152-df17a92aea99,ACTION,NULL,NULL,false,AT_WILL,NULL,NULL,NULL
2f41ccda-11d0-5be8-8bd9-4c88768c255b,2026-09-08T00:00:00,2026-09-08T00:00:00,0,Radiant Horn,"Melee Attack Roll: +7, reach 5 ft. Hit: 9 (1d10 + 4) Radiant damage.",4,631e533d-18b2-5a2f-8152-df17a92aea99,ACTION,NULL,NULL,false,AT_WILL,NULL,NULL,NULL
20219ed4-bc73-5c0f-9349-a6b22cdb506d,2026-09-08T00:00:00,2026-09-08T00:00:00,0,Spellcasting,"The unicorn casts one of the following spells, requiring no spell components and using Charisma as the spellcasting ability (spell save DC 14): At Will: Detect Evil and Good, Druidcraft 1/Day Each: Calm Emotions, Dispel Evil and Good, Entangle, Pass without Trace, Word of Recall",5,631e533d-18b2-5a2f-8152-df17a92aea99,ACTION,NULL,NULL,false,AT_WILL,NULL,NULL,NULL
245110af-a855-50fb-8de3-2c4ad30ab6f5,2026-09-08T00:00:00,2026-09-08T00:00:00,0,Unicorn's Blessing,"The unicorn touches another creature with its horn and casts Cure Wounds or Lesser Restoration on that creature, using the same spellcasting ability as Spellcasting.",6,631e533d-18b2-5a2f-8152-df17a92aea99,BONUS_ACTION,NULL,NULL,false,PER_DAY,3,NULL,NULL
735a8c72-df50-5651-a616-3fe020918c20,2026-09-08T00:00:00,2026-09-08T00:00:00,0,Charging Horn,"The unicorn moves up to half its Speed without provoking Opportunity Attacks, and it makes one Radiant Horn attack.",7,631e533d-18b2-5a2f-8152-df17a92aea99,LEGENDARY,NULL,NULL,false,AT_WILL,NULL,NULL,NULL
8dcad5e5-7751-5f15-9fe4-5ab88ed695e4,2026-09-08T00:00:00,2026-09-08T00:00:00,0,Shimmering Shield,"The unicorn targets itself or one creature it can see within 60 feet of itself. The target gains 10 (3d6) Temporary Hit Points, and its AC increases by 2 until the end of the unicorn's next turn. The unicorn can't take this action again until the start of its next turn. Vampires",8,631e533d-18b2-5a2f-8152-df17a92aea99,LEGENDARY,NULL,NULL,false,PER_ROUND,1,NULL,NULL
7f45831d-c935-529a-b81b-5c7afd5b8ebd,2026-09-08T00:00:00,2026-09-08T00:00:00,0,Vampiric Connection,"While the familiar and its vampire master are on the same plane of existence, the vampire can communicate with the familiar telepathically, and the vampire can perceive through the familiar's senses.",0,f022f9a7-af46-5251-9eac-b532ad6704b2,PASSIVE,NULL,NULL,false,AT_WILL,NULL,NULL,NULL
d868f715-4af6-5cfd-9adc-2b2fca1dd60c,2026-09-08T00:00:00,2026-09-08T00:00:00,0,Multiattack,The familiar makes two Umbral Dagger attacks.,1,f022f9a7-af46-5251-9eac-b532ad6704b2,ACTION,NULL,NULL,false,AT_WILL,NULL,NULL,NULL
1d6ac993-7f50-5e24-a18c-44c80dd42ba3,2026-09-08T00:00:00,2026-09-08T00:00:00,0,Umbral Dagger,"Melee or Ranged Attack Roll: +5, reach 5 ft. or range 20/60 ft. Hit: 5 (1d4 + 3) Piercing damage plus 7 (3d4) Necrotic damage. If the target is reduced to 0 Hit Points by this attack, the target becomes Stable but has the Poisoned condition for 1 hour. While it has the Poisoned condition, the target has the Paralyzed condition.",2,f022f9a7-af46-5251-9eac-b532ad6704b2,ACTION,NULL,NULL,false,AT_WILL,NULL,NULL,NULL
7d83c791-c2d9-541a-92dd-10602a1be483,2026-09-08T00:00:00,2026-09-08T00:00:00,0,Deathless Agility,The familiar takes the Dash or Disengage action.,3,f022f9a7-af46-5251-9eac-b532ad6704b2,BONUS_ACTION,NULL,NULL,false,AT_WILL,NULL,NULL,NULL
1ddf824b-4fa8-5204-b68b-67cb07a986d8,2026-09-08T00:00:00,2026-09-08T00:00:00,0,Spider Climb,"The vampire can climb difficult surfaces, including along ceilings, without needing to make an ability check.",0,a628dc90-421d-5cd7-9394-f11ac9684481,PASSIVE,NULL,NULL,false,AT_WILL,NULL,NULL,NULL
84e0e596-5b79-57a8-9387-1ef6de74a5c6,2026-09-08T00:00:00,2026-09-08T00:00:00,0,Vampire Weakness,The vampire has these weaknesses: Forbiddance. The vampire can't enter a residence without an invitation from an occupant.,1,a628dc90-421d-5cd7-9394-f11ac9684481,PASSIVE,NULL,NULL,false,AT_WILL,NULL,NULL,NULL
dca44660-feff-5f37-a93b-1a3cae2b843a,2026-09-08T00:00:00,2026-09-08T00:00:00,0,Running Water,The vampire takes 20 Acid damage if it ends its turn in running water.,2,a628dc90-421d-5cd7-9394-f11ac9684481,PASSIVE,NULL,NULL,false,AT_WILL,NULL,NULL,NULL
54d267fb-5dbb-5700-8ba8-7adac14ec987,2026-09-08T00:00:00,2026-09-08T00:00:00,0,Stake to the Heart,The vampire is destroyed if a weapon that deals Piercing damage is driven into the vampire's heart while the vampire has the Incapacitated condition.,3,a628dc90-421d-5cd7-9394-f11ac9684481,PASSIVE,NULL,NULL,false,AT_WILL,NULL,NULL,NULL
c0cfdddd-c02d-58cd-bd82-e285a303986d,2026-09-08T00:00:00,2026-09-08T00:00:00,0,Sunlight,"The vampire takes 20 Radiant damage if it starts its turn in sunlight. While in sunlight, it has Disadvantage on attack rolls and ability checks.",4,a628dc90-421d-5cd7-9394-f11ac9684481,PASSIVE,NULL,NULL,false,AT_WILL,NULL,NULL,NULL
1be6c6c9-9574-54ca-a10d-e0eb6600e02e,2026-09-08T00:00:00,2026-09-08T00:00:00,0,Multiattack,The vampire makes two Claw attacks and uses Bite.,5,a628dc90-421d-5cd7-9394-f11ac9684481,ACTION,NULL,NULL,false,AT_WILL,NULL,NULL,NULL
40f3ebc8-35aa-5c61-bf45-419387fcafe3,2026-09-08T00:00:00,2026-09-08T00:00:00,0,Claw,"Melee Attack Roll: +6, reach 5 ft. Hit: 8 (2d4 + 3) Slashing damage. If the target is a Medium or smaller creature, it has the Grappled condition (escape DC 13) from one of two claws.",6,a628dc90-421d-5cd7-9394-f11ac9684481,ACTION,NULL,NULL,false,AT_WILL,NULL,NULL,NULL
79ea5d46-038c-563c-8be2-8aece986d919,2026-09-08T00:00:00,2026-09-08T00:00:00,0,Bite,"Constitution Saving Throw: DC 14, one creature within 5 feet that is willing or that has the Grappled, Incapacitated, or Restrained condition. Failure: 5 (1d4 + 3) Piercing damage plus 10 (3d6) Necrotic damage. The target's Hit Point maximum decreases by an amount equal to the Necrotic damage taken, and the vampire regains Hit Points equal to that amount.",7,a628dc90-421d-5cd7-9394-f11ac9684481,ACTION,NULL,NULL,false,AT_WILL,NULL,NULL,NULL
9220cff7-dc86-5063-a4a8-f68a3334bd85,2026-09-08T00:00:00,2026-09-08T00:00:00,0,Deathless Agility,The vampire takes the Dash or Disengage action.,8,a628dc90-421d-5cd7-9394-f11ac9684481,BONUS_ACTION,NULL,NULL,false,AT_WILL,NULL,NULL,NULL
6ea4faae-a7cb-5dfb-af02-f9d43992e99a,2026-09-08T00:00:00,2026-09-08T00:00:00,0,Legendary Resistance,"If the vampire fails a saving throw, it can choose to succeed instead.",0,3a4c6071-45ce-544b-821c-32fa7b1db427,PASSIVE,NULL,NULL,false,PER_DAY,3,NULL,NULL
33534c2c-6252-5fb8-8508-0e125e2dcec8,2026-09-08T00:00:00,2026-09-08T00:00:00,0,Misty Escape,"If the vampire drops to 0 Hit Points outside its resting place, the vampire uses Shape-Shift to become mist (no action required). If it can't use Shape- Shift, it is destroyed. While it has 0 Hit Points in mist form, it can't return to its vampire form, and it must reach its resting place within 2 hours or be destroyed. Once in its resting place, it returns to its vampire form and has the Paralyzed condition until it regains any Hit Points, and it regains 1 Hit Point after spending 1 hour there.",1,3a4c6071-45ce-544b-821c-32fa7b1db427,PASSIVE,NULL,NULL,false,AT_WILL,NULL,NULL,NULL
7ff19e92-906e-5790-9e49-236060783154,2026-09-08T00:00:00,2026-09-08T00:00:00,0,Spider Climb,"The vampire can climb difficult surfaces, including along ceilings, without needing to make an ability check.",2,3a4c6071-45ce-544b-821c-32fa7b1db427,PASSIVE,NULL,NULL,false,AT_WILL,NULL,NULL,NULL
d8ca6e25-5682-5d43-b3ca-75c822ad1370,2026-09-08T00:00:00,2026-09-08T00:00:00,0,Vampire Weakness,The vampire has these weaknesses: Forbiddance. The vampire can't enter a residence without an invitation from an occupant.,3,3a4c6071-45ce-544b-821c-32fa7b1db427,PASSIVE,NULL,NULL,false,AT_WILL,NULL,NULL,NULL
a2f858e4-2e0d-565b-8436-437e1982dd38,2026-09-08T00:00:00,2026-09-08T00:00:00,0,Running Water,The vampire takes 20 Acid damage if it ends its turn in running water.,4,3a4c6071-45ce-544b-821c-32fa7b1db427,PASSIVE,NULL,NULL,false,AT_WILL,NULL,NULL,NULL
db27b675-c9cd-5b1a-ab42-41d7c6ebb264,2026-09-08T00:00:00,2026-09-08T00:00:00,0,Stake to the Heart,"If a weapon that deals Piercing damage is driven into the vampire's heart while the vampire has the Incapacitated condition in its resting place, the vampire has the Paralyzed condition until the weapon is removed.",5,3a4c6071-45ce-544b-821c-32fa7b1db427,PASSIVE,NULL,NULL,false,AT_WILL,NULL,NULL,NULL
b3413279-94f6-5e37-af76-29a3ce1bec2a,2026-09-08T00:00:00,2026-09-08T00:00:00,0,Sunlight,"The vampire takes 20 Radiant damage if it starts its turn in sunlight. While in sunlight, it has Disadvantage on attack rolls and ability checks.",6,3a4c6071-45ce-544b-821c-32fa7b1db427,PASSIVE,NULL,NULL,false,AT_WILL,NULL,NULL,NULL
4681538b-40a2-56bb-a4f6-d85a7ecf72a4,2026-09-08T00:00:00,2026-09-08T00:00:00,0,Multiattack,The vampire makes two Grave Strike attacks and uses Bite.,7,3a4c6071-45ce-544b-821c-32fa7b1db427,ACTION,NULL,NULL,false,AT_WILL,NULL,NULL,NULL
3eeb2456-5f4d-525f-9a02-d3c8980c1eab,2026-09-08T00:00:00,2026-09-08T00:00:00,0,Grave Strike,"Melee Attack Roll: +9, reach 5 ft. Hit: 8 (1d8 + 4) Bludgeoning damage plus 7 (2d6) Necrotic damage. If the target is a Large or smaller creature, it has the Grappled condition (escape DC 14) from one of two hands.",8,3a4c6071-45ce-544b-821c-32fa7b1db427,ACTION,NULL,NULL,false,AT_WILL,NULL,NULL,NULL
1b330efe-e044-57fe-943c-7c16613ebb50,2026-09-08T00:00:00,2026-09-08T00:00:00,0,Bite,"Constitution Saving Throw: DC 17, one creature within 5 feet that is willing or that has the Grappled, Incapacitated, or Restrained condition. Failure: 6 (1d4 + 4) Piercing damage plus 13 (3d8) Necrotic damage. The target's Hit Point maximum decreases by an amount equal to the Necrotic damage taken, and the vampire regains Hit Points equal to that amount. A Humanoid reduced to 0 Hit Points by this damage and then buried rises the following sunset as a Vampire Spawn under the vampire's control.",9,3a4c6071-45ce-544b-821c-32fa7b1db427,ACTION,NULL,NULL,false,AT_WILL,NULL,NULL,NULL
28f4878f-de79-5478-a464-50f84e44db8d,2026-09-08T00:00:00,2026-09-08T00:00:00,0,Charm,"The vampire casts Charm Person, requiring no spell components and using Charisma as the spellcasting ability (spell save DC 17), and the duration is 24 hours. The Charmed target is a willing recipient of the vampire's Bite, the damage of which doesn't end the spell. When the spell ends, the target is unaware it was Charmed by the vampire.",10,3a4c6071-45ce-544b-821c-32fa7b1db427,BONUS_ACTION,NULL,NULL,false,RECHARGE,1,5,6
e8cafade-9c10-50c9-9d3e-4b1470c4c247,2026-09-08T00:00:00,2026-09-08T00:00:00,0,Shape-Shift,"If the vampire isn't in sunlight or running water, it shape-shifts into a Tiny bat (Speed 5 ft., Fly Speed 30 ft.) or a Medium cloud of mist (Speed 5 ft., Fly Speed 20 ft. [hover]), or it returns to its vampire form. Anything it is wearing transforms with it.",11,3a4c6071-45ce-544b-821c-32fa7b1db427,BONUS_ACTION,NULL,NULL,false,AT_WILL,NULL,NULL,NULL
edd0d2fb-0551-5ee6-9b6b-ddd2afbee5a7,2026-09-08T00:00:00,2026-09-08T00:00:00,0,"While in bat form, the vampire can't speak","Its game statistics, other than its size and Speed, are unchanged. While in mist form, the vampire can't take any actions, speak, or manipulate objects. It is weightless and can enter an enemy's space and stop there. If air can pass through a space, the mist can do so, but it can't pass through liquid. It has Resistance to all damage, except the damage it takes from sunlight.",12,3a4c6071-45ce-544b-821c-32fa7b1db427,BONUS_ACTION,NULL,NULL,false,AT_WILL,NULL,NULL,NULL
b156781a-96ea-5fd4-a972-d550edc80358,2026-09-08T00:00:00,2026-09-08T00:00:00,0,Beguile,"The vampire casts Command, requiring no spell components and using Charisma as the spellcasting ability (spell save DC 17). The vampire can't take this action again until the start of its next turn.",13,3a4c6071-45ce-544b-821c-32fa7b1db427,LEGENDARY,NULL,NULL,false,PER_ROUND,1,NULL,NULL
465f9162-356b-5ace-a52a-9b00384429e7,2026-09-08T00:00:00,2026-09-08T00:00:00,0,Deathless Strike,"The vampire moves up to half its Speed, and it makes one Grave Strike attack.",14,3a4c6071-45ce-544b-821c-32fa7b1db427,LEGENDARY,NULL,NULL,false,AT_WILL,NULL,NULL,NULL
c98d1946-5882-5abb-af79-b31b33782f7e,2026-09-08T00:00:00,2026-09-08T00:00:00,0,Demonic Restoration,"If the vrock dies outside the Abyss, its body dissolves into ichor, and it gains a new body instantly, reviving with all its Hit Points somewhere in the Abyss.",0,069c23dc-d371-5360-9dcf-9567d7805c65,PASSIVE,NULL,NULL,false,AT_WILL,NULL,NULL,NULL
52d11f1e-c588-5ab8-8a1d-bdb82b754e50,2026-09-08T00:00:00,2026-09-08T00:00:00,0,Magic Resistance,The vrock has Advantage on saving throws against spells and other magical effects.,1,069c23dc-d371-5360-9dcf-9567d7805c65,PASSIVE,NULL,NULL,false,AT_WILL,NULL,NULL,NULL
f0ed367f-ae85-5197-8d0d-4ec7f582520b,2026-09-08T00:00:00,2026-09-08T00:00:00,0,Multiattack,The vrock makes two Shred attacks.,2,069c23dc-d371-5360-9dcf-9567d7805c65,ACTION,NULL,NULL,false,AT_WILL,NULL,NULL,NULL
27b1a982-ff29-5863-8025-97eccad69c4d,2026-09-08T00:00:00,2026-09-08T00:00:00,0,Shred,"Melee Attack Roll: +6, reach 5 ft. Hit: 10 (2d6 + 3) Piercing damage plus 10 (3d6) Poison damage.",3,069c23dc-d371-5360-9dcf-9567d7805c65,ACTION,NULL,NULL,false,AT_WILL,NULL,NULL,NULL
7438ed17-71e7-564f-adba-1e004ba53e8f,2026-09-08T00:00:00,2026-09-08T00:00:00,0,Spores,"Constitution Saving Throw: DC 15, each creature in a 20-foot Emanation originating from the vrock. Failure: The target has the Poisoned condition and repeats the save at the end of each of its turns, ending the effect on itself on a success. While Poisoned, the target takes 5 (1d10) Poison damage at the start of each of its turns. Emptying a flask of Holy Water on the target ends the effect early.",4,069c23dc-d371-5360-9dcf-9567d7805c65,ACTION,NULL,NULL,false,RECHARGE,1,6,6
2e5d9a95-5906-5fd8-95ea-1af57969bb0f,2026-09-08T00:00:00,2026-09-08T00:00:00,0,Stunning Screech,"Constitution Saving Throw: DC 15, each creature in a 20-foot Emanation originating from the vrock (demons succeed automatically). Failure: 10 (3d6) Thunder damage, and the target has the Stunned condition until the end of the vrock's next turn. Warriors",5,069c23dc-d371-5360-9dcf-9567d7805c65,ACTION,NULL,NULL,false,PER_DAY,1,NULL,NULL
2527d4a2-87ca-55c8-bf5e-a8994152b534,2026-09-08T00:00:00,2026-09-08T00:00:00,0,Pack Tactics,The warrior has Advantage on an attack roll against a creature if at least one of the warrior's allies is within 5 feet of the creature and the ally doesn't have the Incapacitated condition.,0,f04ea9d0-7d55-593a-a41b-6fbb5299b577,PASSIVE,NULL,NULL,false,AT_WILL,NULL,NULL,NULL
e9d04e86-6715-527e-b568-76ddddb4558b,2026-09-08T00:00:00,2026-09-08T00:00:00,0,Spear,"Melee or Ranged Attack Roll: +3, reach 5 ft. or range 20/60 ft. Hit: 4 (1d6 + 1) Piercing damage.",1,f04ea9d0-7d55-593a-a41b-6fbb5299b577,ACTION,NULL,NULL,false,AT_WILL,NULL,NULL,NULL
7efbafdb-989a-5452-a9a2-4f64547def0c,2026-09-08T00:00:00,2026-09-08T00:00:00,0,Multiattack,The warrior makes two Greatsword or Heavy Crossbow attacks.,0,190080e5-e870-55e0-ae7c-3badbf73ad9f,ACTION,NULL,NULL,false,AT_WILL,NULL,NULL,NULL
a7d5c86d-dbfe-51ad-9224-c37c86fed9bf,2026-09-08T00:00:00,2026-09-08T00:00:00,0,Greatsword,"Melee Attack Roll: +5, reach 5 ft. Hit: 10 (2d6 + 3) Slashing damage.",1,190080e5-e870-55e0-ae7c-3badbf73ad9f,ACTION,NULL,NULL,false,AT_WILL,NULL,NULL,NULL
3a160365-1e3a-5d5e-b2eb-c29e40335986,2026-09-08T00:00:00,2026-09-08T00:00:00,0,Heavy Crossbow,"Ranged Attack Roll: +3, range 100/400 ft. Hit: 12 (2d10 + 1) Piercing damage.",2,190080e5-e870-55e0-ae7c-3badbf73ad9f,ACTION,NULL,NULL,false,AT_WILL,NULL,NULL,NULL
be7d4c70-8938-50a8-9616-fad6d66d0860,2026-09-08T00:00:00,2026-09-08T00:00:00,0,Parry,"Trigger: The warrior is hit by a melee attack roll while holding a weapon. Response: The warrior adds 2 to its AC against that attack, possibly causing it to miss.",3,190080e5-e870-55e0-ae7c-3badbf73ad9f,REACTION,NULL,The warrior is hit by a melee attack roll while holding a weapon.,false,AT_WILL,NULL,NULL,NULL
3759e2fa-2510-5486-86a5-67d73d71cd29,2026-09-08T00:00:00,2026-09-08T00:00:00,0,Freeze,"If the elemental takes Cold damage, its Speed decreases by 20 feet until the end of its next turn.",0,3840708e-43c7-5649-a63f-c2fc7a0494c8,PASSIVE,NULL,NULL,false,AT_WILL,NULL,NULL,NULL
3d74b560-9522-50f6-aa4d-6d8f378fec71,2026-09-08T00:00:00,2026-09-08T00:00:00,0,Water Form,The elemental can enter an enemy's space and stop there. It can move through a space as narrow as 1 inch without expending extra movement to do so.,1,3840708e-43c7-5649-a63f-c2fc7a0494c8,PASSIVE,NULL,NULL,false,AT_WILL,NULL,NULL,NULL
f3c6cdf7-aee8-5e26-8e5a-6829e39592c7,2026-09-08T00:00:00,2026-09-08T00:00:00,0,Multiattack,The elemental makes two Slam attacks.,2,3840708e-43c7-5649-a63f-c2fc7a0494c8,ACTION,NULL,NULL,false,AT_WILL,NULL,NULL,NULL
b9fb9d67-3a7c-55fc-a5e7-011d1486572e,2026-09-08T00:00:00,2026-09-08T00:00:00,0,Slam,"Melee Attack Roll: +7, reach 5 ft. Hit: 13 (2d8 + 4) Bludgeoning damage. If the target is a Medium or smaller creature, it has the Prone condition.",3,3840708e-43c7-5649-a63f-c2fc7a0494c8,ACTION,NULL,NULL,false,AT_WILL,NULL,NULL,NULL
f19a4692-c465-5875-8473-5ea3cb731384,2026-09-08T00:00:00,2026-09-08T00:00:00,0,Whelm,"Strength Saving Throw: DC 15, each creature in the elemental's space. Failure: 22 (4d8 + 4) Bludgeoning damage. If the target is a Large or smaller creature, it has the Grappled condition (escape DC 14). Until the grapple ends, the target has the Restrained condition, is suffocating unless it can breathe water, and takes 9 (2d8) Bludgeoning damage at the start of each of the elemental's turns. The elemental can grapple one Large creature or up to two Medium or smaller creatures at a time with Whelm. As an action, a creature within 5 feet of the elemental can pull a creature out of it by succeeding on a DC 14 Strength (Athletics) check. Success: Half damage only.",4,3840708e-43c7-5649-a63f-c2fc7a0494c8,ACTION,NULL,NULL,false,RECHARGE,1,4,6
b2df9357-b44a-59b8-abb5-8ad8bc04cc55,2026-09-08T00:00:00,2026-09-08T00:00:00,0,Multiattack,"The werebear makes two attacks, using Handaxe or Rend in any combination. It can replace one attack with a Bite attack.",0,f657ecb2-3549-5870-ba69-ba43eb1f9027,ACTION,NULL,NULL,false,AT_WILL,NULL,NULL,NULL
137315d2-809f-5b67-ad20-4dc17f033bb1,2026-09-08T00:00:00,2026-09-08T00:00:00,0,Bite,"Melee Attack Roll: +7, reach 5 ft. Hit: 17 (2d12 + 4) Piercing damage. If the target is a Humanoid, it is subjected to the following effect. Constitution Saving Throw: DC 14. Failure: The target is cursed. If the cursed target drops to 0 Hit Points, it instead becomes a Werebear under the GM's control and has 10 Hit Points. Success: The target is immune to this werebear's curse for 24 hours.",1,f657ecb2-3549-5870-ba69-ba43eb1f9027,ACTION,NULL,NULL,false,AT_WILL,NULL,NULL,NULL
eae767af-0388-5484-b166-ee9b821bee83,2026-09-08T00:00:00,2026-09-08T00:00:00,0,Handaxe,"Melee or Ranged Attack Roll: +7, reach 5 ft or range 20/60 ft. Hit: 14 (3d6 + 4) Slashing damage.",2,f657ecb2-3549-5870-ba69-ba43eb1f9027,ACTION,NULL,NULL,false,AT_WILL,NULL,NULL,NULL
4d0e68c8-41c5-5782-a710-1c5c7c6c3258,2026-09-08T00:00:00,2026-09-08T00:00:00,0,Rend,"Melee Attack Roll: +7, reach 5 ft. Hit: 13 (2d8 + 4) Slashing damage.",3,f657ecb2-3549-5870-ba69-ba43eb1f9027,ACTION,NULL,NULL,false,AT_WILL,NULL,NULL,NULL
f98cdb1a-b4e3-5d5a-8fdb-251cc2f24189,2026-09-08T00:00:00,2026-09-08T00:00:00,0,Shape-Shift,"The werebear shape-shifts into a Large bear-humanoid hybrid form or a Large bear, or it returns to its true humanoid form. Its game statistics, other than its size, are the same in each form. Any equipment it is wearing or carrying isn't transformed.",4,f657ecb2-3549-5870-ba69-ba43eb1f9027,BONUS_ACTION,NULL,NULL,false,AT_WILL,NULL,NULL,NULL
37fae6ea-94cd-578f-8f6f-437ffc22727d,2026-09-08T00:00:00,2026-09-08T00:00:00,0,Multiattack,"The wereboar makes two attacks, using Javelin or Tusk in any combination. It can replace one attack with a Gore attack.",0,d1c9c99f-7203-5a69-af2b-4eeb0ad7af06,ACTION,NULL,NULL,false,AT_WILL,NULL,NULL,NULL
7096c762-896d-5412-954c-5ad3ef9076e9,2026-09-08T00:00:00,2026-09-08T00:00:00,0,Gore,"Melee Attack Roll: +5, reach 5 ft. Hit: 12 (2d8 + 3) Piercing damage. If the target is a Humanoid, it is subjected to the following effect. Constitution Saving Throw: DC 12. Failure: The target is cursed. If the cursed target drops to 0 Hit Points, it instead becomes a Wereboar under the GM's control and has 10 Hit Points. Success: The target is immune to this wereboar's curse for 24 hours.",1,d1c9c99f-7203-5a69-af2b-4eeb0ad7af06,ACTION,NULL,NULL,false,AT_WILL,NULL,NULL,NULL
6ce2c907-280b-51a0-97c3-b4bbc89d176c,2026-09-08T00:00:00,2026-09-08T00:00:00,0,Javelin,"Melee or Ranged Attack Roll: +5, reach 5 ft. or range 30/120 ft. Hit: 13 (3d6 + 3) Piercing damage.",2,d1c9c99f-7203-5a69-af2b-4eeb0ad7af06,ACTION,NULL,NULL,false,AT_WILL,NULL,NULL,NULL
80f9a819-bbf9-5882-aa01-7aa9093cdbe6,2026-09-08T00:00:00,2026-09-08T00:00:00,0,Tusk,"Melee Attack Roll: +5, reach 5 ft. Hit: 10 (2d6 + 3) Piercing damage. If the target is a Medium or smaller creature and the wereboar moved 20+ feet straight toward it immediately before the hit, the target takes an extra 7 (2d6) Piercing damage and has the Prone condition.",3,d1c9c99f-7203-5a69-af2b-4eeb0ad7af06,ACTION,NULL,NULL,false,AT_WILL,NULL,NULL,NULL
d69660f8-ecb3-587e-a8a9-ae7dc590b624,2026-09-08T00:00:00,2026-09-08T00:00:00,0,Shape-Shift,"The wereboar shape-shifts into a Medium boar-humanoid hybrid or a Small boar, or it returns to its true humanoid form. Its game statistics, other than its size, are the same in each form. Any equipment it is wearing or carrying isn't transformed.",4,d1c9c99f-7203-5a69-af2b-4eeb0ad7af06,BONUS_ACTION,NULL,NULL,false,AT_WILL,NULL,NULL,NULL
c21f57c0-93e5-5126-8858-81ab994ca707,2026-09-08T00:00:00,2026-09-08T00:00:00,0,Multiattack,"The wererat makes two attacks, using Scratch or Hand Crossbow in any combination. It can replace one attack with a Bite attack.",0,cfa2ae81-694d-54b1-90f4-3f0ee7b7527c,ACTION,NULL,NULL,false,AT_WILL,NULL,NULL,NULL
195c6323-4095-5797-b0be-b8aadda14204,2026-09-08T00:00:00,2026-09-08T00:00:00,0,Bite,"Melee Attack Roll: +5, reach 5 ft. Hit: 8 (2d4 + 3) Piercing damage. If the target is a Humanoid, it is subjected to the following effect. Constitution Saving Throw: DC 11. Failure: The target is cursed. If the cursed target drops to 0 Hit Points, it instead becomes a Wererat under the GM's control and has 10 Hit Points. Success: The target is immune to this wererat's curse for 24 hours.",1,cfa2ae81-694d-54b1-90f4-3f0ee7b7527c,ACTION,NULL,NULL,false,AT_WILL,NULL,NULL,NULL
0e0e365f-778a-5df9-95be-a70429854be9,2026-09-08T00:00:00,2026-09-08T00:00:00,0,Scratch,"Melee Attack Roll: +5, reach 5 ft. Hit: 6 (1d6 + 3) Slashing damage. Hand Crossbow (Humanoid or Hybrid Form Only). Ranged Attack Roll: +5, range 30/120 ft. Hit: 6 (1d6 + 3) Piercing damage.",2,cfa2ae81-694d-54b1-90f4-3f0ee7b7527c,ACTION,NULL,NULL,false,AT_WILL,NULL,NULL,NULL
18212174-4e9f-517f-9d09-05b5387a66fa,2026-09-08T00:00:00,2026-09-08T00:00:00,0,Shape-Shift,"The wererat shape-shifts into a Medium rat-humanoid hybrid or a Small rat, or it returns to its true humanoid form. Its game statistics, other than its size, are the same in each form. Any equipment it is wearing or carrying isn't transformed.",3,cfa2ae81-694d-54b1-90f4-3f0ee7b7527c,BONUS_ACTION,NULL,NULL,false,AT_WILL,NULL,NULL,NULL
4b9c1bd5-eb60-59bc-b9f0-679e6fc3d9cb,2026-09-08T00:00:00,2026-09-08T00:00:00,0,Multiattack,"The weretiger makes two attacks, using Scratch or Longbow in any combination. It can replace one attack with a Bite attack.",0,115165f3-4b3a-5dc8-ac74-cca8c02719c9,ACTION,NULL,NULL,false,AT_WILL,NULL,NULL,NULL
154836c8-f669-587b-a9af-db13a53deb00,2026-09-08T00:00:00,2026-09-08T00:00:00,0,Bite,"Melee Attack Roll: +5, reach 5 ft. Hit: 12 (2d8 + 3) Piercing damage. If the target is a Humanoid, it is subjected to the following effect. Constitution Saving Throw: DC 13. Failure: The target is cursed. If the cursed target drops to 0 Hit Points, it instead becomes a Weretiger under the GM's control and has 10 Hit Points. Success: The target is immune to this weretiger's curse for 24 hours.",1,115165f3-4b3a-5dc8-ac74-cca8c02719c9,ACTION,NULL,NULL,false,AT_WILL,NULL,NULL,NULL
9a69e478-d623-5a5b-a425-5077ba959d75,2026-09-08T00:00:00,2026-09-08T00:00:00,0,Scratch,"Melee Attack Roll: +5, reach 5 ft. Hit: 10 (2d6 + 3) Slashing damage.",2,115165f3-4b3a-5dc8-ac74-cca8c02719c9,ACTION,NULL,NULL,false,AT_WILL,NULL,NULL,NULL
a842cba4-b86e-55d7-b99b-6f13337201b7,2026-09-08T00:00:00,2026-09-08T00:00:00,0,Longbow,"Ranged Attack Roll: +4, range 150/600 ft. Hit: 11 (2d8 + 2) Piercing damage.",3,115165f3-4b3a-5dc8-ac74-cca8c02719c9,ACTION,NULL,NULL,false,AT_WILL,NULL,NULL,NULL
05bbf8fa-d170-5a42-9d37-0fcc5921d89b,2026-09-08T00:00:00,2026-09-08T00:00:00,0,Prowl,"The weretiger moves up to its Speed without provoking Opportunity Attacks. At the end of this movement, the weretiger can take the Hide action.",4,115165f3-4b3a-5dc8-ac74-cca8c02719c9,BONUS_ACTION,NULL,NULL,false,AT_WILL,NULL,NULL,NULL
a9454e6e-efc1-52a1-b2b1-e403e14a3e47,2026-09-08T00:00:00,2026-09-08T00:00:00,0,Shape-Shift,"The weretiger shape-shifts into a Large tiger-humanoid hybrid or a Large tiger, or it returns to its true humanoid form. Its game statistics, other than its size, are the same in each form. Any equipment it is wearing or carrying isn't transformed.",5,115165f3-4b3a-5dc8-ac74-cca8c02719c9,BONUS_ACTION,NULL,NULL,false,AT_WILL,NULL,NULL,NULL
7d6ef699-aa91-570d-b3f7-39d6c1fc1337,2026-09-08T00:00:00,2026-09-08T00:00:00,0,Pack Tactics,The werewolf has Advantage on an attack roll against a creature if at least one of the werewolf's allies is within 5 feet of the creature and the ally doesn't have the Incapacitated condition.,0,4bad1953-be71-5018-bd30-ea4581d113bf,PASSIVE,NULL,NULL,false,AT_WILL,NULL,NULL,NULL
8808e517-3968-51c1-b738-f4c544b14525,2026-09-08T00:00:00,2026-09-08T00:00:00,0,Multiattack,"The werewolf makes two attacks, using Scratch or Longbow in any combination. It can replace one attack with a Bite attack.",1,4bad1953-be71-5018-bd30-ea4581d113bf,ACTION,NULL,NULL,false,AT_WILL,NULL,NULL,NULL
dbd07785-4fc6-56b1-a13c-4febe5b0f2ff,2026-09-08T00:00:00,2026-09-08T00:00:00,0,Bite,"Melee Attack Roll: +5, reach 5 ft. Hit: 12 (2d8 + 3) Piercing damage. If the target is a Humanoid, it is subjected to the following effect. Constitution Saving Throw: DC 12. Failure: The target is cursed. If the cursed target drops to 0 Hit Points, it instead becomes a Werewolf under the GM's control and has 10 Hit Points. Success: The target is immune to this werewolf's curse for 24 hours.",2,4bad1953-be71-5018-bd30-ea4581d113bf,ACTION,NULL,NULL,false,AT_WILL,NULL,NULL,NULL
f82fe2f8-2b97-5683-8159-3413a046ed6e,2026-09-08T00:00:00,2026-09-08T00:00:00,0,Scratch,"Melee Attack Roll: +5, reach 5 ft. Hit: 10 (2d6 + 3) Slashing damage.",3,4bad1953-be71-5018-bd30-ea4581d113bf,ACTION,NULL,NULL,false,AT_WILL,NULL,NULL,NULL
2626c87f-0664-56d3-88d7-4e92f3acca17,2026-09-08T00:00:00,2026-09-08T00:00:00,0,Longbow,"Ranged Attack Roll: +4, range 150/600 ft. Hit: 11 (2d8 + 2) Piercing damage.",4,4bad1953-be71-5018-bd30-ea4581d113bf,ACTION,NULL,NULL,false,AT_WILL,NULL,NULL,NULL
724e865d-9872-5723-a0d0-46b13c5cba7f,2026-09-08T00:00:00,2026-09-08T00:00:00,0,Shape-Shift,"The werewolf shape-shifts into a Large wolf-humanoid hybrid or a Medium wolf, or it returns to its true humanoid form. Its game statistics, other than its size, are the same in each form. Any equipment it is wearing or carrying isn't transformed. White Dragons",5,4bad1953-be71-5018-bd30-ea4581d113bf,BONUS_ACTION,NULL,NULL,false,AT_WILL,NULL,NULL,NULL
eccab190-c757-5e80-8a4e-e597b6cec01d,2026-09-08T00:00:00,2026-09-08T00:00:00,0,Ice Walk,"The dragon can move across and climb icy surfaces without needing to make an ability check. Additionally, Difficult Terrain composed of ice or snow doesn't cost it extra movement.",0,e50a506e-d3b7-5d24-926e-e81e7546358d,PASSIVE,NULL,NULL,false,AT_WILL,NULL,NULL,NULL
7e07122e-ca04-5d83-a91e-7adb009eaa2e,2026-09-08T00:00:00,2026-09-08T00:00:00,0,Multiattack,The dragon makes two Rend attacks.,1,e50a506e-d3b7-5d24-926e-e81e7546358d,ACTION,NULL,NULL,false,AT_WILL,NULL,NULL,NULL
8d0692d9-2256-5e35-b105-170eecea9a8b,2026-09-08T00:00:00,2026-09-08T00:00:00,0,Rend,"Melee Attack Roll: +4, reach 5 ft. Hit: 6 (1d8 + 2) Slashing damage plus 2 (1d4) Cold damage.",2,e50a506e-d3b7-5d24-926e-e81e7546358d,ACTION,NULL,NULL,false,AT_WILL,NULL,NULL,NULL
22b90619-05ad-5e2e-89b7-67d08eae52be,2026-09-08T00:00:00,2026-09-08T00:00:00,0,Cold Breath,"Constitution Saving Throw: DC 12, each creature in a 15-foot Cone. Failure: 22 (5d8) Cold damage. Success: Half damage.",3,e50a506e-d3b7-5d24-926e-e81e7546358d,ACTION,NULL,NULL,false,RECHARGE,1,5,6
7b8aca01-5125-5fc1-9bfa-5907a8753b5e,2026-09-08T00:00:00,2026-09-08T00:00:00,0,Ice Walk,"The dragon can move across and climb icy surfaces without needing to make an ability check. Additionally, Difficult Terrain composed of ice or snow doesn't cost it extra movement.",0,c5ae861c-ca16-5751-99f3-1cb1b5b4f951,PASSIVE,NULL,NULL,false,AT_WILL,NULL,NULL,NULL
c47d2855-32e7-55b1-9395-84964849e55d,2026-09-08T00:00:00,2026-09-08T00:00:00,0,Multiattack,The dragon makes three Rend attacks.,1,c5ae861c-ca16-5751-99f3-1cb1b5b4f951,ACTION,NULL,NULL,false,AT_WILL,NULL,NULL,NULL
26bcecb6-3273-5bf8-9ce3-c121db788f78,2026-09-08T00:00:00,2026-09-08T00:00:00,0,Rend,"Melee Attack Roll: +7, reach 10 ft. Hit: 9 (2d4 + 4) Slashing damage plus 2 (1d4) Cold damage.",2,c5ae861c-ca16-5751-99f3-1cb1b5b4f951,ACTION,NULL,NULL,false,AT_WILL,NULL,NULL,NULL
950fd2b1-8c97-5c1f-a655-fdc04950fe53,2026-09-08T00:00:00,2026-09-08T00:00:00,0,Cold Breath,"Constitution Saving Throw: DC 15, each creature in a 30-foot Cone. Failure: 40 (9d8) Cold damage. Success: Half damage.",3,c5ae861c-ca16-5751-99f3-1cb1b5b4f951,ACTION,NULL,NULL,false,RECHARGE,1,5,6
7f5f4307-a956-528c-993c-856fa5231d05,2026-09-08T00:00:00,2026-09-08T00:00:00,0,Ice Walk,"The dragon can move across and climb icy surfaces without needing to make an ability check. Additionally, Difficult Terrain composed of ice or snow doesn't cost it extra movement.",0,42038caa-5299-5640-82b9-c0d6785a5f3a,PASSIVE,NULL,NULL,false,AT_WILL,NULL,NULL,NULL
67591069-7e09-5f06-8d17-98282fd479fd,2026-09-08T00:00:00,2026-09-08T00:00:00,0,Legendary Resistance,"If the dragon fails a saving throw, it can choose to succeed instead.",1,42038caa-5299-5640-82b9-c0d6785a5f3a,PASSIVE,NULL,NULL,false,PER_DAY,3,NULL,NULL
a911cf5c-a713-5978-adde-26f56edb415e,2026-09-08T00:00:00,2026-09-08T00:00:00,0,Multiattack,The dragon makes three Rend attacks.,2,42038caa-5299-5640-82b9-c0d6785a5f3a,ACTION,NULL,NULL,false,AT_WILL,NULL,NULL,NULL
b7cf10fc-e842-5385-907c-a54bad6d14fb,2026-09-08T00:00:00,2026-09-08T00:00:00,0,Rend,"Melee Attack Roll: +11, reach 10 ft. Hit: 13 (2d6 + 6) Slashing damage plus 4 (1d8) Cold damage.",3,42038caa-5299-5640-82b9-c0d6785a5f3a,ACTION,NULL,NULL,false,AT_WILL,NULL,NULL,NULL
0ca4780f-e04f-545e-8a1d-2fdc3488faad,2026-09-08T00:00:00,2026-09-08T00:00:00,0,Cold Breath,"Constitution Saving Throw: DC 19, each creature in a 60-foot Cone. Failure: 54 (12d8) Cold damage. Success: Half damage.",4,42038caa-5299-5640-82b9-c0d6785a5f3a,ACTION,NULL,NULL,false,RECHARGE,1,5,6
5c80ced1-81b3-5816-925a-1151604f5c13,2026-09-08T00:00:00,2026-09-08T00:00:00,0,Freezing Burst,"Constitution Saving Throw: DC 14, each creature in a 30-foot-radius Sphere centered on a point the dragon can see within 120 feet. Failure: 7 (2d6) Cold damage, and the target's Speed is 0 until the end of the target's next turn. Failure or Success: The dragon can't take this action again until the start of its next turn.",5,42038caa-5299-5640-82b9-c0d6785a5f3a,LEGENDARY,NULL,NULL,false,PER_ROUND,1,NULL,NULL
80394cd7-45df-5cdb-a098-45a9fdd92d83,2026-09-08T00:00:00,2026-09-08T00:00:00,0,Frightful Presence,"The dragon casts Fear, requiring no Material components and using Charisma as the spellcasting ability (spell save DC 14). The dragon can't take this action again until the start of its next turn.",6,42038caa-5299-5640-82b9-c0d6785a5f3a,LEGENDARY,NULL,NULL,false,PER_ROUND,1,NULL,NULL
3938016d-80aa-5e50-9576-4f863ac7dab8,2026-09-08T00:00:00,2026-09-08T00:00:00,0,Pounce,"The dragon moves up to half its Speed, and it makes one Rend attack.",7,42038caa-5299-5640-82b9-c0d6785a5f3a,LEGENDARY,NULL,NULL,false,AT_WILL,NULL,NULL,NULL
b7e3073d-4795-5ca4-aa0d-ae8befbf76c1,2026-09-08T00:00:00,2026-09-08T00:00:00,0,Ice Walk,"The dragon can move across and climb icy surfaces without needing to make an ability check. Additionally, Difficult Terrain composed of ice or snow doesn't cost it extra movement.",0,19675f2e-3466-545b-9347-ade58f3b61ff,PASSIVE,NULL,NULL,false,AT_WILL,NULL,NULL,NULL
52a7f6c1-56b2-5d2b-86d1-d7441079e9d8,2026-09-08T00:00:00,2026-09-08T00:00:00,0,Legendary Resistance,"If the dragon fails a saving throw, it can choose to succeed instead.",1,19675f2e-3466-545b-9347-ade58f3b61ff,PASSIVE,NULL,NULL,false,PER_DAY,4,NULL,NULL
8ce42db7-a336-5666-b1b5-740a1b932461,2026-09-08T00:00:00,2026-09-08T00:00:00,0,Multiattack,The dragon makes three Rend attacks.,2,19675f2e-3466-545b-9347-ade58f3b61ff,ACTION,NULL,NULL,false,AT_WILL,NULL,NULL,NULL
8e7186f4-ee88-5f67-8711-6e3e2051a2d6,2026-09-08T00:00:00,2026-09-08T00:00:00,0,Rend,"Melee Attack Roll: +14, reach 15 ft. Hit: 17 (2d8 + 8) Slashing damage plus 7 (2d6) Cold damage.",3,19675f2e-3466-545b-9347-ade58f3b61ff,ACTION,NULL,NULL,false,AT_WILL,NULL,NULL,NULL
49dbb278-d4dc-54e8-b379-99931b79af39,2026-09-08T00:00:00,2026-09-08T00:00:00,0,Cold Breath,"Constitution Saving Throw: DC 22, each creature in a 90-foot Cone. Failure: 63 (14d8) Cold damage. Success: Half damage.",4,19675f2e-3466-545b-9347-ade58f3b61ff,ACTION,NULL,NULL,false,RECHARGE,1,5,6
86dfc739-e54c-5fe7-87e0-d8be4e150a31,2026-09-08T00:00:00,2026-09-08T00:00:00,0,Freezing Burst,"Constitution Saving Throw: DC 20, each creature in a 30-foot-radius Sphere centered on a point the dragon can see within 120 feet. Failure: 14 (4d6) Cold damage, and the target's Speed is 0 until the end of the target's next turn. Failure or Success: The dragon can't take this action again until the start of its next turn.",5,19675f2e-3466-545b-9347-ade58f3b61ff,LEGENDARY,NULL,NULL,false,PER_ROUND,1,NULL,NULL
51c29e7d-0a74-5769-b393-9bc7d3cc96f5,2026-09-08T00:00:00,2026-09-08T00:00:00,0,Frightful Presence,"The dragon casts Fear, requiring no Material components and using Charisma as the spellcasting ability (spell save DC 18). The dragon can't take this action again until the start of its next turn.",6,19675f2e-3466-545b-9347-ade58f3b61ff,LEGENDARY,NULL,NULL,false,PER_ROUND,1,NULL,NULL
f83920dd-c42d-52b0-87d9-e28cc6a51029,2026-09-08T00:00:00,2026-09-08T00:00:00,0,Pounce,"The dragon moves up to half its Speed, and it makes one Rend attack.",7,19675f2e-3466-545b-9347-ade58f3b61ff,LEGENDARY,NULL,NULL,false,AT_WILL,NULL,NULL,NULL
dc2599bb-3945-5391-9193-02007b4d0513,2026-09-08T00:00:00,2026-09-08T00:00:00,0,Sunlight Sensitivity,"While in sunlight, the wight has Disadvantage on ability checks and attack rolls.",0,a3d10ca4-e168-5342-b4d0-29abb40fb585,PASSIVE,NULL,NULL,false,AT_WILL,NULL,NULL,NULL
fa6f600a-418b-5c7a-b4d9-e240720f98ff,2026-09-08T00:00:00,2026-09-08T00:00:00,0,Multiattack,"The wight makes two attacks, using Necrotic Sword or Necrotic Bow in any combination. It can replace one attack with a use of Life Drain.",1,a3d10ca4-e168-5342-b4d0-29abb40fb585,ACTION,NULL,NULL,false,AT_WILL,NULL,NULL,NULL
52fb668b-682e-5383-b304-acdb588db058,2026-09-08T00:00:00,2026-09-08T00:00:00,0,Necrotic Sword,"Melee Attack Roll: +4, reach 5 ft. Hit: 6 (1d8 + 2) Slashing damage plus 4 (1d8) Necrotic damage.",2,a3d10ca4-e168-5342-b4d0-29abb40fb585,ACTION,NULL,NULL,false,AT_WILL,NULL,NULL,NULL
58304bb8-4d84-5691-afad-3b8f85894c4a,2026-09-08T00:00:00,2026-09-08T00:00:00,0,Necrotic Bow,"Ranged Attack Roll: +4, range 150/600 ft. Hit: 6 (1d8 + 2) Piercing damage plus 4 (1d8) Necrotic damage.",3,a3d10ca4-e168-5342-b4d0-29abb40fb585,ACTION,NULL,NULL,false,AT_WILL,NULL,NULL,NULL
3263cfd8-2edb-5ce6-a4a3-d27b14b9d9ea,2026-09-08T00:00:00,2026-09-08T00:00:00,0,Life Drain,"Constitution Saving Throw: DC 13, one creature within 5 feet. Failure: 6 (1d8 + 2) Necrotic damage, and the target's Hit Point maximum decreases by an amount equal to the damage taken. A Humanoid slain by this attack rises 24 hours later as a Zombie under the wight's control, unless the Humanoid is restored to life or its body is destroyed. The wight can have no more than twelve zombies under its control at a time.",4,a3d10ca4-e168-5342-b4d0-29abb40fb585,ACTION,NULL,NULL,false,AT_WILL,NULL,NULL,NULL
96442264-bf5c-571e-b80c-85097349f43d,2026-09-08T00:00:00,2026-09-08T00:00:00,0,Ephemeral,The wisp can't wear or carry anything.,0,a8a4704e-9528-54ea-8d2f-a56a6500efd9,PASSIVE,NULL,NULL,false,AT_WILL,NULL,NULL,NULL
da5bcab2-dd61-5243-b48a-859c9654a5ac,2026-09-08T00:00:00,2026-09-08T00:00:00,0,Illumination,The wisp sheds Bright Light in a 20-foot radius and Dim Light for an additional 20 feet.,1,a8a4704e-9528-54ea-8d2f-a56a6500efd9,PASSIVE,NULL,NULL,false,AT_WILL,NULL,NULL,NULL
d334daac-6f57-5ccf-a1bd-2d33c52f1955,2026-09-08T00:00:00,2026-09-08T00:00:00,0,Incorporeal Movement,The wisp can move through other creatures and objects as if they were Difficult Terrain. It takes 5 (1d10) Force damage if it ends its turn inside an object.,2,a8a4704e-9528-54ea-8d2f-a56a6500efd9,PASSIVE,NULL,NULL,false,AT_WILL,NULL,NULL,NULL
fd8117bb-df31-5761-b3f9-bc3ef05ee814,2026-09-08T00:00:00,2026-09-08T00:00:00,0,Shock,"Melee Attack Roll: +4, reach 5 ft. Hit: 11 (2d8 + 2) Lightning damage.",3,a8a4704e-9528-54ea-8d2f-a56a6500efd9,ACTION,NULL,NULL,false,AT_WILL,NULL,NULL,NULL
f09fa93c-7ed3-56f2-8b00-b042270558be,2026-09-08T00:00:00,2026-09-08T00:00:00,0,Consume Life,"Constitution Saving Throw: DC 10, one living creature the wisp can see within 5 feet that has 0 Hit Points. Failure: The target dies, and the wisp regains 10 (3d6) Hit Points.",4,a8a4704e-9528-54ea-8d2f-a56a6500efd9,BONUS_ACTION,NULL,NULL,false,AT_WILL,NULL,NULL,NULL
2c4f6608-56b0-5d87-8b63-92ff79304752,2026-09-08T00:00:00,2026-09-08T00:00:00,0,Vanish,"The wisp and its light have the Invisible condition until the wisp's Concentration ends on this effect, which ends early immediately after the wisp makes an attack roll or uses Consume Life.",5,a8a4704e-9528-54ea-8d2f-a56a6500efd9,BONUS_ACTION,NULL,NULL,false,AT_WILL,NULL,NULL,NULL
e07ae59d-c7e9-5f05-9829-65958db405f6,2026-09-08T00:00:00,2026-09-08T00:00:00,0,Pack Tactics,The wolf has Advantage on an attack roll against a creature if at least one of the wolf's allies is within 5 feet of the creature and the ally doesn't have the Incapacitated condition.,0,3d4115f7-a6b5-52db-be98-72f701a51c56,PASSIVE,NULL,NULL,false,AT_WILL,NULL,NULL,NULL
35851650-4d43-50e7-ada1-f991d9e728a7,2026-09-08T00:00:00,2026-09-08T00:00:00,0,Bite,"Melee Attack Roll: +6, reach 5 ft. Hit: 11 (2d6 + 4) Piercing damage. If the target is a Large or smaller creature, it has the Prone condition.",1,3d4115f7-a6b5-52db-be98-72f701a51c56,ACTION,NULL,NULL,false,AT_WILL,NULL,NULL,NULL
e04d4d4a-58cd-5d6a-9267-3afc560f2a9f,2026-09-08T00:00:00,2026-09-08T00:00:00,0,Cold Breath,"Constitution Saving Throw: DC 12, each creature in a 15-foot Cone. Failure: 18 (4d8) Cold damage. Success: Half damage.",2,3d4115f7-a6b5-52db-be98-72f701a51c56,ACTION,NULL,NULL,false,RECHARGE,1,5,6
7cc95d0a-8ff8-52b7-a3b7-69af65c101f8,2026-09-08T00:00:00,2026-09-08T00:00:00,0,Bite,"Melee Attack Roll: +5, reach 5 ft. Hit: 7 (1d8 + 3) Piercing damage, and the next attack roll made against the target before the start of the worg's next turn has Advantage.",0,63f5ecf2-41ea-5191-bc47-dd0ff4d10b69,ACTION,NULL,NULL,false,AT_WILL,NULL,NULL,NULL
dea624d3-b16b-5800-9097-76cf353ae521,2026-09-08T00:00:00,2026-09-08T00:00:00,0,Incorporeal Movement,The wraith can move through other creatures and objects as if they were Difficult Terrain. It takes 5 (1d10) Force damage if it ends its turn inside an object.,0,2cfb606a-60ec-5937-8db4-7d404c2234dc,PASSIVE,NULL,NULL,false,AT_WILL,NULL,NULL,NULL
a9613f5c-3124-542f-88aa-6531a28437d1,2026-09-08T00:00:00,2026-09-08T00:00:00,0,Sunlight Sensitivity,"While in sunlight, the wraith has Disadvantage on ability checks and attack rolls.",1,2cfb606a-60ec-5937-8db4-7d404c2234dc,PASSIVE,NULL,NULL,false,AT_WILL,NULL,NULL,NULL
875e6f07-7212-5834-9ec8-897db2d19126,2026-09-08T00:00:00,2026-09-08T00:00:00,0,Life Drain,"Melee Attack Roll: +6, reach 5 ft. Hit: 21 (4d8 + 3) Necrotic damage. If the target is a creature, its Hit Point maximum decreases by an amount equal to the damage taken.",2,2cfb606a-60ec-5937-8db4-7d404c2234dc,ACTION,NULL,NULL,false,AT_WILL,NULL,NULL,NULL
bfa6b35d-29c4-5fd0-a864-6c51f02fa912,2026-09-08T00:00:00,2026-09-08T00:00:00,0,Create Specter,The wraith targets a Humanoid corpse within 10 feet of itself that has been dead for no longer than 1 minute. The target's spirit rises as a Specter in the space of its corpse or in the nearest unoccupied space. The specter is under the wraith's control. The wraith can have no more than seven specters under its control at a time.,3,2cfb606a-60ec-5937-8db4-7d404c2234dc,ACTION,NULL,NULL,false,AT_WILL,NULL,NULL,NULL
82216d10-3f46-54fc-b7be-92d3c6427f55,2026-09-08T00:00:00,2026-09-08T00:00:00,0,Multiattack,The wyvern makes one Bite attack and one Sting attack.,0,437386d3-ad75-5add-b93c-95e08194955b,ACTION,NULL,NULL,false,AT_WILL,NULL,NULL,NULL
a6d57d75-8787-58b8-8fc7-62c66ef0a531,2026-09-08T00:00:00,2026-09-08T00:00:00,0,Bite,"Melee Attack Roll: +7, reach 5 ft. Hit: 13 (2d8 + 4) Piercing damage.",1,437386d3-ad75-5add-b93c-95e08194955b,ACTION,NULL,NULL,false,AT_WILL,NULL,NULL,NULL
633fd8dd-bbc6-5f17-b6ba-bf6b16372ba3,2026-09-08T00:00:00,2026-09-08T00:00:00,0,Sting,"Melee Attack Roll: +7, reach 10 ft. Hit: 11 (2d6 + 4) Piercing damage plus 24 (7d6) Poison damage, and the target has the Poisoned condition until the start of the wyvern's next turn.",2,437386d3-ad75-5add-b93c-95e08194955b,ACTION,NULL,NULL,false,AT_WILL,NULL,NULL,NULL
f78f767b-c0ca-5ec0-9948-481ffe7cfd74,2026-09-08T00:00:00,2026-09-08T00:00:00,0,Earth Glide,"The xorn can burrow through nonmagical, unworked earth and stone. While doing so, the xorn doesn't disturb the material it moves through.",0,940db73c-b87a-5957-b362-4dd008a8f48e,PASSIVE,NULL,NULL,false,AT_WILL,NULL,NULL,NULL
0c146569-eeb4-5b74-be51-696751d0d4aa,2026-09-08T00:00:00,2026-09-08T00:00:00,0,Treasure Sense,The xorn can pinpoint the location of precious metals and stones within 60 feet of itself.,1,940db73c-b87a-5957-b362-4dd008a8f48e,PASSIVE,NULL,NULL,false,AT_WILL,NULL,NULL,NULL
f23372ce-8fe9-5c67-b060-e3ea72429d94,2026-09-08T00:00:00,2026-09-08T00:00:00,0,Multiattack,The xorn makes one Bite attack and three Claw attacks.,2,940db73c-b87a-5957-b362-4dd008a8f48e,ACTION,NULL,NULL,false,AT_WILL,NULL,NULL,NULL
59d18599-0e76-5769-aaa6-b2e3ca0bc74d,2026-09-08T00:00:00,2026-09-08T00:00:00,0,Bite,"Melee Attack Roll: +6, reach 5 ft. Hit: 17 (4d6 + 3) Piercing damage.",3,940db73c-b87a-5957-b362-4dd008a8f48e,ACTION,NULL,NULL,false,AT_WILL,NULL,NULL,NULL
ea990faa-3d19-5fff-8f61-b5ab7562afc1,2026-09-08T00:00:00,2026-09-08T00:00:00,0,Claw,"Melee Attack Roll: +6, reach 5 ft. Hit: 8 (1d10 + 3) Slashing damage.",4,940db73c-b87a-5957-b362-4dd008a8f48e,ACTION,NULL,NULL,false,AT_WILL,NULL,NULL,NULL
e4648769-5321-5b3d-a8b9-ff162c00f31b,2026-09-08T00:00:00,2026-09-08T00:00:00,0,Charge,The xorn moves up to its Speed or Burrow Speed straight toward an enemy it can sense. Zombies,5,940db73c-b87a-5957-b362-4dd008a8f48e,BONUS_ACTION,NULL,NULL,false,AT_WILL,NULL,NULL,NULL
264b8507-d11b-55d9-af84-ece3ea668207,2026-09-08T00:00:00,2026-09-08T00:00:00,0,Undead Fortitude,"If damage reduces the zombie to 0 Hit Points, it makes a Constitution saving throw (DC 5 plus the damage taken) unless the damage is Radiant or from a Critical Hit. On a successful save, the zombie drops to 1 Hit Point instead.",0,16a54f39-cfd0-537b-b00e-9f569df859f9,PASSIVE,NULL,NULL,false,AT_WILL,NULL,NULL,NULL
176956e1-fc1b-57aa-9fb9-3a34fbd5453f,2026-09-08T00:00:00,2026-09-08T00:00:00,0,Slam,"Melee Attack Roll: +3, reach 5 ft. Hit: 5 (1d8 + 1) Bludgeoning damage.",1,16a54f39-cfd0-537b-b00e-9f569df859f9,ACTION,NULL,NULL,false,AT_WILL,NULL,NULL,NULL
916f8c55-ed2d-5dee-90a9-9e8549abd4b3,2026-09-08T00:00:00,2026-09-08T00:00:00,0,Undead Fortitude,"If damage reduces the zombie to 0 Hit Points, it makes a Constitution saving throw (DC 5 plus the damage taken) unless the damage is Radiant or from a Critical Hit. On a successful save, the zombie drops to 1 Hit Point instead.",0,ff5d8236-515f-5ded-abaa-8977de7c767a,PASSIVE,NULL,NULL,false,AT_WILL,NULL,NULL,NULL
e4b0a948-742b-5b84-9f1c-a306ddffc301,2026-09-08T00:00:00,2026-09-08T00:00:00,0,Slam,"Melee Attack Roll: +6, reach 5 ft. Hit: 13 (2d8 + 4) Bludgeoning damage. Animals",1,ff5d8236-515f-5ded-abaa-8977de7c767a,ACTION,NULL,NULL,false,AT_WILL,NULL,NULL,NULL
6c01554c-339a-5886-bd1e-91d5b797e5ec,2026-09-08T00:00:00,2026-09-08T00:00:00,0,Bite,"Melee Attack Roll: +6, reach 5 ft. Hit: 15 (2d10 + 4) Piercing damage.",0,92704688-06ee-5568-8d8d-f96236d31913,ACTION,NULL,NULL,false,AT_WILL,NULL,NULL,NULL
c3ce15a0-d09f-5a11-b104-54dc1f5d598a,2026-09-08T00:00:00,2026-09-08T00:00:00,0,Claws,"Melee Attack Roll: +6, reach 5 ft. Hit: 8 (1d8 + 4) Slashing damage. If the target is a Large or smaller creature and the allosaurus moved 30+ feet straight toward it immediately before the hit, the target has the Prone condition, and the allosaurus can make one Bite attack against it.",1,92704688-06ee-5568-8d8d-f96236d31913,ACTION,NULL,NULL,false,AT_WILL,NULL,NULL,NULL
10219d43-7caf-5fb3-9f9d-41c8db6a4ec7,2026-09-08T00:00:00,2026-09-08T00:00:00,0,Multiattack,The ankylosaurus makes two Tail attacks.,0,18edc8a1-a7f7-5c04-a2f5-5d6ac7ff11d3,ACTION,NULL,NULL,false,AT_WILL,NULL,NULL,NULL
e31349a4-63d3-5079-aaa8-1247e2c0a7ae,2026-09-08T00:00:00,2026-09-08T00:00:00,0,Tail,"Melee Attack Roll: +6, reach 10 ft. Hit: 9 (1d10 + 4) Bludgeoning damage. If the target is a Huge or smaller creature, it has the Prone condition.",1,18edc8a1-a7f7-5c04-a2f5-5d6ac7ff11d3,ACTION,NULL,NULL,false,AT_WILL,NULL,NULL,NULL
fde0aff5-541f-5328-9003-a8a91022d0c7,2026-09-08T00:00:00,2026-09-08T00:00:00,0,Multiattack,The ape makes two Fist attacks.,0,0f40b883-5a58-5794-b906-82035d172021,ACTION,NULL,NULL,false,AT_WILL,NULL,NULL,NULL
c33f3696-0be4-5955-b728-b3697ff9b45f,2026-09-08T00:00:00,2026-09-08T00:00:00,0,Fist,"Melee Attack Roll: +5, reach 5 ft. Hit: 5 (1d4 + 3) Bludgeoning damage.",1,0f40b883-5a58-5794-b906-82035d172021,ACTION,NULL,NULL,false,AT_WILL,NULL,NULL,NULL
d2881cba-0fe8-5ab2-8b8d-74dec8789ce9,2026-09-08T00:00:00,2026-09-08T00:00:00,0,Rock,"Ranged Attack Roll: +5, range 25/50 ft. Hit: 10 (2d6 + 3) Bludgeoning damage.",2,0f40b883-5a58-5794-b906-82035d172021,ACTION,NULL,NULL,false,RECHARGE,1,6,6
423087b3-7fba-5a9a-b849-ff1c5fb56614,2026-09-08T00:00:00,2026-09-08T00:00:00,0,Amphibious,The archelon can breathe air and water.,0,e22efba4-26f1-54a0-b7c4-4ff7bc0ab9ce,PASSIVE,NULL,NULL,false,AT_WILL,NULL,NULL,NULL
62e9f9cb-1ec8-5562-92e8-28c7540e0e98,2026-09-08T00:00:00,2026-09-08T00:00:00,0,Multiattack,The archelon makes two Bite attacks.,1,e22efba4-26f1-54a0-b7c4-4ff7bc0ab9ce,ACTION,NULL,NULL,false,AT_WILL,NULL,NULL,NULL
cd0315c1-cb5a-582e-8747-c599c302eb61,2026-09-08T00:00:00,2026-09-08T00:00:00,0,Bite,"Melee Attack Roll: +6, reach 5 ft. Hit: 14 (3d6 + 4) Piercing damage.",2,e22efba4-26f1-54a0-b7c4-4ff7bc0ab9ce,ACTION,NULL,NULL,false,AT_WILL,NULL,NULL,NULL
069b392c-b4db-5de7-8d2a-49e65be889b5,2026-09-08T00:00:00,2026-09-08T00:00:00,0,Pack Tactics,The baboon has Advantage on an attack roll against a creature if at least one of the baboon's allies is within 5 feet of the creature and the ally doesn't have the Incapacitated condition.,0,4d838837-aedb-548e-9e93-b49886272f9a,PASSIVE,NULL,NULL,false,AT_WILL,NULL,NULL,NULL
6044a31b-896b-5323-828c-5b74a562008f,2026-09-08T00:00:00,2026-09-08T00:00:00,0,Bite,"Melee Attack Roll: +1, reach 5 ft. Hit: 1 (1d4 - 1) Piercing damage.",1,4d838837-aedb-548e-9e93-b49886272f9a,ACTION,NULL,NULL,false,AT_WILL,NULL,NULL,NULL
b9329fa4-3327-568d-99e5-a643daf1384c,2026-09-08T00:00:00,2026-09-08T00:00:00,0,Bite,"Melee Attack Roll: +2, reach 5 ft. Hit: 1 Piercing damage.",0,3704d23d-4c5e-55dc-84eb-a74e032a47e3,ACTION,NULL,NULL,false,AT_WILL,NULL,NULL,NULL
494fbc60-327b-525f-8b9f-a9ac392a72ca,2026-09-08T00:00:00,2026-09-08T00:00:00,0,Bite,"Melee Attack Roll: +4, reach 5 ft. Hit: 1 Piercing damage.",0,7e669169-90c6-5e3e-b505-9e4ff1e037bb,ACTION,NULL,NULL,false,AT_WILL,NULL,NULL,NULL
585ac9cc-e309-5054-8126-7e3135037354,2026-09-08T00:00:00,2026-09-08T00:00:00,0,Multiattack,The bear makes two Rend attacks.,0,e8fa0610-fcd4-578b-a004-9b02f3e12e79,ACTION,NULL,NULL,false,AT_WILL,NULL,NULL,NULL
82ff6833-8b24-59dc-9215-c29135c943ca,2026-09-08T00:00:00,2026-09-08T00:00:00,0,Rend,"Melee Attack Roll: +4, reach 5 ft. Hit: 5 (1d6 + 2) Slashing damage.",1,e8fa0610-fcd4-578b-a004-9b02f3e12e79,ACTION,NULL,NULL,false,AT_WILL,NULL,NULL,NULL
8e27c169-af6b-5dfd-9355-cee1f29fda4f,2026-09-08T00:00:00,2026-09-08T00:00:00,0,Pack Tactics,The hawk has Advantage on an attack roll against a creature if at least one of the hawk's allies is within 5 feet of the creature and the ally doesn't have the Incapacitated condition.,0,fbf352de-cd2c-5bff-9e7d-2a8484f77e27,PASSIVE,NULL,NULL,false,AT_WILL,NULL,NULL,NULL
b6f925f3-aa30-5d6e-81fb-1acb7a93ac70,2026-09-08T00:00:00,2026-09-08T00:00:00,0,Beak,"Melee Attack Roll: +4, reach 5 ft. Hit: 4 (1d4 + 2) Piercing damage, or 6 (1d8 + 2) Piercing damage if the target is Bloodied.",1,fbf352de-cd2c-5bff-9e7d-2a8484f77e27,ACTION,NULL,NULL,false,AT_WILL,NULL,NULL,NULL
ccc2ebef-01a5-5bab-8530-d94d81acf340,2026-09-08T00:00:00,2026-09-08T00:00:00,0,Bloodied Fury,"While Bloodied, the boar has Advantage on attack rolls.",0,dba98ca4-777a-5292-9627-6dc3d8329dfa,PASSIVE,NULL,NULL,false,AT_WILL,NULL,NULL,NULL
a28c804d-3ca0-57f1-b377-30150784960f,2026-09-08T00:00:00,2026-09-08T00:00:00,0,Gore,"Melee Attack Roll: +3, reach 5 ft. Hit: 4 (1d6 + 1) Piercing damage. If the target is a Medium or smaller creature and the boar moved 20+ feet straight toward it immediately before the hit, the target takes an extra 3 (1d6) Piercing damage and has the Prone condition.",1,dba98ca4-777a-5292-9627-6dc3d8329dfa,ACTION,NULL,NULL,false,AT_WILL,NULL,NULL,NULL
b9e20335-881c-5b16-94cf-50e8713b2495,2026-09-08T00:00:00,2026-09-08T00:00:00,0,Multiattack,The bear makes one Bite attack and one Claw attack.,0,8ad6b35d-fff5-56c8-baca-948e73b089d6,ACTION,NULL,NULL,false,AT_WILL,NULL,NULL,NULL
025ff93d-7da0-5490-916c-c541f1138e4e,2026-09-08T00:00:00,2026-09-08T00:00:00,0,Bite,"Melee Attack Roll: +5, reach 5 ft. Hit: 7 (1d8 + 3) Piercing damage.",1,8ad6b35d-fff5-56c8-baca-948e73b089d6,ACTION,NULL,NULL,false,AT_WILL,NULL,NULL,NULL
901bdcc7-a261-5372-a1cd-a42040e311aa,2026-09-08T00:00:00,2026-09-08T00:00:00,0,Claw,"Melee Attack Roll: +5, reach 5 ft. Hit: 5 (1d4 + 3) Slashing damage. If the target is a Large or smaller creature, it has the Prone condition.",2,8ad6b35d-fff5-56c8-baca-948e73b089d6,ACTION,NULL,NULL,false,AT_WILL,NULL,NULL,NULL
725e5977-c1e6-5778-9c31-f427d233dbe3,2026-09-08T00:00:00,2026-09-08T00:00:00,0,Bite,"Melee Attack Roll: +4, reach 5 ft. Hit: 4 (1d4 + 2) Bludgeoning damage.",0,b6f94207-b056-56fd-9747-762bbe4f62d1,ACTION,NULL,NULL,false,AT_WILL,NULL,NULL,NULL
15074a39-9f7e-5115-abaa-270593b14bda,2026-09-08T00:00:00,2026-09-08T00:00:00,0,Jumper,The cat's jump distance is determined using its Dexterity rather than its Strength.,0,e183bc79-04bb-5372-9169-b047f0e7fcd6,PASSIVE,NULL,NULL,false,AT_WILL,NULL,NULL,NULL
053cfa42-ffbd-5423-a6a3-c4d0b1c16d2e,2026-09-08T00:00:00,2026-09-08T00:00:00,0,Scratch,"Melee Attack Roll: +4, reach 5 ft. Hit: 1 Slashing damage.",1,e183bc79-04bb-5372-9169-b047f0e7fcd6,ACTION,NULL,NULL,false,AT_WILL,NULL,NULL,NULL
0cae2dfb-d310-5f16-ad98-b43fff4cc166,2026-09-08T00:00:00,2026-09-08T00:00:00,0,Bite,"Melee Attack Roll: +4, reach 5 ft. Hit: 6 (1d8 + 2) Piercing damage.",0,8ee1744b-2bf5-5117-9808-7ac72a68ca02,ACTION,NULL,NULL,false,AT_WILL,NULL,NULL,NULL
5fa9f5b6-f533-50e9-859b-4d6cfe943ce3,2026-09-08T00:00:00,2026-09-08T00:00:00,0,Constrict,"Strength Saving Throw: DC 12, one Medium or smaller creature the snake can see within 5 feet. Failure: 7 (3d4) Bludgeoning damage, and the target has the Grappled condition (escape DC 12).",1,8ee1744b-2bf5-5117-9808-7ac72a68ca02,ACTION,NULL,NULL,false,AT_WILL,NULL,NULL,NULL
2b178a1a-1217-5b28-bdf5-2eea0f8a4c5d,2026-09-08T00:00:00,2026-09-08T00:00:00,0,Amphibious,The crab can breathe air and water.,0,4d370c01-4309-5e7d-a5d9-d51320c84a17,PASSIVE,NULL,NULL,false,AT_WILL,NULL,NULL,NULL
74692b17-17fe-5c74-846b-4357233aabdf,2026-09-08T00:00:00,2026-09-08T00:00:00,0,Claw,"Melee Attack Roll: +2, reach 5 ft. Hit: 1 Bludgeoning damage.",1,4d370c01-4309-5e7d-a5d9-d51320c84a17,ACTION,NULL,NULL,false,AT_WILL,NULL,NULL,NULL
7f9df810-6a78-51bb-bb17-f00a25ed375d,2026-09-08T00:00:00,2026-09-08T00:00:00,0,Hold Breath,The crocodile can hold its breath for 1 hour.,0,2b88b661-117c-51b2-8b74-279854c1b565,PASSIVE,NULL,NULL,false,AT_WILL,NULL,NULL,NULL
2842ff3b-0421-5f80-94b2-f2f10c9bc930,2026-09-08T00:00:00,2026-09-08T00:00:00,0,Bite,"Melee Attack Roll: +4, reach 5 ft. Hit: 6 (1d8 + 2) Piercing damage. If the target is a Medium or smaller creature, it has the Grappled condition (escape DC 12). While Grappled, the target has the Restrained condition.",1,2b88b661-117c-51b2-8b74-279854c1b565,ACTION,NULL,NULL,false,AT_WILL,NULL,NULL,NULL
73b2b493-abbe-54cb-912c-c393b0e68281,2026-09-08T00:00:00,2026-09-08T00:00:00,0,Agile,The deer doesn't provoke an Opportunity Attack when it moves out of an enemy's reach.,0,027e374f-1431-505c-8ca2-061b30f0a547,PASSIVE,NULL,NULL,false,AT_WILL,NULL,NULL,NULL
f69b90fd-c5d1-5744-b1b4-4cf3a29113f3,2026-09-08T00:00:00,2026-09-08T00:00:00,0,Ram,"Melee Attack Roll: +2, reach 5 ft. Hit: 2 (1d4) Bludgeoning damage.",1,027e374f-1431-505c-8ca2-061b30f0a547,ACTION,NULL,NULL,false,AT_WILL,NULL,NULL,NULL
302c993d-a624-5aaf-a7b5-d7eaae17c82d,2026-09-08T00:00:00,2026-09-08T00:00:00,0,Pack Tactics,The wolf has Advantage on an attack roll against a creature if at least one of the wolf's allies is within 5 feet of the creature and the ally doesn't have the Incapacitated condition.,0,581ffc25-bb48-5abb-8d11-a0fd283cdd51,PASSIVE,NULL,NULL,false,AT_WILL,NULL,NULL,NULL
c2c400ed-a8d1-5770-ac1c-45c7a949246e,2026-09-08T00:00:00,2026-09-08T00:00:00,0,Bite,"Melee Attack Roll: +5, reach 5 ft. Hit: 8 (1d10 + 3) Piercing damage. If the target is a Large or smaller creature, it has the Prone condition.",1,581ffc25-bb48-5abb-8d11-a0fd283cdd51,ACTION,NULL,NULL,false,AT_WILL,NULL,NULL,NULL
cc638593-7523-5aac-babb-ad7b0ac8d654,2026-09-08T00:00:00,2026-09-08T00:00:00,0,Hooves,"Melee Attack Roll: +6, reach 5 ft. Hit: 6 (1d4 + 4) Bludgeoning damage.",0,15ef5b28-bc68-50f0-844f-48a1fa78e40b,ACTION,NULL,NULL,false,AT_WILL,NULL,NULL,NULL
882cb0ba-a65c-57bb-a406-a1da47d108c0,2026-09-08T00:00:00,2026-09-08T00:00:00,0,Talons,"Melee Attack Roll: +4, reach 5 feet. Hit: 4 (1d4 + 2) Slashing damage.",0,bd286536-4c3c-53bc-bc3f-d62098bdc7c5,ACTION,NULL,NULL,false,AT_WILL,NULL,NULL,NULL
916ba0fc-9fa3-5933-889c-ac98868e6d73,2026-09-08T00:00:00,2026-09-08T00:00:00,0,Multiattack,The elephant makes two Gore attacks.,0,77d8fc42-d344-5b9c-804d-aac44d28e38c,ACTION,NULL,NULL,false,AT_WILL,NULL,NULL,NULL
5d414347-d668-5393-aff2-b39fa9c992a2,2026-09-08T00:00:00,2026-09-08T00:00:00,0,Gore,"Melee Attack Roll: +8, reach 5 ft. Hit: 15 (2d8 + 6) Piercing damage. If the target is a Huge or smaller creature and the elephant moved 20+ feet straight toward it immediately before the hit, the target has the Prone condition.",1,77d8fc42-d344-5b9c-804d-aac44d28e38c,ACTION,NULL,NULL,false,AT_WILL,NULL,NULL,NULL
1f4b4eb2-70ce-5d50-bddf-6dd176bdbc1a,2026-09-08T00:00:00,2026-09-08T00:00:00,0,Trample,"Dexterity Saving Throw: DC 16, one creature within 5 feet that has the Prone condition. Failure: 17 (2d10 + 6) Bludgeoning damage. Success: Half damage.",2,77d8fc42-d344-5b9c-804d-aac44d28e38c,BONUS_ACTION,NULL,NULL,false,AT_WILL,NULL,NULL,NULL
1b546907-d165-51b6-a6f7-6318225db58c,2026-09-08T00:00:00,2026-09-08T00:00:00,0,Ram,"Melee Attack Roll: +5, reach 5 ft. Hit: 6 (1d6 + 3) Bludgeoning damage. If the target is a Large or smaller creature and the elk moved 20+ feet straight toward it immediately before the hit, the target takes an extra 3 (1d6) Bludgeoning damage and has the Prone condition.",0,4d0cc8d8-ecf9-56dd-9ede-83defb697727,ACTION,NULL,NULL,false,AT_WILL,NULL,NULL,NULL
daed80ff-71f0-5435-addc-48c91dea4bbd,2026-09-08T00:00:00,2026-09-08T00:00:00,0,Flyby,The snake doesn't provoke an Opportunity Attack when it flies out of an enemy's reach.,0,a3920a7b-d766-5442-b584-de6729fc059b,PASSIVE,NULL,NULL,false,AT_WILL,NULL,NULL,NULL
7e7e9dc8-3a72-57f1-b1aa-c06c06867561,2026-09-08T00:00:00,2026-09-08T00:00:00,0,Bite,"Melee Attack Roll: +4, reach 5 ft. Hit: 1 Piercing damage plus 5 (2d4) Poison damage.",1,a3920a7b-d766-5442-b584-de6729fc059b,ACTION,NULL,NULL,false,AT_WILL,NULL,NULL,NULL
a0ea3062-7475-5401-a73e-c3210c94dc54,2026-09-08T00:00:00,2026-09-08T00:00:00,0,Amphibious,The frog can breathe air and water.,0,7a085fe5-878b-56af-a2e9-3f0fb62efc2d,PASSIVE,NULL,NULL,false,AT_WILL,NULL,NULL,NULL
34c631ce-85bc-5c5a-aeca-2eff6ea93e15,2026-09-08T00:00:00,2026-09-08T00:00:00,0,Standing Leap,The frog's Long Jump is up to 10 feet and its High Jump is up to 5 feet with or without a running start.,1,7a085fe5-878b-56af-a2e9-3f0fb62efc2d,PASSIVE,NULL,NULL,false,AT_WILL,NULL,NULL,NULL
8c887edc-9e93-50ec-90d9-94aac131f406,2026-09-08T00:00:00,2026-09-08T00:00:00,0,Bite,"Melee Attack Roll: +3, reach 5 ft. Hit: 1 Piercing damage.",2,7a085fe5-878b-56af-a2e9-3f0fb62efc2d,ACTION,NULL,NULL,false,AT_WILL,NULL,NULL,NULL
2723a32a-75cc-5411-bc9b-3a357ee968ab,2026-09-08T00:00:00,2026-09-08T00:00:00,0,Multiattack,The ape makes two Fist attacks.,0,c3c4447d-d53b-54e0-849b-acea0f269941,ACTION,NULL,NULL,false,AT_WILL,NULL,NULL,NULL
e72bd41e-2d9f-51b6-aef3-453006faa29c,2026-09-08T00:00:00,2026-09-08T00:00:00,0,Fist,"Melee Attack Roll: +9, reach 10 ft. Hit: 22 (3d10 + 6) Bludgeoning damage.",1,c3c4447d-d53b-54e0-849b-acea0f269941,ACTION,NULL,NULL,false,AT_WILL,NULL,NULL,NULL
acf92c6c-3019-508c-8e1a-8ca3deefc534,2026-09-08T00:00:00,2026-09-08T00:00:00,0,Boulder Toss,"The ape hurls a boulder at a point it can see within 90 feet. Dexterity Saving Throw: DC 17, each creature in a 5-foot-radius Sphere centered on that point. Failure: 24 (7d6) Bludgeoning damage. If the target is a Large or smaller creature, it has the Prone condition. Success: Half damage only.",2,c3c4447d-d53b-54e0-849b-acea0f269941,ACTION,NULL,NULL,false,RECHARGE,1,6,6
9c1855d3-ff89-5756-b69e-21bbaf3902a3,2026-09-08T00:00:00,2026-09-08T00:00:00,0,Leap,The ape jumps up to 30 feet by spending 10 feet of movement.,3,c3c4447d-d53b-54e0-849b-acea0f269941,BONUS_ACTION,NULL,NULL,false,AT_WILL,NULL,NULL,NULL
5f758ef0-4f35-5cf5-8aea-3ffe0d001fb8,2026-09-08T00:00:00,2026-09-08T00:00:00,0,Bite,"Melee Attack Roll: +3, reach 5 ft. Hit: 6 (2d4 + 1) Piercing damage.",0,460f5a70-c348-5f39-92f1-37f1daea128f,ACTION,NULL,NULL,false,AT_WILL,NULL,NULL,NULL
b46720cc-d1aa-5262-ab3e-be27c390409b,2026-09-08T00:00:00,2026-09-08T00:00:00,0,Bite,"Melee Attack Roll: +5, reach 5 ft. Hit: 6 (1d6 + 3) Piercing damage.",0,f6e2ab23-a44c-5809-8a57-569bf87665ab,ACTION,NULL,NULL,false,AT_WILL,NULL,NULL,NULL
e5308ecd-667e-5a34-9a69-507ccf4a11cf,2026-09-08T00:00:00,2026-09-08T00:00:00,0,Bloodied Fury,The boar has Advantage on melee attack rolls while it is Bloodied.,0,e0b6604b-fd2e-54cd-bd8b-8a7238ef5e58,PASSIVE,NULL,NULL,false,AT_WILL,NULL,NULL,NULL
2529fe63-d6ca-53bd-9dac-ea049f8a5d2b,2026-09-08T00:00:00,2026-09-08T00:00:00,0,Gore,"Melee Attack Roll: +5, reach 5 ft. Hit: 10 (2d6 + 3) Piercing damage. If the target is a Large or smaller creature and the boar moved 20+ feet straight toward it immediately before the hit, the target takes an extra 7 (2d6) Piercing damage and has the Prone condition.",1,e0b6604b-fd2e-54cd-bd8b-8a7238ef5e58,ACTION,NULL,NULL,false,AT_WILL,NULL,NULL,NULL
57081f19-42d1-51b1-82c9-2274a8e08ede,2026-09-08T00:00:00,2026-09-08T00:00:00,0,Bite,"Melee Attack Roll: +4, reach 5 ft. Hit: 4 (1d4 + 2) Piercing damage, and the target has the Poisoned condition until the start of the centipede's next turn.",0,d06d792a-0b72-5500-97c2-7a2734774638,ACTION,NULL,NULL,false,AT_WILL,NULL,NULL,NULL
8b3ca206-1846-52fc-9562-f31ef068ae11,2026-09-08T00:00:00,2026-09-08T00:00:00,0,Multiattack,The snake makes one Bite attack and uses Constrict.,0,75955c5b-486d-587d-b3a3-c3093ac273bf,ACTION,NULL,NULL,false,AT_WILL,NULL,NULL,NULL
bf2bbef8-598a-5eef-a7d2-13866cb3bd75,2026-09-08T00:00:00,2026-09-08T00:00:00,0,Bite,"Melee Attack Roll: +6, reach 10 ft. Hit: 11 (2d6 + 4) Piercing damage.",1,75955c5b-486d-587d-b3a3-c3093ac273bf,ACTION,NULL,NULL,false,AT_WILL,NULL,NULL,NULL
c8dccfe5-4326-5b28-99bd-63825e9d6f72,2026-09-08T00:00:00,2026-09-08T00:00:00,0,Constrict,"Strength Saving Throw: DC 14, one Large or smaller creature the snake can see within 10 feet. Failure: 13 (2d8 + 4) Bludgeoning damage, and the target has the Grappled condition (escape DC 14).",2,75955c5b-486d-587d-b3a3-c3093ac273bf,ACTION,NULL,NULL,false,AT_WILL,NULL,NULL,NULL
c2ce200f-de52-5f48-b2af-8d04297f2bcb,2026-09-08T00:00:00,2026-09-08T00:00:00,0,Amphibious,The crab can breathe air and water.,0,d87be2e4-fb8e-5dd5-a4e7-76df0b0d9cad,PASSIVE,NULL,NULL,false,AT_WILL,NULL,NULL,NULL
588357a0-40ba-52de-86b9-fb26588a8ae1,2026-09-08T00:00:00,2026-09-08T00:00:00,0,Claw,"Melee Attack Roll: +3, reach 5 ft. Hit: 4 (1d6 + 1) Bludgeoning damage. If the target is a Medium or smaller creature, it has the Grappled condition (escape DC 11) from one of two claws.",1,d87be2e4-fb8e-5dd5-a4e7-76df0b0d9cad,ACTION,NULL,NULL,false,AT_WILL,NULL,NULL,NULL
c0c0b5f4-a08c-5d83-a11b-12a5fc84839b,2026-09-08T00:00:00,2026-09-08T00:00:00,0,Hold Breath,The crocodile can hold its breath for 1 hour.,0,478baab9-87bd-546b-8fcf-ad8da7d9d1fd,PASSIVE,NULL,NULL,false,AT_WILL,NULL,NULL,NULL
b9ebb954-3e84-555c-9367-f286d79976da,2026-09-08T00:00:00,2026-09-08T00:00:00,0,Multiattack,The crocodile makes one Bite attack and one Tail attack.,1,478baab9-87bd-546b-8fcf-ad8da7d9d1fd,ACTION,NULL,NULL,false,AT_WILL,NULL,NULL,NULL
a6a5c8a4-f943-58e8-8e7c-7b88a5899167,2026-09-08T00:00:00,2026-09-08T00:00:00,0,Bite,"Melee Attack Roll: +8, reach 5 ft. Hit: 21 (3d10 + 5) Piercing damage. If the target is a Large or smaller creature, it has the Grappled condition (escape DC 15). While Grappled, the target has the Restrained condition and can't be targeted by the crocodile's Tail.",2,478baab9-87bd-546b-8fcf-ad8da7d9d1fd,ACTION,NULL,NULL,false,AT_WILL,NULL,NULL,NULL
a04dfc44-2a3e-57b5-8983-aead875de53b,2026-09-08T00:00:00,2026-09-08T00:00:00,0,Tail,"Melee Attack Roll: +8, reach 10 ft. Hit: 18 (3d8 + 5) Bludgeoning damage. If the target is a Large or smaller creature, it has the Prone condition.",3,478baab9-87bd-546b-8fcf-ad8da7d9d1fd,ACTION,NULL,NULL,false,AT_WILL,NULL,NULL,NULL
a4c01ee4-7715-5966-ae5d-f1299a2ae98b,2026-09-08T00:00:00,2026-09-08T00:00:00,0,Multiattack,The eagle makes two Rend attacks.,0,913450cc-5e2c-5fb3-8705-5128e36f9efd,ACTION,NULL,NULL,false,AT_WILL,NULL,NULL,NULL
f61bcef1-c0b9-5873-9a23-3a5830ee6ec8,2026-09-08T00:00:00,2026-09-08T00:00:00,0,Rend,"Melee Attack Roll: +5, reach 5 ft. Hit: 5 (1d4 + 3) Slashing damage plus 3 (1d6) Radiant damage.",1,913450cc-5e2c-5fb3-8705-5128e36f9efd,ACTION,NULL,NULL,false,AT_WILL,NULL,NULL,NULL
6a2bccd3-8fb4-5707-8609-f5f7eebe71dc,2026-09-08T00:00:00,2026-09-08T00:00:00,0,Ram,"Melee Attack Roll: +6, reach 10 ft. Hit: 11 (2d6 + 4) Bludgeoning damage plus 5 (2d4) Radiant damage. If the target is a Huge or smaller creature and the elk moved 20+ feet straight toward it immediately before the hit, the target takes an extra 5 (2d4) Bludgeoning damage and has the Prone condition.",0,2d5e9b1e-44d6-5725-bd4e-fb25c296e462,ACTION,NULL,NULL,false,AT_WILL,NULL,NULL,NULL
5700038c-b918-562c-b19d-ddf694975085,2026-09-08T00:00:00,2026-09-08T00:00:00,0,Illumination,The beetle sheds Bright Light in a 10-foot radius and Dim Light for an additional 10 feet.,0,6564e3d3-b0c6-5412-b3d6-cf949797b340,PASSIVE,NULL,NULL,false,AT_WILL,NULL,NULL,NULL
36552017-d99d-59ca-9609-ed55b2537bf3,2026-09-08T00:00:00,2026-09-08T00:00:00,0,Bite,"Melee Attack Roll: +1, reach 5 ft. Hit: 1 Fire damage.",1,6564e3d3-b0c6-5412-b3d6-cf949797b340,ACTION,NULL,NULL,false,AT_WILL,NULL,NULL,NULL
a0684de9-c3b7-55f6-882c-bfabaf894090,2026-09-08T00:00:00,2026-09-08T00:00:00,0,Amphibious,The frog can breathe air and water.,0,3aa55d3f-d417-5980-9403-85590374a7cd,PASSIVE,NULL,NULL,false,AT_WILL,NULL,NULL,NULL
56be0b8a-5bca-58b6-bb14-620dd371c5f0,2026-09-08T00:00:00,2026-09-08T00:00:00,0,Standing Leap,The frog's Long Jump is up to 20 feet and its High Jump is up to 10 feet with or without a running start.,1,3aa55d3f-d417-5980-9403-85590374a7cd,PASSIVE,NULL,NULL,false,AT_WILL,NULL,NULL,NULL
d1b2a15c-47d7-5d7a-8ff3-064c9b556b9c,2026-09-08T00:00:00,2026-09-08T00:00:00,0,Bite,"Melee Attack Roll: +3, reach 5 ft. Hit: 5 (1d6 + 2) Piercing damage. If the target is a Medium or smaller creature, it has the Grappled condition (escape DC 11).",2,3aa55d3f-d417-5980-9403-85590374a7cd,ACTION,NULL,NULL,false,AT_WILL,NULL,NULL,NULL
c1021ce0-e291-5463-be34-aeaad3132947,2026-09-08T00:00:00,2026-09-08T00:00:00,0,Swallow,"The frog swallows a Small or smaller target it is grappling. While swallowed, the target isn't Grappled but has the Blinded and Restrained conditions, and it has Total Cover against attacks and other effects outside the frog. While swallowing the target, the frog can't use Bite, and if the frog dies, the swallowed target is no longer Restrained and can escape from the corpse using 5 feet of movement, exiting with the Prone condition. At the end of the frog's next turn, the swallowed target takes 5 (2d4) Acid damage. If that damage doesn't kill it, the frog disgorges it, causing it to exit Prone.",3,3aa55d3f-d417-5980-9403-85590374a7cd,ACTION,NULL,NULL,false,AT_WILL,NULL,NULL,NULL
20bb0a15-e8d6-5000-a15f-49ef8ac8db4c,2026-09-08T00:00:00,2026-09-08T00:00:00,0,Ram,"Melee Attack Roll: +5, reach 5 ft. Hit: 6 (1d6 + 3) Bludgeoning damage. If the target is a Large or smaller creature and the goat moved 20+ feet straight toward it immediately before the hit, the target takes an extra 5 (2d4) Bludgeoning damage and has the Prone condition.",0,6973e0ef-9840-5b46-8352-b6ce443262b8,ACTION,NULL,NULL,false,AT_WILL,NULL,NULL,NULL
2e016456-91c0-50f4-9f42-7dde4d39418a,2026-09-08T00:00:00,2026-09-08T00:00:00,0,Bite,"Melee Attack Roll: +5, reach 5 ft. Hit: 10 (2d6 + 3) Piercing damage.",0,aabb5741-b2ed-53fb-90c9-194eef10f36c,ACTION,NULL,NULL,false,AT_WILL,NULL,NULL,NULL
12f1d0f1-438a-5226-9e60-a276015e1cda,2026-09-08T00:00:00,2026-09-08T00:00:00,0,Rampage,"Immediately after dealing damage to a creature that was already Bloodied, the hyena can move up to half its Speed, and it makes one Bite attack.",1,aabb5741-b2ed-53fb-90c9-194eef10f36c,BONUS_ACTION,NULL,NULL,false,PER_DAY,1,NULL,NULL
23a73c58-2df9-575b-aa80-b3300fc95882,2026-09-08T00:00:00,2026-09-08T00:00:00,0,Spider Climb,"The lizard can climb difficult surfaces, including along ceilings, without needing to make an ability check.",0,1058ea9a-cdae-5a42-9cd6-426cacacd53a,PASSIVE,NULL,NULL,false,AT_WILL,NULL,NULL,NULL
77d8f6a1-fcaa-505a-b655-55dff0123cc0,2026-09-08T00:00:00,2026-09-08T00:00:00,0,Bite,"Melee Attack Roll: +4, reach 5 ft. Hit: 6 (1d8 + 2) Piercing damage.",1,1058ea9a-cdae-5a42-9cd6-426cacacd53a,ACTION,NULL,NULL,false,AT_WILL,NULL,NULL,NULL
6cba6307-18ba-57e9-ba13-da7670bf36f4,2026-09-08T00:00:00,2026-09-08T00:00:00,0,Water Breathing,The octopus can breathe only underwater. It can hold its breath for 1 hour outside water.,0,46ff34df-1bd3-5e91-a2bd-37960bea0a03,PASSIVE,NULL,NULL,false,AT_WILL,NULL,NULL,NULL
514de89a-d41d-5116-ae85-38d6b30bafd5,2026-09-08T00:00:00,2026-09-08T00:00:00,0,Tentacles,"Melee Attack Roll: +5, reach 10 ft. Hit: 10 (2d6 + 3) Bludgeoning damage. If the target is a Medium or smaller creature, it has the Grappled condition (escape DC 13) from all eight tentacles. While Grappled, the target has the Restrained condition.",1,46ff34df-1bd3-5e91-a2bd-37960bea0a03,ACTION,NULL,NULL,false,AT_WILL,NULL,NULL,NULL
7608af85-95ad-5283-95c2-932c8c7adb93,2026-09-08T00:00:00,2026-09-08T00:00:00,0,Ink Cloud,"Trigger: The octopus takes damage while underwater. Response: The octopus releases ink that fills a 10-foot Cube centered on itself, and the octopus moves up to its Swim Speed. The Cube is Heavily Obscured for 1 minute or until a strong current or similar effect disperses the ink.",2,46ff34df-1bd3-5e91-a2bd-37960bea0a03,REACTION,NULL,The octopus takes damage while underwater.,false,PER_DAY,1,NULL,NULL
b4556f3c-e3b8-5eaf-a092-a6b21f28bc65,2026-09-08T00:00:00,2026-09-08T00:00:00,0,Flyby,The owl doesn't provoke an Opportunity Attack when it flies out of an enemy's reach.,0,475622ca-91c4-5069-99b6-59d4f6faae01,PASSIVE,NULL,NULL,false,AT_WILL,NULL,NULL,NULL
f31bbcf7-e3c0-567e-addd-42193f7c592d,2026-09-08T00:00:00,2026-09-08T00:00:00,0,Talons,"Melee Attack Roll: +4, reach 5 ft. Hit: 7 (1d10 + 2) Slashing damage.",1,475622ca-91c4-5069-99b6-59d4f6faae01,ACTION,NULL,NULL,false,AT_WILL,NULL,NULL,NULL
6b98f28e-30c9-5b5b-9d6f-3643d254acf7,2026-09-08T00:00:00,2026-09-08T00:00:00,0,Spellcasting,"The owl casts one of the following spells, requiring no spell components and using Wisdom as the spellcasting ability: At Will: Detect Evil and Good, Detect Magic 1/Day: Clairvoyance",2,475622ca-91c4-5069-99b6-59d4f6faae01,ACTION,NULL,NULL,false,AT_WILL,NULL,NULL,NULL
099642ca-f6e6-597b-a013-c1382e3c041c,2026-09-08T00:00:00,2026-09-08T00:00:00,0,Pack Tactics,The rat has Advantage on an attack roll against a creature if at least one of the rat's allies is within 5 feet of the creature and the ally doesn't have the Incapacitated condition.,0,24f1f770-8a07-548a-9483-3a4a57422c30,PASSIVE,NULL,NULL,false,AT_WILL,NULL,NULL,NULL
b26afb36-7a0e-5785-bc20-12c8c61d969c,2026-09-08T00:00:00,2026-09-08T00:00:00,0,Bite,"Melee Attack Roll: +5, reach 5 feet. Hit: 5 (1d4 + 3) Piercing damage.",1,24f1f770-8a07-548a-9483-3a4a57422c30,ACTION,NULL,NULL,false,AT_WILL,NULL,NULL,NULL
06d80ed4-8a9f-5883-b811-424d5beff68a,2026-09-08T00:00:00,2026-09-08T00:00:00,0,Multiattack,The scorpion makes two Claw attacks and one Sting attack.,0,4e913c2b-f884-5a7a-ba94-822c8cd7f92f,ACTION,NULL,NULL,false,AT_WILL,NULL,NULL,NULL
300d74b9-f80b-5da2-9023-f0e56dc40901,2026-09-08T00:00:00,2026-09-08T00:00:00,0,Claw,"Melee Attack Roll: +5, reach 5 ft. Hit: 6 (1d6 + 3) Bludgeoning damage. If the target is a Large or smaller creature, it has the Grappled condition (escape DC 13) from one of two claws.",1,4e913c2b-f884-5a7a-ba94-822c8cd7f92f,ACTION,NULL,NULL,false,AT_WILL,NULL,NULL,NULL
8cebc7fc-c565-52ce-8340-58ebcc6b32d3,2026-09-08T00:00:00,2026-09-08T00:00:00,0,Sting,"Melee Attack Roll: +5, reach 5 ft. Hit: 7 (1d8 + 3) Piercing damage plus 11 (2d10) Poison damage.",2,4e913c2b-f884-5a7a-ba94-822c8cd7f92f,ACTION,NULL,NULL,false,AT_WILL,NULL,NULL,NULL
f882a941-cdf8-586a-8a15-afcf342a4a11,2026-09-08T00:00:00,2026-09-08T00:00:00,0,Water Breathing,The seahorse can breathe only underwater.,0,26091374-ee53-598e-ab79-2a30627828fd,PASSIVE,NULL,NULL,false,AT_WILL,NULL,NULL,NULL
077202d4-ab3d-5152-abd8-0e9373fb2bfb,2026-09-08T00:00:00,2026-09-08T00:00:00,0,Ram,"Melee Attack Roll: +4, reach 5 ft. Hit: 9 (2d6 + 2) Bludgeoning damage, or 11 (2d8 + 2) Bludgeoning damage if the seahorse moved 20+ feet straight toward the target immediately before the hit.",1,26091374-ee53-598e-ab79-2a30627828fd,ACTION,NULL,NULL,false,AT_WILL,NULL,NULL,NULL
709ddf34-a12f-5c03-a353-c04a6cca1896,2026-09-08T00:00:00,2026-09-08T00:00:00,0,Bubble Dash,"While underwater, the seahorse moves up to half its Swim Speed without provoking Opportunity Attacks.",2,26091374-ee53-598e-ab79-2a30627828fd,BONUS_ACTION,NULL,NULL,false,AT_WILL,NULL,NULL,NULL
4504725e-862a-5af5-bb8d-a7f09f459a43,2026-09-08T00:00:00,2026-09-08T00:00:00,0,Water Breathing,The shark can breathe only underwater.,0,b781341f-53df-5351-adce-594339b75a60,PASSIVE,NULL,NULL,false,AT_WILL,NULL,NULL,NULL
55274bfa-16bb-5cb1-9345-74d079fb5301,2026-09-08T00:00:00,2026-09-08T00:00:00,0,Multiattack,The shark makes two Bite attacks.,1,b781341f-53df-5351-adce-594339b75a60,ACTION,NULL,NULL,false,AT_WILL,NULL,NULL,NULL
b655fef0-c1cd-5cda-a858-81b9615dd5b6,2026-09-08T00:00:00,2026-09-08T00:00:00,0,Bite,"Melee Attack Roll: +9 (with Advantage if the target doesn't have all its Hit Points), reach 5 ft. Hit: 22 (3d10 + 6) Piercing damage.",2,b781341f-53df-5351-adce-594339b75a60,ACTION,NULL,NULL,false,AT_WILL,NULL,NULL,NULL
959fb3cd-5522-5ccf-b30c-44555c3d71a9,2026-09-08T00:00:00,2026-09-08T00:00:00,0,Spider Climb,"The spider can climb difficult surfaces, including along ceilings, without needing to make an ability check.",0,8c3e18e9-fa7a-596d-8eab-eaa84a7a46cc,PASSIVE,NULL,NULL,false,AT_WILL,NULL,NULL,NULL
19cb777a-b4fd-5f17-b7ba-853424da8d91,2026-09-08T00:00:00,2026-09-08T00:00:00,0,Web Walker,"The spider ignores movement restrictions caused by webs, and it knows the location of any other creature in contact with the same web.",1,8c3e18e9-fa7a-596d-8eab-eaa84a7a46cc,PASSIVE,NULL,NULL,false,AT_WILL,NULL,NULL,NULL
e878bcb0-e261-5af0-af75-610524c53489,2026-09-08T00:00:00,2026-09-08T00:00:00,0,Bite,"Melee Attack Roll: +5, reach 5 ft. Hit: 7 (1d8 + 3) Piercing damage plus 7 (2d6) Poison damage.",2,8c3e18e9-fa7a-596d-8eab-eaa84a7a46cc,ACTION,NULL,NULL,false,AT_WILL,NULL,NULL,NULL
3828374a-7f85-50b4-8ac0-ec7b48391dd8,2026-09-08T00:00:00,2026-09-08T00:00:00,0,Web,"Dexterity Saving Throw: DC 13, one creature the spider can see within 60 feet. Failure: The target has the Restrained condition until the web is destroyed (AC 10; HP 5; Vulnerability to Fire damage; Immunity to Poison and Psychic damage).",3,8c3e18e9-fa7a-596d-8eab-eaa84a7a46cc,ACTION,NULL,NULL,false,RECHARGE,1,5,6
fcef6821-bcf5-525f-b0cc-dd9822fb263c,2026-09-08T00:00:00,2026-09-08T00:00:00,0,Amphibious,The toad can breathe air and water.,0,f45f554c-214e-58ac-8db3-7023bf6d0dba,PASSIVE,NULL,NULL,false,AT_WILL,NULL,NULL,NULL
09625efe-36a3-5474-8d12-2316a1415ce7,2026-09-08T00:00:00,2026-09-08T00:00:00,0,Standing Leap,The toad's Long Jump is up to 20 feet and its High Jump is up to 10 feet with or without a running start.,1,f45f554c-214e-58ac-8db3-7023bf6d0dba,PASSIVE,NULL,NULL,false,AT_WILL,NULL,NULL,NULL
b8964d59-efbd-503c-8bc7-7e16c7538cf9,2026-09-08T00:00:00,2026-09-08T00:00:00,0,Bite,"Melee Attack Roll: +4, reach 5 ft. Hit: 5 (1d6 + 2) Piercing damage plus 5 (2d4) Poison damage. If the target is a Medium or smaller creature, it has the Grappled condition (escape DC 12).",2,f45f554c-214e-58ac-8db3-7023bf6d0dba,ACTION,NULL,NULL,false,AT_WILL,NULL,NULL,NULL
884ba691-67ea-5f7f-a259-2a0ea0dc9c07,2026-09-08T00:00:00,2026-09-08T00:00:00,0,Swallow,"The toad swallows a Medium or smaller target it is grappling. While swallowed, the target isn't Grappled but has the Blinded and Restrained conditions, and it has Total Cover against attacks and other effects outside the toad. In addition, the target takes 10 (3d6) Acid damage at the end of each of the toad's turns. The toad can have only one target swallowed at a time, and it can't use Bite while it has a swallowed target. If the toad dies, a swallowed creature is no longer Restrained and can escape from the corpse using 5 feet of movement, exiting with the Prone condition.",3,f45f554c-214e-58ac-8db3-7023bf6d0dba,ACTION,NULL,NULL,false,AT_WILL,NULL,NULL,NULL
519e4cc8-fda0-5ec7-8885-c1c1f472974e,2026-09-08T00:00:00,2026-09-08T00:00:00,0,Bite,"Melee Attack Roll: +6, reach 10 ft. Hit: 6 (1d4 + 4) Piercing damage plus 4 (1d8) Poison damage.",0,611baf20-2499-5435-b163-35f131e23f34,ACTION,NULL,NULL,false,AT_WILL,NULL,NULL,NULL
f7d609e7-7b7c-5479-b182-d0e8e0d5aa8b,2026-09-08T00:00:00,2026-09-08T00:00:00,0,Pack Tactics,The vulture has Advantage on an attack roll against a creature if at least one of the vulture's allies is within 5 feet of the creature and the ally doesn't have the Incapacitated condition.,0,1a4f6c0f-9861-5eea-8341-245614a44a1d,PASSIVE,NULL,NULL,false,AT_WILL,NULL,NULL,NULL
be7b61b5-20e7-56c1-a40c-0da5127fe4c8,2026-09-08T00:00:00,2026-09-08T00:00:00,0,Gouge,"Melee Attack Roll: +4, reach 5 ft. Hit: 9 (2d6 + 2) Piercing damage, and the target has the Poisoned condition until the end of its next turn.",1,1a4f6c0f-9861-5eea-8341-245614a44a1d,ACTION,NULL,NULL,false,AT_WILL,NULL,NULL,NULL
ce42c1c7-3057-5285-9238-9982db15b063,2026-09-08T00:00:00,2026-09-08T00:00:00,0,Flyby,The wasp doesn't provoke an Opportunity Attack when it flies out of an enemy's reach.,0,e948d696-8fc3-5c95-83a5-be3bda6d269f,PASSIVE,NULL,NULL,false,AT_WILL,NULL,NULL,NULL
807b5ff2-dac5-5932-b9f1-bec88e9ab039,2026-09-08T00:00:00,2026-09-08T00:00:00,0,Sting,"Melee Attack Roll: +4, reach 5 ft. Hit: 5 (1d6 + 2) Piercing damage plus 5 (2d4) Poison damage.",1,e948d696-8fc3-5c95-83a5-be3bda6d269f,ACTION,NULL,NULL,false,AT_WILL,NULL,NULL,NULL
a849f6b1-2558-51ee-a35a-b44f28b4340e,2026-09-08T00:00:00,2026-09-08T00:00:00,0,Bite,"Melee Attack Roll: +5, reach 5 ft. Hit: 5 (1d4 + 3) Piercing damage.",0,ea14d920-c245-5a0a-9c31-5d070a772f22,ACTION,NULL,NULL,false,AT_WILL,NULL,NULL,NULL
0dc3ffe3-21ae-5028-bf31-0c57b79e1d48,2026-09-08T00:00:00,2026-09-08T00:00:00,0,Spider Climb,"The spider can climb difficult surfaces, including along ceilings, without needing to make an ability check.",0,86f4e1dc-af44-5df4-af07-38e16b0d42e5,PASSIVE,NULL,NULL,false,AT_WILL,NULL,NULL,NULL
96b96f93-bdbc-5042-aaa1-dfa51305afaa,2026-09-08T00:00:00,2026-09-08T00:00:00,0,Bite,"Melee Attack Roll: +5, reach 5 ft. Hit: 5 (1d4 + 3) Piercing damage plus 5 (2d4) Poison damage.",1,86f4e1dc-af44-5df4-af07-38e16b0d42e5,ACTION,NULL,NULL,false,AT_WILL,NULL,NULL,NULL
46b92fc0-46a2-5460-b436-42f9918f8fd2,2026-09-08T00:00:00,2026-09-08T00:00:00,0,Ram,"Melee Attack Roll: +2, reach 5 ft. Hit: 1 Bludgeoning damage, or 2 (1d4) Bludgeoning damage if the goat moved 20+ feet straight toward the target immediately before the hit.",0,0995e01e-9ad2-5e88-91e1-4d1256c81e0d,ACTION,NULL,NULL,false,AT_WILL,NULL,NULL,NULL
cb84c800-de42-549a-b226-f9d474eb88cb,2026-09-08T00:00:00,2026-09-08T00:00:00,0,Talons,"Melee Attack Roll: +5, reach 5 ft. Hit: 1 Slashing damage.",0,1d5fb367-861f-55a2-a0ee-17f5ee5601ab,ACTION,NULL,NULL,false,AT_WILL,NULL,NULL,NULL
893cf81e-8a78-54dc-89a3-b8db3b86e8d5,2026-09-08T00:00:00,2026-09-08T00:00:00,0,Hold Breath,The hippopotamus can hold its breath for 10 minutes.,0,b094039b-a035-5218-9193-3313936b8be7,PASSIVE,NULL,NULL,false,AT_WILL,NULL,NULL,NULL
66c6275d-44ff-5e24-a5db-d46521ee06b5,2026-09-08T00:00:00,2026-09-08T00:00:00,0,Multiattack,The hippopotamus makes two Bite attacks.,1,b094039b-a035-5218-9193-3313936b8be7,ACTION,NULL,NULL,false,AT_WILL,NULL,NULL,NULL
356aabf9-c7c0-5364-9c81-592d45435917,2026-09-08T00:00:00,2026-09-08T00:00:00,0,Bite,"Melee Attack Roll: +7, reach 5 ft. Hit: 16 (2d10 + 5) Piercing damage.",2,b094039b-a035-5218-9193-3313936b8be7,ACTION,NULL,NULL,false,AT_WILL,NULL,NULL,NULL
0cec32bf-70e0-5bf9-b7c2-d9856a5085b3,2026-09-08T00:00:00,2026-09-08T00:00:00,0,Water Breathing,The shark can breathe only underwater.,0,905752d8-88ea-59fe-ac62-39fff35f001a,PASSIVE,NULL,NULL,false,AT_WILL,NULL,NULL,NULL
532c1090-be2f-5d63-8499-cc8c362d6f26,2026-09-08T00:00:00,2026-09-08T00:00:00,0,Bite,"Melee Attack Roll: +6 (with Advantage if the target doesn't have all its Hit Points), reach 5 ft. Hit: 14 (3d6 + 4) Piercing damage.",1,905752d8-88ea-59fe-ac62-39fff35f001a,ACTION,NULL,NULL,false,AT_WILL,NULL,NULL,NULL
5cb60bf2-a338-5d17-8551-de76d2fe311d,2026-09-08T00:00:00,2026-09-08T00:00:00,0,Pack Tactics,The hyena has Advantage on an attack roll against a creature if at least one of the hyena's allies is within 5 feet of the creature and the ally doesn't have the Incapacitated condition.,0,5aada601-7d74-5733-8653-303c5fc96510,PASSIVE,NULL,NULL,false,AT_WILL,NULL,NULL,NULL
5884d9b8-4755-55ef-ad90-d1abbcbba689,2026-09-08T00:00:00,2026-09-08T00:00:00,0,Bite,"Melee Attack Roll: +2, reach 5 ft. Hit: 3 (1d6) Piercing damage.",1,5aada601-7d74-5733-8653-303c5fc96510,ACTION,NULL,NULL,false,AT_WILL,NULL,NULL,NULL
194c7c35-9e60-5381-a68d-66253fa30e43,2026-09-08T00:00:00,2026-09-08T00:00:00,0,Bite,"Melee Attack Roll: +1, reach 5 ft. Hit: 1 (1d4 - 1) Piercing damage.",0,7cd129fc-6030-5d4d-8759-74aa10517bce,ACTION,NULL,NULL,false,AT_WILL,NULL,NULL,NULL
97374fab-78ee-58ee-96d4-a30efa9f603b,2026-09-08T00:00:00,2026-09-08T00:00:00,0,Hold Breath,The whale can hold its breath for 30 minutes.,0,65fde1c1-a4d6-5b21-b3f0-16725f2dd652,PASSIVE,NULL,NULL,false,AT_WILL,NULL,NULL,NULL
36b38dec-f2c8-5af1-a675-1dd2b2c74b1a,2026-09-08T00:00:00,2026-09-08T00:00:00,0,Bite,"Melee Attack Roll: +6, reach 5 ft. Hit: 21 (5d6 + 4) Piercing damage.",1,65fde1c1-a4d6-5b21-b3f0-16725f2dd652,ACTION,NULL,NULL,false,AT_WILL,NULL,NULL,NULL
f5ff28e3-93d4-5267-ac7a-8cab6bfbf067,2026-09-08T00:00:00,2026-09-08T00:00:00,0,Pack Tactics,The lion has Advantage on an attack roll against a creature if at least one of the lion's allies is within 5 feet of the creature and the ally doesn't have the Incapacitated condition.,0,e9b826a1-4493-5478-8912-f83e238b3ae6,PASSIVE,NULL,NULL,false,AT_WILL,NULL,NULL,NULL
ce30a4fe-05f7-583f-ab55-562a8c72b345,2026-09-08T00:00:00,2026-09-08T00:00:00,0,Running Leap,"With a 10-foot running start, the lion can Long Jump up to 25 feet.",1,e9b826a1-4493-5478-8912-f83e238b3ae6,PASSIVE,NULL,NULL,false,AT_WILL,NULL,NULL,NULL
71faf9cb-89ea-5531-80bc-812f7730478d,2026-09-08T00:00:00,2026-09-08T00:00:00,0,Multiattack,The lion makes two Rend attacks. It can replace one attack with a use of Roar.,2,e9b826a1-4493-5478-8912-f83e238b3ae6,ACTION,NULL,NULL,false,AT_WILL,NULL,NULL,NULL
e3848210-509a-5508-bdc6-35b4b0006f2d,2026-09-08T00:00:00,2026-09-08T00:00:00,0,Rend,"Melee Attack Roll: +5, reach 5 ft. Hit: 7 (1d8 + 3) Slashing damage.",3,e9b826a1-4493-5478-8912-f83e238b3ae6,ACTION,NULL,NULL,false,AT_WILL,NULL,NULL,NULL
58d97220-ff2f-587a-85e9-957b3c81defb,2026-09-08T00:00:00,2026-09-08T00:00:00,0,Roar,"Wisdom Saving Throw: DC 11, one creature within 15 feet. Failure: The target has the Frightened condition until the start of the lion's next turn.",4,e9b826a1-4493-5478-8912-f83e238b3ae6,ACTION,NULL,NULL,false,AT_WILL,NULL,NULL,NULL
03c40f71-710d-5e9d-b006-0de4664943ae,2026-09-08T00:00:00,2026-09-08T00:00:00,0,Spider Climb,"The lizard can climb difficult surfaces, including along ceilings, without needing to make an ability check.",0,8cab57c1-6781-50af-a20b-ae3413d3e924,PASSIVE,NULL,NULL,false,AT_WILL,NULL,NULL,NULL
a7e9e09a-9c07-5f89-88f8-9222f2c3dcc3,2026-09-08T00:00:00,2026-09-08T00:00:00,0,Bite,"Melee Attack Roll: +2, reach 5 ft. Hit: 1 Piercing damage.",1,8cab57c1-6781-50af-a20b-ae3413d3e924,ACTION,NULL,NULL,false,AT_WILL,NULL,NULL,NULL
a2df0027-62bb-5c08-b403-5f188aefe9ed,2026-09-08T00:00:00,2026-09-08T00:00:00,0,Multiattack,The mammoth makes two Gore attacks.,0,6d01b2f9-9ed2-5558-9bba-9a8b8dee6bcf,ACTION,NULL,NULL,false,AT_WILL,NULL,NULL,NULL
1c905f13-3ab7-5af8-81bf-704a7b3b2520,2026-09-08T00:00:00,2026-09-08T00:00:00,0,Gore,"Melee Attack Roll: +10, reach 10 ft. Hit: 18 (2d10 + 7) Piercing damage. If the target is a Huge or smaller creature and the mammoth moved 20+ feet straight toward it immediately before the hit, the target has the Prone condition.",1,6d01b2f9-9ed2-5558-9bba-9a8b8dee6bcf,ACTION,NULL,NULL,false,AT_WILL,NULL,NULL,NULL
be58eb6d-7f95-5b26-b759-44f653c1b20b,2026-09-08T00:00:00,2026-09-08T00:00:00,0,Trample,"Dexterity Saving Throw: DC 18, one creature within 5 feet that has the Prone condition. Failure: 29 (4d10 + 7) Bludgeoning damage. Success: Half damage.",2,6d01b2f9-9ed2-5558-9bba-9a8b8dee6bcf,BONUS_ACTION,NULL,NULL,false,AT_WILL,NULL,NULL,NULL
6cfefc5e-a5c1-5668-8bb9-770c88a16c9d,2026-09-08T00:00:00,2026-09-08T00:00:00,0,Bite,"Melee Attack Roll: +3, reach 5 ft. Hit: 4 (1d6 + 1) Piercing damage. If the target is a Medium or smaller creature, it has the Prone condition.",0,6f0d4325-784e-5e2f-bd7d-e3efc43aebb8,ACTION,NULL,NULL,false,AT_WILL,NULL,NULL,NULL
058d5a86-3d4b-53bd-b659-04719f8e2b51,2026-09-08T00:00:00,2026-09-08T00:00:00,0,Beast of Burden,The mule counts as one size larger for the purpose of determining its carrying capacity.,0,934e95a7-8cdd-5c98-80c4-5623992c89f2,PASSIVE,NULL,NULL,false,AT_WILL,NULL,NULL,NULL
0fc06aca-4f94-5b9c-bc8b-dad0616c85db,2026-09-08T00:00:00,2026-09-08T00:00:00,0,Hooves,"Melee Attack Roll: +4, reach 5 ft. Hit: 4 (1d4 + 2) Bludgeoning damage.",1,934e95a7-8cdd-5c98-80c4-5623992c89f2,ACTION,NULL,NULL,false,AT_WILL,NULL,NULL,NULL
c8c3749b-ef3c-5a33-b9bc-2daf443bed57,2026-09-08T00:00:00,2026-09-08T00:00:00,0,Compression,The octopus can move through a space as narrow as 1 inch without expending extra movement to do so.,0,d895b410-3c8d-5f9e-9b45-9bab36bc9df4,PASSIVE,NULL,NULL,false,AT_WILL,NULL,NULL,NULL
15f6953a-7efa-5bc7-9ee7-e5227b6bb727,2026-09-08T00:00:00,2026-09-08T00:00:00,0,Water Breathing,The octopus can breathe only underwater.,1,d895b410-3c8d-5f9e-9b45-9bab36bc9df4,PASSIVE,NULL,NULL,false,AT_WILL,NULL,NULL,NULL
3ec15f4d-fc4d-514e-a5a5-ed13eb275e28,2026-09-08T00:00:00,2026-09-08T00:00:00,0,Tentacles,"Melee Attack Roll: +4, reach 5 ft. Hit: 1 Bludgeoning damage.",2,d895b410-3c8d-5f9e-9b45-9bab36bc9df4,ACTION,NULL,NULL,false,AT_WILL,NULL,NULL,NULL
d89907d2-5775-5616-b297-250cbfc09ea6,2026-09-08T00:00:00,2026-09-08T00:00:00,0,Ink Cloud,"Trigger: A creature ends its turn within 5 feet of the octopus while underwater. Response: The octopus releases ink that fills a 5-foot Cube centered on itself, and the octopus moves up to its Swim Speed. The Cube is Heavily Obscured for 1 minute or until a strong current or similar effect disperses the ink.",3,d895b410-3c8d-5f9e-9b45-9bab36bc9df4,REACTION,NULL,A creature ends its turn within 5 feet of the octopus while underwater.,false,PER_DAY,1,NULL,NULL
b03c7d21-fee6-53fb-9b1c-0ea3a3239ce8,2026-09-08T00:00:00,2026-09-08T00:00:00,0,Flyby,The owl doesn't provoke an Opportunity Attack when it flies out of an enemy's reach.,0,3f8711de-c48a-5113-86be-61a2583856a5,PASSIVE,NULL,NULL,false,AT_WILL,NULL,NULL,NULL
9ae783cc-1554-5d72-9c5c-9dd1bccbb376,2026-09-08T00:00:00,2026-09-08T00:00:00,0,Talons,"Melee Attack Roll: +3, reach 5 ft. Hit: 1 Slashing damage.",1,3f8711de-c48a-5113-86be-61a2583856a5,ACTION,NULL,NULL,false,AT_WILL,NULL,NULL,NULL
ea3f07e9-9d6a-53fc-892b-426ac3ef102f,2026-09-08T00:00:00,2026-09-08T00:00:00,0,Rend,"Melee Attack Roll: +5, reach 5 ft. Hit: 6 (1d6 + 3) Slashing damage.",0,176f343f-7358-51f3-8a54-73b194b6f168,ACTION,NULL,NULL,false,AT_WILL,NULL,NULL,NULL
7df727c7-82f3-566a-9efa-0a0cb22b18ec,2026-09-08T00:00:00,2026-09-08T00:00:00,0,Nimble Escape,The panther takes the Disengage or Hide action.,1,176f343f-7358-51f3-8a54-73b194b6f168,BONUS_ACTION,NULL,NULL,false,AT_WILL,NULL,NULL,NULL
eea6d760-f1f0-536d-8cc7-01d223be8916,2026-09-08T00:00:00,2026-09-08T00:00:00,0,Water Breathing,The piranha can breathe only underwater.,0,c80fb495-a4ab-524c-bc2a-475519780036,PASSIVE,NULL,NULL,false,AT_WILL,NULL,NULL,NULL
4449af77-d08d-5c56-98cf-877d6beccba6,2026-09-08T00:00:00,2026-09-08T00:00:00,0,Bite,"Melee Attack Roll: +5 (with Advantage if the target doesn't have all its Hit Points), reach 5 ft. Hit: 1 Piercing damage.",1,c80fb495-a4ab-524c-bc2a-475519780036,ACTION,NULL,NULL,false,AT_WILL,NULL,NULL,NULL
1045d67e-c216-5476-abcf-f52b1920a390,2026-09-08T00:00:00,2026-09-08T00:00:00,0,Hold Breath,The plesiosaurus can hold its breath for 1 hour.,0,2240fe73-1e5f-5b5a-8112-15617be27359,PASSIVE,NULL,NULL,false,AT_WILL,NULL,NULL,NULL
0fd8702d-1661-543a-88d6-1a347143d1f2,2026-09-08T00:00:00,2026-09-08T00:00:00,0,Bite,"Melee Attack Roll: +6, reach 10 ft. Hit: 11 (2d6 + 4) Piercing damage.",1,2240fe73-1e5f-5b5a-8112-15617be27359,ACTION,NULL,NULL,false,AT_WILL,NULL,NULL,NULL
4b3a24f2-4c07-56d7-9926-a47915b1dbc0,2026-09-08T00:00:00,2026-09-08T00:00:00,0,Multiattack,The bear makes two Rend attacks.,0,7b750e4f-bccc-5fed-9d8d-7043cd090cf7,ACTION,NULL,NULL,false,AT_WILL,NULL,NULL,NULL
08ce7132-bfe7-5642-bce3-4fe716cd1117,2026-09-08T00:00:00,2026-09-08T00:00:00,0,Rend,"Melee Attack Roll: +7, reach 5 ft. Hit: 9 (1d8 + 5) Slashing damage.",1,7b750e4f-bccc-5fed-9d8d-7043cd090cf7,ACTION,NULL,NULL,false,AT_WILL,NULL,NULL,NULL
dc4f5901-0a28-5ae2-9931-64ad2a6bbea6,2026-09-08T00:00:00,2026-09-08T00:00:00,0,Hooves,"Melee Attack Roll: +4, reach 5 ft. Hit: 4 (1d4 + 2) Bludgeoning damage.",0,3130cd14-8986-5456-8043-0704dd099eca,ACTION,NULL,NULL,false,AT_WILL,NULL,NULL,NULL
3d81051c-d86b-5712-ac65-06ced311be8a,2026-09-08T00:00:00,2026-09-08T00:00:00,0,Flyby,The pteranodon doesn't provoke an Opportunity Attack when it flies out of an enemy's reach.,0,6edf1244-0ae3-5af0-8214-039bd1eefd77,PASSIVE,NULL,NULL,false,AT_WILL,NULL,NULL,NULL
e1517086-5b07-5b02-a219-fdafbd350f31,2026-09-08T00:00:00,2026-09-08T00:00:00,0,Bite,"Melee Attack Roll: +4, reach 5 ft. Hit: 6 (1d8 + 2) Piercing damage.",1,6edf1244-0ae3-5af0-8214-039bd1eefd77,ACTION,NULL,NULL,false,AT_WILL,NULL,NULL,NULL
9f71757a-394f-56c2-af97-c65986a19da1,2026-09-08T00:00:00,2026-09-08T00:00:00,0,Agile,The rat doesn't provoke an Opportunity Attack when it moves out of an enemy's reach.,0,11d65c3a-8e54-5952-a6f2-eaff28758666,PASSIVE,NULL,NULL,false,AT_WILL,NULL,NULL,NULL
f500d9ae-2991-5cac-83e7-de137d885004,2026-09-08T00:00:00,2026-09-08T00:00:00,0,Bite,"Melee Attack Roll: +2, reach 5 ft. Hit: 1 Piercing damage.",1,11d65c3a-8e54-5952-a6f2-eaff28758666,ACTION,NULL,NULL,false,AT_WILL,NULL,NULL,NULL
9d84d5d1-de63-5b0c-8873-d6df4570ca53,2026-09-08T00:00:00,2026-09-08T00:00:00,0,Mimicry,"The raven can mimic simple sounds it has heard, such as a whisper or chitter. A hearer can discern the sounds are imitations with a successful DC 10 Wisdom (Insight) check.",0,bc1b97fc-ee6e-5f56-9863-a8576a568f73,PASSIVE,NULL,NULL,false,AT_WILL,NULL,NULL,NULL
e0017f5b-cd91-52d0-824c-980c02dcc159,2026-09-08T00:00:00,2026-09-08T00:00:00,0,Beak,"Melee Attack Roll: +4, reach 5 ft. Hit: 1 Piercing damage.",1,bc1b97fc-ee6e-5f56-9863-a8576a568f73,ACTION,NULL,NULL,false,AT_WILL,NULL,NULL,NULL
5d5893a0-58b8-5f9a-a743-2cd77c59662b,2026-09-08T00:00:00,2026-09-08T00:00:00,0,Pack Tactics,The shark has Advantage on an attack roll against a creature if at least one of the shark's allies is within 5 feet of the creature and the ally doesn't have the Incapacitated condition.,0,94f473e4-9727-5279-8e28-ebe6374c7b99,PASSIVE,NULL,NULL,false,AT_WILL,NULL,NULL,NULL
b23555ac-8ac6-5ad4-9046-551b0824e6d2,2026-09-08T00:00:00,2026-09-08T00:00:00,0,Water Breathing,The shark can breathe only underwater.,1,94f473e4-9727-5279-8e28-ebe6374c7b99,PASSIVE,NULL,NULL,false,AT_WILL,NULL,NULL,NULL
7c0ef8bc-9fe5-5164-a9e9-a5bf95d5912c,2026-09-08T00:00:00,2026-09-08T00:00:00,0,Bite,"Melee Attack Roll: +4, reach 5 ft. Hit: 7 (2d4 + 2) Piercing damage.",2,94f473e4-9727-5279-8e28-ebe6374c7b99,ACTION,NULL,NULL,false,AT_WILL,NULL,NULL,NULL
ecc7ed6d-53af-58da-895a-cf43bd926233,2026-09-08T00:00:00,2026-09-08T00:00:00,0,Gore,"Melee Attack Roll: +7, reach 5 ft. Hit: 14 (2d8 + 5) Piercing damage. If target is a Large or smaller creature and the rhinoceros moved 20+ feet straight toward it immediately before the hit, the target takes an extra 9 (2d8) Piercing damage and has the Prone condition.",0,3116d113-feaf-5d6f-8152-d505e34c75c2,ACTION,NULL,NULL,false,AT_WILL,NULL,NULL,NULL
78315d73-d115-52c7-bfe3-53192b34e9e5,2026-09-08T00:00:00,2026-09-08T00:00:00,0,Hooves,"Melee Attack Roll: +5, reach 5 ft. Hit: 7 (1d8 + 3) Bludgeoning damage.",0,8fc2a5bc-ab2a-53db-a7a3-d54a3082ac46,ACTION,NULL,NULL,false,AT_WILL,NULL,NULL,NULL
35330d89-08a5-51fd-8c6b-517336798f86,2026-09-08T00:00:00,2026-09-08T00:00:00,0,Running Leap,"With a 10-foot running start, the tiger can Long Jump up to 25 feet.",0,6df7e48c-594b-55b7-b782-126e1cd6fe9a,PASSIVE,NULL,NULL,false,AT_WILL,NULL,NULL,NULL
5306fea3-9179-50c9-b675-a7049791a43b,2026-09-08T00:00:00,2026-09-08T00:00:00,0,Multiattack,The tiger makes two Rend attacks.,1,6df7e48c-594b-55b7-b782-126e1cd6fe9a,ACTION,NULL,NULL,false,AT_WILL,NULL,NULL,NULL
7903711c-e46d-564c-9479-94800ae86192,2026-09-08T00:00:00,2026-09-08T00:00:00,0,Rend,"Melee Attack Roll: +6, reach 5 ft. Hit: 11 (2d6 + 4) Slashing damage.",2,6df7e48c-594b-55b7-b782-126e1cd6fe9a,ACTION,NULL,NULL,false,AT_WILL,NULL,NULL,NULL
dc555d5d-afaa-5173-9d24-0354369a7c99,2026-09-08T00:00:00,2026-09-08T00:00:00,0,Nimble Escape,The tiger takes the Disengage or Hide action.,3,6df7e48c-594b-55b7-b782-126e1cd6fe9a,BONUS_ACTION,NULL,NULL,false,AT_WILL,NULL,NULL,NULL
953e7cd4-832b-5d9b-a2ea-76610044fdf2,2026-09-08T00:00:00,2026-09-08T00:00:00,0,Sting,"Melee Attack Roll: +2, reach 5 ft. Hit: 1 Piercing damage plus 3 (1d6) Poison damage.",0,409b626c-a75e-5477-94b8-89e30104c5ca,ACTION,NULL,NULL,false,AT_WILL,NULL,NULL,NULL
00e4db2e-c4ae-52c5-93c5-0f4782fdf962,2026-09-08T00:00:00,2026-09-08T00:00:00,0,Water Breathing,The seahorse can breathe only underwater.,0,5a27e7b0-f4c5-5273-b30c-99cf462c5123,PASSIVE,NULL,NULL,false,AT_WILL,NULL,NULL,NULL
ebe7a2e2-154d-5496-80b0-960c0025df5d,2026-09-08T00:00:00,2026-09-08T00:00:00,0,Bubble Dash,"While underwater, the seahorse moves up to its Swim Speed without provoking Opportunity Attacks.",1,5a27e7b0-f4c5-5273-b30c-99cf462c5123,ACTION,NULL,NULL,false,AT_WILL,NULL,NULL,NULL
0fc06221-9c42-5ac8-9be3-43fefde3529d,2026-09-08T00:00:00,2026-09-08T00:00:00,0,Spider Climb,"The spider can climb difficult surfaces, including along ceilings, without needing to make an ability check.",0,6c1110ac-9efe-5ff8-9315-65bc7c24604a,PASSIVE,NULL,NULL,false,AT_WILL,NULL,NULL,NULL
a09853a8-1927-5e67-90b6-f3eaf0782624,2026-09-08T00:00:00,2026-09-08T00:00:00,0,Web Walker,"The spider ignores movement restrictions caused by webs, and the spider knows the location of any other creature in contact with the same web.",1,6c1110ac-9efe-5ff8-9315-65bc7c24604a,PASSIVE,NULL,NULL,false,AT_WILL,NULL,NULL,NULL
cf28cdfd-e4a3-5735-8119-cee11e6a751a,2026-09-08T00:00:00,2026-09-08T00:00:00,0,Bite,"Melee Attack Roll: +4, reach 5 ft. Hit: 1 Piercing damage plus 2 (1d4) Poison damage.",2,6c1110ac-9efe-5ff8-9315-65bc7c24604a,ACTION,NULL,NULL,false,AT_WILL,NULL,NULL,NULL
8598cbd1-d86e-5996-84f0-85ebb3a1804f,2026-09-08T00:00:00,2026-09-08T00:00:00,0,Swarm,"The swarm can occupy another creature's space and vice versa, and the swarm can move through any opening large enough for a Tiny bat. The swarm can't regain Hit Points or gain Temporary Hit Points.",0,f23951e9-2ae5-5d59-a8b4-8645656eaf73,PASSIVE,NULL,NULL,false,AT_WILL,NULL,NULL,NULL
7d6fd4b1-a152-526b-b17a-2324d20eccb3,2026-09-08T00:00:00,2026-09-08T00:00:00,0,Bites,"Melee Attack Roll: +4, reach 5 ft. Hit: 5 (2d4) Piercing damage, or 2 (1d4) Piercing damage if the swarm is Bloodied.",1,f23951e9-2ae5-5d59-a8b4-8645656eaf73,ACTION,NULL,NULL,false,AT_WILL,NULL,NULL,NULL
40d166c9-1d1f-51ac-b924-d3d65691b2aa,2026-09-08T00:00:00,2026-09-08T00:00:00,0,Spider Climb,"If the swarm has a Climb Speed, the swarm can climb difficult surfaces, including along ceilings, without needing to make an ability check.",0,f97ba6a3-9c10-5b80-bc82-c1fb06994232,PASSIVE,NULL,NULL,false,AT_WILL,NULL,NULL,NULL
07efe51c-8374-5285-be6e-8ddccbba6c5e,2026-09-08T00:00:00,2026-09-08T00:00:00,0,Swarm,"The swarm can occupy another creature's space and vice versa, and the swarm can move through any opening large enough for a Tiny insect. The swarm can't regain Hit Points or gain Temporary Hit Points.",1,f97ba6a3-9c10-5b80-bc82-c1fb06994232,PASSIVE,NULL,NULL,false,AT_WILL,NULL,NULL,NULL
0b5f7965-0e9c-5b7a-916e-d00afbed78ef,2026-09-08T00:00:00,2026-09-08T00:00:00,0,Bites,"Melee Attack Roll: +3, reach 5 ft. Hit: 6 (2d4 + 1) Poison damage, or 3 (1d4 + 1) Poison damage if the swarm is Bloodied.",2,f97ba6a3-9c10-5b80-bc82-c1fb06994232,ACTION,NULL,NULL,false,AT_WILL,NULL,NULL,NULL
b7e7efbe-acb5-59f2-8fbc-5f71a4d0b122,2026-09-08T00:00:00,2026-09-08T00:00:00,0,Swarm,"The swarm can occupy another creature's space and vice versa, and the swarm can move through any opening large enough for a Tiny piranha. The swarm can't regain Hit Points or gain Temporary Hit Points.",0,362e7590-8cfd-5e25-bb73-34828a95590c,PASSIVE,NULL,NULL,false,AT_WILL,NULL,NULL,NULL
13236a90-f77c-5659-8c47-e9dbcded0f09,2026-09-08T00:00:00,2026-09-08T00:00:00,0,Water Breathing,The swarm can breathe only underwater.,1,362e7590-8cfd-5e25-bb73-34828a95590c,PASSIVE,NULL,NULL,false,AT_WILL,NULL,NULL,NULL
a0d99255-358b-56ab-98b2-5ec593fbc71b,2026-09-08T00:00:00,2026-09-08T00:00:00,0,Bites,"Melee Attack Roll: +5 (with Advantage if the target doesn't have all its Hit Points), reach 5 ft. Hit: 8 (2d4 + 3) Piercing damage, or 5 (1d4 + 3) Piercing damage if the swarm is Bloodied.",2,362e7590-8cfd-5e25-bb73-34828a95590c,ACTION,NULL,NULL,false,AT_WILL,NULL,NULL,NULL
7819edb9-c626-50ef-a89a-7b89481dcd93,2026-09-08T00:00:00,2026-09-08T00:00:00,0,Swarm,"The swarm can occupy another creature's space and vice versa, and the swarm can move through any opening large enough for a Tiny rat. The swarm can't regain Hit Points or gain Temporary Hit Points.",0,ce08d39e-2494-5328-a263-7a6dc8e07f2c,PASSIVE,NULL,NULL,false,AT_WILL,NULL,NULL,NULL
87271684-c6db-5055-ac72-4672bcc5e8ec,2026-09-08T00:00:00,2026-09-08T00:00:00,0,Bites,"Melee Attack Roll: +2, reach 5 ft. Hit: 5 (2d4) Piercing damage, or 2 (1d4) Piercing damage if the swarm is Bloodied.",1,ce08d39e-2494-5328-a263-7a6dc8e07f2c,ACTION,NULL,NULL,false,AT_WILL,NULL,NULL,NULL
2699548d-3273-5395-b750-4689d670935b,2026-09-08T00:00:00,2026-09-08T00:00:00,0,Swarm,"The swarm can occupy another creature's space and vice versa, and the swarm can move through any opening large enough for a Tiny raven. The swarm can't regain Hit Points or gain Temporary Hit Points.",0,6e849023-f3fc-53f6-8107-6a55a13fad07,PASSIVE,NULL,NULL,false,AT_WILL,NULL,NULL,NULL
ff347143-1417-5f07-934d-74615994af16,2026-09-08T00:00:00,2026-09-08T00:00:00,0,Beaks,"Melee Attack Roll: +4, reach 5 ft. Hit: 5 (1d6 + 2) Piercing damage, or 2 (1d4) Piercing damage if the swarm is Bloodied.",1,6e849023-f3fc-53f6-8107-6a55a13fad07,ACTION,NULL,NULL,false,AT_WILL,NULL,NULL,NULL
aaf2a3af-a399-5fbf-86d7-17c4a7922f86,2026-09-08T00:00:00,2026-09-08T00:00:00,0,Cacophony,"Wisdom Saving Throw: DC 10, one creature in the swarm's space. Failure: The target has the Deafened condition until the start of the swarm's next turn. While Deafened, the target also has Disadvantage on ability checks and attack rolls.",2,6e849023-f3fc-53f6-8107-6a55a13fad07,ACTION,NULL,NULL,false,RECHARGE,1,6,6
5127d7e8-7649-5b56-a24e-4792f8315eec,2026-09-08T00:00:00,2026-09-08T00:00:00,0,Swarm,"The swarm can occupy another creature's space and vice versa, and the swarm can move through any opening large enough for a Tiny snake. The swarm can't regain Hit Points or gain Temporary Hit Points.",0,1e267715-ad40-55b3-b727-2a0924acb21c,PASSIVE,NULL,NULL,false,AT_WILL,NULL,NULL,NULL
801037e4-23c9-5803-9152-634e4275211d,2026-09-08T00:00:00,2026-09-08T00:00:00,0,Bites,"Melee Attack Roll: +6, reach 5 ft. Hit: 8 (1d8 + 4) Piercing damage-or 6 (1d4 + 4) Piercing damage if the swarm is Bloodied-plus 10 (3d6) Poison damage.",1,1e267715-ad40-55b3-b727-2a0924acb21c,ACTION,NULL,NULL,false,AT_WILL,NULL,NULL,NULL
652401cb-96d1-578a-b932-5839f207d7d8,2026-09-08T00:00:00,2026-09-08T00:00:00,0,Rend,"Melee Attack Roll: +5, reach 5 ft. Hit: 10 (2d6 + 3) Slashing damage. If the target is a Large or smaller creature, it has the Prone condition.",0,ecf3b3c2-b07f-5486-8d88-519737f4208e,ACTION,NULL,NULL,false,AT_WILL,NULL,NULL,NULL
d91d3605-37b4-5518-bd36-60dfa0915432,2026-09-08T00:00:00,2026-09-08T00:00:00,0,Nimble Escape,The tiger takes the Disengage or Hide action.,1,ecf3b3c2-b07f-5486-8d88-519737f4208e,BONUS_ACTION,NULL,NULL,false,AT_WILL,NULL,NULL,NULL
145e84b8-e9cc-5990-8bf2-079baed5018a,2026-09-08T00:00:00,2026-09-08T00:00:00,0,Multiattack,The triceratops makes two Gore attacks.,0,f02fd4c3-44f5-5c10-b8e7-13c81ea54fd6,ACTION,NULL,NULL,false,AT_WILL,NULL,NULL,NULL
2bf5f4b1-3ab1-571c-91ef-ddae7b183a67,2026-09-08T00:00:00,2026-09-08T00:00:00,0,Gore,"Melee Attack Roll: +9, reach 5 ft. Hit: 19 (2d12 + 6) Piercing damage. If the target is Huge or smaller and the triceratops moved 20+ feet straight toward it immediately before the hit, the target takes an extra 9 (2d8) Piercing damage and has the Prone condition.",1,f02fd4c3-44f5-5c10-b8e7-13c81ea54fd6,ACTION,NULL,NULL,false,AT_WILL,NULL,NULL,NULL
2e9ff2ca-a727-506d-8f41-635bc85bc34a,2026-09-08T00:00:00,2026-09-08T00:00:00,0,Multiattack,The tyrannosaurus makes one Bite attack and one Tail attack.,0,eebe064b-8aed-5057-a70d-49e7f7c9d6d6,ACTION,NULL,NULL,false,AT_WILL,NULL,NULL,NULL
33810136-df85-5553-b385-e5cffb20b1f9,2026-09-08T00:00:00,2026-09-08T00:00:00,0,Bite,"Melee Attack Roll: +10, reach 10 ft. Hit: 33 (4d12 + 7) Piercing damage. If the target is a Large or smaller creature, it has the Grappled condition (escape DC 17). While Grappled, the target has the Restrained condition and can't be targeted by the tyrannosaurus's Tail.",1,eebe064b-8aed-5057-a70d-49e7f7c9d6d6,ACTION,NULL,NULL,false,AT_WILL,NULL,NULL,NULL
9a46a91c-d495-5c96-a132-a00da506bb87,2026-09-08T00:00:00,2026-09-08T00:00:00,0,Tail,"Melee Attack Roll: +10, reach 15 ft. Hit: 25 (4d8 + 7) Bludgeoning damage. If the target is a Huge or smaller creature, it has the Prone condition.",2,eebe064b-8aed-5057-a70d-49e7f7c9d6d6,ACTION,NULL,NULL,false,AT_WILL,NULL,NULL,NULL
cb6e3cfc-9b2d-5196-b7c1-08b44904df92,2026-09-08T00:00:00,2026-09-08T00:00:00,0,Bite,"Melee Attack Roll: +4, reach 5 ft. Hit: 4 (1d4 + 2) Piercing damage plus 3 (1d6) Poison damage.",0,5b5d0992-3c70-5aba-80cd-02726d16b5b5,ACTION,NULL,NULL,false,AT_WILL,NULL,NULL,NULL
daff64e6-2a95-5822-8038-518e2fa4d319,2026-09-08T00:00:00,2026-09-08T00:00:00,0,Pack Tactics,The vulture has Advantage on an attack roll against a creature if at least one of the vulture's allies is within 5 feet of the creature and the ally doesn't have the Incapacitated condition.,0,9e04b05d-88ba-586f-ac51-c0251d7ad6af,PASSIVE,NULL,NULL,false,AT_WILL,NULL,NULL,NULL
a4b87d57-c1d7-5562-96ac-0252bea8ee58,2026-09-08T00:00:00,2026-09-08T00:00:00,0,Beak,"Melee Attack Roll: +2, reach 5 ft. Hit: 2 (1d4) Piercing damage.",1,9e04b05d-88ba-586f-ac51-c0251d7ad6af,ACTION,NULL,NULL,false,AT_WILL,NULL,NULL,NULL
2b3ee06a-45c3-56f1-b52d-5149166b7a0f,2026-09-08T00:00:00,2026-09-08T00:00:00,0,Hooves,"Melee Attack Roll: +6, reach 5 ft. Hit: 9 (2d4 + 4) Bludgeoning damage. If the target is a Large or smaller creature and the horse moved 20+ feet straight toward it immediately before the hit, the target takes an extra 5 (2d4) Bludgeoning damage and has the Prone condition.",0,ece6832f-59fc-5097-b4e4-8be81a97246e,ACTION,NULL,NULL,false,AT_WILL,NULL,NULL,NULL
1a5875a1-4455-5ebf-acd7-cf06ca152465,2026-09-08T00:00:00,2026-09-08T00:00:00,0,Bite,"Melee Attack Roll: +5, reach 5 ft. Hit: 1 Piercing damage.",0,652faf9a-811c-5562-8d03-4bf487a694de,ACTION,NULL,NULL,false,AT_WILL,NULL,NULL,NULL
cab7dd70-2c45-5d02-a96f-fb4ad253c0af,2026-09-08T00:00:00,2026-09-08T00:00:00,0,Pack Tactics,The wolf has Advantage on attack rolls against a creature if at least one of the wolf's allies is within 5 feet of the creature and the ally doesn't have the Incapacitated condition.,0,5bf3ee90-3414-50f4-a444-904ba1153aab,PASSIVE,NULL,NULL,false,AT_WILL,NULL,NULL,NULL
8488441a-c4c9-5088-b245-4f3b53872233,2026-09-08T00:00:00,2026-09-08T00:00:00,0,Bite,"Melee Attack Roll: +4, reach 5 ft. Hit: 5 (1d6 + 2) Piercing damage. If the target is a Medium or smaller creature, it has the Prone condition.",1,5bf3ee90-3414-50f4-a444-904ba1153aab,ACTION,NULL,NULL,false,AT_WILL,NULL,NULL,NULL
