id,created_at,updated_at,version,step_id,outcome,kind,ordinal,dice_count,dice_faces,dice_bonus,dice_average,damage_type,half_damage,condition_id,escape_dc,notes
444e3684-9ecc-5528-be83-600500780943,2026-09-08T00:00:00,2026-09-08T00:00:00,0,bfeb7f7e-4b8f-5bd3-88e0-799d4b94c807,SAVE_FAILURE,DAMAGE,0,1,12,NULL,6,ACID,false,NULL,NULL,NULL
e55f7fd1-42a6-55a3-bbaf-5022c6624c1e,2026-09-08T00:00:00,2026-09-08T00:00:00,0,5007e206-c6bc-5864-abd1-03e260a96579,HIT,DAMAGE,0,2,6,5,12,BLUDGEONING,false,NULL,NULL,NULL
a80ce1b8-da01-5946-8dbf-c767710c6aa9,2026-09-08T00:00:00,2026-09-08T00:00:00,0,5007e206-c6bc-5864-abd1-03e260a96579,HIT,APPLY_CONDITION,1,NULL,NULL,NULL,NULL,NULL,false,c04d0000-0000-4000-a000-000000000006,14,NULL
baf69fcf-89b1-5753-91f6-88de8a6334a1,2026-09-08T00:00:00,2026-09-08T00:00:00,0,50917df4-7fdf-5a95-b265-d6ff0247e090,SAVE_FAILURE,DAMAGE,0,3,6,NULL,10,PSYCHIC,false,NULL,NULL,NULL
65062fe5-8e65-53e3-8065-146c5dd6a1d3,2026-09-08T00:00:00,2026-09-08T00:00:00,0,50917df4-7fdf-5a95-b265-d6ff0247e090,SAVE_SUCCESS,DAMAGE,1,NULL,NULL,NULL,NULL,NULL,true,NULL,NULL,NULL
9df8ead5-2f1e-5529-a7d0-adb14490bb3b,2026-09-08T00:00:00,2026-09-08T00:00:00,0,8dcf031e-7c6d-53f0-a811-2d506a6eab3b,SAVE_FAILURE,APPLY_CONDITION,0,NULL,NULL,NULL,NULL,NULL,false,c04d0000-0000-4000-a000-000000000002,NULL,NULL
89d98f55-881b-52ff-bd6a-1653165e48aa,2026-09-08T00:00:00,2026-09-08T00:00:00,0,0d1b6033-63a3-5005-80ef-664c4d19a4d1,HIT,DAMAGE,0,2,8,5,14,THUNDER,false,NULL,NULL,NULL
04f38f61-aee9-526f-aaf2-7c251e020f9c,2026-09-08T00:00:00,2026-09-08T00:00:00,0,d99e8305-9875-58fb-9338-04ccedb6476d,SAVE_FAILURE,DAMAGE,0,4,10,2,24,THUNDER,false,NULL,NULL,NULL
2115a6d3-2b9c-5b3f-a0f2-618d47f26b86,2026-09-08T00:00:00,2026-09-08T00:00:00,0,d99e8305-9875-58fb-9338-04ccedb6476d,SAVE_FAILURE,APPLY_CONDITION,1,NULL,NULL,NULL,NULL,NULL,false,c04d0000-0000-4000-a000-00000000000c,NULL,NULL
25e40438-6dfb-5274-bb2e-f500d7456ea2,2026-09-08T00:00:00,2026-09-08T00:00:00,0,d99e8305-9875-58fb-9338-04ccedb6476d,SAVE_SUCCESS,DAMAGE,2,NULL,NULL,NULL,NULL,NULL,true,NULL,NULL,NULL
6edb3b9b-3bca-5760-b3d0-0e2842007573,2026-09-08T00:00:00,2026-09-08T00:00:00,0,c52b03d5-b12b-508b-ae5e-5d209a1638fc,HIT,DAMAGE,0,1,6,2,5,BLUDGEONING,false,NULL,NULL,NULL
6c4ca3cb-c04e-578e-b654-c5025091dc40,2026-09-08T00:00:00,2026-09-08T00:00:00,0,2f2fced6-dc91-5b20-8a8c-e426ad73f0c7,HIT,DAMAGE,0,1,8,2,6,SLASHING,false,NULL,NULL,NULL
d15e3708-2093-5faa-b083-482a46fcdccc,2026-09-08T00:00:00,2026-09-08T00:00:00,0,5a44b931-ba7c-517f-876e-60cc39a48ec3,HIT,DAMAGE,0,2,6,3,10,BLUDGEONING,false,NULL,NULL,NULL
0b3cfe4d-9bfa-5fe8-8d6d-79e960d68372,2026-09-08T00:00:00,2026-09-08T00:00:00,0,5a44b931-ba7c-517f-876e-60cc39a48ec3,HIT,DAMAGE,1,2,6,3,10,BLUDGEONING,false,NULL,NULL,NULL
51690f29-c349-5f5c-bd9a-2fb67cf15170,2026-09-08T00:00:00,2026-09-08T00:00:00,0,473fdbda-1b82-576b-a5eb-e813a8062986,HIT,DAMAGE,0,2,6,3,10,SLASHING,false,NULL,NULL,NULL
61f03158-cb24-5cc5-89e8-738a056b218e,2026-09-08T00:00:00,2026-09-08T00:00:00,0,473fdbda-1b82-576b-a5eb-e813a8062986,HIT,DAMAGE,1,1,6,NULL,3,ACID,false,NULL,NULL,NULL
faf3516a-4261-5475-91c9-ef3964b64d5d,2026-09-08T00:00:00,2026-09-08T00:00:00,0,473fdbda-1b82-576b-a5eb-e813a8062986,HIT,APPLY_CONDITION,2,NULL,NULL,NULL,NULL,NULL,false,c04d0000-0000-4000-a000-000000000006,13,NULL
92058d5e-e223-521a-a6c9-0ac1d5194788,2026-09-08T00:00:00,2026-09-08T00:00:00,0,9e0987a3-9b71-5293-8312-93459b804903,SAVE_FAILURE,DAMAGE,0,4,6,NULL,14,ACID,false,NULL,NULL,NULL
cd096a48-dc3a-50dc-9ce7-f58cf3003412,2026-09-08T00:00:00,2026-09-08T00:00:00,0,9e0987a3-9b71-5293-8312-93459b804903,SAVE_SUCCESS,DAMAGE,1,NULL,NULL,NULL,NULL,NULL,true,NULL,NULL,NULL
53eb66b9-dc3e-55b1-8da8-2756f2758358,2026-09-08T00:00:00,2026-09-08T00:00:00,0,f8c7d457-778e-5da0-b447-07f2f92f17e8,ALWAYS,APPLY_CONDITION,0,NULL,NULL,NULL,NULL,NULL,false,c04d0000-0000-4000-a000-000000000007,NULL,NULL
39a246c2-cb75-59d6-8521-ee0c3c40b163,2026-09-08T00:00:00,2026-09-08T00:00:00,0,35976e4f-ba0a-5fda-b347-bc59afb0110e,HIT,DAMAGE,0,1,6,4,7,PIERCING,false,NULL,NULL,NULL
8e5f9369-0788-52a5-9dcb-2e6334c6e8b6,2026-09-08T00:00:00,2026-09-08T00:00:00,0,35976e4f-ba0a-5fda-b347-bc59afb0110e,HIT,DAMAGE,1,5,6,NULL,17,POISON,false,NULL,NULL,NULL
74e2dafc-2977-5152-9d0a-fbdb7c210b63,2026-09-08T00:00:00,2026-09-08T00:00:00,0,35976e4f-ba0a-5fda-b347-bc59afb0110e,HIT,APPLY_CONDITION,2,NULL,NULL,NULL,NULL,NULL,false,c04d0000-0000-4000-a000-00000000000b,NULL,NULL
868ab81b-bfec-5d6e-b77f-39e827fc7e07,2026-09-08T00:00:00,2026-09-08T00:00:00,0,4be44266-9770-52f6-a82e-dd6d8b7e4c3f,HIT,DAMAGE,0,1,8,4,8,PIERCING,false,NULL,NULL,NULL
3f352acb-3f51-5e28-bfa6-af75171c4e46,2026-09-08T00:00:00,2026-09-08T00:00:00,0,4be44266-9770-52f6-a82e-dd6d8b7e4c3f,HIT,DAMAGE,1,6,6,NULL,21,POISON,false,NULL,NULL,NULL
22edde59-ba2d-527f-bfcb-104e7bbfb7fd,2026-09-08T00:00:00,2026-09-08T00:00:00,0,48837391-f523-5448-868b-4ee7ab1ca1c8,HIT,DAMAGE,0,3,6,4,14,BLUDGEONING,false,NULL,NULL,NULL
7adf751c-109a-5533-b112-26f7d06c604d,2026-09-08T00:00:00,2026-09-08T00:00:00,0,961859f6-5c98-518f-ad91-809423a8caa7,HIT,DAMAGE,0,1,8,2,6,SLASHING,false,NULL,NULL,NULL
e33e24ef-bb78-5a5c-a497-8017113b9f96,2026-09-08T00:00:00,2026-09-08T00:00:00,0,1cb48595-6667-59e4-bb93-77fc3cd05929,ALWAYS,DAMAGE,0,1,10,NULL,5,FIRE,false,NULL,NULL,NULL
6b409f80-db40-5c09-849a-d43bd64c1107,2026-09-08T00:00:00,2026-09-08T00:00:00,0,1cb48595-6667-59e4-bb93-77fc3cd05929,ALWAYS,APPLY_CONDITION,1,NULL,NULL,NULL,NULL,NULL,false,c04d0000-0000-4000-a000-000000000007,NULL,NULL
0516cc14-b690-53ae-9fe3-05509271aab6,2026-09-08T00:00:00,2026-09-08T00:00:00,0,a61b0ab7-7c07-57f3-8cc3-a117f081c0e6,HIT,DAMAGE,0,1,10,3,8,BLUDGEONING,false,NULL,NULL,NULL
f27a2983-f3fc-5bee-889c-2fa388fbd984,2026-09-08T00:00:00,2026-09-08T00:00:00,0,a61b0ab7-7c07-57f3-8cc3-a117f081c0e6,HIT,DAMAGE,1,1,6,NULL,3,FIRE,false,NULL,NULL,NULL
0a827a37-e39b-5d81-a6cb-97b90e220247,2026-09-08T00:00:00,2026-09-08T00:00:00,0,1dea5a4c-c72c-58ea-92fe-fc95e6c3ebb7,SAVE_FAILURE,DAMAGE,0,9,6,NULL,31,FIRE,false,NULL,NULL,NULL
13019231-bae6-5289-bef4-974341016d28,2026-09-08T00:00:00,2026-09-08T00:00:00,0,1dea5a4c-c72c-58ea-92fe-fc95e6c3ebb7,SAVE_FAILURE,DAMAGE,1,9,6,NULL,31,FORCE,false,NULL,NULL,NULL
2b9a2023-0d30-5fb1-a37a-1f97f25734cb,2026-09-08T00:00:00,2026-09-08T00:00:00,0,1dea5a4c-c72c-58ea-92fe-fc95e6c3ebb7,SAVE_SUCCESS,DAMAGE,2,NULL,NULL,NULL,NULL,NULL,true,NULL,NULL,NULL
244b6b80-05eb-5381-9d9b-76c1e2197e1b,2026-09-08T00:00:00,2026-09-08T00:00:00,0,ea3112ee-c794-5eca-a012-7807d239f36b,ALWAYS,DAMAGE,0,3,8,NULL,13,FIRE,false,NULL,NULL,NULL
087e78b1-fc89-55e0-89de-97ebede92b51,2026-09-08T00:00:00,2026-09-08T00:00:00,0,b64f27d6-fb48-5dca-a760-a07312478298,HIT,DAMAGE,0,3,6,8,18,FORCE,false,NULL,NULL,NULL
16c9674b-63fe-5a6e-b998-9367b479b16b,2026-09-08T00:00:00,2026-09-08T00:00:00,0,b64f27d6-fb48-5dca-a760-a07312478298,HIT,DAMAGE,1,5,6,NULL,17,FIRE,false,NULL,NULL,NULL
af4809dc-47e4-5d59-8645-2a12ad821f03,2026-09-08T00:00:00,2026-09-08T00:00:00,0,b64f27d6-fb48-5dca-a760-a07312478298,HIT,APPLY_CONDITION,2,NULL,NULL,NULL,NULL,NULL,false,c04d0000-0000-4000-a000-00000000000c,NULL,NULL
7ab166b3-f6e1-502d-a99f-92c439c9b525,2026-09-08T00:00:00,2026-09-08T00:00:00,0,965ae436-11e9-5ab2-b3e2-3900b3ae790b,HIT,DAMAGE,0,3,8,8,21,FORCE,false,NULL,NULL,NULL
f943d829-633c-5557-bf10-f8b7f5f49cbe,2026-09-08T00:00:00,2026-09-08T00:00:00,0,965ae436-11e9-5ab2-b3e2-3900b3ae790b,HIT,DAMAGE,1,4,10,NULL,22,LIGHTNING,false,NULL,NULL,NULL
bb7f610c-6e9e-5691-a2b7-858a7a489a96,2026-09-08T00:00:00,2026-09-08T00:00:00,0,002d5e84-19ec-570c-a3c7-66c1b5423276,HIT,DAMAGE,0,1,6,1,4,SLASHING,false,NULL,NULL,NULL
a3cabc4b-42df-555e-8c3e-7e4248a2bdd2,2026-09-08T00:00:00,2026-09-08T00:00:00,0,842b07a7-c0b8-5851-a357-1608525d9865,HIT,DAMAGE,0,1,8,1,5,PIERCING,false,NULL,NULL,NULL
86b0d9c4-8379-5ea6-a5e8-53be2c1a3dc8,2026-09-08T00:00:00,2026-09-08T00:00:00,0,d2858c39-2698-5844-a53c-550457b98e46,HIT,DAMAGE,0,1,6,3,6,SLASHING,false,NULL,NULL,NULL
20704ef8-6be0-57f2-9c0b-b2e3da27e41d,2026-09-08T00:00:00,2026-09-08T00:00:00,0,f2943222-c2a4-59bf-ab6e-3b1e1dd1cbf2,HIT,DAMAGE,0,1,10,3,8,PIERCING,false,NULL,NULL,NULL
8c3ffc4f-a27a-5ef1-8b24-1777b7f6e417,2026-09-08T00:00:00,2026-09-08T00:00:00,0,10e2e5c1-1b4c-5455-9496-35ccf75471e8,ALWAYS,DAMAGE,0,1,10,NULL,5,PIERCING,false,NULL,NULL,NULL
b6066be9-b025-5a36-b0ee-f7bf8f86735a,2026-09-08T00:00:00,2026-09-08T00:00:00,0,579752ee-4368-5b00-ae8f-c6caebf527d9,HIT,DAMAGE,0,2,6,3,10,PIERCING,false,NULL,NULL,NULL
797d34a2-2c0c-51fc-9dd3-2d76f8cc30e5,2026-09-08T00:00:00,2026-09-08T00:00:00,0,579752ee-4368-5b00-ae8f-c6caebf527d9,HIT,APPLY_CONDITION,1,NULL,NULL,NULL,NULL,NULL,false,c04d0000-0000-4000-a000-000000000006,13,NULL
c14a7c01-76f0-5361-b868-d388628f7a73,2026-09-08T00:00:00,2026-09-08T00:00:00,0,01dd5f2d-71e8-5983-a85d-01fca1d41741,HIT,DAMAGE,0,2,10,3,14,SLASHING,false,NULL,NULL,NULL
07879c01-54a5-5ab1-8946-42538a37d822,2026-09-08T00:00:00,2026-09-08T00:00:00,0,50b6e960-b4f8-5491-b05c-ed605c028428,HIT,DAMAGE,0,5,6,NULL,17,FIRE,false,NULL,NULL,NULL
a30248b4-92a8-54ab-b969-ff59d5ea4878,2026-09-08T00:00:00,2026-09-08T00:00:00,0,10e3bcc9-31b5-5057-bb72-dc3cfce4dc84,HIT,DAMAGE,0,2,6,3,10,PIERCING,false,NULL,NULL,NULL
6656f1d6-fca8-5bb3-8a12-04ed0fbd5d76,2026-09-08T00:00:00,2026-09-08T00:00:00,0,10e3bcc9-31b5-5057-bb72-dc3cfce4dc84,HIT,DAMAGE,1,2,6,NULL,7,POISON,false,NULL,NULL,NULL
f0774526-ec34-572d-b722-b02446224d20,2026-09-08T00:00:00,2026-09-08T00:00:00,0,c76a83f9-e7a3-5ec0-8a1d-ab26aa1b9656,FIRST_FAILURE,APPLY_CONDITION,0,NULL,NULL,NULL,NULL,NULL,false,c04d0000-0000-4000-a000-00000000000d,NULL,NULL
a743cb62-6ead-55c3-8bda-37309c728a2b,2026-09-08T00:00:00,2026-09-08T00:00:00,0,c76a83f9-e7a3-5ec0-8a1d-ab26aa1b9656,SECOND_FAILURE,APPLY_CONDITION,1,NULL,NULL,NULL,NULL,NULL,false,c04d0000-0000-4000-a000-00000000000a,NULL,NULL
0ecaf44c-5c71-5e44-91a1-5b24212498f7,2026-09-08T00:00:00,2026-09-08T00:00:00,0,e10e3a34-de71-560b-8827-7f2f3365de92,HIT,DAMAGE,0,1,8,3,7,PIERCING,false,NULL,NULL,NULL
3f53ecb9-60b1-5c31-a67a-37a496e59dfc,2026-09-08T00:00:00,2026-09-08T00:00:00,0,e10e3a34-de71-560b-8827-7f2f3365de92,HIT,APPLY_CONDITION,1,NULL,NULL,NULL,NULL,NULL,false,c04d0000-0000-4000-a000-00000000000b,NULL,NULL
5008f956-d2f3-5f59-8ca5-1ed8714dad98,2026-09-08T00:00:00,2026-09-08T00:00:00,0,cf1fa4bf-64dd-571e-9592-5d8367861f21,HIT,DAMAGE,0,1,10,3,8,SLASHING,false,NULL,NULL,NULL
2b4d7592-f4a7-5162-b3ed-509522d1fe3a,2026-09-08T00:00:00,2026-09-08T00:00:00,0,243864e5-87bb-50cf-87f2-8efe12aca9ac,HIT,DAMAGE,0,2,12,6,19,PIERCING,false,NULL,NULL,NULL
bc51e37b-1d91-5190-a1f6-d957eea1e0b1,2026-09-08T00:00:00,2026-09-08T00:00:00,0,243864e5-87bb-50cf-87f2-8efe12aca9ac,HIT,DAMAGE,1,2,10,NULL,11,LIGHTNING,false,NULL,NULL,NULL
d2ebc390-ed89-584b-a912-87826ae495a9,2026-09-08T00:00:00,2026-09-08T00:00:00,0,52d742c0-636e-585e-874c-97369b4b8fb3,SAVE_FAILURE,DAMAGE,0,5,8,6,28,BLUDGEONING,false,NULL,NULL,NULL
c41ad921-c740-5bc5-8b9f-f1ed2da8f8d0,2026-09-08T00:00:00,2026-09-08T00:00:00,0,52d742c0-636e-585e-874c-97369b4b8fb3,SAVE_FAILURE,APPLY_CONDITION,1,NULL,NULL,NULL,NULL,NULL,false,c04d0000-0000-4000-a000-000000000006,16,NULL
76255e34-e17d-5f0c-a7a7-5ff23162ff24,2026-09-08T00:00:00,2026-09-08T00:00:00,0,52d742c0-636e-585e-874c-97369b4b8fb3,SAVE_FAILURE,APPLY_CONDITION,2,NULL,NULL,NULL,NULL,NULL,false,c04d0000-0000-4000-a000-00000000000d,16,NULL
ef89b0be-4d1c-5b31-8588-06e20240498b,2026-09-08T00:00:00,2026-09-08T00:00:00,0,8d6b0d20-c0ad-5fe3-9994-027725abe225,SAVE_FAILURE,DAMAGE,0,12,10,NULL,66,LIGHTNING,false,NULL,NULL,NULL
28c096e2-315e-5bcd-b7be-bb471ff51ecb,2026-09-08T00:00:00,2026-09-08T00:00:00,0,8d6b0d20-c0ad-5fe3-9994-027725abe225,SAVE_SUCCESS,DAMAGE,1,NULL,NULL,NULL,NULL,NULL,true,NULL,NULL,NULL
18b41753-8cf5-50b4-a7e7-4e80541d92ca,2026-09-08T00:00:00,2026-09-08T00:00:00,0,e48ee6be-31d5-5bc9-9d35-693867056551,SAVE_FAILURE,DAMAGE,0,6,6,NULL,21,ACID,false,NULL,NULL,NULL
496a4d27-76de-521e-97bd-a921d5ac6097,2026-09-08T00:00:00,2026-09-08T00:00:00,0,e48ee6be-31d5-5bc9-9d35-693867056551,SAVE_FAILURE,APPLY_CONDITION,1,NULL,NULL,NULL,NULL,NULL,false,c04d0000-0000-4000-a000-00000000000c,NULL,NULL
71d720b5-d04f-54c1-997a-a469c62f2b19,2026-09-08T00:00:00,2026-09-08T00:00:00,0,3756fe93-7d69-5f27-9272-39b051b43874,HIT,DAMAGE,0,1,12,3,9,SLASHING,false,NULL,NULL,NULL
03e887f5-1fb3-5394-867b-58f4407ed941,2026-09-08T00:00:00,2026-09-08T00:00:00,0,20a4f417-8031-54c3-9328-13c39d3afad8,HIT,DAMAGE,0,1,6,2,5,SLASHING,false,NULL,NULL,NULL
540065e9-54f3-5155-8060-f34d81cae194,2026-09-08T00:00:00,2026-09-08T00:00:00,0,20a4f417-8031-54c3-9328-13c39d3afad8,HIT,DAMAGE,1,1,4,NULL,2,ACID,false,NULL,NULL,NULL
8dce4fb0-7983-551c-bbc7-5eabdce06a7a,2026-09-08T00:00:00,2026-09-08T00:00:00,0,12945ced-a11a-5b91-bd09-2bc1f4f60dcd,SAVE_FAILURE,DAMAGE,0,5,8,NULL,22,ACID,false,NULL,NULL,NULL
cdd4bf5b-e229-5996-a9aa-0776573400d4,2026-09-08T00:00:00,2026-09-08T00:00:00,0,12945ced-a11a-5b91-bd09-2bc1f4f60dcd,SAVE_SUCCESS,DAMAGE,1,NULL,NULL,NULL,NULL,NULL,true,NULL,NULL,NULL
8482d497-9452-5da7-a201-4a2aa361abce,2026-09-08T00:00:00,2026-09-08T00:00:00,0,9fdde8c7-997a-5485-94f7-6c820a0efd6b,HIT,DAMAGE,0,2,4,4,9,SLASHING,false,NULL,NULL,NULL
43f5957e-155c-5c95-a7b4-7901018cc284,2026-09-08T00:00:00,2026-09-08T00:00:00,0,9fdde8c7-997a-5485-94f7-6c820a0efd6b,HIT,DAMAGE,1,1,6,NULL,3,ACID,false,NULL,NULL,NULL
279c8a78-9071-5712-93b0-965c1da5f3e4,2026-09-08T00:00:00,2026-09-08T00:00:00,0,3faceae3-26aa-5a6c-a052-0695cce71b2f,SAVE_FAILURE,DAMAGE,0,14,6,NULL,49,ACID,false,NULL,NULL,NULL
b5b8ba61-15af-5001-9605-4a2424897bac,2026-09-08T00:00:00,2026-09-08T00:00:00,0,3faceae3-26aa-5a6c-a052-0695cce71b2f,SAVE_SUCCESS,DAMAGE,1,NULL,NULL,NULL,NULL,NULL,true,NULL,NULL,NULL
1ba9ca4e-cdad-52de-8df2-037c8ee7affa,2026-09-08T00:00:00,2026-09-08T00:00:00,0,cc6f4f79-f90a-511f-ab52-254be4f5634f,HIT,DAMAGE,0,2,6,6,13,SLASHING,false,NULL,NULL,NULL
ac502c30-55cd-5124-bae1-5dc54395a5c5,2026-09-08T00:00:00,2026-09-08T00:00:00,0,cc6f4f79-f90a-511f-ab52-254be4f5634f,HIT,DAMAGE,1,1,8,NULL,4,ACID,false,NULL,NULL,NULL
4a68499b-f721-5707-89f7-e76877bf1479,2026-09-08T00:00:00,2026-09-08T00:00:00,0,7a8adbae-3882-5d4e-ace2-83c529630452,SAVE_FAILURE,DAMAGE,0,12,8,NULL,54,ACID,false,NULL,NULL,NULL
b754bab0-59b8-5844-aeac-61835677e003,2026-09-08T00:00:00,2026-09-08T00:00:00,0,7a8adbae-3882-5d4e-ace2-83c529630452,SAVE_SUCCESS,DAMAGE,1,NULL,NULL,NULL,NULL,NULL,true,NULL,NULL,NULL
1eccd368-6abe-5d56-bc3c-4b72dfbd2f2c,2026-09-08T00:00:00,2026-09-08T00:00:00,0,89cd7611-6e76-59f5-86d0-d23dc63d909c,SAVE_FAILURE,DAMAGE,0,4,10,NULL,22,POISON,false,NULL,NULL,NULL
d64c5b18-96cf-5740-b694-f3b4a34201cf,2026-09-08T00:00:00,2026-09-08T00:00:00,0,e2f5496f-20e3-53f0-a13d-5548c619402f,HIT,DAMAGE,0,2,8,8,17,SLASHING,false,NULL,NULL,NULL
ba567010-7d87-58e8-b40b-ecbd41ef3926,2026-09-08T00:00:00,2026-09-08T00:00:00,0,e2f5496f-20e3-53f0-a13d-5548c619402f,HIT,DAMAGE,1,2,8,NULL,9,ACID,false,NULL,NULL,NULL
c17e5ae9-7654-56a2-914c-653b66aed991,2026-09-08T00:00:00,2026-09-08T00:00:00,0,f7469758-b8d5-5937-9cfc-b5589e199a53,SAVE_FAILURE,DAMAGE,0,15,8,NULL,67,ACID,false,NULL,NULL,NULL
59453fd8-5554-57a4-bbec-e04ba4bd5bd9,2026-09-08T00:00:00,2026-09-08T00:00:00,0,f7469758-b8d5-5937-9cfc-b5589e199a53,SAVE_SUCCESS,DAMAGE,1,NULL,NULL,NULL,NULL,NULL,true,NULL,NULL,NULL
d4de6ce1-3c15-59de-84e3-562e191b8b09,2026-09-08T00:00:00,2026-09-08T00:00:00,0,38ed48d2-4baf-556c-9c1b-552cde261963,SAVE_FAILURE,DAMAGE,0,6,10,NULL,33,POISON,false,NULL,NULL,NULL
348e6666-28ff-5904-b50d-d3026667b5f6,2026-09-08T00:00:00,2026-09-08T00:00:00,0,f0a10552-c90f-5549-b172-81b0933de5a3,ALWAYS,DAMAGE,0,1,8,NULL,4,ACID,false,NULL,NULL,NULL
7ea77125-eebc-5f33-8304-9ab8073cf6b7,2026-09-08T00:00:00,2026-09-08T00:00:00,0,999bf0f0-ad1e-506f-9d06-e22b2792a0a6,HIT,DAMAGE,0,4,6,3,17,ACID,false,NULL,NULL,NULL
20e9cf5c-ea0f-5f3b-9273-5df1947f38c6,2026-09-08T00:00:00,2026-09-08T00:00:00,0,e94222f8-bf66-50fd-94aa-23721584464b,HIT,DAMAGE,0,1,4,3,5,PIERCING,false,NULL,NULL,NULL
ed81ad42-6de3-5b22-9ce9-0ef5c44aed4c,2026-09-08T00:00:00,2026-09-08T00:00:00,0,edd18ac2-3f5e-50bc-985c-ed2b79d51ac4,HIT,DAMAGE,0,1,10,3,8,SLASHING,false,NULL,NULL,NULL
324612a3-d2da-5c81-8d32-daed37ca9cff,2026-09-08T00:00:00,2026-09-08T00:00:00,0,edd18ac2-3f5e-50bc-985c-ed2b79d51ac4,HIT,DAMAGE,1,1,6,NULL,3,LIGHTNING,false,NULL,NULL,NULL
bd39bd13-1816-5f0a-9eda-e6605eeebd1b,2026-09-08T00:00:00,2026-09-08T00:00:00,0,a57b3c2e-c9db-5f29-9f35-32401c9ab31a,SAVE_FAILURE,DAMAGE,0,6,6,NULL,21,LIGHTNING,false,NULL,NULL,NULL
caabc2b3-f9f2-50ec-b5ef-67aec4693213,2026-09-08T00:00:00,2026-09-08T00:00:00,0,a57b3c2e-c9db-5f29-9f35-32401c9ab31a,SAVE_SUCCESS,DAMAGE,1,NULL,NULL,NULL,NULL,NULL,true,NULL,NULL,NULL
b9b9f9cc-3225-59d8-8055-2f0eec2fb7ad,2026-09-08T00:00:00,2026-09-08T00:00:00,0,c578023b-ad7b-5525-ae92-1937a0ddd208,HIT,DAMAGE,0,2,6,5,12,SLASHING,false,NULL,NULL,NULL
7f154e0b-b71b-51c9-a414-fa6c6642fe11,2026-09-08T00:00:00,2026-09-08T00:00:00,0,c578023b-ad7b-5525-ae92-1937a0ddd208,HIT,DAMAGE,1,1,10,NULL,5,LIGHTNING,false,NULL,NULL,NULL
2b42a884-5404-5183-a806-0c4afdaac17e,2026-09-08T00:00:00,2026-09-08T00:00:00,0,246fcfe8-8ca4-56a4-8360-7e836834353e,SAVE_FAILURE,DAMAGE,0,10,10,NULL,55,LIGHTNING,false,NULL,NULL,NULL
52b2512d-4f6a-5bf2-a74b-57243d9b8669,2026-09-08T00:00:00,2026-09-08T00:00:00,0,246fcfe8-8ca4-56a4-8360-7e836834353e,SAVE_SUCCESS,DAMAGE,1,NULL,NULL,NULL,NULL,NULL,true,NULL,NULL,NULL
66f57ef7-1bca-58e2-9621-507fae856f88,2026-09-08T00:00:00,2026-09-08T00:00:00,0,13453770-1470-52e9-ab4d-4aa923b58ac7,HIT,DAMAGE,0,2,8,7,16,SLASHING,false,NULL,NULL,NULL
c560729e-ba45-5bbc-8fa1-51fa63376b5b,2026-09-08T00:00:00,2026-09-08T00:00:00,0,13453770-1470-52e9-ab4d-4aa923b58ac7,HIT,DAMAGE,1,1,10,NULL,5,LIGHTNING,false,NULL,NULL,NULL
849f0a1b-f434-506e-a33e-bc33bf73b75a,2026-09-08T00:00:00,2026-09-08T00:00:00,0,a39ca1d1-1166-504c-a4b8-52346abc1cf5,SAVE_FAILURE,DAMAGE,0,11,10,NULL,60,LIGHTNING,false,NULL,NULL,NULL
21fee337-86b6-5c97-b31e-1a19fa2e9280,2026-09-08T00:00:00,2026-09-08T00:00:00,0,a39ca1d1-1166-504c-a4b8-52346abc1cf5,SAVE_SUCCESS,DAMAGE,1,NULL,NULL,NULL,NULL,NULL,true,NULL,NULL,NULL
0564fcfe-91be-5d81-b34d-e6af577f95e1,2026-09-08T00:00:00,2026-09-08T00:00:00,0,e551a677-4c66-5417-84e7-586febb3155f,HIT,DAMAGE,0,2,8,9,18,SLASHING,false,NULL,NULL,NULL
f8aaa9e1-96f0-535f-9ef1-da39649edd97,2026-09-08T00:00:00,2026-09-08T00:00:00,0,e551a677-4c66-5417-84e7-586febb3155f,HIT,DAMAGE,1,2,10,NULL,11,LIGHTNING,false,NULL,NULL,NULL
f78158fa-3de2-52e7-9281-67497c9ee891,2026-09-08T00:00:00,2026-09-08T00:00:00,0,db0b4261-0756-5850-ac41-b9e4fe99d5d4,SAVE_FAILURE,DAMAGE,0,16,10,NULL,88,LIGHTNING,false,NULL,NULL,NULL
c8edbd2c-239d-5c76-8c29-f58190f5f96e,2026-09-08T00:00:00,2026-09-08T00:00:00,0,db0b4261-0756-5850-ac41-b9e4fe99d5d4,SAVE_SUCCESS,DAMAGE,1,NULL,NULL,NULL,NULL,NULL,true,NULL,NULL,NULL
74c29b39-5ff5-5c40-8b43-6e25fbb1449b,2026-09-08T00:00:00,2026-09-08T00:00:00,0,486b03d7-911e-51c2-bd4e-a0d7e3deee55,HIT,DAMAGE,0,2,8,4,13,SLASHING,false,NULL,NULL,NULL
93ce609b-615c-5da6-8c35-78380cedf7c1,2026-09-08T00:00:00,2026-09-08T00:00:00,0,7bed1e64-404d-5f49-a82b-1eb9cac35cf2,HIT,DAMAGE,0,2,10,4,15,PIERCING,false,NULL,NULL,NULL
7579619c-4f15-5557-b367-52a3054169e6,2026-09-08T00:00:00,2026-09-08T00:00:00,0,7bed1e64-404d-5f49-a82b-1eb9cac35cf2,HIT,DAMAGE,1,4,8,NULL,18,POISON,false,NULL,NULL,NULL
317762c4-efc4-54c5-aacf-c635a8cbafc9,2026-09-08T00:00:00,2026-09-08T00:00:00,0,7bed1e64-404d-5f49-a82b-1eb9cac35cf2,HIT,APPLY_CONDITION,2,NULL,NULL,NULL,NULL,NULL,false,c04d0000-0000-4000-a000-00000000000b,NULL,NULL
2557ef85-7ad9-5dbc-986a-a2eb75c80de6,2026-09-08T00:00:00,2026-09-08T00:00:00,0,c55276d0-d33f-5724-ae77-d92ba77f9717,HIT,DAMAGE,0,1,10,2,7,SLASHING,false,NULL,NULL,NULL
04c27f40-879d-5316-bc70-a751ae71b708,2026-09-08T00:00:00,2026-09-08T00:00:00,0,14f640cb-8287-5a88-b465-b62dc5d2ee42,SAVE_FAILURE,DAMAGE,0,4,6,NULL,14,FIRE,false,NULL,NULL,NULL
81c586ab-c431-5767-a04d-62ebc94ec871,2026-09-08T00:00:00,2026-09-08T00:00:00,0,14f640cb-8287-5a88-b465-b62dc5d2ee42,SAVE_SUCCESS,DAMAGE,1,NULL,NULL,NULL,NULL,NULL,true,NULL,NULL,NULL
d1df230a-5ef5-5a60-aef6-6e32a87fdab5,2026-09-08T00:00:00,2026-09-08T00:00:00,0,d0765c15-b48b-5927-b7ff-65bbaa4cbd9e,SAVE_FAILURE,APPLY_CONDITION,0,NULL,NULL,NULL,NULL,NULL,false,c04d0000-0000-4000-a000-000000000007,NULL,NULL
6d3b58ae-6e3d-5ca5-a013-02973c6898da,2026-09-08T00:00:00,2026-09-08T00:00:00,0,d0765c15-b48b-5927-b7ff-65bbaa4cbd9e,SECOND_FAILURE,APPLY_CONDITION,1,NULL,NULL,NULL,NULL,NULL,false,c04d0000-0000-4000-a000-00000000000f,NULL,NULL
5d39f68c-0b70-5b70-8142-178bdf6ded97,2026-09-08T00:00:00,2026-09-08T00:00:00,0,e5c59eae-f30b-5649-9cec-76efcbd89707,HIT,DAMAGE,0,2,10,4,15,SLASHING,false,NULL,NULL,NULL
ae60f73c-2a80-5cbd-af02-9c6d2e6214a4,2026-09-08T00:00:00,2026-09-08T00:00:00,0,9301cd2f-e0b2-5668-b2e1-11374c6c6321,SAVE_FAILURE,DAMAGE,0,11,6,NULL,38,FIRE,false,NULL,NULL,NULL
412dde64-1732-5f65-85a3-9db3b5037aa8,2026-09-08T00:00:00,2026-09-08T00:00:00,0,9301cd2f-e0b2-5668-b2e1-11374c6c6321,SAVE_SUCCESS,DAMAGE,1,NULL,NULL,NULL,NULL,NULL,true,NULL,NULL,NULL
2bb2186e-5fdd-5bcc-a846-d5efb35b4d09,2026-09-08T00:00:00,2026-09-08T00:00:00,0,238bc1c9-8fe1-5fcf-bfee-967351e692a1,SAVE_FAILURE,APPLY_CONDITION,0,NULL,NULL,NULL,NULL,NULL,false,c04d0000-0000-4000-a000-000000000007,NULL,NULL
31e55d10-fa8a-55ec-b38d-624386b87ea0,2026-09-08T00:00:00,2026-09-08T00:00:00,0,238bc1c9-8fe1-5fcf-bfee-967351e692a1,SECOND_FAILURE,APPLY_CONDITION,1,NULL,NULL,NULL,NULL,NULL,false,c04d0000-0000-4000-a000-00000000000f,NULL,NULL
5b12ef34-7ac6-5157-8148-359e6322e187,2026-09-08T00:00:00,2026-09-08T00:00:00,0,672efabc-ca24-51fd-837b-036b2b4b4827,HIT,DAMAGE,0,2,10,6,17,SLASHING,false,NULL,NULL,NULL
9c692ee1-206d-5be1-94f6-768a232c4459,2026-09-08T00:00:00,2026-09-08T00:00:00,0,672efabc-ca24-51fd-837b-036b2b4b4827,HIT,DAMAGE,1,1,8,NULL,4,FIRE,false,NULL,NULL,NULL
f5c5b52f-1817-5248-ba10-abe170390641,2026-09-08T00:00:00,2026-09-08T00:00:00,0,9ae74116-7322-5b4d-abee-f91ce2dfeaa3,SAVE_FAILURE,DAMAGE,0,10,8,NULL,45,FIRE,false,NULL,NULL,NULL
7f631059-65d5-5c6a-8aa9-a398f67265b0,2026-09-08T00:00:00,2026-09-08T00:00:00,0,9ae74116-7322-5b4d-abee-f91ce2dfeaa3,SAVE_SUCCESS,DAMAGE,1,NULL,NULL,NULL,NULL,NULL,true,NULL,NULL,NULL
516d5672-4e3e-592d-b40c-c159b45440a2,2026-09-08T00:00:00,2026-09-08T00:00:00,0,778075d9-caad-5733-8967-ebb3bf6c6992,SAVE_FAILURE,APPLY_CONDITION,0,NULL,NULL,NULL,NULL,NULL,false,c04d0000-0000-4000-a000-000000000007,NULL,NULL
dca84040-dd9c-54f8-87e4-6d3e6d489981,2026-09-08T00:00:00,2026-09-08T00:00:00,0,778075d9-caad-5733-8967-ebb3bf6c6992,SECOND_FAILURE,APPLY_CONDITION,1,NULL,NULL,NULL,NULL,NULL,false,c04d0000-0000-4000-a000-00000000000f,NULL,NULL
fea19564-3727-5a29-8ee2-67571c82673b,2026-09-08T00:00:00,2026-09-08T00:00:00,0,a4ffcf54-185d-5212-a073-d5b03231348a,SAVE_FAILURE,DAMAGE,0,6,8,NULL,27,FIRE,false,NULL,NULL,NULL
45abdff2-a26e-5880-87a1-ba3c637d2684,2026-09-08T00:00:00,2026-09-08T00:00:00,0,ff15464f-a838-5ac6-a54a-c91ae9ddb437,HIT,DAMAGE,0,2,10,8,19,SLASHING,false,NULL,NULL,NULL
ce7c1d72-9732-508e-9c3d-3d1c8bf9a8eb,2026-09-08T00:00:00,2026-09-08T00:00:00,0,ff15464f-a838-5ac6-a54a-c91ae9ddb437,HIT,DAMAGE,1,2,6,NULL,7,FIRE,false,NULL,NULL,NULL
96e06b2e-db72-5bed-8920-5e7004a3e987,2026-09-08T00:00:00,2026-09-08T00:00:00,0,5b32721e-279d-5c25-a1f6-8bd29067926f,SAVE_FAILURE,DAMAGE,0,13,8,NULL,58,FIRE,false,NULL,NULL,NULL
e4368d08-cfca-5747-a121-88a939c92213,2026-09-08T00:00:00,2026-09-08T00:00:00,0,5b32721e-279d-5c25-a1f6-8bd29067926f,SAVE_SUCCESS,DAMAGE,1,NULL,NULL,NULL,NULL,NULL,true,NULL,NULL,NULL
11bda680-61d9-5374-890e-a932292edf6e,2026-09-08T00:00:00,2026-09-08T00:00:00,0,c99eed1d-64ac-5fee-b7d5-d25cbc31636d,SAVE_FAILURE,APPLY_CONDITION,0,NULL,NULL,NULL,NULL,NULL,false,c04d0000-0000-4000-a000-000000000007,NULL,NULL
60ccbfa2-401e-57b8-8afd-2843838b88ba,2026-09-08T00:00:00,2026-09-08T00:00:00,0,c99eed1d-64ac-5fee-b7d5-d25cbc31636d,SECOND_FAILURE,APPLY_CONDITION,1,NULL,NULL,NULL,NULL,NULL,false,c04d0000-0000-4000-a000-00000000000f,NULL,NULL
e8f6d08a-85d4-508d-b905-6ee483433757,2026-09-08T00:00:00,2026-09-08T00:00:00,0,ee84e938-3e71-5504-96c3-33c7d98ae459,SAVE_FAILURE,DAMAGE,0,8,8,NULL,36,FIRE,false,NULL,NULL,NULL
1e819711-dde6-5aab-88ac-73f88fc0935a,2026-09-08T00:00:00,2026-09-08T00:00:00,0,039eddcd-db6e-5833-b261-29210dfd5132,HIT,DAMAGE,0,1,10,3,8,SLASHING,false,NULL,NULL,NULL
96bd5954-ad5e-5984-9a49-5bd0030e7445,2026-09-08T00:00:00,2026-09-08T00:00:00,0,4858bd84-acaa-5a48-bd27-c1b06bf84ec2,SAVE_FAILURE,DAMAGE,0,3,10,NULL,16,LIGHTNING,false,NULL,NULL,NULL
7d045a8b-7e66-5b19-b5a9-ea63c11fc131,2026-09-08T00:00:00,2026-09-08T00:00:00,0,4858bd84-acaa-5a48-bd27-c1b06bf84ec2,SAVE_SUCCESS,DAMAGE,1,NULL,NULL,NULL,NULL,NULL,true,NULL,NULL,NULL
015ba025-477d-544e-b37a-5a267e328753,2026-09-08T00:00:00,2026-09-08T00:00:00,0,304e8f36-5766-50ac-91b9-4801ac66a10f,SAVE_FAILURE,APPLY_CONDITION,0,NULL,NULL,NULL,NULL,NULL,false,c04d0000-0000-4000-a000-00000000000c,NULL,NULL
02f1901b-c952-5ed7-9640-96573554013d,2026-09-08T00:00:00,2026-09-08T00:00:00,0,ed9572ae-8181-5c90-96fe-f7b397ba69cc,HIT,DAMAGE,0,2,10,5,16,SLASHING,false,NULL,NULL,NULL
67e2dade-1610-5bca-89fa-5c5fd84f25d2,2026-09-08T00:00:00,2026-09-08T00:00:00,0,b46dc673-c150-54a0-ad46-4b7912f0fa59,SAVE_FAILURE,DAMAGE,0,9,10,NULL,49,LIGHTNING,false,NULL,NULL,NULL
f183d741-6ca8-5648-8c3d-bf98e4131d72,2026-09-08T00:00:00,2026-09-08T00:00:00,0,b46dc673-c150-54a0-ad46-4b7912f0fa59,SAVE_SUCCESS,DAMAGE,1,NULL,NULL,NULL,NULL,NULL,true,NULL,NULL,NULL
a2b0df5b-d476-55e4-9ebb-dea6b743c019,2026-09-08T00:00:00,2026-09-08T00:00:00,0,b6e5b5c5-a3cc-5f95-8edc-f78d78b800cf,SAVE_FAILURE,APPLY_CONDITION,0,NULL,NULL,NULL,NULL,NULL,false,c04d0000-0000-4000-a000-00000000000c,NULL,NULL
52d49b51-75ff-5ad1-b60a-ff57a0b74f13,2026-09-08T00:00:00,2026-09-08T00:00:00,0,87bc82ea-112c-5b78-9d70-a8504feac12c,HIT,DAMAGE,0,2,8,7,16,SLASHING,false,NULL,NULL,NULL
b5800a27-30f4-550e-a5ce-f0e0d7db430c,2026-09-08T00:00:00,2026-09-08T00:00:00,0,87bc82ea-112c-5b78-9d70-a8504feac12c,HIT,DAMAGE,1,1,10,NULL,5,LIGHTNING,false,NULL,NULL,NULL
5a3160a6-9383-5290-b6a2-139d031addb6,2026-09-08T00:00:00,2026-09-08T00:00:00,0,0b1673c8-83b0-5664-b04d-f2a3722318eb,SAVE_FAILURE,DAMAGE,0,10,10,NULL,55,LIGHTNING,false,NULL,NULL,NULL
450fc55c-e28e-511c-9b69-c844aabc54bf,2026-09-08T00:00:00,2026-09-08T00:00:00,0,0b1673c8-83b0-5664-b04d-f2a3722318eb,SAVE_SUCCESS,DAMAGE,1,NULL,NULL,NULL,NULL,NULL,true,NULL,NULL,NULL
11da7f0a-d580-5af5-a74f-3780e27a4ea6,2026-09-08T00:00:00,2026-09-08T00:00:00,0,2f65d47d-fb29-5319-a426-ba7da6832c9f,SAVE_FAILURE,APPLY_CONDITION,0,NULL,NULL,NULL,NULL,NULL,false,c04d0000-0000-4000-a000-00000000000c,NULL,NULL
e543516c-f4d7-5723-bb72-1c5f52205cde,2026-09-08T00:00:00,2026-09-08T00:00:00,0,83b925bb-763a-5da6-92e0-c22f7d23d1bb,SAVE_FAILURE,DAMAGE,0,3,6,NULL,10,THUNDER,false,NULL,NULL,NULL
33198259-a94b-58c1-9a32-fc76a2023cd9,2026-09-08T00:00:00,2026-09-08T00:00:00,0,83b925bb-763a-5da6-92e0-c22f7d23d1bb,SAVE_FAILURE,APPLY_CONDITION,1,NULL,NULL,NULL,NULL,NULL,false,c04d0000-0000-4000-a000-000000000003,NULL,NULL
74d47a6b-57c2-57b8-86e5-7047327c6342,2026-09-08T00:00:00,2026-09-08T00:00:00,0,bd8dfcbc-57f2-5cbf-ad39-9f470ec70feb,HIT,DAMAGE,0,2,8,9,18,SLASHING,false,NULL,NULL,NULL
47390a6f-4aee-5503-9ab8-2e673a1111cf,2026-09-08T00:00:00,2026-09-08T00:00:00,0,bd8dfcbc-57f2-5cbf-ad39-9f470ec70feb,HIT,DAMAGE,1,2,8,NULL,9,LIGHTNING,false,NULL,NULL,NULL
13f641be-0750-5d41-9280-ef2bd334d4a6,2026-09-08T00:00:00,2026-09-08T00:00:00,0,60ff6663-ec68-56b7-8ce1-c29cbb666b69,SAVE_FAILURE,DAMAGE,0,15,10,NULL,82,LIGHTNING,false,NULL,NULL,NULL
e17f990c-7fbe-5f84-92b1-509f777accd9,2026-09-08T00:00:00,2026-09-08T00:00:00,0,60ff6663-ec68-56b7-8ce1-c29cbb666b69,SAVE_SUCCESS,DAMAGE,1,NULL,NULL,NULL,NULL,NULL,true,NULL,NULL,NULL
74ca38bd-707b-5af9-a878-f11364f723be,2026-09-08T00:00:00,2026-09-08T00:00:00,0,96b0f5a6-8185-5612-871b-663085008864,SAVE_FAILURE,APPLY_CONDITION,0,NULL,NULL,NULL,NULL,NULL,false,c04d0000-0000-4000-a000-00000000000c,NULL,NULL
ad661ca5-c9b7-53b9-96af-6676216fe180,2026-09-08T00:00:00,2026-09-08T00:00:00,0,3f6049a7-c21a-58a0-875a-f2bda5452323,SAVE_FAILURE,DAMAGE,0,3,8,NULL,13,THUNDER,false,NULL,NULL,NULL
7d6b5958-0cc3-59a6-8bb1-7db93a141296,2026-09-08T00:00:00,2026-09-08T00:00:00,0,3f6049a7-c21a-58a0-875a-f2bda5452323,SAVE_FAILURE,APPLY_CONDITION,1,NULL,NULL,NULL,NULL,NULL,false,c04d0000-0000-4000-a000-000000000003,NULL,NULL
21e9f28a-66e6-5903-b05b-513cc882da02,2026-09-08T00:00:00,2026-09-08T00:00:00,0,fdac97b8-5712-54f4-90a1-45b5c3f5d314,HIT,DAMAGE,0,3,6,3,13,PIERCING,false,NULL,NULL,NULL
191e1f45-6900-5760-9bc8-c6de8c8c6952,2026-09-08T00:00:00,2026-09-08T00:00:00,0,262d94aa-f034-5415-a97a-7e56a3ef6e9d,HIT,DAMAGE,0,2,8,3,12,PIERCING,false,NULL,NULL,NULL
0eb2d520-ac4f-548c-98da-284c21104c9a,2026-09-08T00:00:00,2026-09-08T00:00:00,0,e28f4ed7-0eef-58cb-8038-b30bc446a54e,SAVE_FAILURE,APPLY_CONDITION,0,NULL,NULL,NULL,NULL,NULL,false,c04d0000-0000-4000-a000-000000000006,13,NULL
3f6f8caa-16a8-5531-b1cf-e19bd4424f89,2026-09-08T00:00:00,2026-09-08T00:00:00,0,a41b6a8d-3f36-59f4-b674-811fe6b5418e,HIT,DAMAGE,0,2,6,2,9,BLUDGEONING,false,NULL,NULL,NULL
367e09a3-b12b-5335-95de-ccbf085f60ea,2026-09-08T00:00:00,2026-09-08T00:00:00,0,a41b6a8d-3f36-59f4-b674-811fe6b5418e,HIT,APPLY_CONDITION,1,NULL,NULL,NULL,NULL,NULL,false,c04d0000-0000-4000-a000-000000000006,12,NULL
0d133591-f178-599e-8c77-dca2865f27d9,2026-09-08T00:00:00,2026-09-08T00:00:00,0,bcc73bc3-2457-50aa-ac64-5963c757e753,HIT,DAMAGE,0,3,4,2,9,BLUDGEONING,false,NULL,NULL,NULL
f488f6e1-be06-59e3-aee7-c1cf08b09b2a,2026-09-08T00:00:00,2026-09-08T00:00:00,0,9ec1bc1e-1ff9-5dd3-bf02-e513526ffb76,HIT,DAMAGE,0,2,12,4,17,PIERCING,false,NULL,NULL,NULL
f1bc66b2-e280-5a56-abf3-0788b1e9aafd,2026-09-08T00:00:00,2026-09-08T00:00:00,0,258a83ee-afae-581d-8c2f-630fed9dd17a,SAVE_FAILURE,DAMAGE,0,3,12,NULL,19,BLUDGEONING,false,NULL,NULL,NULL
e0079623-5530-5827-9896-a41b25c53f35,2026-09-08T00:00:00,2026-09-08T00:00:00,0,258a83ee-afae-581d-8c2f-630fed9dd17a,SAVE_FAILURE,APPLY_CONDITION,1,NULL,NULL,NULL,NULL,NULL,false,c04d0000-0000-4000-a000-00000000000c,NULL,NULL
e1a13b83-72e3-59f2-be18-6e1e1c629a12,2026-09-08T00:00:00,2026-09-08T00:00:00,0,258a83ee-afae-581d-8c2f-630fed9dd17a,SAVE_SUCCESS,DAMAGE,2,NULL,NULL,NULL,NULL,NULL,true,NULL,NULL,NULL
59bf65c4-0edf-5a10-af41-6ebb8e624e5f,2026-09-08T00:00:00,2026-09-08T00:00:00,0,d48ed422-c099-534d-8de0-68b8f5bff729,HIT,DAMAGE,0,1,10,4,9,PIERCING,false,NULL,NULL,NULL
0606f7ab-0f9f-5fe3-8b4b-7280bc637d85,2026-09-08T00:00:00,2026-09-08T00:00:00,0,85a60868-aa61-536c-ba2f-acf7e07e8d61,HIT,DAMAGE,0,1,8,2,6,PIERCING,false,NULL,NULL,NULL
9a59ac30-6102-571e-a14c-7131b0c8ec0e,2026-09-08T00:00:00,2026-09-08T00:00:00,0,6711f9e9-0e6f-5b92-98de-2fa82a8d4005,SAVE_FAILURE,DAMAGE,0,1,6,4,7,BLUDGEONING,false,NULL,NULL,NULL
83241fd6-80be-5b12-8c67-7a21522bbe61,2026-09-08T00:00:00,2026-09-08T00:00:00,0,6711f9e9-0e6f-5b92-98de-2fa82a8d4005,SAVE_FAILURE,APPLY_CONDITION,1,NULL,NULL,NULL,NULL,NULL,false,c04d0000-0000-4000-a000-00000000000c,NULL,NULL
88ae021c-e124-5833-b8ae-6f8a18401129,2026-09-08T00:00:00,2026-09-08T00:00:00,0,c7944275-052d-5eed-8d03-6c01e16b46b3,HIT,DAMAGE,0,2,6,4,11,SLASHING,false,NULL,NULL,NULL
d729bf47-6e81-5729-89a9-9c477d258ace,2026-09-08T00:00:00,2026-09-08T00:00:00,0,c7944275-052d-5eed-8d03-6c01e16b46b3,HIT,APPLY_CONDITION,1,NULL,NULL,NULL,NULL,NULL,false,c04d0000-0000-4000-a000-000000000006,14,NULL
8cf39448-005e-50e3-bf0b-a957e279b0c3,2026-09-08T00:00:00,2026-09-08T00:00:00,0,c7944275-052d-5eed-8d03-6c01e16b46b3,HIT,APPLY_CONDITION,2,NULL,NULL,NULL,NULL,NULL,false,c04d0000-0000-4000-a000-00000000000d,14,NULL
e980112e-f1cb-5ce0-be66-2104341cb77e,2026-09-08T00:00:00,2026-09-08T00:00:00,0,77e67112-8e93-5c14-a712-c8c573c7bba5,SAVE_FAILURE,DAMAGE,0,2,4,4,9,FIRE,false,NULL,NULL,NULL
8832592e-1104-5efd-8018-850a909d1705,2026-09-08T00:00:00,2026-09-08T00:00:00,0,77e67112-8e93-5c14-a712-c8c573c7bba5,SAVE_FAILURE,APPLY_CONDITION,1,NULL,NULL,NULL,NULL,NULL,false,c04d0000-0000-4000-a000-00000000000d,NULL,NULL
25d53272-b0a2-5a73-86d4-f12dd798fcaa,2026-09-08T00:00:00,2026-09-08T00:00:00,0,17e5d86d-1ba2-599e-84f1-3d9f2e8ac2fe,SAVE_FAILURE,APPLY_CONDITION,0,NULL,NULL,NULL,NULL,NULL,false,c04d0000-0000-4000-a000-000000000005,NULL,NULL
164c1aa5-d385-5b83-8eff-e50eff46bad6,2026-09-08T00:00:00,2026-09-08T00:00:00,0,c427ad82-274f-5bd6-a026-813d4cf67ba5,HIT,DAMAGE,0,2,6,4,11,PIERCING,false,NULL,NULL,NULL
0df09aff-7368-5e3e-89e7-abc79b59620e,2026-09-08T00:00:00,2026-09-08T00:00:00,0,c427ad82-274f-5bd6-a026-813d4cf67ba5,HIT,DAMAGE,1,4,6,4,18,PIERCING,false,NULL,NULL,NULL
969567d1-3fdc-52f0-beb9-f6790b9c91a8,2026-09-08T00:00:00,2026-09-08T00:00:00,0,536f7e87-29b5-567b-aad6-d2bba9b39cc8,HIT,DAMAGE,0,1,6,4,7,SLASHING,false,NULL,NULL,NULL
9f6a87b1-b93b-572e-a090-6e1645a75449,2026-09-08T00:00:00,2026-09-08T00:00:00,0,20bd4753-730b-54ed-9a7f-af32ad3906e0,HIT,DAMAGE,0,1,12,4,10,BLUDGEONING,false,NULL,NULL,NULL
30e8897c-0419-54ee-94b0-22615e1e58ef,2026-09-08T00:00:00,2026-09-08T00:00:00,0,20bd4753-730b-54ed-9a7f-af32ad3906e0,HIT,APPLY_CONDITION,1,NULL,NULL,NULL,NULL,NULL,false,c04d0000-0000-4000-a000-00000000000c,NULL,NULL
d034fa18-af3d-5bb9-b0db-bb98398773c6,2026-09-08T00:00:00,2026-09-08T00:00:00,0,f4f1d84f-7330-5902-8636-4adf3d0c5572,SAVE_FAILURE,DAMAGE,0,7,8,NULL,31,FIRE,false,NULL,NULL,NULL
69ca70fd-45f0-5c7c-a5f2-4aba8fdbed8a,2026-09-08T00:00:00,2026-09-08T00:00:00,0,f4f1d84f-7330-5902-8636-4adf3d0c5572,SAVE_SUCCESS,DAMAGE,1,NULL,NULL,NULL,NULL,NULL,true,NULL,NULL,NULL
c5d05d0f-a002-5170-a614-3f2b719b0440,2026-09-08T00:00:00,2026-09-08T00:00:00,0,5bfd82db-dc01-52cd-b4fa-5591b61292ab,HIT,DAMAGE,0,1,10,4,9,BLUDGEONING,false,NULL,NULL,NULL
a36efa4e-3d8b-5d49-aadd-77816ced1bd0,2026-09-08T00:00:00,2026-09-08T00:00:00,0,5bfd82db-dc01-52cd-b4fa-5591b61292ab,HIT,APPLY_CONDITION,1,NULL,NULL,NULL,NULL,NULL,false,c04d0000-0000-4000-a000-000000000006,14,NULL
5ace2a14-de2f-52f7-bef0-8f53d5fd53c0,2026-09-08T00:00:00,2026-09-08T00:00:00,0,fb0ce529-b75a-5f75-967f-f05e8df05f84,SAVE_FAILURE,APPLY_CONDITION,0,NULL,NULL,NULL,NULL,NULL,false,c04d0000-0000-4000-a000-00000000000b,NULL,NULL
4dc16237-2b0a-5d68-b908-4ba152101cee,2026-09-08T00:00:00,2026-09-08T00:00:00,0,fb0ce529-b75a-5f75-967f-f05e8df05f84,SAVE_FAILURE,APPLY_CONDITION,1,NULL,NULL,NULL,NULL,NULL,false,c04d0000-0000-4000-a000-000000000009,NULL,NULL
7f13e7e9-e384-5189-ba10-e77d211390cd,2026-09-08T00:00:00,2026-09-08T00:00:00,0,9ab51352-1fae-57bf-883b-5ba80b04f221,HIT,DAMAGE,0,1,10,5,10,BLUDGEONING,false,NULL,NULL,NULL
64ae6c08-7687-5a18-9675-3a9d66d9197b,2026-09-08T00:00:00,2026-09-08T00:00:00,0,9ab51352-1fae-57bf-883b-5ba80b04f221,HIT,DAMAGE,1,1,12,NULL,6,ACID,false,NULL,NULL,NULL
c9b1ceab-eb4b-5c6f-8270-8eb6cceb64df,2026-09-08T00:00:00,2026-09-08T00:00:00,0,f6ca34a2-eb66-5de0-b070-4d8e17a81ab7,HIT,DAMAGE,0,3,6,3,13,PIERCING,false,NULL,NULL,NULL
fc312cbb-df95-525b-97b4-5685bca65086,2026-09-08T00:00:00,2026-09-08T00:00:00,0,f6ca34a2-eb66-5de0-b070-4d8e17a81ab7,HIT,APPLY_CONDITION,1,NULL,NULL,NULL,NULL,NULL,false,c04d0000-0000-4000-a000-000000000001,NULL,NULL
838e6533-db89-52da-a1c8-a7eaf8be7f25,2026-09-08T00:00:00,2026-09-08T00:00:00,0,1e0341af-76ce-59fc-9cb5-8c377e1e038c,HIT,DAMAGE,0,1,10,3,8,SLASHING,false,NULL,NULL,NULL
0d737161-bf1c-591d-9691-af3fd1399f4e,2026-09-08T00:00:00,2026-09-08T00:00:00,0,218a41f5-b7bd-53da-a037-321ae2725844,SAVE_FAILURE,APPLY_CONDITION,0,NULL,NULL,NULL,NULL,NULL,false,c04d0000-0000-4000-a000-000000000005,NULL,NULL
97fa59bf-307f-5e5e-9086-e440974a5166,2026-09-08T00:00:00,2026-09-08T00:00:00,0,53b8a434-bd08-510d-80fb-6fc28ac3ac80,HIT,DAMAGE,0,3,8,8,21,BLUDGEONING,false,NULL,NULL,NULL
26a898b6-b4eb-56c9-90cb-0d8c5bef9717,2026-09-08T00:00:00,2026-09-08T00:00:00,0,53b8a434-bd08-510d-80fb-6fc28ac3ac80,HIT,DAMAGE,1,2,6,NULL,7,THUNDER,false,NULL,NULL,NULL
503beab1-167c-535f-948f-d100731fa761,2026-09-08T00:00:00,2026-09-08T00:00:00,0,13fcf31b-9b5b-5ff3-bead-9ee0feac6897,HIT,DAMAGE,0,3,6,8,18,THUNDER,false,NULL,NULL,NULL
7e91165c-00f8-5264-8c45-78ff563c1e46,2026-09-08T00:00:00,2026-09-08T00:00:00,0,13fcf31b-9b5b-5ff3-bead-9ee0feac6897,HIT,APPLY_CONDITION,1,NULL,NULL,NULL,NULL,NULL,false,c04d0000-0000-4000-a000-000000000007,NULL,NULL
5eafe044-8e97-532d-bfde-aa9e4994a0d9,2026-09-08T00:00:00,2026-09-08T00:00:00,0,b25e7aec-d876-5be1-a8b0-e689d639a432,HIT,DAMAGE,0,1,4,1,3,PIERCING,false,NULL,NULL,NULL
fea01a2a-c937-5b79-95da-82ed4c1fe8e0,2026-09-08T00:00:00,2026-09-08T00:00:00,0,1d467d2f-9f77-520f-af12-2ff1bc01bbd8,FIRST_FAILURE,APPLY_CONDITION,0,NULL,NULL,NULL,NULL,NULL,false,c04d0000-0000-4000-a000-00000000000d,NULL,NULL
f7743d7e-af8e-5fe4-b05a-1230f60b369d,2026-09-08T00:00:00,2026-09-08T00:00:00,0,1d467d2f-9f77-520f-af12-2ff1bc01bbd8,SECOND_FAILURE,APPLY_CONDITION,1,NULL,NULL,NULL,NULL,NULL,false,c04d0000-0000-4000-a000-00000000000a,NULL,NULL
fec4d2e1-ca0a-5933-871e-dbf15a15442c,2026-09-08T00:00:00,2026-09-08T00:00:00,0,41459fa0-f91c-50da-ba83-11c99fe730d3,HIT,DAMAGE,0,1,4,NULL,2,BLUDGEONING,false,NULL,NULL,NULL
efffbfee-ab0c-5040-b42f-72e437580c55,2026-09-08T00:00:00,2026-09-08T00:00:00,0,1bb8b191-9591-5c3f-b209-ade42bb50a18,HIT,DAMAGE,0,1,10,2,7,SLASHING,false,NULL,NULL,NULL
5012c48e-d655-599b-9ba7-0e7f748029d5,2026-09-08T00:00:00,2026-09-08T00:00:00,0,e507c09f-a971-54f2-809a-ab9723d127de,SAVE_FAILURE,DAMAGE,0,4,8,NULL,18,ACID,false,NULL,NULL,NULL
7338d44f-6a6a-51c8-8426-acc442becbe6,2026-09-08T00:00:00,2026-09-08T00:00:00,0,e507c09f-a971-54f2-809a-ab9723d127de,SAVE_SUCCESS,DAMAGE,1,NULL,NULL,NULL,NULL,NULL,true,NULL,NULL,NULL
81b3fabb-d17f-5b38-abc9-f72d74b4d53b,2026-09-08T00:00:00,2026-09-08T00:00:00,0,5f78c453-a5ea-590d-85d9-3400996b7160,HIT,DAMAGE,0,2,10,4,15,SLASHING,false,NULL,NULL,NULL
b29e8852-2647-5ac4-b9bd-cffa5e888338,2026-09-08T00:00:00,2026-09-08T00:00:00,0,a3ae40ae-c080-5fbb-a09c-3eb2a6fbf8a9,SAVE_FAILURE,DAMAGE,0,9,8,NULL,40,ACID,false,NULL,NULL,NULL
1d092f4c-14b6-5cd2-8795-935765cf55ad,2026-09-08T00:00:00,2026-09-08T00:00:00,0,a3ae40ae-c080-5fbb-a09c-3eb2a6fbf8a9,SAVE_SUCCESS,DAMAGE,1,NULL,NULL,NULL,NULL,NULL,true,NULL,NULL,NULL
0312d612-58a3-56dd-8435-7bac245f5c53,2026-09-08T00:00:00,2026-09-08T00:00:00,0,4f2471cc-6203-550d-9508-ae7e079ef8bd,HIT,DAMAGE,0,2,10,6,17,SLASHING,false,NULL,NULL,NULL
28e85be7-b072-5cb5-9337-2713767a502a,2026-09-08T00:00:00,2026-09-08T00:00:00,0,4f2471cc-6203-550d-9508-ae7e079ef8bd,HIT,DAMAGE,1,1,8,NULL,4,ACID,false,NULL,NULL,NULL
2cb6cdc5-e021-50ee-8d4b-c0a7373fd145,2026-09-08T00:00:00,2026-09-08T00:00:00,0,26e06fdc-db1f-5405-ad8d-1d5773bf880a,SAVE_FAILURE,DAMAGE,0,12,8,NULL,54,ACID,false,NULL,NULL,NULL
32746c7a-3c5d-556a-be8c-c4c06e382d12,2026-09-08T00:00:00,2026-09-08T00:00:00,0,26e06fdc-db1f-5405-ad8d-1d5773bf880a,SAVE_SUCCESS,DAMAGE,1,NULL,NULL,NULL,NULL,NULL,true,NULL,NULL,NULL
6a77aa2b-a71b-5dbe-b26c-1de23815970e,2026-09-08T00:00:00,2026-09-08T00:00:00,0,cd445003-0a97-5ba8-a866-877a06757f1b,SAVE_FAILURE,DAMAGE,0,7,6,NULL,24,PSYCHIC,false,NULL,NULL,NULL
ab0cbfa8-3c19-550c-ae44-573d9885bd9c,2026-09-08T00:00:00,2026-09-08T00:00:00,0,9b09ac42-3f1d-514c-a43d-94be614b563a,HIT,DAMAGE,0,2,10,8,19,SLASHING,false,NULL,NULL,NULL
9009c01f-beb8-55ba-ad06-0085c7177bb3,2026-09-08T00:00:00,2026-09-08T00:00:00,0,9b09ac42-3f1d-514c-a43d-94be614b563a,HIT,DAMAGE,1,2,8,NULL,9,ACID,false,NULL,NULL,NULL
a91f1097-b567-5919-b66b-80d327df9063,2026-09-08T00:00:00,2026-09-08T00:00:00,0,f6ed371b-4abf-5ae0-9971-2483e23aefbb,SAVE_FAILURE,DAMAGE,0,14,8,NULL,63,ACID,false,NULL,NULL,NULL
ff75974f-5af0-59ee-ba6c-4ad37fd5ca14,2026-09-08T00:00:00,2026-09-08T00:00:00,0,f6ed371b-4abf-5ae0-9971-2483e23aefbb,SAVE_SUCCESS,DAMAGE,1,NULL,NULL,NULL,NULL,NULL,true,NULL,NULL,NULL
eb344d6c-15a9-53f3-9aa4-1687f5f4e182,2026-09-08T00:00:00,2026-09-08T00:00:00,0,77a34c8a-f3a9-5c8c-a7b8-93f5d61766e4,SAVE_FAILURE,DAMAGE,0,9,6,NULL,31,PSYCHIC,false,NULL,NULL,NULL
3e518505-9390-5d91-9bae-f102e4ccd19c,2026-09-08T00:00:00,2026-09-08T00:00:00,0,3e12b5a1-a8b0-553b-b7cc-0bb4163fed3e,HIT,DAMAGE,0,1,12,5,11,PIERCING,false,NULL,NULL,NULL
0d0fa6f2-5c57-5108-9c9b-7e7ace77ae0e,2026-09-08T00:00:00,2026-09-08T00:00:00,0,3e12b5a1-a8b0-553b-b7cc-0bb4163fed3e,HIT,APPLY_CONDITION,1,NULL,NULL,NULL,NULL,NULL,false,c04d0000-0000-4000-a000-00000000000b,NULL,NULL
3c560ecb-219f-5a7b-9f4f-b3670d8948e4,2026-09-08T00:00:00,2026-09-08T00:00:00,0,6f9cabcd-dd02-5fe4-8b8a-69549a93ed1a,SAVE_FAILURE,DAMAGE,0,1,6,5,8,BLUDGEONING,false,NULL,NULL,NULL
f1f2e27d-f97e-5c61-86d7-559ccc0fae17,2026-09-08T00:00:00,2026-09-08T00:00:00,0,6f9cabcd-dd02-5fe4-8b8a-69549a93ed1a,SAVE_FAILURE,APPLY_CONDITION,1,NULL,NULL,NULL,NULL,NULL,false,c04d0000-0000-4000-a000-000000000006,13,NULL
502f05e6-472b-5e34-b9cd-5b3c4cdcf28a,2026-09-08T00:00:00,2026-09-08T00:00:00,0,6f9cabcd-dd02-5fe4-8b8a-69549a93ed1a,SAVE_FAILURE,APPLY_CONDITION,2,NULL,NULL,NULL,NULL,NULL,false,c04d0000-0000-4000-a000-00000000000d,13,NULL
d78d042e-864e-503c-b410-e10e90de03ff,2026-09-08T00:00:00,2026-09-08T00:00:00,0,f9845fef-0486-5921-957f-2f57e206d90b,HIT,DAMAGE,0,4,8,2,20,NECROTIC,false,NULL,NULL,NULL
b6ebbda2-9fb5-5a1c-bd0a-3e5a474ead3f,2026-09-08T00:00:00,2026-09-08T00:00:00,0,f9845fef-0486-5921-957f-2f57e206d90b,HIT,DAMAGE,1,2,8,2,11,NECROTIC,false,NULL,NULL,NULL
2c76a14b-10a4-5c36-900b-2d820d9a3c75,2026-09-08T00:00:00,2026-09-08T00:00:00,0,f9845fef-0486-5921-957f-2f57e206d90b,HIT,APPLY_CONDITION,2,NULL,NULL,NULL,NULL,NULL,false,c04d0000-0000-4000-a000-00000000000c,NULL,NULL
e4aee8cb-ca33-552e-a324-fdf68ffeec89,2026-09-08T00:00:00,2026-09-08T00:00:00,0,85802a61-3e99-5004-8738-bf3f97c826c2,HIT,DAMAGE,0,1,4,1,3,SLASHING,false,NULL,NULL,NULL
453addb3-f78d-5f91-8ab0-6447ba3231fb,2026-09-08T00:00:00,2026-09-08T00:00:00,0,aaea7cca-7a6d-50a2-a963-457034236bff,HIT,DAMAGE,0,1,8,2,6,SLASHING,false,NULL,NULL,NULL
054a945a-9986-56c6-8d7f-52ac3a74b6b3,2026-09-08T00:00:00,2026-09-08T00:00:00,0,aaea7cca-7a6d-50a2-a963-457034236bff,HIT,DAMAGE,1,2,6,NULL,7,NECROTIC,false,NULL,NULL,NULL
0e64113a-793e-50f3-ba5e-00f12b11da0b,2026-09-08T00:00:00,2026-09-08T00:00:00,0,13f195bd-8d66-55a5-93ce-b7e3a21355a8,HIT,DAMAGE,0,1,6,3,6,BLUDGEONING,false,NULL,NULL,NULL
b7796c04-e68b-56c3-998b-70c7ecf20c75,2026-09-08T00:00:00,2026-09-08T00:00:00,0,13f195bd-8d66-55a5-93ce-b7e3a21355a8,HIT,APPLY_CONDITION,1,NULL,NULL,NULL,NULL,NULL,false,c04d0000-0000-4000-a000-000000000001,NULL,NULL
a019fe14-e5f0-5dd7-850a-a07e9bc4867e,2026-09-08T00:00:00,2026-09-08T00:00:00,0,9db0091e-f496-5bed-825d-a5f5a5f32930,HIT,DAMAGE,0,1,4,2,4,PIERCING,false,NULL,NULL,NULL
9c9eec55-7824-52cf-a0fc-068e11e7d2f6,2026-09-08T00:00:00,2026-09-08T00:00:00,0,912eb002-2f86-57d0-a132-de332b5fafb8,FIRST_FAILURE,APPLY_CONDITION,0,NULL,NULL,NULL,NULL,NULL,false,c04d0000-0000-4000-a000-00000000000b,NULL,NULL
95b361e4-4c3d-5cfa-bfeb-185817021464,2026-09-08T00:00:00,2026-09-08T00:00:00,0,557862b2-1223-5e76-a046-8b6181412ed8,HIT,DAMAGE,0,1,6,4,7,BLUDGEONING,false,NULL,NULL,NULL
054aad49-456b-5adb-9a5f-545adfd4abfe,2026-09-08T00:00:00,2026-09-08T00:00:00,0,557862b2-1223-5e76-a046-8b6181412ed8,HIT,DAMAGE,1,4,8,NULL,18,RADIANT,false,NULL,NULL,NULL
4c958ca8-2e9a-5950-b749-ffe820283771,2026-09-08T00:00:00,2026-09-08T00:00:00,0,0443be62-c008-5d48-beb8-bb4e364ca399,HIT,DAMAGE,0,2,6,5,12,SLASHING,false,NULL,NULL,NULL
371aea3c-7f3e-5d6d-9898-dc76fdb11705,2026-09-08T00:00:00,2026-09-08T00:00:00,0,0443be62-c008-5d48-beb8-bb4e364ca399,HIT,DAMAGE,1,2,6,NULL,7,LIGHTNING,false,NULL,NULL,NULL
c36c030d-6542-542b-90f5-96e6e80fb50e,2026-09-08T00:00:00,2026-09-08T00:00:00,0,d85a1d03-a2c4-5b9f-bb7f-cdabc8350f33,HIT,DAMAGE,0,3,8,NULL,13,THUNDER,false,NULL,NULL,NULL
eb912e4a-dc31-512d-9cab-bd75d985d522,2026-09-08T00:00:00,2026-09-08T00:00:00,0,d85a1d03-a2c4-5b9f-bb7f-cdabc8350f33,HIT,APPLY_CONDITION,1,NULL,NULL,NULL,NULL,NULL,false,c04d0000-0000-4000-a000-00000000000c,NULL,NULL
2c2780bd-2570-5334-b4ca-e506f0d6575e,2026-09-08T00:00:00,2026-09-08T00:00:00,0,24267aa9-e636-5fd4-81c5-2add4d2de097,SAVE_FAILURE,DAMAGE,0,6,6,NULL,21,THUNDER,false,NULL,NULL,NULL
876574a0-6862-58d0-b77b-2cd69ebf5e52,2026-09-08T00:00:00,2026-09-08T00:00:00,0,24267aa9-e636-5fd4-81c5-2add4d2de097,SAVE_FAILURE,APPLY_CONDITION,1,NULL,NULL,NULL,NULL,NULL,false,c04d0000-0000-4000-a000-00000000000d,NULL,NULL
2c43bbcb-30e1-5322-ab7b-4ef83e093c4e,2026-09-08T00:00:00,2026-09-08T00:00:00,0,a2c3bb5d-39d4-5197-978c-39c1fc69a835,HIT,DAMAGE,0,2,6,4,11,BLUDGEONING,false,NULL,NULL,NULL
3e4aea85-292d-58dd-89da-77907af742f0,2026-09-08T00:00:00,2026-09-08T00:00:00,0,38007e9a-62da-550c-9695-a3a2916a0460,SAVE_FAILURE,APPLY_CONDITION,0,NULL,NULL,NULL,NULL,NULL,false,c04d0000-0000-4000-a000-000000000005,NULL,NULL
edd3d888-9c28-5578-b94a-7e3fafabf0c3,2026-09-08T00:00:00,2026-09-08T00:00:00,0,67ee168b-3a20-57d6-a0d5-85280f291360,HIT,DAMAGE,0,3,10,7,23,PIERCING,false,NULL,NULL,NULL
4adc8003-aa53-5f47-892d-c423e3625e82,2026-09-08T00:00:00,2026-09-08T00:00:00,0,67ee168b-3a20-57d6-a0d5-85280f291360,HIT,DAMAGE,1,2,6,NULL,7,FIRE,false,NULL,NULL,NULL
34d2b051-7b60-5302-a2dc-a5b763381d07,2026-09-08T00:00:00,2026-09-08T00:00:00,0,529ba623-ac00-5669-b129-b22889d9cd2a,HIT,DAMAGE,0,2,10,7,18,BLUDGEONING,false,NULL,NULL,NULL
01eef437-5be8-5357-a2a2-dfce4628e577,2026-09-08T00:00:00,2026-09-08T00:00:00,0,529ba623-ac00-5669-b129-b22889d9cd2a,HIT,APPLY_CONDITION,1,NULL,NULL,NULL,NULL,NULL,false,c04d0000-0000-4000-a000-00000000000c,NULL,NULL
32711ec8-8700-5531-b32c-d92a2d774b6f,2026-09-08T00:00:00,2026-09-08T00:00:00,0,815f9be3-137f-5558-8dfc-4cb1cdef15ac,SAVE_FAILURE,DAMAGE,0,16,6,NULL,56,FIRE,false,NULL,NULL,NULL
f6ab8002-aa68-51be-95c5-680778235200,2026-09-08T00:00:00,2026-09-08T00:00:00,0,815f9be3-137f-5558-8dfc-4cb1cdef15ac,SAVE_SUCCESS,DAMAGE,1,NULL,NULL,NULL,NULL,NULL,true,NULL,NULL,NULL
7e6d087c-1cde-5994-b88e-5ac24b595593,2026-09-08T00:00:00,2026-09-08T00:00:00,0,ca2fc9de-b29c-5156-b277-44562c6e872f,HIT,DAMAGE,0,1,6,1,4,SLASHING,false,NULL,NULL,NULL
f55d17dd-cc74-58e5-8e2f-34d5f8575bce,2026-09-08T00:00:00,2026-09-08T00:00:00,0,cdaf7c6d-eb16-5c87-b21b-128d7e815f72,SAVE_FAILURE,APPLY_CONDITION,0,NULL,NULL,NULL,NULL,NULL,false,c04d0000-0000-4000-a000-00000000000b,NULL,NULL
fcfb3bcb-a026-5cfe-9546-5a5020e496dd,2026-09-08T00:00:00,2026-09-08T00:00:00,0,c474351c-627c-5648-9f9f-735b89f85eaa,HIT,DAMAGE,0,2,8,4,13,PIERCING,false,NULL,NULL,NULL
8fc17731-1237-59ca-b9ee-aa88272eddf0,2026-09-08T00:00:00,2026-09-08T00:00:00,0,1d04a5c8-028f-5c6e-9e72-464016d1f51d,HIT,DAMAGE,0,3,6,3,13,POISON,false,NULL,NULL,NULL
753cce3c-4505-516a-bec4-6ea684a207f7,2026-09-08T00:00:00,2026-09-08T00:00:00,0,3977f425-0c22-53bc-966d-adf910477fd8,HIT,DAMAGE,0,1,8,3,7,BLUDGEONING,false,NULL,NULL,NULL
61550cf0-f847-53b4-afd1-077ff7621698,2026-09-08T00:00:00,2026-09-08T00:00:00,0,3977f425-0c22-53bc-966d-adf910477fd8,HIT,DAMAGE,1,1,4,NULL,2,POISON,false,NULL,NULL,NULL
ec0a9718-0aa6-5c90-a844-c25e968e7ccc,2026-09-08T00:00:00,2026-09-08T00:00:00,0,a05e77d0-a907-5c43-9cc1-b6050262dd06,HIT,DAMAGE,0,3,6,NULL,10,RADIANT,false,NULL,NULL,NULL
40a3bf48-6b7a-5fff-bde6-2ceb19697009,2026-09-08T00:00:00,2026-09-08T00:00:00,0,dd843c50-87ef-5867-a9c2-68562020908b,HIT,DAMAGE,0,1,8,4,8,SLASHING,false,NULL,NULL,NULL
63ca1430-ef3a-50ca-8733-2b5c26a35400,2026-09-08T00:00:00,2026-09-08T00:00:00,0,c138259e-c53f-588b-9362-4fd94b91888b,HIT,DAMAGE,0,1,6,4,7,PIERCING,false,NULL,NULL,NULL
0c093039-c151-53eb-867d-b360e91cec62,2026-09-08T00:00:00,2026-09-08T00:00:00,0,f2b9dd77-9e7c-597a-a304-a2857e42fde5,HIT,DAMAGE,0,2,8,5,14,BLUDGEONING,false,NULL,NULL,NULL
98b0a354-09ea-5ef5-80bf-4546ab246c1d,2026-09-08T00:00:00,2026-09-08T00:00:00,0,5b76d870-93da-5fe3-b259-97d135f2134f,HIT,DAMAGE,0,1,6,5,8,BLUDGEONING,false,NULL,NULL,NULL
b8224186-4718-5197-83cc-efcfa124ed2b,2026-09-08T00:00:00,2026-09-08T00:00:00,0,5b76d870-93da-5fe3-b259-97d135f2134f,HIT,APPLY_CONDITION,1,NULL,NULL,NULL,NULL,NULL,false,c04d0000-0000-4000-a000-00000000000c,NULL,NULL
3fe76156-c37d-52d9-b957-e35276c2c47b,2026-09-08T00:00:00,2026-09-08T00:00:00,0,8a3b1abd-5d3c-53a2-b496-2e8e1c3194c9,HIT,DAMAGE,0,2,6,6,13,SLASHING,false,NULL,NULL,NULL
da092ee1-2bd6-5f15-a79d-b7360ee0d372,2026-09-08T00:00:00,2026-09-08T00:00:00,0,8a3b1abd-5d3c-53a2-b496-2e8e1c3194c9,HIT,DAMAGE,1,2,12,NULL,13,FIRE,false,NULL,NULL,NULL
b31de4a6-d2a1-53c5-8fbd-3f27343160bd,2026-09-08T00:00:00,2026-09-08T00:00:00,0,ed471c14-45ed-56db-a91e-87652ad53c90,HIT,DAMAGE,0,7,6,NULL,24,FIRE,false,NULL,NULL,NULL
81771d6e-9218-5e3e-b17e-17bd3b2fb05c,2026-09-08T00:00:00,2026-09-08T00:00:00,0,37b2e711-2532-5d66-ada1-7d25f5ba255d,HIT,DAMAGE,0,2,8,4,13,SLASHING,false,NULL,NULL,NULL
78dc3341-2c43-5a30-b050-204196f31e5f,2026-09-08T00:00:00,2026-09-08T00:00:00,0,37b2e711-2532-5d66-ada1-7d25f5ba255d,HIT,DAMAGE,1,2,10,NULL,11,NECROTIC,false,NULL,NULL,NULL
649bca25-1097-5375-b7b9-2dd1656a9b47,2026-09-08T00:00:00,2026-09-08T00:00:00,0,e0b3bb89-4cba-5a64-b5ac-1724560ca5d8,SAVE_FAILURE,DAMAGE,0,4,6,NULL,14,FORCE,false,NULL,NULL,NULL
4364ef1b-b520-5193-803a-f0028c9835c9,2026-09-08T00:00:00,2026-09-08T00:00:00,0,e0b3bb89-4cba-5a64-b5ac-1724560ca5d8,SAVE_FAILURE,APPLY_CONDITION,1,NULL,NULL,NULL,NULL,NULL,false,c04d0000-0000-4000-a000-00000000000d,NULL,NULL
6a60e033-c1e5-5bc3-8c51-f6f87b278040,2026-09-08T00:00:00,2026-09-08T00:00:00,0,fd8d2ccf-d4d4-54cb-bf3c-dfb5ca724ca1,HIT,DAMAGE,0,1,6,2,5,PIERCING,false,NULL,NULL,NULL
d411ed3d-57d3-5efc-b85f-a673d9afbee9,2026-09-08T00:00:00,2026-09-08T00:00:00,0,fd8d2ccf-d4d4-54cb-bf3c-dfb5ca724ca1,HIT,DAMAGE,1,1,4,NULL,2,POISON,false,NULL,NULL,NULL
585e822f-4ad1-5eed-9471-88c2d729a7e1,2026-09-08T00:00:00,2026-09-08T00:00:00,0,fd8d2ccf-d4d4-54cb-bf3c-dfb5ca724ca1,HIT,APPLY_CONDITION,2,NULL,NULL,NULL,NULL,NULL,false,c04d0000-0000-4000-a000-00000000000b,NULL,NULL
258e2e40-2459-5b20-99ab-c24411045214,2026-09-08T00:00:00,2026-09-08T00:00:00,0,1a6cd765-b98d-5a5f-9f11-43cd6a4f05e0,HIT,DAMAGE,0,2,4,2,7,SLASHING,false,NULL,NULL,NULL
67ab5a3a-a50c-5f09-843d-84a7dab78bf5,2026-09-08T00:00:00,2026-09-08T00:00:00,0,44890b93-64a1-5d11-bc47-6ed9b98a86c7,SAVE_FAILURE,APPLY_CONDITION,0,NULL,NULL,NULL,NULL,NULL,false,c04d0000-0000-4000-a000-00000000000d,NULL,NULL
198fd899-c23e-54be-a9f4-aa99c2de52fc,2026-09-08T00:00:00,2026-09-08T00:00:00,0,412f6c7c-d397-5548-adf8-5b82ac6524be,HIT,DAMAGE,0,2,8,5,14,SLASHING,false,NULL,NULL,NULL
0b110fb6-cc23-5b5b-a573-c55926cc6831,2026-09-08T00:00:00,2026-09-08T00:00:00,0,412f6c7c-d397-5548-adf8-5b82ac6524be,HIT,APPLY_CONDITION,1,NULL,NULL,NULL,NULL,NULL,false,c04d0000-0000-4000-a000-00000000000c,NULL,NULL
de2b3229-f771-560c-bb4e-67cb5184fd69,2026-09-08T00:00:00,2026-09-08T00:00:00,0,d58db76c-b59d-5a39-b4d7-60eb4614f6a4,HIT,DAMAGE,0,2,8,5,14,PIERCING,false,NULL,NULL,NULL
14b36b50-05a8-58db-838e-b940972f1df4,2026-09-08T00:00:00,2026-09-08T00:00:00,0,2b11c9c5-bcee-558b-84ad-9ffa199c4b6b,ALWAYS,DAMAGE,0,1,10,NULL,5,FIRE,false,NULL,NULL,NULL
8f7d68d9-c34e-5d99-8a10-d3b1c05fae18,2026-09-08T00:00:00,2026-09-08T00:00:00,0,e2910cfd-fec3-5052-b25b-27905ce6d5fc,ALWAYS,DAMAGE,0,1,10,NULL,5,FIRE,false,NULL,NULL,NULL
0ba637d6-d9b4-5c66-8b0a-a8990095366a,2026-09-08T00:00:00,2026-09-08T00:00:00,0,7aeb8655-3063-588f-9dd3-532b6c7dece8,ALWAYS,DAMAGE,0,1,6,NULL,3,COLD,false,NULL,NULL,NULL
3bee4b2d-df44-5212-ae63-d4c074e6a50b,2026-09-08T00:00:00,2026-09-08T00:00:00,0,ef115df7-7401-54b4-b0ca-33a8d3a63bf6,HIT,DAMAGE,0,2,6,3,10,FIRE,false,NULL,NULL,NULL
cdebcc30-f042-5813-bd45-7811f54b9a45,2026-09-08T00:00:00,2026-09-08T00:00:00,0,ce701ff3-470c-56cb-a37e-c67ed38b140f,HIT,DAMAGE,0,4,6,7,21,SLASHING,false,NULL,NULL,NULL
a3a7d4a1-c62d-5d8c-bcf3-e6e7c571dbb2,2026-09-08T00:00:00,2026-09-08T00:00:00,0,ce701ff3-470c-56cb-a37e-c67ed38b140f,HIT,DAMAGE,1,3,6,NULL,10,FIRE,false,NULL,NULL,NULL
d75bc18c-383e-5055-b981-ad738efb0e24,2026-09-08T00:00:00,2026-09-08T00:00:00,0,2335f246-67bb-5fe2-b06e-b91c3f4db83d,HIT,DAMAGE,0,3,10,7,23,BLUDGEONING,false,NULL,NULL,NULL
105b93b5-e1b5-592b-8e2a-04ba079d16f7,2026-09-08T00:00:00,2026-09-08T00:00:00,0,2335f246-67bb-5fe2-b06e-b91c3f4db83d,HIT,DAMAGE,1,1,8,NULL,4,FIRE,false,NULL,NULL,NULL
e0685feb-093f-57cf-a470-f1a92782661c,2026-09-08T00:00:00,2026-09-08T00:00:00,0,ac918e08-d45a-5dd6-ac85-b8656d203c23,HIT,DAMAGE,0,2,8,4,13,BLUDGEONING,false,NULL,NULL,NULL
a25e6806-a4b6-594d-90ac-d9bca441d000,2026-09-08T00:00:00,2026-09-08T00:00:00,0,ac918e08-d45a-5dd6-ac85-b8656d203c23,HIT,DAMAGE,1,1,8,NULL,4,LIGHTNING,false,NULL,NULL,NULL
a3d7aa9a-ccc7-5842-9637-0e1241241218,2026-09-08T00:00:00,2026-09-08T00:00:00,0,e10da62f-1c9a-5b87-9f22-80f56d9d671d,HIT,DAMAGE,0,2,12,6,19,SLASHING,false,NULL,NULL,NULL
670d1c13-e495-5cc8-8a22-1f1f7c7cb1e0,2026-09-08T00:00:00,2026-09-08T00:00:00,0,e10da62f-1c9a-5b87-9f22-80f56d9d671d,HIT,DAMAGE,1,2,8,NULL,9,COLD,false,NULL,NULL,NULL
4ac4e55b-0a6e-56c2-bec5-1f1f94ed38d5,2026-09-08T00:00:00,2026-09-08T00:00:00,0,d9c6bfe6-f055-598c-90a6-60d7c0fbbf96,HIT,DAMAGE,0,2,10,6,17,PIERCING,false,NULL,NULL,NULL
b80a1bac-d1a0-5221-826e-a1dac246052f,2026-09-08T00:00:00,2026-09-08T00:00:00,0,d9c6bfe6-f055-598c-90a6-60d7c0fbbf96,HIT,DAMAGE,1,2,6,NULL,7,COLD,false,NULL,NULL,NULL
220b57cc-b18b-5e8e-88a9-306621dcb99e,2026-09-08T00:00:00,2026-09-08T00:00:00,0,16a8e557-216d-5d9c-9ad4-636f89570b21,HIT,DAMAGE,0,1,8,NULL,4,NECROTIC,false,NULL,NULL,NULL
11f587ec-f752-5d1c-9af4-5558f4f5be9a,2026-09-08T00:00:00,2026-09-08T00:00:00,0,2949f7bf-03ff-5c37-bdf6-bb27b1d69800,HIT,DAMAGE,0,2,4,2,7,SLASHING,false,NULL,NULL,NULL
86759d43-b2b1-5902-89f6-e44020478045,2026-09-08T00:00:00,2026-09-08T00:00:00,0,30a828e2-3f09-56b4-9ce0-9a30e5ca41d8,ALWAYS,DAMAGE,0,3,6,NULL,10,ACID,false,NULL,NULL,NULL
eb4c6b7f-7b53-527a-a32c-7376a3db9ab6,2026-09-08T00:00:00,2026-09-08T00:00:00,0,4fe7ff8f-f3bf-5f61-9760-24244513338e,HIT,DAMAGE,0,3,6,2,12,ACID,false,NULL,NULL,NULL
97153bdf-d05d-5819-8980-7be889f365d2,2026-09-08T00:00:00,2026-09-08T00:00:00,0,3dc95ee3-6fd5-5c8a-b422-a5bafbe3e234,SAVE_FAILURE,DAMAGE,0,3,6,NULL,10,ACID,false,NULL,NULL,NULL
59fb573d-227f-5d30-a96c-5a71ad0403dc,2026-09-08T00:00:00,2026-09-08T00:00:00,0,3dc95ee3-6fd5-5c8a-b422-a5bafbe3e234,SAVE_FAILURE,DAMAGE,1,3,6,NULL,10,ACID,false,NULL,NULL,NULL
0ba20704-5c81-50a6-a8f9-9b7933f59855,2026-09-08T00:00:00,2026-09-08T00:00:00,0,3dc95ee3-6fd5-5c8a-b422-a5bafbe3e234,SAVE_FAILURE,APPLY_CONDITION,2,NULL,NULL,NULL,NULL,NULL,false,c04d0000-0000-4000-a000-00000000000d,NULL,NULL
769aa247-2c12-5cc6-bd54-88af83941fc6,2026-09-08T00:00:00,2026-09-08T00:00:00,0,3dc95ee3-6fd5-5c8a-b422-a5bafbe3e234,SAVE_SUCCESS,DAMAGE,3,NULL,NULL,NULL,NULL,NULL,true,NULL,NULL,NULL
acc42b6c-79de-50d4-972b-03e1d5ab4792,2026-09-08T00:00:00,2026-09-08T00:00:00,0,b8fdfa5f-7116-5a36-a472-d1dd0a6dda0c,SAVE_FAILURE,APPLY_CONDITION,0,NULL,NULL,NULL,NULL,NULL,false,c04d0000-0000-4000-a000-00000000000b,NULL,NULL
b52d6b45-854f-5df6-98f6-8db2655ec937,2026-09-08T00:00:00,2026-09-08T00:00:00,0,e8a3968c-45c9-504e-ae1e-fd7b653ce8be,HIT,DAMAGE,0,1,8,3,7,PIERCING,false,NULL,NULL,NULL
3f78775c-059b-5944-8a00-afb8cb342c7a,2026-09-08T00:00:00,2026-09-08T00:00:00,0,e8a3968c-45c9-504e-ae1e-fd7b653ce8be,HIT,DAMAGE,1,2,8,NULL,9,NECROTIC,false,NULL,NULL,NULL
02b2ccdc-d46f-52e5-a051-51c943b233d0,2026-09-08T00:00:00,2026-09-08T00:00:00,0,4073966d-22a4-54a8-a20c-eb2fefe2b720,HIT,DAMAGE,0,2,6,3,10,SLASHING,false,NULL,NULL,NULL
eefd1ebd-e8f9-59c8-9ac0-49834a4958b9,2026-09-08T00:00:00,2026-09-08T00:00:00,0,d9dd5b60-70ea-5fdc-8063-3e3589f8943b,SAVE_FAILURE,APPLY_CONDITION,0,NULL,NULL,NULL,NULL,NULL,false,c04d0000-0000-4000-a000-000000000009,NULL,NULL
5b9193a5-a8c7-5e79-85e1-8e073fe0d579,2026-09-08T00:00:00,2026-09-08T00:00:00,0,96894d43-825b-5a87-baae-fed2451fd45f,ALWAYS,DAMAGE,0,1,10,NULL,5,FORCE,false,NULL,NULL,NULL
c3634b41-7b17-576d-aaa9-379dfeb1edd9,2026-09-08T00:00:00,2026-09-08T00:00:00,0,c16fb4bb-1c64-5d6b-820d-69cd74a59d7f,HIT,DAMAGE,0,3,10,3,19,NECROTIC,false,NULL,NULL,NULL
ad2c2673-9f6f-5927-b560-52220c6b2a81,2026-09-08T00:00:00,2026-09-08T00:00:00,0,94213cf7-fc28-5c54-b632-a0940e8df9db,SAVE_FAILURE,DAMAGE,0,2,6,3,10,PSYCHIC,false,NULL,NULL,NULL
47b47f31-e858-5d3c-9698-bc8262664ca6,2026-09-08T00:00:00,2026-09-08T00:00:00,0,94213cf7-fc28-5c54-b632-a0940e8df9db,SAVE_FAILURE,APPLY_CONDITION,1,NULL,NULL,NULL,NULL,NULL,false,c04d0000-0000-4000-a000-000000000005,NULL,NULL
385a74ed-967a-5f93-b7f3-c6a759bb71ca,2026-09-08T00:00:00,2026-09-08T00:00:00,0,149e4560-0535-5518-83a9-42dc5cad4f56,SAVE_FAILURE,APPLY_CONDITION,0,NULL,NULL,NULL,NULL,NULL,false,c04d0000-0000-4000-a000-000000000007,NULL,NULL
94882591-9c66-5b9f-8a7a-657eae1c5910,2026-09-08T00:00:00,2026-09-08T00:00:00,0,ecf33371-092b-5d25-9a0c-d28f0a326f08,HIT,DAMAGE,0,1,6,2,5,PIERCING,false,NULL,NULL,NULL
6c0d13a1-93bd-5776-a780-7fc83493dd4f,2026-09-08T00:00:00,2026-09-08T00:00:00,0,ecf33371-092b-5d25-9a0c-d28f0a326f08,HIT,DAMAGE,1,1,6,NULL,3,NECROTIC,false,NULL,NULL,NULL
c717ee30-3cc7-5194-9f8a-8dee63b55294,2026-09-08T00:00:00,2026-09-08T00:00:00,0,782a7d92-4eaa-56ea-a92a-f7119778729e,HIT,DAMAGE,0,1,4,2,4,SLASHING,false,NULL,NULL,NULL
a304a0a3-9cbe-5247-aef9-67ed16871b58,2026-09-08T00:00:00,2026-09-08T00:00:00,0,05f05fef-791d-562f-92a9-d2135a2f1534,SAVE_FAILURE,APPLY_CONDITION,0,NULL,NULL,NULL,NULL,NULL,false,c04d0000-0000-4000-a000-000000000009,NULL,NULL
7f950078-0b60-59f4-8933-439f154d58b1,2026-09-08T00:00:00,2026-09-08T00:00:00,0,bbd9201c-c4c5-59a4-9fb8-80f2601da98e,HIT,DAMAGE,0,2,6,NULL,7,PIERCING,false,NULL,NULL,NULL
8105089a-8fa4-500c-8193-a53e1807fffc,2026-09-08T00:00:00,2026-09-08T00:00:00,0,bbd9201c-c4c5-59a4-9fb8-80f2601da98e,HIT,APPLY_CONDITION,1,NULL,NULL,NULL,NULL,NULL,false,c04d0000-0000-4000-a000-00000000000c,NULL,NULL
10680d7e-5481-5ed5-aa2e-4fbe89420df2,2026-09-08T00:00:00,2026-09-08T00:00:00,0,4a138a02-1fed-5bdc-863f-7f5bb65ef683,SAVE_FAILURE,DAMAGE,0,2,6,NULL,7,RADIANT,false,NULL,NULL,NULL
f9ec6dfe-814f-51d0-9aad-2de6bd30ee82,2026-09-08T00:00:00,2026-09-08T00:00:00,0,4a138a02-1fed-5bdc-863f-7f5bb65ef683,SAVE_FAILURE,APPLY_CONDITION,1,NULL,NULL,NULL,NULL,NULL,false,c04d0000-0000-4000-a000-000000000001,NULL,NULL
dfcbe6f0-f0fb-5eb4-9453-c1b05df5e3e9,2026-09-08T00:00:00,2026-09-08T00:00:00,0,b812b8aa-c713-5c33-9d75-d8d52b3362e7,HIT,DAMAGE,0,2,10,5,16,SLASHING,false,NULL,NULL,NULL
adad06b7-8d03-55a7-ba07-42b8db9f0477,2026-09-08T00:00:00,2026-09-08T00:00:00,0,b812b8aa-c713-5c33-9d75-d8d52b3362e7,HIT,APPLY_CONDITION,1,NULL,NULL,NULL,NULL,NULL,false,c04d0000-0000-4000-a000-000000000006,15,NULL
1a33fbdb-90d3-5562-a949-767ea7447782,2026-09-08T00:00:00,2026-09-08T00:00:00,0,f6b8297b-487a-50a9-ba8c-1a80dc32b3fd,SAVE_FAILURE,DAMAGE,0,3,6,5,15,BLUDGEONING,false,NULL,NULL,NULL
d3a94954-1c22-55ee-ad67-64cc67e7dfb4,2026-09-08T00:00:00,2026-09-08T00:00:00,0,f6b8297b-487a-50a9-ba8c-1a80dc32b3fd,SAVE_SUCCESS,DAMAGE,1,NULL,NULL,NULL,NULL,NULL,true,NULL,NULL,NULL
bf841579-dad0-5115-9224-be5d5152b80d,2026-09-08T00:00:00,2026-09-08T00:00:00,0,f6886cce-74ce-5f07-bc77-d5264158362e,HIT,DAMAGE,0,2,6,4,11,PIERCING,false,NULL,NULL,NULL
f90f3329-16a9-5423-b649-072b30fc62bd,2026-09-08T00:00:00,2026-09-08T00:00:00,0,a23c1c56-d008-5458-ad22-b073c45528d3,SAVE_FAILURE,DAMAGE,0,2,4,4,9,BLUDGEONING,false,NULL,NULL,NULL
8b853bcf-5eab-5745-a1f4-0d1d912d29bb,2026-09-08T00:00:00,2026-09-08T00:00:00,0,a23c1c56-d008-5458-ad22-b073c45528d3,SAVE_FAILURE,APPLY_CONDITION,1,NULL,NULL,NULL,NULL,NULL,false,c04d0000-0000-4000-a000-00000000000c,NULL,NULL
2b7bbb1b-33eb-5ac8-ae44-32bfc42bfc98,2026-09-08T00:00:00,2026-09-08T00:00:00,0,b452bf97-d921-532e-98f8-0d97cd0090fa,HIT,DAMAGE,0,1,6,2,5,PIERCING,false,NULL,NULL,NULL
973bbacb-3de2-5337-9041-6cbca15dbdf2,2026-09-08T00:00:00,2026-09-08T00:00:00,0,51d01c39-201c-5523-a92b-6b11ef92a5e2,HIT,DAMAGE,0,1,10,1,6,PIERCING,false,NULL,NULL,NULL
b57470a9-7882-5bea-89f4-3f26c9976c56,2026-09-08T00:00:00,2026-09-08T00:00:00,0,98f31d0b-5c64-50cd-aac1-fcb4d498a5fd,HIT,DAMAGE,0,1,4,2,4,PIERCING,false,NULL,NULL,NULL
922a6c8f-f053-5d30-a018-2ab33277b307,2026-09-08T00:00:00,2026-09-08T00:00:00,0,7d52f528-7c04-54ad-aa59-65f343888efd,HIT,DAMAGE,0,1,6,2,5,SLASHING,false,NULL,NULL,NULL
19d7faaa-742e-57de-9353-b74bba466850,2026-09-08T00:00:00,2026-09-08T00:00:00,0,7d52f528-7c04-54ad-aa59-65f343888efd,HIT,DAMAGE,1,1,4,NULL,2,SLASHING,false,NULL,NULL,NULL
20bf25d0-8f9f-552b-8197-e872ccd2079c,2026-09-08T00:00:00,2026-09-08T00:00:00,0,3a4f289b-7c0d-502c-840e-dd601cebfb7e,HIT,DAMAGE,0,1,6,2,5,PIERCING,false,NULL,NULL,NULL
4dc7b1ac-67cd-5073-82d0-2d1a934ba4ac,2026-09-08T00:00:00,2026-09-08T00:00:00,0,3a4f289b-7c0d-502c-840e-dd601cebfb7e,HIT,DAMAGE,1,1,4,NULL,2,PIERCING,false,NULL,NULL,NULL
92413285-c2be-5fcb-a9c2-34f999b6281d,2026-09-08T00:00:00,2026-09-08T00:00:00,0,35ccd95c-8f2a-591d-81e4-d9915f70fc94,HIT,DAMAGE,0,1,6,2,5,SLASHING,false,NULL,NULL,NULL
24d1a53a-864e-567f-bb73-1233d1811102,2026-09-08T00:00:00,2026-09-08T00:00:00,0,35ccd95c-8f2a-591d-81e4-d9915f70fc94,HIT,DAMAGE,1,1,4,NULL,2,SLASHING,false,NULL,NULL,NULL
6843727d-441e-539a-8898-60b787a729c1,2026-09-08T00:00:00,2026-09-08T00:00:00,0,312899da-0093-5baf-b582-c1bce4169866,HIT,DAMAGE,0,1,6,2,5,PIERCING,false,NULL,NULL,NULL
922b23e0-722e-585c-a8aa-5bc37783f2db,2026-09-08T00:00:00,2026-09-08T00:00:00,0,312899da-0093-5baf-b582-c1bce4169866,HIT,DAMAGE,1,1,4,NULL,2,PIERCING,false,NULL,NULL,NULL
e347562c-ec05-5510-9872-d6c1181ecb54,2026-09-08T00:00:00,2026-09-08T00:00:00,0,8e0067eb-360f-54fd-8e0d-435b0ba7881f,HIT,DAMAGE,0,1,10,4,9,SLASHING,false,NULL,NULL,NULL
a1a52cce-7f20-5d32-8046-7b8f7d093344,2026-09-08T00:00:00,2026-09-08T00:00:00,0,77792d0d-9f82-5077-95a2-46b4966c104f,SAVE_FAILURE,DAMAGE,0,4,10,NULL,22,FIRE,false,NULL,NULL,NULL
1bdf9982-54b9-5105-b959-12963a515ace,2026-09-08T00:00:00,2026-09-08T00:00:00,0,77792d0d-9f82-5077-95a2-46b4966c104f,SAVE_SUCCESS,DAMAGE,1,NULL,NULL,NULL,NULL,NULL,true,NULL,NULL,NULL
61ccb5b7-2310-5dfb-830a-08463c4e8cc4,2026-09-08T00:00:00,2026-09-08T00:00:00,0,76cc2619-a0a6-5f22-be6f-ca3eaa031c94,HIT,DAMAGE,0,2,10,6,17,SLASHING,false,NULL,NULL,NULL
771f9a7b-e30c-5e92-beda-defb461e9496,2026-09-08T00:00:00,2026-09-08T00:00:00,0,c6a53a69-9b09-5780-9e28-a4aa2dd5cc90,SAVE_FAILURE,DAMAGE,0,10,10,NULL,55,FIRE,false,NULL,NULL,NULL
ddd792e9-7d29-56d9-aef5-38e772b9c956,2026-09-08T00:00:00,2026-09-08T00:00:00,0,c6a53a69-9b09-5780-9e28-a4aa2dd5cc90,SAVE_SUCCESS,DAMAGE,1,NULL,NULL,NULL,NULL,NULL,true,NULL,NULL,NULL
9ff8d32b-675e-50e7-87e8-d486c3e2ffb6,2026-09-08T00:00:00,2026-09-08T00:00:00,0,2e16fa82-7c01-53e6-88b2-a9f5fbdd2f87,HIT,DAMAGE,0,2,8,8,17,SLASHING,false,NULL,NULL,NULL
97713d40-1a99-5181-9de3-d6a2ee3c8574,2026-09-08T00:00:00,2026-09-08T00:00:00,0,2e16fa82-7c01-53e6-88b2-a9f5fbdd2f87,HIT,DAMAGE,1,1,8,NULL,4,FIRE,false,NULL,NULL,NULL
a3003d4d-d0cc-5be4-8c01-1636cf5acb5d,2026-09-08T00:00:00,2026-09-08T00:00:00,0,9e6a9ada-cc8b-50df-9a07-db076d5d2090,SAVE_FAILURE,DAMAGE,0,12,10,NULL,66,FIRE,false,NULL,NULL,NULL
494cbf6c-560c-562e-b9ea-60950af93b82,2026-09-08T00:00:00,2026-09-08T00:00:00,0,9e6a9ada-cc8b-50df-9a07-db076d5d2090,SAVE_SUCCESS,DAMAGE,1,NULL,NULL,NULL,NULL,NULL,true,NULL,NULL,NULL
a6b60b0a-7139-57c4-a83e-5ec0297c337d,2026-09-08T00:00:00,2026-09-08T00:00:00,0,e9d53ab8-2b61-5f57-8029-e10942a26ea4,SAVE_FAILURE,DAMAGE,0,3,6,NULL,10,FORCE,false,NULL,NULL,NULL
07780360-94e8-5913-914d-b685574190b7,2026-09-08T00:00:00,2026-09-08T00:00:00,0,e9d53ab8-2b61-5f57-8029-e10942a26ea4,SAVE_FAILURE,APPLY_CONDITION,1,NULL,NULL,NULL,NULL,NULL,false,c04d0000-0000-4000-a000-000000000007,NULL,NULL
f0e41ffd-0106-55f0-bda1-61a543272e5a,2026-09-08T00:00:00,2026-09-08T00:00:00,0,b721b683-1103-5b7d-b178-fa45ad8113c9,HIT,DAMAGE,0,2,8,10,19,SLASHING,false,NULL,NULL,NULL
59ebc1dd-0b7c-50a2-bef1-d68fb58dc36d,2026-09-08T00:00:00,2026-09-08T00:00:00,0,b721b683-1103-5b7d-b178-fa45ad8113c9,HIT,DAMAGE,1,2,8,NULL,9,FIRE,false,NULL,NULL,NULL
8d4160f8-371e-5e10-a63f-076a9aca70ea,2026-09-08T00:00:00,2026-09-08T00:00:00,0,bc8bb47e-454c-5e6b-afb6-935ecdf8d602,SAVE_FAILURE,DAMAGE,0,13,10,NULL,71,FIRE,false,NULL,NULL,NULL
8a3db0b0-8036-5738-b0d7-0ee1f688a60a,2026-09-08T00:00:00,2026-09-08T00:00:00,0,bc8bb47e-454c-5e6b-afb6-935ecdf8d602,SAVE_SUCCESS,DAMAGE,1,NULL,NULL,NULL,NULL,NULL,true,NULL,NULL,NULL
d6b8aca2-659c-5e61-9467-434edc4432af,2026-09-08T00:00:00,2026-09-08T00:00:00,0,60714d54-70be-54f1-9f36-f0ea94141df9,SAVE_FAILURE,DAMAGE,0,7,6,NULL,24,FORCE,false,NULL,NULL,NULL
90211607-94bc-5ee3-93ed-90020db23f41,2026-09-08T00:00:00,2026-09-08T00:00:00,0,60714d54-70be-54f1-9f36-f0ea94141df9,SAVE_FAILURE,APPLY_CONDITION,1,NULL,NULL,NULL,NULL,NULL,false,c04d0000-0000-4000-a000-000000000007,NULL,NULL
4ac07b75-e9a5-5e46-b111-1cb539d9b749,2026-09-08T00:00:00,2026-09-08T00:00:00,0,115a101e-c0e5-5719-91b1-929ffe3c9776,HIT,DAMAGE,0,2,12,5,18,PIERCING,false,NULL,NULL,NULL
44e1c6be-9ecd-5523-bc40-0aaa0e2c4b1c,2026-09-08T00:00:00,2026-09-08T00:00:00,0,115a101e-c0e5-5719-91b1-929ffe3c9776,HIT,APPLY_CONDITION,1,NULL,NULL,NULL,NULL,NULL,false,c04d0000-0000-4000-a000-00000000000c,NULL,NULL
b6f1e3d5-16cb-5d7b-8e8d-5a4dd40d2082,2026-09-08T00:00:00,2026-09-08T00:00:00,0,7e363633-8322-5fc3-8d6a-075f00600983,FIRST_FAILURE,APPLY_CONDITION,0,NULL,NULL,NULL,NULL,NULL,false,c04d0000-0000-4000-a000-00000000000d,NULL,NULL
813c3116-9e2b-55ac-b41f-ceca88221b25,2026-09-08T00:00:00,2026-09-08T00:00:00,0,7e363633-8322-5fc3-8d6a-075f00600983,SECOND_FAILURE,APPLY_CONDITION,1,NULL,NULL,NULL,NULL,NULL,false,c04d0000-0000-4000-a000-00000000000a,NULL,NULL
4e6f43a5-8017-5e8e-b085-019e11cc830e,2026-09-08T00:00:00,2026-09-08T00:00:00,0,02af651a-fd84-5033-beaf-7206acd01c42,SAVE_FAILURE,DAMAGE,0,2,10,5,16,BLUDGEONING,false,NULL,NULL,NULL
395dbb6e-9a36-5f42-a1fe-b6d4fc7bdbba,2026-09-08T00:00:00,2026-09-08T00:00:00,0,02af651a-fd84-5033-beaf-7206acd01c42,SAVE_SUCCESS,DAMAGE,1,NULL,NULL,NULL,NULL,NULL,true,NULL,NULL,NULL
260df256-d0c1-5395-9b4c-3040192dee94,2026-09-08T00:00:00,2026-09-08T00:00:00,0,c4b7a66e-6c50-5ab7-b3af-6efb3dc15474,HIT,DAMAGE,0,2,8,1,10,ACID,false,NULL,NULL,NULL
e4c3ed11-797e-5f09-a9ce-c7d0fb510f92,2026-09-08T00:00:00,2026-09-08T00:00:00,0,c7c859e2-bdf3-5cfc-8bb7-1cdf5d3ab190,HIT,DAMAGE,0,1,10,2,7,SLASHING,false,NULL,NULL,NULL
7a0155cd-181e-58cd-b649-a667fa82d1d7,2026-09-08T00:00:00,2026-09-08T00:00:00,0,c7c859e2-bdf3-5cfc-8bb7-1cdf5d3ab190,HIT,DAMAGE,1,1,6,NULL,3,POISON,false,NULL,NULL,NULL
ddbd8585-4402-56c5-b8f4-05ff1905bcf8,2026-09-08T00:00:00,2026-09-08T00:00:00,0,185e7ea9-2399-5d97-aebb-3dd1269ca590,SAVE_FAILURE,DAMAGE,0,6,6,NULL,21,POISON,false,NULL,NULL,NULL
051b2af6-a4ed-5fc7-9e47-0943f7255514,2026-09-08T00:00:00,2026-09-08T00:00:00,0,185e7ea9-2399-5d97-aebb-3dd1269ca590,SAVE_SUCCESS,DAMAGE,1,NULL,NULL,NULL,NULL,NULL,true,NULL,NULL,NULL
1edaa293-3ea7-5038-b373-8e1df953b7a7,2026-09-08T00:00:00,2026-09-08T00:00:00,0,2376f549-520b-59d7-b330-9eaca45436f4,HIT,DAMAGE,0,2,6,4,11,SLASHING,false,NULL,NULL,NULL
a2eb95d5-f0fb-5aae-a96a-ddf99a898943,2026-09-08T00:00:00,2026-09-08T00:00:00,0,2376f549-520b-59d7-b330-9eaca45436f4,HIT,DAMAGE,1,2,6,NULL,7,POISON,false,NULL,NULL,NULL
150230fe-7189-51f4-9e9d-5255a8632db7,2026-09-08T00:00:00,2026-09-08T00:00:00,0,7e12c7e3-b41c-5ffc-aba6-321a92d3176d,SAVE_FAILURE,DAMAGE,0,12,6,NULL,42,POISON,false,NULL,NULL,NULL
617c883f-7c67-5e91-87d2-389d4da91284,2026-09-08T00:00:00,2026-09-08T00:00:00,0,7e12c7e3-b41c-5ffc-aba6-321a92d3176d,SAVE_SUCCESS,DAMAGE,1,NULL,NULL,NULL,NULL,NULL,true,NULL,NULL,NULL
922b6ee7-b576-51c1-acfb-25f5dd77a7b4,2026-09-08T00:00:00,2026-09-08T00:00:00,0,e8638884-68ab-5e8a-8015-81fc2e4e2ed1,HIT,DAMAGE,0,2,8,6,15,SLASHING,false,NULL,NULL,NULL
063a0ec9-cc42-575c-a215-fd1e29cf6fd0,2026-09-08T00:00:00,2026-09-08T00:00:00,0,e8638884-68ab-5e8a-8015-81fc2e4e2ed1,HIT,DAMAGE,1,2,6,NULL,7,POISON,false,NULL,NULL,NULL
8262c645-eba4-5fff-8403-f7af93cf1860,2026-09-08T00:00:00,2026-09-08T00:00:00,0,71696d76-f030-5029-b9d7-bf16f5a68816,SAVE_FAILURE,DAMAGE,0,16,6,NULL,56,POISON,false,NULL,NULL,NULL
31926b42-17f4-546e-aff5-043c8a702333,2026-09-08T00:00:00,2026-09-08T00:00:00,0,71696d76-f030-5029-b9d7-bf16f5a68816,SAVE_SUCCESS,DAMAGE,1,NULL,NULL,NULL,NULL,NULL,true,NULL,NULL,NULL
c7f0b1cc-5f6f-5a73-9ab2-66596d0aef98,2026-09-08T00:00:00,2026-09-08T00:00:00,0,4244523d-09cd-5953-9b60-898048b92417,SAVE_FAILURE,DAMAGE,0,2,6,NULL,7,POISON,false,NULL,NULL,NULL
5b14e9f5-126b-5353-a977-697eec2f21c7,2026-09-08T00:00:00,2026-09-08T00:00:00,0,9e58bfaa-09d9-5eeb-b2fb-89b443c2d5f5,HIT,DAMAGE,0,2,8,8,17,SLASHING,false,NULL,NULL,NULL
b9000844-0c00-5630-8de6-f625099e2e48,2026-09-08T00:00:00,2026-09-08T00:00:00,0,9e58bfaa-09d9-5eeb-b2fb-89b443c2d5f5,HIT,DAMAGE,1,3,6,NULL,10,POISON,false,NULL,NULL,NULL
3ccce788-93c1-56c8-ac03-a530ddbb683a,2026-09-08T00:00:00,2026-09-08T00:00:00,0,6d8fc2eb-f30f-55ee-960c-692dd5bf406c,SAVE_FAILURE,DAMAGE,0,22,6,NULL,77,POISON,false,NULL,NULL,NULL
86832008-468e-58fb-9ead-ca403bc0813f,2026-09-08T00:00:00,2026-09-08T00:00:00,0,6d8fc2eb-f30f-55ee-960c-692dd5bf406c,SAVE_SUCCESS,DAMAGE,1,NULL,NULL,NULL,NULL,NULL,true,NULL,NULL,NULL
32d9c29d-a1fc-5c85-b18b-c109670677bd,2026-09-08T00:00:00,2026-09-08T00:00:00,0,789b3510-bded-55bd-af83-cac2838844ed,SAVE_FAILURE,DAMAGE,0,5,6,NULL,17,POISON,false,NULL,NULL,NULL
e4e54337-d2f1-569c-b66a-2be08d188b34,2026-09-08T00:00:00,2026-09-08T00:00:00,0,774f50ba-f385-5c35-9335-347ef82f4ab5,HIT,DAMAGE,0,1,8,4,8,SLASHING,false,NULL,NULL,NULL
d2ad5089-73d8-505c-8c2e-b0b59d35fdf4,2026-09-08T00:00:00,2026-09-08T00:00:00,0,774f50ba-f385-5c35-9335-347ef82f4ab5,HIT,DAMAGE,1,1,6,NULL,3,POISON,false,NULL,NULL,NULL
11e89a75-7236-5efd-ad78-1553db98ec24,2026-09-08T00:00:00,2026-09-08T00:00:00,0,50f6ba8b-15b0-5950-a89f-2b32c4eb41c2,HIT,DAMAGE,0,2,6,2,9,PIERCING,false,NULL,NULL,NULL
5883c84a-289a-517f-90c8-7402e2acb7e8,2026-09-08T00:00:00,2026-09-08T00:00:00,0,b924c6b0-6861-5327-a679-11129102d3c4,HIT,DAMAGE,0,1,10,2,7,SLASHING,false,NULL,NULL,NULL
e70c6a1e-6e34-5fd4-9107-906c5f018094,2026-09-08T00:00:00,2026-09-08T00:00:00,0,b924c6b0-6861-5327-a679-11129102d3c4,HIT,APPLY_CONDITION,1,NULL,NULL,NULL,NULL,NULL,false,c04d0000-0000-4000-a000-000000000006,12,NULL
a7d2c0a1-4f5b-5280-a920-e2834b62f948,2026-09-08T00:00:00,2026-09-08T00:00:00,0,4e30cfce-3244-5ad8-8ac0-52af8760c2ed,HIT,DAMAGE,0,1,8,4,8,PIERCING,false,NULL,NULL,NULL
f823d04c-6e54-5233-8eae-ce639d86aaad,2026-09-08T00:00:00,2026-09-08T00:00:00,0,4e30cfce-3244-5ad8-8ac0-52af8760c2ed,HIT,APPLY_CONDITION,1,NULL,NULL,NULL,NULL,NULL,false,c04d0000-0000-4000-a000-000000000006,14,NULL
7f924ec0-baee-5860-bd55-f5354e07081b,2026-09-08T00:00:00,2026-09-08T00:00:00,0,80206f3a-11c4-56ff-87c3-31cda9c77319,HIT,DAMAGE,0,1,6,3,6,BLUDGEONING,false,NULL,NULL,NULL
bd196c8e-6507-51c0-9bcc-e720107dd975,2026-09-08T00:00:00,2026-09-08T00:00:00,0,80206f3a-11c4-56ff-87c3-31cda9c77319,HIT,DAMAGE,1,1,4,NULL,2,PSYCHIC,false,NULL,NULL,NULL
4be46c13-8b3e-5cf7-925c-9e0e3ae152d8,2026-09-08T00:00:00,2026-09-08T00:00:00,0,59361fc0-554b-5512-b55c-cf14e0da1262,HIT,DAMAGE,0,2,12,4,17,PIERCING,false,NULL,NULL,NULL
9c21bd36-b60e-59f9-ac68-98dd4dbf89db,2026-09-08T00:00:00,2026-09-08T00:00:00,0,59361fc0-554b-5512-b55c-cf14e0da1262,HIT,DAMAGE,1,4,10,NULL,22,POISON,false,NULL,NULL,NULL
c921406a-f76b-51fc-b7c9-7a3c03166421,2026-09-08T00:00:00,2026-09-08T00:00:00,0,921cf492-7f4d-502e-923d-579998bd7ef2,SAVE_FAILURE,DAMAGE,0,7,8,NULL,31,POISON,false,NULL,NULL,NULL
84777a36-afdb-588e-8c08-d3e50ed94331,2026-09-08T00:00:00,2026-09-08T00:00:00,0,921cf492-7f4d-502e-923d-579998bd7ef2,SAVE_FAILURE,APPLY_CONDITION,1,NULL,NULL,NULL,NULL,NULL,false,c04d0000-0000-4000-a000-000000000001,NULL,NULL
76906e61-07ca-505c-8df9-8044206bca0d,2026-09-08T00:00:00,2026-09-08T00:00:00,0,921cf492-7f4d-502e-923d-579998bd7ef2,SAVE_SUCCESS,DAMAGE,2,NULL,NULL,NULL,NULL,NULL,true,NULL,NULL,NULL
106f3188-4cf7-59ab-8e49-50868b968010,2026-09-08T00:00:00,2026-09-08T00:00:00,0,c810714b-89ec-567e-803f-ae2ea15887d4,HIT,DAMAGE,0,1,6,1,4,PIERCING,false,NULL,NULL,NULL
d96eb0ef-c49f-561d-82fb-eb851bd5510c,2026-09-08T00:00:00,2026-09-08T00:00:00,0,c8c4fa51-3d85-55be-868d-b165fa26608a,HIT,DAMAGE,0,3,6,4,14,PIERCING,false,NULL,NULL,NULL
a1df87cb-895a-5634-89cf-7da985f302ed,2026-09-08T00:00:00,2026-09-08T00:00:00,0,0a4e8c68-6f1e-599f-ad92-354bf3094db3,HIT,DAMAGE,0,2,10,4,15,SLASHING,false,NULL,NULL,NULL
912beca3-940e-5596-b593-294a21923111,2026-09-08T00:00:00,2026-09-08T00:00:00,0,70abb448-24bf-57ec-9739-21d30060b297,HIT,DAMAGE,0,1,4,4,6,SLASHING,false,NULL,NULL,NULL
a3150250-0dbb-578b-a531-0980a6b02a72,2026-09-08T00:00:00,2026-09-08T00:00:00,0,1fdf3b11-1477-59e4-8c8d-bd40e0b85fe2,SAVE_SUCCESS,DAMAGE,0,NULL,NULL,NULL,NULL,NULL,true,NULL,NULL,NULL
415d6fdf-b509-51ba-a7a1-6ebe6d377fb4,2026-09-08T00:00:00,2026-09-08T00:00:00,0,33887b5c-876b-5b01-ab41-b2712111dabc,HIT,DAMAGE,0,2,4,1,6,SLASHING,false,NULL,NULL,NULL
e9d2f7e3-e5da-55b2-9aa2-b121a9678689,2026-09-08T00:00:00,2026-09-08T00:00:00,0,6a2820c1-2139-5d58-87fc-2f178766e9c4,SAVE_FAILURE,APPLY_CONDITION,0,NULL,NULL,NULL,NULL,NULL,false,c04d0000-0000-4000-a000-000000000002,NULL,NULL
bc271666-ca1d-51d1-854c-00742d674a5f,2026-09-08T00:00:00,2026-09-08T00:00:00,0,6a2820c1-2139-5d58-87fc-2f178766e9c4,SAVE_FAILURE,APPLY_CONDITION,1,NULL,NULL,NULL,NULL,NULL,false,c04d0000-0000-4000-a000-000000000007,NULL,NULL
38dde475-01de-5473-aeb8-f6b2a27bd624,2026-09-08T00:00:00,2026-09-08T00:00:00,0,b5afc8d4-7e3a-5198-a671-f0e3a0d2457a,HIT,DAMAGE,0,1,8,3,7,PIERCING,false,NULL,NULL,NULL
35a82534-b4e9-5460-9ee6-1655ba08630e,2026-09-08T00:00:00,2026-09-08T00:00:00,0,b5afc8d4-7e3a-5198-a671-f0e3a0d2457a,HIT,DAMAGE,1,1,6,NULL,3,FIRE,false,NULL,NULL,NULL
8931a04a-365e-5a66-ac45-ac083df814e9,2026-09-08T00:00:00,2026-09-08T00:00:00,0,bc57b7c0-f1d2-5a44-8a30-3a0a910495b0,SAVE_FAILURE,DAMAGE,0,5,6,NULL,17,FIRE,false,NULL,NULL,NULL
c7358933-b592-589a-b586-1661cac599b8,2026-09-08T00:00:00,2026-09-08T00:00:00,0,bc57b7c0-f1d2-5a44-8a30-3a0a910495b0,SAVE_SUCCESS,DAMAGE,1,NULL,NULL,NULL,NULL,NULL,true,NULL,NULL,NULL
b99dcf38-54a3-59eb-ac47-1be749830eef,2026-09-08T00:00:00,2026-09-08T00:00:00,0,a6e11c10-5382-5303-b006-7b4bd18bcd05,SAVE_FAILURE,APPLY_CONDITION,0,NULL,NULL,NULL,NULL,NULL,false,c04d0000-0000-4000-a000-00000000000b,NULL,NULL
42d1409c-4eeb-5c7f-a277-017b599c5436,2026-09-08T00:00:00,2026-09-08T00:00:00,0,ecbce3e7-dd72-50ad-b2c3-96de3fcb497b,HIT,DAMAGE,0,1,4,4,6,SLASHING,false,NULL,NULL,NULL
fb728135-6d08-513d-a84f-cfd85f720d3b,2026-09-08T00:00:00,2026-09-08T00:00:00,0,ecbce3e7-dd72-50ad-b2c3-96de3fcb497b,HIT,DAMAGE,1,2,8,NULL,9,POISON,false,NULL,NULL,NULL
d96c7e2b-f191-57f0-b5e1-dba0eddbaca8,2026-09-08T00:00:00,2026-09-08T00:00:00,0,0eb9c0a7-0a4f-566a-a3ec-42bb585e743b,HIT,DAMAGE,0,3,8,5,18,BLUDGEONING,false,NULL,NULL,NULL
3616166a-8882-5c4f-828c-8fc6e19424ec,2026-09-08T00:00:00,2026-09-08T00:00:00,0,0eb9c0a7-0a4f-566a-a3ec-42bb585e743b,HIT,APPLY_CONDITION,1,NULL,NULL,NULL,NULL,NULL,false,c04d0000-0000-4000-a000-00000000000c,NULL,NULL
3cce4e43-605c-56fd-b661-2519978f8dab,2026-09-08T00:00:00,2026-09-08T00:00:00,0,66a016d7-8a8a-5657-8f09-c2c6a029cd85,HIT,DAMAGE,0,2,10,5,16,BLUDGEONING,false,NULL,NULL,NULL
33f57eb6-78d4-51e3-9384-aba25f1fe7c0,2026-09-08T00:00:00,2026-09-08T00:00:00,0,66a016d7-8a8a-5657-8f09-c2c6a029cd85,HIT,APPLY_CONDITION,1,NULL,NULL,NULL,NULL,NULL,false,c04d0000-0000-4000-a000-00000000000b,NULL,NULL
3bac00cb-cd0f-563e-b450-2a1288ab036f,2026-09-08T00:00:00,2026-09-08T00:00:00,0,72904284-7cb8-521b-88a2-98a3c84d4169,HIT,DAMAGE,0,1,8,3,7,SLASHING,false,NULL,NULL,NULL
c13ce82b-0da5-5ff4-86f6-ee3c6a1ab878,2026-09-08T00:00:00,2026-09-08T00:00:00,0,a591be25-e458-57da-bb27-78217215e55d,HIT,DAMAGE,0,2,10,1,12,SLASHING,false,NULL,NULL,NULL
2597b998-9d6b-5b2b-8c47-0bf4b871d02f,2026-09-08T00:00:00,2026-09-08T00:00:00,0,3663e09f-5d7b-58ff-a197-920c93180c46,HIT,DAMAGE,0,1,8,1,5,PIERCING,false,NULL,NULL,NULL
0197dbf3-8ae2-575d-890f-a2cd7d8b743b,2026-09-08T00:00:00,2026-09-08T00:00:00,0,3663e09f-5d7b-58ff-a197-920c93180c46,HIT,DAMAGE,1,3,4,NULL,7,POISON,false,NULL,NULL,NULL
ff4ecf25-3b1c-5bd9-98c1-3146e961e988,2026-09-08T00:00:00,2026-09-08T00:00:00,0,0ec4f91d-989c-5b32-966c-9ab9816d847e,HIT,DAMAGE,0,2,6,2,9,SLASHING,false,NULL,NULL,NULL
7e9f158e-2ab2-5533-9a58-fa9a1db66236,2026-09-08T00:00:00,2026-09-08T00:00:00,0,0ec4f91d-989c-5b32-966c-9ab9816d847e,HIT,DAMAGE,1,1,6,NULL,3,POISON,false,NULL,NULL,NULL
02ba14e4-807b-5809-9686-ca87cbffc95a,2026-09-08T00:00:00,2026-09-08T00:00:00,0,3231d7f9-7ff5-5f40-84a7-af9a7317ff04,HIT,DAMAGE,0,1,8,2,6,PIERCING,false,NULL,NULL,NULL
a30c5cb1-e96d-5e68-bedc-dcdf6a031abc,2026-09-08T00:00:00,2026-09-08T00:00:00,0,3231d7f9-7ff5-5f40-84a7-af9a7317ff04,HIT,DAMAGE,1,2,4,NULL,5,POISON,false,NULL,NULL,NULL
3f8ee18e-b221-5833-afb3-d744f95b0800,2026-09-08T00:00:00,2026-09-08T00:00:00,0,6f581f3d-d3f1-5790-8341-657b36cf9ae4,SAVE_FAILURE,APPLY_CONDITION,0,NULL,NULL,NULL,NULL,NULL,false,c04d0000-0000-4000-a000-00000000000b,NULL,NULL
62f8668c-84cc-5ddd-bc89-712ca396f0cc,2026-09-08T00:00:00,2026-09-08T00:00:00,0,6f581f3d-d3f1-5790-8341-657b36cf9ae4,FAILURE_BY_5_OR_MORE,APPLY_CONDITION,1,NULL,NULL,NULL,NULL,NULL,false,c04d0000-0000-4000-a000-00000000000b,NULL,NULL
04d5b540-d55f-530f-8cc2-e83e948025b0,2026-09-08T00:00:00,2026-09-08T00:00:00,0,6f581f3d-d3f1-5790-8341-657b36cf9ae4,FAILURE_BY_5_OR_MORE,APPLY_CONDITION,2,NULL,NULL,NULL,NULL,NULL,false,c04d0000-0000-4000-a000-00000000000f,NULL,NULL
e894bf32-83d4-5d70-936e-c9c4acf4c71c,2026-09-08T00:00:00,2026-09-08T00:00:00,0,900826ac-54a3-5e00-a29b-32a0aaafbfef,HIT,DAMAGE,0,2,8,6,15,PIERCING,false,NULL,NULL,NULL
3819f5cc-75c8-5976-a010-68831a48aa47,2026-09-08T00:00:00,2026-09-08T00:00:00,0,900826ac-54a3-5e00-a29b-32a0aaafbfef,HIT,DAMAGE,1,2,8,NULL,9,FIRE,false,NULL,NULL,NULL
f3bc6001-037a-5f18-862e-329d76bda781,2026-09-08T00:00:00,2026-09-08T00:00:00,0,acac89cc-6441-5057-b3ee-986412c1af1c,HIT,DAMAGE,0,5,8,4,26,FIRE,false,NULL,NULL,NULL
a722b189-f6e3-53e1-afef-13f012420cf7,2026-09-08T00:00:00,2026-09-08T00:00:00,0,5555b76c-70ea-5df9-b232-d8e2db59d798,SAVE_FAILURE,DAMAGE,0,1,8,6,10,NECROTIC,false,NULL,NULL,NULL
f9522a07-a7d2-55a4-8682-f37fc1e3515f,2026-09-08T00:00:00,2026-09-08T00:00:00,0,4d7462ff-9d79-57b3-ab5b-3c107b02dad0,HIT,DAMAGE,0,1,10,5,10,PIERCING,false,NULL,NULL,NULL
075ad5f0-f6b0-5cd1-8da0-9aaf0f2cc7f2,2026-09-08T00:00:00,2026-09-08T00:00:00,0,d60e6071-3fb2-5be1-a242-00bea88c467d,HIT,DAMAGE,0,2,8,5,14,PIERCING,false,NULL,NULL,NULL
f2d86975-ee34-5e16-8840-202286de4039,2026-09-08T00:00:00,2026-09-08T00:00:00,0,d60e6071-3fb2-5be1-a242-00bea88c467d,HIT,DAMAGE,1,3,6,NULL,10,COLD,false,NULL,NULL,NULL
5c830b21-a764-51ec-80f2-2b34cdb4c8b3,2026-09-08T00:00:00,2026-09-08T00:00:00,0,4c7d92e6-eb22-55b9-9056-0dae1a403186,HIT,DAMAGE,0,3,6,5,15,BLUDGEONING,false,NULL,NULL,NULL
ac92006f-b9f2-5121-94be-6f6931a65bcb,2026-09-08T00:00:00,2026-09-08T00:00:00,0,4c7d92e6-eb22-55b9-9056-0dae1a403186,HIT,DAMAGE,1,4,8,NULL,18,COLD,false,NULL,NULL,NULL
459272e6-905f-548d-b70e-2302700b2d62,2026-09-08T00:00:00,2026-09-08T00:00:00,0,4ade9353-15db-5ebd-9d61-a572e525b83d,HIT,DAMAGE,0,1,6,3,6,PIERCING,false,NULL,NULL,NULL
e47a1443-116b-52c3-ac5a-3a51f55fc90b,2026-09-08T00:00:00,2026-09-08T00:00:00,0,4ade9353-15db-5ebd-9d61-a572e525b83d,HIT,DAMAGE,1,2,6,NULL,7,POISON,false,NULL,NULL,NULL
73d43c60-4495-5d0b-8584-bddf8cca43f3,2026-09-08T00:00:00,2026-09-08T00:00:00,0,a3dc978c-2260-5bdf-b1ff-9331a9eb2029,HIT,DAMAGE,0,3,6,5,15,PSYCHIC,false,NULL,NULL,NULL
3d8f985e-6e6e-5717-a574-de481245c1eb,2026-09-08T00:00:00,2026-09-08T00:00:00,0,6b2dec2f-e9cc-5ee6-9eed-2e50ce64daa9,SAVE_FAILURE,DAMAGE,0,4,8,NULL,18,PSYCHIC,false,NULL,NULL,NULL
1828ae2e-f476-5d50-9967-cdd830a50196,2026-09-08T00:00:00,2026-09-08T00:00:00,0,6b2dec2f-e9cc-5ee6-9eed-2e50ce64daa9,SAVE_FAILURE,APPLY_CONDITION,1,NULL,NULL,NULL,NULL,NULL,false,c04d0000-0000-4000-a000-00000000000f,NULL,NULL
8e270ebe-3946-5587-ae31-bcbd5e001e60,2026-09-08T00:00:00,2026-09-08T00:00:00,0,5412bf91-0086-51f3-a5be-d12a604d0c1d,ALWAYS,APPLY_CONDITION,0,NULL,NULL,NULL,NULL,NULL,false,c04d0000-0000-4000-a000-000000000008,NULL,NULL
c61bbe26-0377-55b6-9f0a-29f5f5c1b0c9,2026-09-08T00:00:00,2026-09-08T00:00:00,0,a6be8100-89a8-5ff7-8490-db82e2671341,HIT,DAMAGE,0,2,6,4,11,FORCE,false,NULL,NULL,NULL
84ae1785-3ba6-5912-a9cc-f44abbb27457,2026-09-08T00:00:00,2026-09-08T00:00:00,0,85b37ab3-ed97-5934-8164-c5572b1502ca,SAVE_FAILURE,DAMAGE,0,1,8,3,7,THUNDER,false,NULL,NULL,NULL
b2c5639d-c5fb-5d9a-afae-00ce8a68e17a,2026-09-08T00:00:00,2026-09-08T00:00:00,0,85b37ab3-ed97-5934-8164-c5572b1502ca,SAVE_FAILURE,DAMAGE,1,2,6,NULL,7,THUNDER,false,NULL,NULL,NULL
f7601938-8236-5101-a8c8-a50f87ca1f69,2026-09-08T00:00:00,2026-09-08T00:00:00,0,85b37ab3-ed97-5934-8164-c5572b1502ca,SAVE_FAILURE,APPLY_CONDITION,2,NULL,NULL,NULL,NULL,NULL,false,c04d0000-0000-4000-a000-000000000006,13,NULL
9517be5f-4646-5f86-a75e-3d4be4c87237,2026-09-08T00:00:00,2026-09-08T00:00:00,0,c8a72264-5b23-5563-a18a-dd14f44691b9,HIT,DAMAGE,0,3,8,7,20,SLASHING,false,NULL,NULL,NULL
cdd33839-6490-50f2-bbe6-28a20c1f283f,2026-09-08T00:00:00,2026-09-08T00:00:00,0,c8a72264-5b23-5563-a18a-dd14f44691b9,HIT,DAMAGE,1,3,6,NULL,10,FIRE,false,NULL,NULL,NULL
4d6eada4-218c-56a0-94d4-510327c903f4,2026-09-08T00:00:00,2026-09-08T00:00:00,0,2aaab356-267a-55e8-882a-dded300c0d55,HIT,DAMAGE,0,8,8,NULL,36,FIRE,false,NULL,NULL,NULL
84977927-0781-5acd-83a7-4b964ae40104,2026-09-08T00:00:00,2026-09-08T00:00:00,0,c4245d54-dc9f-5eb4-b73e-34712cda8a87,SAVE_FAILURE,DAMAGE,0,10,10,NULL,55,POISON,false,NULL,NULL,NULL
00a29f45-cc3f-5fc3-9146-9ebdf795e2fe,2026-09-08T00:00:00,2026-09-08T00:00:00,0,c4245d54-dc9f-5eb4-b73e-34712cda8a87,SAVE_SUCCESS,DAMAGE,1,NULL,NULL,NULL,NULL,NULL,true,NULL,NULL,NULL
3bc02b2b-a17e-59b8-8fd5-f3dc9a9d324f,2026-09-08T00:00:00,2026-09-08T00:00:00,0,5f7e5868-d02f-54a2-80fa-2aef1ca0722c,HIT,DAMAGE,0,2,6,3,10,SLASHING,false,NULL,NULL,NULL
4f701f17-b43a-5c16-9e90-a2ff59bace57,2026-09-08T00:00:00,2026-09-08T00:00:00,0,5f7e5868-d02f-54a2-80fa-2aef1ca0722c,HIT,DAMAGE,1,1,8,NULL,4,RADIANT,false,NULL,NULL,NULL
00bc22c8-4018-5ac9-b97a-abea2756e7d3,2026-09-08T00:00:00,2026-09-08T00:00:00,0,41290dae-d091-5dfe-aac3-3b7db567e43b,HIT,DAMAGE,0,2,10,NULL,11,PIERCING,false,NULL,NULL,NULL
645a7a19-2fee-5bd0-8b1f-fc6cad86a839,2026-09-08T00:00:00,2026-09-08T00:00:00,0,41290dae-d091-5dfe-aac3-3b7db567e43b,HIT,DAMAGE,1,1,8,NULL,4,RADIANT,false,NULL,NULL,NULL
fa36e3fb-252c-5bc2-ab15-17ded9a63f43,2026-09-08T00:00:00,2026-09-08T00:00:00,0,1b0f3973-bd4c-544e-b969-a83a183bc247,HIT,DAMAGE,0,1,4,2,4,PIERCING,false,NULL,NULL,NULL
7ee2923a-b15a-53ee-9ceb-b4a98117d77b,2026-09-08T00:00:00,2026-09-08T00:00:00,0,2b4a847b-3a40-5326-b966-5d4dc5a54404,HIT,DAMAGE,0,4,6,10,24,BLUDGEONING,false,NULL,NULL,NULL
5de67487-4d0f-541b-829c-f9f1fe26ea47,2026-09-08T00:00:00,2026-09-08T00:00:00,0,2b4a847b-3a40-5326-b966-5d4dc5a54404,HIT,APPLY_CONDITION,1,NULL,NULL,NULL,NULL,NULL,false,c04d0000-0000-4000-a000-000000000006,20,NULL
8191afa2-2fdf-55f9-88e4-579d54890095,2026-09-08T00:00:00,2026-09-08T00:00:00,0,2b4a847b-3a40-5326-b966-5d4dc5a54404,HIT,APPLY_CONDITION,2,NULL,NULL,NULL,NULL,NULL,false,c04d0000-0000-4000-a000-00000000000d,20,NULL
ee0e5c55-4962-5e34-b28c-1a77c52f6bfc,2026-09-08T00:00:00,2026-09-08T00:00:00,0,467ac162-7f3d-55db-b922-f2e7272d2dd6,SAVE_FAILURE,DAMAGE,0,4,8,NULL,18,BLUDGEONING,false,NULL,NULL,NULL
85b4a193-5869-552b-ada5-7caa3615f930,2026-09-08T00:00:00,2026-09-08T00:00:00,0,467ac162-7f3d-55db-b922-f2e7272d2dd6,SAVE_FAILURE,APPLY_CONDITION,1,NULL,NULL,NULL,NULL,NULL,false,c04d0000-0000-4000-a000-00000000000c,NULL,NULL
72738750-82bc-500c-b0ef-8da8164aad81,2026-09-08T00:00:00,2026-09-08T00:00:00,0,467ac162-7f3d-55db-b922-f2e7272d2dd6,SAVE_SUCCESS,DAMAGE,2,NULL,NULL,NULL,NULL,NULL,true,NULL,NULL,NULL
68060d84-9f2e-5586-906b-abdf76a5c415,2026-09-08T00:00:00,2026-09-08T00:00:00,0,d0b3764b-c97a-5783-ae90-0002828e93f7,SAVE_FAILURE,DAMAGE,0,6,10,NULL,33,LIGHTNING,false,NULL,NULL,NULL
307f4981-0996-58c3-bdf6-1e23c0c3d566,2026-09-08T00:00:00,2026-09-08T00:00:00,0,d0b3764b-c97a-5783-ae90-0002828e93f7,SAVE_SUCCESS,DAMAGE,1,NULL,NULL,NULL,NULL,NULL,true,NULL,NULL,NULL
e23b3856-c5be-5983-ab46-edade6538e36,2026-09-08T00:00:00,2026-09-08T00:00:00,0,8eaee94e-2678-561e-a07f-26338f6f4930,SAVE_FAILURE,DAMAGE,0,3,8,10,23,PIERCING,false,NULL,NULL,NULL
cb9a22f6-1cf3-5e34-b9c4-029231567188,2026-09-08T00:00:00,2026-09-08T00:00:00,0,8eaee94e-2678-561e-a07f-26338f6f4930,SAVE_FAILURE,DAMAGE,1,7,6,NULL,24,ACID,false,NULL,NULL,NULL
54c351c2-3039-5a41-8ab3-a1c85c5faedc,2026-09-08T00:00:00,2026-09-08T00:00:00,0,8eaee94e-2678-561e-a07f-26338f6f4930,SAVE_FAILURE,APPLY_CONDITION,2,NULL,NULL,NULL,NULL,NULL,false,c04d0000-0000-4000-a000-00000000000d,NULL,NULL
39c323a7-a462-5e28-ace8-d33b693b4e47,2026-09-08T00:00:00,2026-09-08T00:00:00,0,8eaee94e-2678-561e-a07f-26338f6f4930,SAVE_FAILURE,APPLY_CONDITION,3,NULL,NULL,NULL,NULL,NULL,false,c04d0000-0000-4000-a000-00000000000d,NULL,NULL
d29c393f-2507-583a-9bb7-e79a90f54c8d,2026-09-08T00:00:00,2026-09-08T00:00:00,0,0893059a-170f-51cb-a547-0f10af8a1335,HIT,DAMAGE,0,1,8,3,7,SLASHING,false,NULL,NULL,NULL
995341e1-0aee-5bec-afcf-f8270ef20b21,2026-09-08T00:00:00,2026-09-08T00:00:00,0,0893059a-170f-51cb-a547-0f10af8a1335,HIT,DAMAGE,1,2,6,NULL,7,PSYCHIC,false,NULL,NULL,NULL
a320cf77-5a3f-5246-8f21-78193ff189e4,2026-09-08T00:00:00,2026-09-08T00:00:00,0,95d62f61-b37c-5707-9da9-fcf541bbd274,SAVE_FAILURE,DAMAGE,0,3,8,NULL,13,PSYCHIC,false,NULL,NULL,NULL
9e452e77-a4cf-5e72-b177-5f09d0584ce6,2026-09-08T00:00:00,2026-09-08T00:00:00,0,8b224ce5-a122-5337-a927-94e92e7eb840,HIT,DAMAGE,0,1,4,NULL,2,POISON,false,NULL,NULL,NULL
eadf122b-d4b2-5b27-be7b-62522bddceb5,2026-09-08T00:00:00,2026-09-08T00:00:00,0,710f5dda-1b3b-5fc9-bed0-65be5c1b070e,HIT,DAMAGE,0,4,12,5,31,FORCE,false,NULL,NULL,NULL
cd151213-2de2-50a2-af83-9853c9d47439,2026-09-08T00:00:00,2026-09-08T00:00:00,0,a4d3e32f-3a50-59ff-9d5e-37f3c995a763,HIT,DAMAGE,0,3,6,5,15,COLD,false,NULL,NULL,NULL
cf12131a-1919-55a2-bb2b-1a0b14381c71,2026-09-08T00:00:00,2026-09-08T00:00:00,0,a4d3e32f-3a50-59ff-9d5e-37f3c995a763,HIT,APPLY_CONDITION,1,NULL,NULL,NULL,NULL,NULL,false,c04d0000-0000-4000-a000-000000000009,NULL,NULL
198df492-a862-5e1f-a0dd-ee7716c4fd29,2026-09-08T00:00:00,2026-09-08T00:00:00,0,8eea681d-7b91-5586-a45c-06cda1d9f412,ALWAYS,DAMAGE,0,2,10,NULL,11,NECROTIC,false,NULL,NULL,NULL
39713c84-3fb1-5608-aec4-d4e0f411ad7e,2026-09-08T00:00:00,2026-09-08T00:00:00,0,07de1867-2fa5-5702-a576-d33e65f6a1d6,SAVE_FAILURE,DAMAGE,0,9,6,NULL,31,NECROTIC,false,NULL,NULL,NULL
98a0be25-9b00-5b38-b3ed-dc0e25b85c07,2026-09-08T00:00:00,2026-09-08T00:00:00,0,07de1867-2fa5-5702-a576-d33e65f6a1d6,SAVE_SUCCESS,DAMAGE,1,NULL,NULL,NULL,NULL,NULL,true,NULL,NULL,NULL
71628a9d-a08d-50f2-9a91-b67f06cc8aac,2026-09-08T00:00:00,2026-09-08T00:00:00,0,9df23ca2-023c-56ee-962a-96b4c972dfaf,HIT,DAMAGE,0,3,8,3,16,FORCE,false,NULL,NULL,NULL
727a847f-bd72-5105-8f13-d278d1f8dd03,2026-09-08T00:00:00,2026-09-08T00:00:00,0,3396ee70-3067-5cac-a04f-c09b648ff325,HIT,DAMAGE,0,4,10,5,27,FORCE,false,NULL,NULL,NULL
c3939223-7120-500a-9171-faf58b06a414,2026-09-08T00:00:00,2026-09-08T00:00:00,0,a055c91c-c579-5c20-b7d2-eb15e8341452,SAVE_FAILURE,DAMAGE,0,2,6,NULL,7,FIRE,false,NULL,NULL,NULL
7d72507f-d74c-56b7-a4a0-3f6aaf4edff0,2026-09-08T00:00:00,2026-09-08T00:00:00,0,a055c91c-c579-5c20-b7d2-eb15e8341452,SAVE_SUCCESS,DAMAGE,1,NULL,NULL,NULL,NULL,NULL,true,NULL,NULL,NULL
83ce9d05-d129-5d08-9951-65f568f19835,2026-09-08T00:00:00,2026-09-08T00:00:00,0,ce78ca48-4fb0-56dc-b0ce-d654082f4e73,HIT,DAMAGE,0,2,4,2,7,FIRE,false,NULL,NULL,NULL
45e15079-92b1-5fd0-9e33-202097a03873,2026-09-08T00:00:00,2026-09-08T00:00:00,0,aaac73b4-0afc-5d0e-8382-c08379e0f826,HIT,DAMAGE,0,1,8,3,7,SLASHING,false,NULL,NULL,NULL
04828c5f-188e-54db-845e-9b42f478d0d6,2026-09-08T00:00:00,2026-09-08T00:00:00,0,2f77c2e3-64ed-5dc4-bbf6-fe8f5cc979c8,HIT,DAMAGE,0,1,8,3,7,PIERCING,false,NULL,NULL,NULL
137fbd92-19a3-5050-b811-99b39662ca64,2026-09-08T00:00:00,2026-09-08T00:00:00,0,c3cb8fae-1565-5d60-a4f4-a76d839c3659,HIT,DAMAGE,0,1,10,5,10,SLASHING,false,NULL,NULL,NULL
f1e58fb3-f3d3-53fe-93e1-3ca2fac517ca,2026-09-08T00:00:00,2026-09-08T00:00:00,0,c3cb8fae-1565-5d60-a4f4-a76d839c3659,HIT,DAMAGE,1,2,6,NULL,7,NECROTIC,false,NULL,NULL,NULL
ec7ebdae-9c6f-5af1-a5a4-d7bd6faa8e57,2026-09-08T00:00:00,2026-09-08T00:00:00,0,92fe3322-2299-5590-a851-d870fb14644f,SAVE_FAILURE,DAMAGE,0,2,10,4,15,BLUDGEONING,false,NULL,NULL,NULL
8578c7ab-fb50-570b-a18f-6717d4fda9f2,2026-09-08T00:00:00,2026-09-08T00:00:00,0,92fe3322-2299-5590-a851-d870fb14644f,SAVE_FAILURE,APPLY_CONDITION,1,NULL,NULL,NULL,NULL,NULL,false,c04d0000-0000-4000-a000-000000000006,14,NULL
0b2b9280-bf15-57fc-bf2d-c2cce1f8f99b,2026-09-08T00:00:00,2026-09-08T00:00:00,0,92fe3322-2299-5590-a851-d870fb14644f,SAVE_FAILURE,APPLY_CONDITION,2,NULL,NULL,NULL,NULL,NULL,false,c04d0000-0000-4000-a000-00000000000d,14,NULL
b7393578-f404-59b4-8d29-dd4fd1c7163f,2026-09-08T00:00:00,2026-09-08T00:00:00,0,af0f032b-5b27-5c7d-897b-5ed19e9f4c93,HIT,DAMAGE,0,2,6,3,10,SLASHING,false,NULL,NULL,NULL
c9da83de-94a5-5593-bd2c-087aa33c7f8b,2026-09-08T00:00:00,2026-09-08T00:00:00,0,9417ead0-118f-5e1a-a49d-2a8995762017,HIT,DAMAGE,0,1,4,3,5,PIERCING,false,NULL,NULL,NULL
5c0340ca-1362-527e-9c58-a262b140c8af,2026-09-08T00:00:00,2026-09-08T00:00:00,0,9417ead0-118f-5e1a-a49d-2a8995762017,HIT,DAMAGE,1,4,6,NULL,14,POISON,false,NULL,NULL,NULL
5ff0ce88-a089-52c9-aa77-98aa8a2d82d9,2026-09-08T00:00:00,2026-09-08T00:00:00,0,04a751ba-1e24-59b5-9417-0d7c46c3f2c4,HIT,DAMAGE,0,2,8,2,11,POISON,false,NULL,NULL,NULL
f922c953-fc31-5245-95d4-df4d334933ce,2026-09-08T00:00:00,2026-09-08T00:00:00,0,4d1b51fd-54f0-50cb-aefd-3454b2d674d2,FIRST_FAILURE,APPLY_CONDITION,0,NULL,NULL,NULL,NULL,NULL,false,c04d0000-0000-4000-a000-00000000000d,NULL,NULL
c679b219-19e5-57d2-b148-df2e164b3f1a,2026-09-08T00:00:00,2026-09-08T00:00:00,0,4d1b51fd-54f0-50cb-aefd-3454b2d674d2,SECOND_FAILURE,APPLY_CONDITION,1,NULL,NULL,NULL,NULL,NULL,false,c04d0000-0000-4000-a000-00000000000a,NULL,NULL
482824ac-80c7-51e1-baea-62281559d41a,2026-09-08T00:00:00,2026-09-08T00:00:00,0,8a414bf6-e07b-5bb6-a9b0-edab73ce318f,SAVE_FAILURE,DAMAGE,0,2,4,NULL,5,BLUDGEONING,false,NULL,NULL,NULL
679e1b81-ec83-5916-a6d5-9b6ab13d3e15,2026-09-08T00:00:00,2026-09-08T00:00:00,0,8a414bf6-e07b-5bb6-a9b0-edab73ce318f,SAVE_SUCCESS,DAMAGE,1,NULL,NULL,NULL,NULL,NULL,true,NULL,NULL,NULL
d76509c3-8af8-5f03-bdba-3912d09d6834,2026-09-08T00:00:00,2026-09-08T00:00:00,0,99f5713f-592a-592b-96ee-3b4c7dd40972,HIT,DAMAGE,0,1,4,2,4,SLASHING,false,NULL,NULL,NULL
8461d1bb-d659-5a56-815f-c361cd5b6d02,2026-09-08T00:00:00,2026-09-08T00:00:00,0,ecb702f0-c079-5330-beed-aa692b85dde5,SAVE_FAILURE,APPLY_CONDITION,0,NULL,NULL,NULL,NULL,NULL,false,c04d0000-0000-4000-a000-000000000001,NULL,NULL
a8f5d3bf-35ab-5bbe-b84d-a0c330ea6abf,2026-09-08T00:00:00,2026-09-08T00:00:00,0,e8c9d767-a1de-5e8e-b4d1-c3b9d0183409,SAVE_FAILURE,DAMAGE,0,2,4,NULL,5,COLD,false,NULL,NULL,NULL
735b950b-dbbe-541d-a7be-4c13a67e0fb0,2026-09-08T00:00:00,2026-09-08T00:00:00,0,e8c9d767-a1de-5e8e-b4d1-c3b9d0183409,SAVE_SUCCESS,DAMAGE,1,NULL,NULL,NULL,NULL,NULL,true,NULL,NULL,NULL
4ddc513e-ce68-5e56-8d18-eacef114676c,2026-09-08T00:00:00,2026-09-08T00:00:00,0,b677e458-00dc-5e8d-9270-bf2289f9c4cf,HIT,DAMAGE,0,1,4,1,3,SLASHING,false,NULL,NULL,NULL
7a040465-fe43-58e2-8e65-6c8a78c5b10d,2026-09-08T00:00:00,2026-09-08T00:00:00,0,b677e458-00dc-5e8d-9270-bf2289f9c4cf,HIT,DAMAGE,1,1,4,NULL,2,COLD,false,NULL,NULL,NULL
137a43c0-3c4f-5faf-92b0-416cbdf9e421,2026-09-08T00:00:00,2026-09-08T00:00:00,0,748fea58-1825-5372-b00e-305de8b68139,SAVE_FAILURE,DAMAGE,0,3,4,NULL,7,COLD,false,NULL,NULL,NULL
af382b19-efab-5d60-a6e8-3d801f59306f,2026-09-08T00:00:00,2026-09-08T00:00:00,0,748fea58-1825-5372-b00e-305de8b68139,SAVE_SUCCESS,DAMAGE,1,NULL,NULL,NULL,NULL,NULL,true,NULL,NULL,NULL
a1388a1f-9a8d-5aa7-95c0-a112c35219b0,2026-09-08T00:00:00,2026-09-08T00:00:00,0,bd62f700-b15a-596d-9d6f-8216271a51d7,SAVE_FAILURE,DAMAGE,0,2,6,NULL,7,FIRE,false,NULL,NULL,NULL
9745c5c5-5b8a-5b9d-9b5e-1fa487695d58,2026-09-08T00:00:00,2026-09-08T00:00:00,0,bd62f700-b15a-596d-9d6f-8216271a51d7,SAVE_SUCCESS,DAMAGE,1,NULL,NULL,NULL,NULL,NULL,true,NULL,NULL,NULL
383ccf4b-9e74-5435-a230-a5034ba0bbc2,2026-09-08T00:00:00,2026-09-08T00:00:00,0,895a43eb-0ec2-5c27-a01c-c27e01c490b0,HIT,DAMAGE,0,1,4,1,3,SLASHING,false,NULL,NULL,NULL
be511630-a522-53f2-a444-3fe04136b8fd,2026-09-08T00:00:00,2026-09-08T00:00:00,0,895a43eb-0ec2-5c27-a01c-c27e01c490b0,HIT,DAMAGE,1,1,6,NULL,3,FIRE,false,NULL,NULL,NULL
4bf3d017-7ddf-580a-a697-707be7daaeb2,2026-09-08T00:00:00,2026-09-08T00:00:00,0,92df5a3e-19d9-52ca-9717-5906aadf2541,SAVE_FAILURE,DAMAGE,0,2,6,NULL,7,FIRE,false,NULL,NULL,NULL
5d959b98-3aeb-517f-9cd3-9459787594b6,2026-09-08T00:00:00,2026-09-08T00:00:00,0,92df5a3e-19d9-52ca-9717-5906aadf2541,SAVE_SUCCESS,DAMAGE,1,NULL,NULL,NULL,NULL,NULL,true,NULL,NULL,NULL
a861f858-0752-5fd0-bdd4-370937d91e9a,2026-09-08T00:00:00,2026-09-08T00:00:00,0,a3ce7aaf-4c88-57a3-a4a0-52fd384ce9ae,ALWAYS,APPLY_CONDITION,0,NULL,NULL,NULL,NULL,NULL,false,c04d0000-0000-4000-a000-000000000007,NULL,NULL
d5a9681a-4943-5715-9d61-4e309911eac5,2026-09-08T00:00:00,2026-09-08T00:00:00,0,2cfdbdb4-d5b2-5c29-9083-147e1585d28c,SAVE_FAILURE,DAMAGE,0,2,4,NULL,5,FIRE,false,NULL,NULL,NULL
63c02567-3762-5bfa-a1a6-451c1ee1dd9e,2026-09-08T00:00:00,2026-09-08T00:00:00,0,2cfdbdb4-d5b2-5c29-9083-147e1585d28c,SAVE_SUCCESS,DAMAGE,1,NULL,NULL,NULL,NULL,NULL,true,NULL,NULL,NULL
02d1b12f-a595-51ea-ae9d-8e6846b9dd3d,2026-09-08T00:00:00,2026-09-08T00:00:00,0,98bfe7d8-0a6e-54b7-98c0-2930d2f24490,HIT,DAMAGE,0,1,4,NULL,2,SLASHING,false,NULL,NULL,NULL
98db65c9-b369-53a6-805b-3d583a57d470,2026-09-08T00:00:00,2026-09-08T00:00:00,0,98bfe7d8-0a6e-54b7-98c0-2930d2f24490,HIT,DAMAGE,1,1,4,NULL,2,FIRE,false,NULL,NULL,NULL
f214f438-d28c-55af-92fc-12ac869f80a4,2026-09-08T00:00:00,2026-09-08T00:00:00,0,9cba3f54-d5d4-5b9b-bcae-d91383ecc445,SAVE_FAILURE,DAMAGE,0,2,4,NULL,5,FIRE,false,NULL,NULL,NULL
e74b833c-ecf5-54bc-99eb-737e9add2bae,2026-09-08T00:00:00,2026-09-08T00:00:00,0,9cba3f54-d5d4-5b9b-bcae-d91383ecc445,SAVE_SUCCESS,DAMAGE,1,NULL,NULL,NULL,NULL,NULL,true,NULL,NULL,NULL
8b639525-1fac-5031-9cb5-f5b3cddebb14,2026-09-08T00:00:00,2026-09-08T00:00:00,0,9a79b60b-4fbe-5e70-be4a-1fffc9fd5fa9,HIT,DAMAGE,0,1,6,NULL,3,PIERCING,false,NULL,NULL,NULL
637e411a-cad3-5160-99cc-73b548cdf0e8,2026-09-08T00:00:00,2026-09-08T00:00:00,0,9a79b60b-4fbe-5e70-be4a-1fffc9fd5fa9,HIT,DAMAGE,1,1,4,NULL,2,COLD,false,NULL,NULL,NULL
e32f7387-ba36-5051-8877-780afb817266,2026-09-08T00:00:00,2026-09-08T00:00:00,0,d382ab41-3199-5edb-9b4b-97c74ff3cfb2,HIT,DAMAGE,0,1,4,4,6,PIERCING,false,NULL,NULL,NULL
6f6f107c-cba0-55f0-ae2c-69d21fc96626,2026-09-08T00:00:00,2026-09-08T00:00:00,0,d382ab41-3199-5edb-9b4b-97c74ff3cfb2,HIT,APPLY_CONDITION,1,NULL,NULL,NULL,NULL,NULL,false,c04d0000-0000-4000-a000-00000000000b,NULL,NULL
5592fdcb-8422-5a2e-b4a0-1662a9a01965,2026-09-08T00:00:00,2026-09-08T00:00:00,0,71539e60-4bf4-57f5-920d-daa2a71f3a04,HIT,DAMAGE,0,2,4,4,9,SLASHING,false,NULL,NULL,NULL
4863849c-afe9-5da6-8d9c-507229d42607,2026-09-08T00:00:00,2026-09-08T00:00:00,0,477cf092-9aa9-5219-be2b-543ffb863516,HIT,DAMAGE,0,2,6,4,11,PIERCING,false,NULL,NULL,NULL
ed0d82d5-6c8e-5bb3-a4b6-ce192c2e1321,2026-09-08T00:00:00,2026-09-08T00:00:00,0,25c04410-a040-5c55-b30f-6cfa0b260b09,ALWAYS,APPLY_CONDITION,0,NULL,NULL,NULL,NULL,NULL,false,c04d0000-0000-4000-a000-000000000006,13,NULL
e5dd8897-b91d-5b81-87f8-d0103bb4882b,2026-09-08T00:00:00,2026-09-08T00:00:00,0,aa14f94a-960a-54bd-b210-ed9f4805efae,HIT,DAMAGE,0,1,8,3,7,PIERCING,false,NULL,NULL,NULL
00e8df94-4556-5b50-b4e8-1258853c7215,2026-09-08T00:00:00,2026-09-08T00:00:00,0,aa14f94a-960a-54bd-b210-ed9f4805efae,HIT,DAMAGE,1,2,8,3,12,PIERCING,false,NULL,NULL,NULL
06fb1606-4b3f-5e25-b91c-f56e232e4c79,2026-09-08T00:00:00,2026-09-08T00:00:00,0,aa14f94a-960a-54bd-b210-ed9f4805efae,HIT,DAMAGE,2,1,8,NULL,4,ACID,false,NULL,NULL,NULL
37a7c66a-b2b5-50b2-aa6d-56faab2c5745,2026-09-08T00:00:00,2026-09-08T00:00:00,0,a1456126-563f-5c0f-8801-61aa799a34b0,HIT,DAMAGE,0,1,8,3,7,BLUDGEONING,false,NULL,NULL,NULL
770fe307-bf7a-590e-9a2d-7024486f09ac,2026-09-08T00:00:00,2026-09-08T00:00:00,0,a1456126-563f-5c0f-8801-61aa799a34b0,HIT,DAMAGE,1,1,8,NULL,4,ACID,false,NULL,NULL,NULL
7ab41893-8fc7-5d0d-b494-802a927434a5,2026-09-08T00:00:00,2026-09-08T00:00:00,0,a1456126-563f-5c0f-8801-61aa799a34b0,HIT,APPLY_CONDITION,2,NULL,NULL,NULL,NULL,NULL,false,c04d0000-0000-4000-a000-000000000006,13,NULL
5d25a84f-011b-56e4-a202-d53438cbdaf9,2026-09-08T00:00:00,2026-09-08T00:00:00,0,a50153ad-1702-5a29-ade5-904997cafe0d,HIT,DAMAGE,0,1,12,4,10,SLASHING,false,NULL,NULL,NULL
4268ec3b-fdd8-55d2-af3d-ac6531ea24d7,2026-09-08T00:00:00,2026-09-08T00:00:00,0,a50153ad-1702-5a29-ade5-904997cafe0d,HIT,DAMAGE,1,3,6,NULL,10,NECROTIC,false,NULL,NULL,NULL
fd483017-0b78-5622-accc-a89c7aa06790,2026-09-08T00:00:00,2026-09-08T00:00:00,0,301e155b-be82-59d0-9fd9-da06a547a430,HIT,DAMAGE,0,4,6,4,18,PIERCING,false,NULL,NULL,NULL
126a7317-9005-5cc9-aa04-fc205e120369,2026-09-08T00:00:00,2026-09-08T00:00:00,0,301e155b-be82-59d0-9fd9-da06a547a430,HIT,DAMAGE,1,3,6,NULL,10,PIERCING,false,NULL,NULL,NULL
a135e134-41a6-592b-8502-edd3bcbf9eb7,2026-09-08T00:00:00,2026-09-08T00:00:00,0,301e155b-be82-59d0-9fd9-da06a547a430,HIT,APPLY_CONDITION,2,NULL,NULL,NULL,NULL,NULL,false,c04d0000-0000-4000-a000-00000000000c,NULL,NULL
4af00cd4-5ca7-5a6a-85d7-2dbe46aad542,2026-09-08T00:00:00,2026-09-08T00:00:00,0,02e12fd5-6b10-5575-a958-a119158ce0ac,HIT,DAMAGE,0,1,10,3,8,BLUDGEONING,false,NULL,NULL,NULL
d9b86a29-481a-5c57-8964-2cf1c9e97bca,2026-09-08T00:00:00,2026-09-08T00:00:00,0,02e12fd5-6b10-5575-a958-a119158ce0ac,HIT,DAMAGE,1,3,6,NULL,10,NECROTIC,false,NULL,NULL,NULL
5bd24786-a2ee-52d8-aa25-b285ae99df6d,2026-09-08T00:00:00,2026-09-08T00:00:00,0,0ee2d661-7b24-57d1-b192-61df962c2544,SAVE_FAILURE,APPLY_CONDITION,0,NULL,NULL,NULL,NULL,NULL,false,c04d0000-0000-4000-a000-000000000005,NULL,NULL
33b4e43a-fb5e-50bc-9873-0ac0772bbb65,2026-09-08T00:00:00,2026-09-08T00:00:00,0,545f83d8-102b-5c49-9689-d99a8c990013,HIT,DAMAGE,0,2,10,4,15,BLUDGEONING,false,NULL,NULL,NULL
5ec88acd-ecb1-5426-8a90-1618f56bbd73,2026-09-08T00:00:00,2026-09-08T00:00:00,0,545f83d8-102b-5c49-9689-d99a8c990013,HIT,DAMAGE,1,3,6,NULL,10,NECROTIC,false,NULL,NULL,NULL
2788ca2f-f47c-5b5c-9b59-adc1a3e01f92,2026-09-08T00:00:00,2026-09-08T00:00:00,0,901493ca-ea82-50b8-ad1c-02d6ee66fa49,HIT,DAMAGE,0,6,6,4,25,NECROTIC,false,NULL,NULL,NULL
cdcdd13c-bd6e-5f45-8365-d5096f0c481c,2026-09-08T00:00:00,2026-09-08T00:00:00,0,fb2da3bf-224b-5c12-b964-8ecf90a08a36,SAVE_FAILURE,DAMAGE,0,6,6,4,25,PSYCHIC,false,NULL,NULL,NULL
d32f23b7-c5b7-5404-860d-534dabe070b4,2026-09-08T00:00:00,2026-09-08T00:00:00,0,fb2da3bf-224b-5c12-b964-8ecf90a08a36,SAVE_FAILURE,APPLY_CONDITION,1,NULL,NULL,NULL,NULL,NULL,false,c04d0000-0000-4000-a000-000000000009,NULL,NULL
c1187791-25d5-5fcf-966e-2a0c78383f2b,2026-09-08T00:00:00,2026-09-08T00:00:00,0,f9e358c4-80a4-54b5-a1b4-3b20e154bfc4,ALWAYS,APPLY_CONDITION,0,NULL,NULL,NULL,NULL,NULL,false,c04d0000-0000-4000-a000-000000000001,NULL,NULL
3634011f-f8c0-580e-8208-74dc7165d6e6,2026-09-08T00:00:00,2026-09-08T00:00:00,0,e56ce4b8-3b9d-5492-a6ff-2f94186dd066,HIT,DAMAGE,0,2,10,5,16,SLASHING,false,NULL,NULL,NULL
75551d4a-6a86-591e-9248-4761ea21d62c,2026-09-08T00:00:00,2026-09-08T00:00:00,0,e56ce4b8-3b9d-5492-a6ff-2f94186dd066,HIT,DAMAGE,1,2,10,NULL,11,FORCE,false,NULL,NULL,NULL
34f32a86-e752-55de-a01d-f65b6cdb34d4,2026-09-08T00:00:00,2026-09-08T00:00:00,0,215a5f09-8e27-5230-a502-f5aff8f17cbb,SAVE_FAILURE,DAMAGE,0,8,6,NULL,28,PSYCHIC,false,NULL,NULL,NULL
57eecd29-cb89-57d7-a788-c88a88f37d7b,2026-09-08T00:00:00,2026-09-08T00:00:00,0,215a5f09-8e27-5230-a502-f5aff8f17cbb,SAVE_FAILURE,APPLY_CONDITION,1,NULL,NULL,NULL,NULL,NULL,false,c04d0000-0000-4000-a000-000000000005,NULL,NULL
a0c09537-9bcf-5f29-8564-87ddb2c7b019,2026-09-08T00:00:00,2026-09-08T00:00:00,0,98811b6c-737b-5829-899a-cef06f8cf3e1,HIT,DAMAGE,0,2,8,4,13,SLASHING,false,NULL,NULL,NULL
49e9ff7b-1dc3-53f8-9db2-ba328d55c604,2026-09-08T00:00:00,2026-09-08T00:00:00,0,2eab48e3-1436-58ce-a6d0-050dce979043,HIT,DAMAGE,0,2,8,4,13,BLUDGEONING,false,NULL,NULL,NULL
03640e86-090c-5dec-8f62-9c42e5234094,2026-09-08T00:00:00,2026-09-08T00:00:00,0,2eab48e3-1436-58ce-a6d0-050dce979043,HIT,DAMAGE,1,3,6,NULL,10,FIRE,false,NULL,NULL,NULL
fb9236a6-41c0-5c5a-9e83-c870b03ef63e,2026-09-08T00:00:00,2026-09-08T00:00:00,0,32e6ba50-b327-578f-9695-ffc59d173160,HIT,DAMAGE,0,1,8,1,5,PIERCING,false,NULL,NULL,NULL
3a4b4774-f599-566f-847b-1571817d1ff5,2026-09-08T00:00:00,2026-09-08T00:00:00,0,f47221a1-e059-5bdc-80e7-954ee43ffaef,HIT,DAMAGE,0,3,6,2,12,ACID,false,NULL,NULL,NULL
ce292faa-f66e-586e-badb-4fa3e0dc3e6e,2026-09-08T00:00:00,2026-09-08T00:00:00,0,987e44cc-991d-5abf-9791-32687e53a0f4,HIT,DAMAGE,0,2,8,4,13,BLUDGEONING,false,NULL,NULL,NULL
7d2f5757-eada-5928-ad2d-da5f3b924d34,2026-09-08T00:00:00,2026-09-08T00:00:00,0,2e75c376-3900-5db2-b54b-3d5c7b9dccf6,HIT,DAMAGE,0,2,6,4,11,PIERCING,false,NULL,NULL,NULL
97185b4f-f8a6-54f3-857c-93469f976241,2026-09-08T00:00:00,2026-09-08T00:00:00,0,5bf5b4f2-abe2-539e-9a63-97a29c6e7ca9,HIT,DAMAGE,0,1,12,4,10,SLASHING,false,NULL,NULL,NULL
4d212cb2-1dfd-59b2-ae4a-1c013f8e2435,2026-09-08T00:00:00,2026-09-08T00:00:00,0,5bf5b4f2-abe2-539e-9a63-97a29c6e7ca9,HIT,DAMAGE,1,2,8,NULL,9,NECROTIC,false,NULL,NULL,NULL
24b90548-3cd7-5562-a520-841289b9e4e4,2026-09-08T00:00:00,2026-09-08T00:00:00,0,496a1bef-3f7a-58dc-8436-fee3cf4c2e11,HIT,DAMAGE,0,2,6,2,9,PSYCHIC,false,NULL,NULL,NULL
d5f384db-2633-51f6-b6ca-f3f6cce5161a,2026-09-08T00:00:00,2026-09-08T00:00:00,0,496a1bef-3f7a-58dc-8436-fee3cf4c2e11,HIT,APPLY_CONDITION,1,NULL,NULL,NULL,NULL,NULL,false,c04d0000-0000-4000-a000-000000000005,NULL,NULL
12e303ff-6264-57fd-afd9-0f17c57b9c25,2026-09-08T00:00:00,2026-09-08T00:00:00,0,800d80a5-c6ad-52ca-b1fe-1df1775be02f,HIT,DAMAGE,0,2,8,3,12,PIERCING,false,NULL,NULL,NULL
14423743-e243-5598-82d7-266eb26b6d32,2026-09-08T00:00:00,2026-09-08T00:00:00,0,800d80a5-c6ad-52ca-b1fe-1df1775be02f,HIT,APPLY_CONDITION,1,NULL,NULL,NULL,NULL,NULL,false,c04d0000-0000-4000-a000-00000000000b,NULL,NULL
9f002e1d-d50e-5931-a49a-413db64680a2,2026-09-08T00:00:00,2026-09-08T00:00:00,0,334b8df3-fc23-5d7e-b945-f35062edad2b,HIT,DAMAGE,0,2,8,3,12,PIERCING,false,NULL,NULL,NULL
aec47393-6b74-5ef9-a6bc-e1c94f29d68c,2026-09-08T00:00:00,2026-09-08T00:00:00,0,334b8df3-fc23-5d7e-b945-f35062edad2b,HIT,APPLY_CONDITION,1,NULL,NULL,NULL,NULL,NULL,false,c04d0000-0000-4000-a000-000000000006,13,NULL
28266c85-0da8-5db4-a947-d498286863ef,2026-09-08T00:00:00,2026-09-08T00:00:00,0,443c86b7-0356-5711-853f-56ce21dc119c,SAVE_FAILURE,DAMAGE,0,3,8,3,16,BLUDGEONING,false,NULL,NULL,NULL
fd08af54-ac76-5c95-9237-73c1f56e2bc8,2026-09-08T00:00:00,2026-09-08T00:00:00,0,443c86b7-0356-5711-853f-56ce21dc119c,SAVE_FAILURE,APPLY_CONDITION,1,NULL,NULL,NULL,NULL,NULL,false,c04d0000-0000-4000-a000-00000000000e,NULL,NULL
4aaad736-e704-50d8-9020-0f9b99231dac,2026-09-08T00:00:00,2026-09-08T00:00:00,0,443c86b7-0356-5711-853f-56ce21dc119c,SAVE_SUCCESS,DAMAGE,2,NULL,NULL,NULL,NULL,NULL,true,NULL,NULL,NULL
fde68db7-4cce-5de8-ae28-3e3aba97ad48,2026-09-08T00:00:00,2026-09-08T00:00:00,0,47e56bb9-f814-58d2-bce7-9d9835d16f0d,HIT,DAMAGE,0,2,8,5,14,SLASHING,false,NULL,NULL,NULL
0409755d-a532-5763-ae4f-9b0ac414490a,2026-09-08T00:00:00,2026-09-08T00:00:00,0,ae42769c-0a20-5789-ad53-76c4a631ab23,HIT,DAMAGE,0,1,6,4,7,BLUDGEONING,false,NULL,NULL,NULL
5591d717-08e0-5cd7-b62b-c3cbf18c4c4d,2026-09-08T00:00:00,2026-09-08T00:00:00,0,ae42769c-0a20-5789-ad53-76c4a631ab23,HIT,DAMAGE,1,2,4,NULL,5,RADIANT,false,NULL,NULL,NULL
5ff63d2e-a0d1-55e3-80d5-bda62b2ce3e0,2026-09-08T00:00:00,2026-09-08T00:00:00,0,960027a8-9b2c-5a2f-913b-f70bf2bf7cd5,HIT,DAMAGE,0,1,10,3,8,PIERCING,false,NULL,NULL,NULL
aebe2434-beac-501f-98b2-7f725f67d5bb,2026-09-08T00:00:00,2026-09-08T00:00:00,0,960027a8-9b2c-5a2f-913b-f70bf2bf7cd5,HIT,DAMAGE,1,2,8,NULL,9,POISON,false,NULL,NULL,NULL
d531fc92-aabb-5f12-924c-4fcc5b9cda03,2026-09-08T00:00:00,2026-09-08T00:00:00,0,960027a8-9b2c-5a2f-913b-f70bf2bf7cd5,HIT,APPLY_CONDITION,2,NULL,NULL,NULL,NULL,NULL,false,c04d0000-0000-4000-a000-00000000000b,NULL,NULL
bf14effb-446a-57dc-860c-73f4f721a2a6,2026-09-08T00:00:00,2026-09-08T00:00:00,0,960027a8-9b2c-5a2f-913b-f70bf2bf7cd5,HIT,APPLY_CONDITION,3,NULL,NULL,NULL,NULL,NULL,false,c04d0000-0000-4000-a000-000000000009,NULL,NULL
e3104d7a-fe10-5e40-ba6e-ae2f9c49d37e,2026-09-08T00:00:00,2026-09-08T00:00:00,0,d8714e26-a87c-51b5-a3cf-55e29b68b635,HIT,DAMAGE,0,1,4,3,5,PIERCING,false,NULL,NULL,NULL
952ee55b-0191-5ff5-b718-c813caf6d159,2026-09-08T00:00:00,2026-09-08T00:00:00,0,1992a7d0-385c-5bb1-9d36-0455ff2e2ac8,SAVE_FAILURE,APPLY_CONDITION,0,NULL,NULL,NULL,NULL,NULL,false,c04d0000-0000-4000-a000-000000000002,NULL,NULL
435fa79c-b555-5230-b104-5224967adde6,2026-09-08T00:00:00,2026-09-08T00:00:00,0,abf432db-8b91-51ac-b82b-01cf1f2db84c,HIT,DAMAGE,0,2,8,4,13,PIERCING,false,NULL,NULL,NULL
22c58cbc-30f9-596d-bf57-2b97cb65fe1d,2026-09-08T00:00:00,2026-09-08T00:00:00,0,41861594-164e-5036-b20b-0b090bbdbda7,HIT,DAMAGE,0,2,10,4,15,PIERCING,false,NULL,NULL,NULL
d751f368-32e4-54a1-b8f5-c1491bd2389d,2026-09-08T00:00:00,2026-09-08T00:00:00,0,e5f8e3f3-73b2-5813-b2ea-109d2af6112e,SAVE_FAILURE,APPLY_CONDITION,0,NULL,NULL,NULL,NULL,NULL,false,c04d0000-0000-4000-a000-000000000002,NULL,NULL
e3cfb201-5f76-502d-9acf-2c1c1877c03e,2026-09-08T00:00:00,2026-09-08T00:00:00,0,82532044-f6f0-533e-b525-c562206d5488,SAVE_FAILURE,APPLY_CONDITION,0,NULL,NULL,NULL,NULL,NULL,false,c04d0000-0000-4000-a000-000000000005,NULL,NULL
0e6f1b9c-df33-5f79-a41b-59c40dba9d45,2026-09-08T00:00:00,2026-09-08T00:00:00,0,f0141bed-8910-5def-8166-878d978fc1c6,HIT,DAMAGE,0,3,6,8,18,PIERCING,false,NULL,NULL,NULL
684fa8ac-61a3-5744-ae3c-79db186ec875,2026-09-08T00:00:00,2026-09-08T00:00:00,0,0558e9c4-8b03-58bd-8e1e-5ed10053c701,SAVE_FAILURE,DAMAGE,0,6,6,NULL,21,POISON,false,NULL,NULL,NULL
e5160e0a-a08e-50a4-9979-af9090dd747a,2026-09-08T00:00:00,2026-09-08T00:00:00,0,0558e9c4-8b03-58bd-8e1e-5ed10053c701,SAVE_FAILURE,APPLY_CONDITION,1,NULL,NULL,NULL,NULL,NULL,false,c04d0000-0000-4000-a000-00000000000b,NULL,NULL
45ce9be0-3853-5556-9b21-3bf9f8c48841,2026-09-08T00:00:00,2026-09-08T00:00:00,0,3641a53f-9bfa-5ac9-a65d-c15f4b4bd36f,HIT,DAMAGE,0,4,8,8,26,NECROTIC,false,NULL,NULL,NULL
25f6545c-fe68-5258-a2a6-cdef9d69f7ca,2026-09-08T00:00:00,2026-09-08T00:00:00,0,77c548ff-b1b1-5a39-ba39-bc2f8399cff6,HIT,DAMAGE,0,4,6,8,22,FORCE,false,NULL,NULL,NULL
7852066c-c887-5d32-aed6-5aea60325816,2026-09-08T00:00:00,2026-09-08T00:00:00,0,77c548ff-b1b1-5a39-ba39-bc2f8399cff6,HIT,DAMAGE,1,6,6,NULL,21,FIRE,false,NULL,NULL,NULL
59abd2fb-04f4-5e6f-ab0d-be6cf5068d61,2026-09-08T00:00:00,2026-09-08T00:00:00,0,1e4b02da-28d6-5e97-948b-d233cfc82876,HIT,DAMAGE,0,2,6,7,14,SLASHING,false,NULL,NULL,NULL
aaabf5e6-7f6b-5ff4-b457-819a0b95cb5d,2026-09-08T00:00:00,2026-09-08T00:00:00,0,1e4b02da-28d6-5e97-948b-d233cfc82876,HIT,DAMAGE,1,4,8,NULL,18,RADIANT,false,NULL,NULL,NULL
1e223e1c-45b8-592a-9546-01ef1a3a5ba8,2026-09-08T00:00:00,2026-09-08T00:00:00,0,0d16280e-23ae-5686-8918-7570742c537f,SAVE_FAILURE,DAMAGE,0,7,6,NULL,24,RADIANT,false,NULL,NULL,NULL
2073142f-af83-57ae-a851-b2d1d8c0b622,2026-09-08T00:00:00,2026-09-08T00:00:00,0,0d16280e-23ae-5686-8918-7570742c537f,SAVE_SUCCESS,DAMAGE,1,NULL,NULL,NULL,NULL,NULL,true,NULL,NULL,NULL
07c260fd-1e27-5c93-88a7-a1c635d2e123,2026-09-08T00:00:00,2026-09-08T00:00:00,0,7d61bf95-cd98-566d-9bb8-688777af5e2a,HIT,DAMAGE,0,1,6,2,5,BLUDGEONING,false,NULL,NULL,NULL
1d670fa6-403a-53c9-a6b4-1e7c24575fbd,2026-09-08T00:00:00,2026-09-08T00:00:00,0,7d61bf95-cd98-566d-9bb8-688777af5e2a,HIT,DAMAGE,1,1,4,NULL,2,RADIANT,false,NULL,NULL,NULL
d5566b9d-9e10-5e1f-b71c-d3e9494abf4b,2026-09-08T00:00:00,2026-09-08T00:00:00,0,1971767d-b333-5633-a43a-b0438b356efb,HIT,DAMAGE,0,2,6,NULL,7,RADIANT,false,NULL,NULL,NULL
576d6286-e41f-51f9-93a8-a85565dbc6bd,2026-09-08T00:00:00,2026-09-08T00:00:00,0,e55f8f79-8798-5531-911e-5c8cee689fae,HIT,DAMAGE,0,1,6,3,6,BLUDGEONING,false,NULL,NULL,NULL
1a44257f-f410-5781-b96e-a8583a0e19c3,2026-09-08T00:00:00,2026-09-08T00:00:00,0,e55f8f79-8798-5531-911e-5c8cee689fae,HIT,DAMAGE,1,2,4,NULL,5,RADIANT,false,NULL,NULL,NULL
fe872f40-fc31-52c9-b5dd-28d6c0803a4a,2026-09-08T00:00:00,2026-09-08T00:00:00,0,74f547f8-d852-5f75-b3d8-492ff219e167,HIT,DAMAGE,0,2,10,NULL,11,RADIANT,false,NULL,NULL,NULL
e3922b5c-1704-5908-9a24-8a1aabfeb65d,2026-09-08T00:00:00,2026-09-08T00:00:00,0,1c234a71-be17-5fb1-a123-ac8f381e2260,HIT,DAMAGE,0,1,4,2,4,PIERCING,false,NULL,NULL,NULL
d925716d-7e6b-5c6a-bb26-9d4ba11b6b94,2026-09-08T00:00:00,2026-09-08T00:00:00,0,c1ca6131-8d9e-5f4b-9e31-ab429837d51e,SAVE_FAILURE,DAMAGE,0,2,4,NULL,5,POISON,false,NULL,NULL,NULL
3de30bce-6316-5df2-893d-5a7a42b791b5,2026-09-08T00:00:00,2026-09-08T00:00:00,0,c1ca6131-8d9e-5f4b-9e31-ab429837d51e,SAVE_FAILURE,APPLY_CONDITION,1,NULL,NULL,NULL,NULL,NULL,false,c04d0000-0000-4000-a000-00000000000b,NULL,NULL
855fdc16-11ed-5f41-bb37-2376e32b1185,2026-09-08T00:00:00,2026-09-08T00:00:00,0,c1ca6131-8d9e-5f4b-9e31-ab429837d51e,FAILURE_BY_5_OR_MORE,APPLY_CONDITION,2,NULL,NULL,NULL,NULL,NULL,false,c04d0000-0000-4000-a000-00000000000f,NULL,NULL
84edd552-021a-5366-86d3-0633dc2a8102,2026-09-08T00:00:00,2026-09-08T00:00:00,0,c8c051b0-d19b-5e8a-8bd5-b4f1ef74764f,HIT,DAMAGE,0,3,8,9,22,PIERCING,false,NULL,NULL,NULL
fc1296a9-4695-54f8-94a0-3e0e6fbdd256,2026-09-08T00:00:00,2026-09-08T00:00:00,0,c8c051b0-d19b-5e8a-8bd5-b4f1ef74764f,HIT,APPLY_CONDITION,1,NULL,NULL,NULL,NULL,NULL,false,c04d0000-0000-4000-a000-000000000006,19,NULL
b99c0e55-8e37-585f-bded-898bb24eb85f,2026-09-08T00:00:00,2026-09-08T00:00:00,0,c8c051b0-d19b-5e8a-8bd5-b4f1ef74764f,HIT,APPLY_CONDITION,2,NULL,NULL,NULL,NULL,NULL,false,c04d0000-0000-4000-a000-00000000000d,19,NULL
cc39816d-df97-57c6-afc9-cdd42ad74752,2026-09-08T00:00:00,2026-09-08T00:00:00,0,68cea172-05af-5c25-a8d7-6b9fd461f555,HIT,DAMAGE,0,2,6,9,16,PIERCING,false,NULL,NULL,NULL
b289ecc2-f23f-5a32-b7f6-08962206739f,2026-09-08T00:00:00,2026-09-08T00:00:00,0,68cea172-05af-5c25-a8d7-6b9fd461f555,HIT,DAMAGE,1,10,6,NULL,35,POISON,false,NULL,NULL,NULL
f84c53f1-e6bd-55e3-af95-a9e586da0c32,2026-09-08T00:00:00,2026-09-08T00:00:00,0,1dcb2511-40c3-5a59-befc-0e4638fe1788,SAVE_FAILURE,DAMAGE,0,5,6,NULL,17,ACID,false,NULL,NULL,NULL
e78cb9f4-5438-50bc-bcc3-728ba034fbd6,2026-09-08T00:00:00,2026-09-08T00:00:00,0,1dcb2511-40c3-5a59-befc-0e4638fe1788,SAVE_FAILURE,APPLY_CONDITION,1,NULL,NULL,NULL,NULL,NULL,false,c04d0000-0000-4000-a000-00000000000c,NULL,NULL
22115135-e7e3-58c9-85e0-fdabfbb8c6d6,2026-09-08T00:00:00,2026-09-08T00:00:00,0,1dcb2511-40c3-5a59-befc-0e4638fe1788,SAVE_FAILURE,APPLY_CONDITION,2,NULL,NULL,NULL,NULL,NULL,false,c04d0000-0000-4000-a000-00000000000d,NULL,NULL
87bef39d-f861-5568-bb9d-09d17d61c7a7,2026-09-08T00:00:00,2026-09-08T00:00:00,0,059180f4-c522-55a3-a1bd-e59509a1d5f4,HIT,DAMAGE,0,1,4,3,5,SLASHING,false,NULL,NULL,NULL
ec5200d2-89cd-5404-83b7-8863ce4cd091,2026-09-08T00:00:00,2026-09-08T00:00:00,0,059180f4-c522-55a3-a1bd-e59509a1d5f4,HIT,APPLY_CONDITION,1,NULL,NULL,NULL,NULL,NULL,false,c04d0000-0000-4000-a000-00000000000b,NULL,NULL
84ad1914-1886-5cc3-a94b-15dda7eaa3f3,2026-09-08T00:00:00,2026-09-08T00:00:00,0,95c8d099-60e2-5a72-a137-38b2aa0c761e,SAVE_FAILURE,APPLY_CONDITION,0,NULL,NULL,NULL,NULL,NULL,false,c04d0000-0000-4000-a000-000000000005,NULL,NULL
4e849d53-72b6-5549-84a9-abcbb3aa9782,2026-09-08T00:00:00,2026-09-08T00:00:00,0,6424978f-e90c-56dd-b16a-56ef00f08b38,HIT,DAMAGE,0,2,6,5,12,SLASHING,false,NULL,NULL,NULL
f7f4fc28-5d1d-55d0-89ea-d2a6cbf855e8,2026-09-08T00:00:00,2026-09-08T00:00:00,0,6424978f-e90c-56dd-b16a-56ef00f08b38,HIT,DAMAGE,1,3,12,NULL,19,NECROTIC,false,NULL,NULL,NULL
e0935157-7a61-503e-8d01-5457cf160e1b,2026-09-08T00:00:00,2026-09-08T00:00:00,0,79b4ba46-812f-5d9a-9074-f7d81511693d,SAVE_FAILURE,DAMAGE,0,8,6,NULL,28,PSYCHIC,false,NULL,NULL,NULL
07df2d0e-b439-5054-9d39-b7db7fb8692c,2026-09-08T00:00:00,2026-09-08T00:00:00,0,2f0d221c-f98c-5a12-bb65-75f5ca5802fa,HIT,DAMAGE,0,1,10,4,9,SLASHING,false,NULL,NULL,NULL
87285b7a-0478-5f5c-aae0-f4457cfb5655,2026-09-08T00:00:00,2026-09-08T00:00:00,0,2f0d221c-f98c-5a12-bb65-75f5ca5802fa,HIT,DAMAGE,1,1,6,NULL,3,FIRE,false,NULL,NULL,NULL
0a9aa2ea-2689-5c50-8fcc-065ab8560c0a,2026-09-08T00:00:00,2026-09-08T00:00:00,0,8402e9b9-7305-5e40-b49b-48671f284b5e,SAVE_FAILURE,DAMAGE,0,7,6,NULL,24,FIRE,false,NULL,NULL,NULL
34f066cc-8107-5882-9090-82e65da17123,2026-09-08T00:00:00,2026-09-08T00:00:00,0,8402e9b9-7305-5e40-b49b-48671f284b5e,SAVE_SUCCESS,DAMAGE,1,NULL,NULL,NULL,NULL,NULL,true,NULL,NULL,NULL
b39990ea-2ab1-5e26-a2d8-ae1bb93a93e9,2026-09-08T00:00:00,2026-09-08T00:00:00,0,6fd45e3a-cc96-59cb-8085-2a52538fad4a,HIT,DAMAGE,0,2,6,6,13,SLASHING,false,NULL,NULL,NULL
c3520e97-c559-5f2d-9cd7-a29af95a388e,2026-09-08T00:00:00,2026-09-08T00:00:00,0,6fd45e3a-cc96-59cb-8085-2a52538fad4a,HIT,DAMAGE,1,1,6,NULL,3,FIRE,false,NULL,NULL,NULL
f30f887d-71cc-5617-9d48-fc66e7deed0a,2026-09-08T00:00:00,2026-09-08T00:00:00,0,746b355d-04d3-570b-8265-1cb0b84bc54d,SAVE_FAILURE,DAMAGE,0,16,6,NULL,56,FIRE,false,NULL,NULL,NULL
64bd184d-bbaf-5b5d-8f01-602c095fec58,2026-09-08T00:00:00,2026-09-08T00:00:00,0,746b355d-04d3-570b-8265-1cb0b84bc54d,SAVE_SUCCESS,DAMAGE,1,NULL,NULL,NULL,NULL,NULL,true,NULL,NULL,NULL
c7c68fec-0637-5a19-b5c7-2d4d62df7ac7,2026-09-08T00:00:00,2026-09-08T00:00:00,0,939b7fd6-551e-5a8f-bc85-9e4e5478b1cd,HIT,DAMAGE,0,1,10,8,13,SLASHING,false,NULL,NULL,NULL
add34ab9-9cc0-5893-904b-0d275731d90f,2026-09-08T00:00:00,2026-09-08T00:00:00,0,939b7fd6-551e-5a8f-bc85-9e4e5478b1cd,HIT,DAMAGE,1,2,4,NULL,5,FIRE,false,NULL,NULL,NULL
a3ba8fbf-61ef-5feb-b7d6-b8e49602c7de,2026-09-08T00:00:00,2026-09-08T00:00:00,0,285c4c62-37be-5416-af45-ad383b346826,SAVE_FAILURE,DAMAGE,0,17,6,NULL,59,FIRE,false,NULL,NULL,NULL
733b2df1-edd9-554c-ab52-470e9240c879,2026-09-08T00:00:00,2026-09-08T00:00:00,0,285c4c62-37be-5416-af45-ad383b346826,SAVE_SUCCESS,DAMAGE,1,NULL,NULL,NULL,NULL,NULL,true,NULL,NULL,NULL
b6388354-f6aa-5296-8dc6-aaeaae085474,2026-09-08T00:00:00,2026-09-08T00:00:00,0,dde4acb2-ba94-5b73-bedc-6e18a6aae1b2,HIT,DAMAGE,0,2,8,10,19,SLASHING,false,NULL,NULL,NULL
a850adaa-45a7-5a5a-aaf4-9c0e11a9500a,2026-09-08T00:00:00,2026-09-08T00:00:00,0,dde4acb2-ba94-5b73-bedc-6e18a6aae1b2,HIT,DAMAGE,1,3,6,NULL,10,FIRE,false,NULL,NULL,NULL
d83a7ede-8e57-5100-afdf-4b0ddf892d4a,2026-09-08T00:00:00,2026-09-08T00:00:00,0,e9b1bec4-1cb6-55e7-9a93-59c0f5e419db,SAVE_FAILURE,DAMAGE,0,26,6,NULL,91,FIRE,false,NULL,NULL,NULL
f1a157d1-f9b1-5951-84ef-e82c4160e4c8,2026-09-08T00:00:00,2026-09-08T00:00:00,0,e9b1bec4-1cb6-55e7-9a93-59c0f5e419db,SAVE_SUCCESS,DAMAGE,1,NULL,NULL,NULL,NULL,NULL,true,NULL,NULL,NULL
c596a994-5020-56a0-a7f7-8e4cc8c457b9,2026-09-08T00:00:00,2026-09-08T00:00:00,0,1cc7c668-1e43-546e-8e51-c2a11cd6463f,ALWAYS,DAMAGE,0,3,10,NULL,16,FIRE,false,NULL,NULL,NULL
47a6bbff-ce54-5c38-b219-2899a006673d,2026-09-08T00:00:00,2026-09-08T00:00:00,0,5cb3ee5d-805d-5be7-8fb1-f3ede49f437c,HIT,DAMAGE,0,2,10,7,18,PIERCING,false,NULL,NULL,NULL
4693775b-697f-5aa4-8336-cfd26e2fe101,2026-09-08T00:00:00,2026-09-08T00:00:00,0,5cb3ee5d-805d-5be7-8fb1-f3ede49f437c,HIT,DAMAGE,1,4,6,NULL,14,FIRE,false,NULL,NULL,NULL
42109272-676a-586e-a1ff-f174221e97e3,2026-09-08T00:00:00,2026-09-08T00:00:00,0,5cb3ee5d-805d-5be7-8fb1-f3ede49f437c,HIT,APPLY_CONDITION,2,NULL,NULL,NULL,NULL,NULL,false,c04d0000-0000-4000-a000-000000000006,17,NULL
ca116e53-d818-5307-b87d-79ace5c0f3ad,2026-09-08T00:00:00,2026-09-08T00:00:00,0,5cb3ee5d-805d-5be7-8fb1-f3ede49f437c,HIT,APPLY_CONDITION,3,NULL,NULL,NULL,NULL,NULL,false,c04d0000-0000-4000-a000-00000000000d,17,NULL
a6f8a0b4-0bdf-5a8a-9aa6-38d77aa9cf74,2026-09-08T00:00:00,2026-09-08T00:00:00,0,9b7e91fc-7c13-5926-995c-b3d9b552a949,SAVE_FAILURE,DAMAGE,0,3,6,NULL,10,ACID,false,NULL,NULL,NULL
0803237f-4b81-531a-b3a5-5a76b97bb466,2026-09-08T00:00:00,2026-09-08T00:00:00,0,9b7e91fc-7c13-5926-995c-b3d9b552a949,SAVE_FAILURE,DAMAGE,1,3,6,NULL,10,FIRE,false,NULL,NULL,NULL
6e1726b8-9773-5249-8f72-8d07e2203174,2026-09-08T00:00:00,2026-09-08T00:00:00,0,9b7e91fc-7c13-5926-995c-b3d9b552a949,SAVE_FAILURE,APPLY_CONDITION,2,NULL,NULL,NULL,NULL,NULL,false,c04d0000-0000-4000-a000-00000000000c,NULL,NULL
c65682c1-80a8-5a26-a41e-390a0ce2371d,2026-09-08T00:00:00,2026-09-08T00:00:00,0,9b7e91fc-7c13-5926-995c-b3d9b552a949,SAVE_FAILURE,APPLY_CONDITION,3,NULL,NULL,NULL,NULL,NULL,false,c04d0000-0000-4000-a000-00000000000d,NULL,NULL
f0defbbf-eeef-59d9-9321-f6788ff6b18b,2026-09-08T00:00:00,2026-09-08T00:00:00,0,7ec2e97f-caf2-58d7-a481-5917a74fdf68,HIT,DAMAGE,0,3,12,9,28,PIERCING,false,NULL,NULL,NULL
07a4cacf-ee4b-5089-bfe4-0d2b295afea4,2026-09-08T00:00:00,2026-09-08T00:00:00,0,1e0d762c-bfa6-5c5a-bfc5-2f6734b611a5,HIT,DAMAGE,0,4,6,9,23,SLASHING,false,NULL,NULL,NULL
9928fc6c-0077-579e-844b-21896d9cc100,2026-09-08T00:00:00,2026-09-08T00:00:00,0,1e0d762c-bfa6-5c5a-bfc5-2f6734b611a5,HIT,APPLY_CONDITION,1,NULL,NULL,NULL,NULL,NULL,false,c04d0000-0000-4000-a000-000000000006,19,NULL
71734b0e-4e3c-512a-886d-e1983f467e40,2026-09-08T00:00:00,2026-09-08T00:00:00,0,1e0d762c-bfa6-5c5a-bfc5-2f6734b611a5,HIT,APPLY_CONDITION,2,NULL,NULL,NULL,NULL,NULL,false,c04d0000-0000-4000-a000-00000000000d,19,NULL
1584be5d-9c29-5dde-929f-ee70b28a8491,2026-09-08T00:00:00,2026-09-08T00:00:00,0,aa8ca58a-e377-5c67-b04f-fe42ad3c0ba7,HIT,DAMAGE,0,3,8,4,17,PIERCING,false,NULL,NULL,NULL
359091f2-3466-5852-8ef5-e6a7b55b22c0,2026-09-08T00:00:00,2026-09-08T00:00:00,0,2568e228-10a5-59ea-96d7-6eb2b6363653,HIT,APPLY_CONDITION,0,NULL,NULL,NULL,NULL,NULL,false,c04d0000-0000-4000-a000-000000000006,14,NULL
152bd4c8-3749-56d2-af7b-9e6b701aed88,2026-09-08T00:00:00,2026-09-08T00:00:00,0,2568e228-10a5-59ea-96d7-6eb2b6363653,HIT,APPLY_CONDITION,1,NULL,NULL,NULL,NULL,NULL,false,c04d0000-0000-4000-a000-00000000000b,14,NULL
869c1f34-cbc5-5704-bb35-dfc84b72f984,2026-09-08T00:00:00,2026-09-08T00:00:00,0,2c4b6067-f8db-503e-8dea-b6e537822819,HIT,DAMAGE,0,1,8,1,5,PIERCING,false,NULL,NULL,NULL
2e698175-6c34-5efa-94b0-b900809b9e2d,2026-09-08T00:00:00,2026-09-08T00:00:00,0,03927063-be49-5103-aee8-6c3d64fcf147,HIT,DAMAGE,0,1,6,1,4,SLASHING,false,NULL,NULL,NULL
a3fd6498-b971-5b33-b061-a6132bb8c502,2026-09-08T00:00:00,2026-09-08T00:00:00,0,1c9b2ccf-8726-54c6-8b12-3b7a5f604cb3,ALWAYS,DAMAGE,0,2,6,NULL,7,FIRE,false,NULL,NULL,NULL
2b0aa004-c979-517a-a650-33cc7daacfa4,2026-09-08T00:00:00,2026-09-08T00:00:00,0,ec7d96f5-814a-5217-84d6-9bd0e05a0394,HIT,DAMAGE,0,2,8,4,13,PIERCING,false,NULL,NULL,NULL
b7b8ad92-a2ad-5137-839b-6a440b9feefd,2026-09-08T00:00:00,2026-09-08T00:00:00,0,ec7d96f5-814a-5217-84d6-9bd0e05a0394,HIT,DAMAGE,1,2,6,NULL,7,FIRE,false,NULL,NULL,NULL
e55adc38-3bb3-5caf-a64f-26c041587074,2026-09-08T00:00:00,2026-09-08T00:00:00,0,c0927cec-889f-5b58-a3f5-dbf76acb2421,SAVE_FAILURE,DAMAGE,0,2,6,4,11,BLUDGEONING,false,NULL,NULL,NULL
6f920f70-6ae9-5375-8e28-1b68222da6ff,2026-09-08T00:00:00,2026-09-08T00:00:00,0,c0927cec-889f-5b58-a3f5-dbf76acb2421,SAVE_FAILURE,DAMAGE,1,2,6,NULL,7,FIRE,false,NULL,NULL,NULL
ee85eb06-6901-5002-a3aa-f4915ffd84f8,2026-09-08T00:00:00,2026-09-08T00:00:00,0,c0927cec-889f-5b58-a3f5-dbf76acb2421,SAVE_FAILURE,APPLY_CONDITION,2,NULL,NULL,NULL,NULL,NULL,false,c04d0000-0000-4000-a000-000000000006,14,NULL
71e7264b-9fea-5890-ac6d-e7eb70aa4d8a,2026-09-08T00:00:00,2026-09-08T00:00:00,0,c0927cec-889f-5b58-a3f5-dbf76acb2421,SAVE_FAILURE,APPLY_CONDITION,3,NULL,NULL,NULL,NULL,NULL,false,c04d0000-0000-4000-a000-00000000000d,14,NULL
ef83f034-8445-52df-837e-7d0729e61a2c,2026-09-08T00:00:00,2026-09-08T00:00:00,0,f68d9fe0-fdeb-585b-976d-1bac00e462f6,HIT,DAMAGE,0,1,4,3,5,BLUDGEONING,false,NULL,NULL,NULL
c4503d6f-12d7-5d81-b3d9-522da324fd3c,2026-09-08T00:00:00,2026-09-08T00:00:00,0,813eaa51-5840-54ee-949a-d1b477a5ef41,SAVE_FAILURE,DAMAGE,0,1,6,2,5,PSYCHIC,false,NULL,NULL,NULL
c30d1c23-9292-5a02-a58d-e5c5f9db0bc6,2026-09-08T00:00:00,2026-09-08T00:00:00,0,9927a54f-d427-50cd-aba4-99093caa59d6,HIT,DAMAGE,0,1,6,2,5,PIERCING,false,NULL,NULL,NULL
194ec5de-905b-5dec-a363-8b84d850461e,2026-09-08T00:00:00,2026-09-08T00:00:00,0,218fd2ea-d85f-5c1f-9a5a-d47d9c1df635,HIT,DAMAGE,0,1,8,2,6,PIERCING,false,NULL,NULL,NULL
81cc6fea-dbbf-508f-b0c6-97a3b287c08b,2026-09-08T00:00:00,2026-09-08T00:00:00,0,78ecfe73-eb3f-5633-84e4-0a6fed813f88,SAVE_FAILURE,APPLY_CONDITION,0,NULL,NULL,NULL,NULL,NULL,false,c04d0000-0000-4000-a000-000000000005,NULL,NULL
2fd767fb-571f-5ac0-8527-77d39943f2d2,2026-09-08T00:00:00,2026-09-08T00:00:00,0,5a96b984-0934-5c76-b8a8-e6a722ac821e,HIT,DAMAGE,0,2,6,3,10,SLASHING,false,NULL,NULL,NULL
2f90955c-a6ad-5835-8868-625b89405838,2026-09-08T00:00:00,2026-09-08T00:00:00,0,4f7eca2b-f238-5c7d-8737-d6522e090db4,SAVE_FAILURE,DAMAGE,0,3,8,NULL,13,PSYCHIC,false,NULL,NULL,NULL
fdd6c3cf-b63a-5109-9745-67a1b1aad8e2,2026-09-08T00:00:00,2026-09-08T00:00:00,0,d7e8c14a-2686-5c72-a4b4-81f68322a3a5,HIT,DAMAGE,0,1,6,2,5,NECROTIC,false,NULL,NULL,NULL
0747a1c4-26e4-5b9c-8458-8fe94ccd988a,2026-09-08T00:00:00,2026-09-08T00:00:00,0,8c3a7499-1645-5439-bb4f-2fe8322d1d49,HIT,DAMAGE,0,1,6,4,7,BLUDGEONING,false,NULL,NULL,NULL
d2568c93-08ca-543b-a49b-415ae62f4fc1,2026-09-08T00:00:00,2026-09-08T00:00:00,0,8c3a7499-1645-5439-bb4f-2fe8322d1d49,HIT,DAMAGE,1,2,4,NULL,5,LIGHTNING,false,NULL,NULL,NULL
1b6ef0da-ab94-5ab8-891c-c1f23579c8e0,2026-09-08T00:00:00,2026-09-08T00:00:00,0,3c77a6f8-a3a8-5dba-905f-d3c5c042d6ce,SAVE_FAILURE,DAMAGE,0,3,6,NULL,10,LIGHTNING,false,NULL,NULL,NULL
79390578-c307-5b04-8e9f-8ba22132e909,2026-09-08T00:00:00,2026-09-08T00:00:00,0,3c77a6f8-a3a8-5dba-905f-d3c5c042d6ce,SAVE_FAILURE,APPLY_CONDITION,1,NULL,NULL,NULL,NULL,NULL,false,c04d0000-0000-4000-a000-000000000006,14,NULL
216ecdcf-4f22-59d7-a528-4dafdbef4a97,2026-09-08T00:00:00,2026-09-08T00:00:00,0,fd3b8a28-4f24-5404-831a-c82a47513979,HIT,DAMAGE,0,2,6,4,11,BLUDGEONING,false,NULL,NULL,NULL
b3770938-da72-56c4-99d1-c9be317b1c2b,2026-09-08T00:00:00,2026-09-08T00:00:00,0,fd3b8a28-4f24-5404-831a-c82a47513979,HIT,DAMAGE,1,2,6,NULL,7,FORCE,false,NULL,NULL,NULL
80def18b-1682-5ad0-81ce-c8b7f29da9c7,2026-09-08T00:00:00,2026-09-08T00:00:00,0,501009dc-5cb2-5a3d-9b44-b899a0942360,HIT,DAMAGE,0,1,10,4,9,PIERCING,false,NULL,NULL,NULL
9396fc0b-a3bb-5d82-a8be-974adec794bb,2026-09-08T00:00:00,2026-09-08T00:00:00,0,3a695273-c8ce-5fdc-b04c-5bfcbbb3ed15,SAVE_FAILURE,DAMAGE,0,4,8,NULL,18,COLD,false,NULL,NULL,NULL
9a73dfea-7e48-5cfe-8cc2-f013b3b0b32e,2026-09-08T00:00:00,2026-09-08T00:00:00,0,3a695273-c8ce-5fdc-b04c-5bfcbbb3ed15,SAVE_SUCCESS,DAMAGE,1,NULL,NULL,NULL,NULL,NULL,true,NULL,NULL,NULL
4c629e1f-c7b5-5e10-a7a7-7d8be7175753,2026-09-08T00:00:00,2026-09-08T00:00:00,0,a1080c17-fa69-5902-87f5-a07f2696c146,FIRST_FAILURE,APPLY_CONDITION,0,NULL,NULL,NULL,NULL,NULL,false,c04d0000-0000-4000-a000-000000000007,NULL,NULL
8ff8f93e-70d2-52a7-8d9c-b77857fbe7ae,2026-09-08T00:00:00,2026-09-08T00:00:00,0,a1080c17-fa69-5902-87f5-a07f2696c146,SECOND_FAILURE,APPLY_CONDITION,1,NULL,NULL,NULL,NULL,NULL,false,c04d0000-0000-4000-a000-000000000009,NULL,NULL
e0718c5f-156e-5a3c-a82d-01a5fc1444a8,2026-09-08T00:00:00,2026-09-08T00:00:00,0,d5c892fc-6910-587d-9aca-8b48985e47fe,HIT,DAMAGE,0,2,8,6,15,SLASHING,false,NULL,NULL,NULL
e28fdbf8-f41c-5521-9199-af05c043d257,2026-09-08T00:00:00,2026-09-08T00:00:00,0,f572475f-97d6-5cb5-a058-d4937d5c5028,SAVE_FAILURE,DAMAGE,0,11,8,NULL,49,COLD,false,NULL,NULL,NULL
e78e038d-0633-543c-baa8-2cd7ac2f2972,2026-09-08T00:00:00,2026-09-08T00:00:00,0,f572475f-97d6-5cb5-a058-d4937d5c5028,SAVE_SUCCESS,DAMAGE,1,NULL,NULL,NULL,NULL,NULL,true,NULL,NULL,NULL
daa12e55-ca68-5e13-86af-456537a608c9,2026-09-08T00:00:00,2026-09-08T00:00:00,0,211e9bc5-b7c8-54ba-a822-9fb58b675994,FIRST_FAILURE,APPLY_CONDITION,0,NULL,NULL,NULL,NULL,NULL,false,c04d0000-0000-4000-a000-000000000007,NULL,NULL
0fc6f869-8ff4-57e7-b97d-2e727dbdf6da,2026-09-08T00:00:00,2026-09-08T00:00:00,0,211e9bc5-b7c8-54ba-a822-9fb58b675994,SECOND_FAILURE,APPLY_CONDITION,1,NULL,NULL,NULL,NULL,NULL,false,c04d0000-0000-4000-a000-000000000009,NULL,NULL
6a9896a2-f273-5300-b3a1-e80da9c15bb8,2026-09-08T00:00:00,2026-09-08T00:00:00,0,d7ec5200-009d-534e-8c60-e961a9a4a81a,HIT,DAMAGE,0,2,8,8,17,SLASHING,false,NULL,NULL,NULL
970c465c-964a-55df-91c2-18f623e59bd9,2026-09-08T00:00:00,2026-09-08T00:00:00,0,d7ec5200-009d-534e-8c60-e961a9a4a81a,HIT,DAMAGE,1,1,8,NULL,4,COLD,false,NULL,NULL,NULL
3c670f48-cefb-5f9e-9106-8d1b5054e722,2026-09-08T00:00:00,2026-09-08T00:00:00,0,b52134c3-52e1-55f1-ba67-2619d9e0ff1d,SAVE_FAILURE,DAMAGE,0,12,8,NULL,54,COLD,false,NULL,NULL,NULL
8beaeb5f-6a00-5864-9d36-70aa524d4f77,2026-09-08T00:00:00,2026-09-08T00:00:00,0,b52134c3-52e1-55f1-ba67-2619d9e0ff1d,SAVE_SUCCESS,DAMAGE,1,NULL,NULL,NULL,NULL,NULL,true,NULL,NULL,NULL
5f529215-352f-5dd4-b070-0b3697f52f1b,2026-09-08T00:00:00,2026-09-08T00:00:00,0,10b291a8-606b-521e-b6a8-123bb8a6fb67,FIRST_FAILURE,APPLY_CONDITION,0,NULL,NULL,NULL,NULL,NULL,false,c04d0000-0000-4000-a000-000000000007,NULL,NULL
052cfdf4-ddda-5ecc-9dcd-0a435e2a0a49,2026-09-08T00:00:00,2026-09-08T00:00:00,0,10b291a8-606b-521e-b6a8-123bb8a6fb67,SECOND_FAILURE,APPLY_CONDITION,1,NULL,NULL,NULL,NULL,NULL,false,c04d0000-0000-4000-a000-000000000009,NULL,NULL
2d373998-79de-53e2-a367-839e4687281d,2026-09-08T00:00:00,2026-09-08T00:00:00,0,e9a53eaa-da66-554d-aa2b-440c1df42941,SAVE_FAILURE,DAMAGE,0,4,6,NULL,14,COLD,false,NULL,NULL,NULL
462a00be-90cf-5eee-bef4-f294aa6a14a3,2026-09-08T00:00:00,2026-09-08T00:00:00,0,e9a53eaa-da66-554d-aa2b-440c1df42941,SAVE_SUCCESS,DAMAGE,1,NULL,NULL,NULL,NULL,NULL,true,NULL,NULL,NULL
7fbf059c-7d5a-5929-9697-93139aff37d9,2026-09-08T00:00:00,2026-09-08T00:00:00,0,9cacf690-4929-57e9-9dc9-83a0ae14d9e8,HIT,DAMAGE,0,2,8,10,19,SLASHING,false,NULL,NULL,NULL
2b2fc9a5-1932-5484-b926-d6a2fc24c39e,2026-09-08T00:00:00,2026-09-08T00:00:00,0,9cacf690-4929-57e9-9dc9-83a0ae14d9e8,HIT,DAMAGE,1,2,8,NULL,9,COLD,false,NULL,NULL,NULL
f2163716-fd29-5523-953e-8cddf4496362,2026-09-08T00:00:00,2026-09-08T00:00:00,0,b0ce8d2b-4464-53fc-a195-4e2bf424394d,SAVE_FAILURE,DAMAGE,0,15,8,NULL,67,COLD,false,NULL,NULL,NULL
809054c1-8424-5d11-b530-d66c4cdbb092,2026-09-08T00:00:00,2026-09-08T00:00:00,0,b0ce8d2b-4464-53fc-a195-4e2bf424394d,SAVE_SUCCESS,DAMAGE,1,NULL,NULL,NULL,NULL,NULL,true,NULL,NULL,NULL
7a2d3f60-56b4-52ed-8025-706922408585,2026-09-08T00:00:00,2026-09-08T00:00:00,0,efbd8d6c-dba2-54e0-8c8c-f787d174cad3,FIRST_FAILURE,APPLY_CONDITION,0,NULL,NULL,NULL,NULL,NULL,false,c04d0000-0000-4000-a000-000000000007,NULL,NULL
23ec9df3-9d0f-5a6a-a8ce-0f7d2579cbdd,2026-09-08T00:00:00,2026-09-08T00:00:00,0,efbd8d6c-dba2-54e0-8c8c-f787d174cad3,SECOND_FAILURE,APPLY_CONDITION,1,NULL,NULL,NULL,NULL,NULL,false,c04d0000-0000-4000-a000-000000000009,NULL,NULL
9d947945-cbb1-5f4c-a18f-4a462e5361f1,2026-09-08T00:00:00,2026-09-08T00:00:00,0,7c6784d0-42d8-522e-82eb-c4e5f9ebddec,SAVE_FAILURE,DAMAGE,0,4,6,NULL,14,COLD,false,NULL,NULL,NULL
43311f54-8a59-5d9f-95a8-8a0935b1c520,2026-09-08T00:00:00,2026-09-08T00:00:00,0,7c6784d0-42d8-522e-82eb-c4e5f9ebddec,SAVE_SUCCESS,DAMAGE,1,NULL,NULL,NULL,NULL,NULL,true,NULL,NULL,NULL
a6429ae7-c962-5ac5-9c06-56f5e094594e,2026-09-08T00:00:00,2026-09-08T00:00:00,0,d277de85-558b-50fb-97d8-4433efd57d5c,HIT,DAMAGE,0,1,6,3,6,PIERCING,false,NULL,NULL,NULL
1486974b-4774-5f86-b956-25a1d7aaa708,2026-09-08T00:00:00,2026-09-08T00:00:00,0,4a2b86c7-792b-5fdf-af9f-fc0f3a70dd96,HIT,DAMAGE,0,1,6,3,6,PIERCING,false,NULL,NULL,NULL
771a0f15-1a26-5904-a1fc-1695fbdb1f4b,2026-09-08T00:00:00,2026-09-08T00:00:00,0,2a00ad4b-919d-5eca-8032-380fc4c81648,HIT,DAMAGE,0,1,6,4,7,BLUDGEONING,false,NULL,NULL,NULL
93d4b0c5-9ba7-5f92-9214-e69bc046ba4b,2026-09-08T00:00:00,2026-09-08T00:00:00,0,2a00ad4b-919d-5eca-8032-380fc4c81648,HIT,APPLY_CONDITION,1,NULL,NULL,NULL,NULL,NULL,false,c04d0000-0000-4000-a000-00000000000c,NULL,NULL
479e076e-9f14-59ea-a07a-c0f20ed8a570,2026-09-08T00:00:00,2026-09-08T00:00:00,0,8abad10e-72e0-5893-a977-253265ab6afd,HIT,DAMAGE,0,2,6,4,11,PIERCING,false,NULL,NULL,NULL
fb380ecc-96bd-5d65-aa58-b2f702bbab12,2026-09-08T00:00:00,2026-09-08T00:00:00,0,8abad10e-72e0-5893-a977-253265ab6afd,HIT,DAMAGE,1,2,8,NULL,9,PIERCING,false,NULL,NULL,NULL
78970188-6f06-56b9-bf4a-7d9642e5ee02,2026-09-08T00:00:00,2026-09-08T00:00:00,0,8abad10e-72e0-5893-a977-253265ab6afd,HIT,APPLY_CONDITION,2,NULL,NULL,NULL,NULL,NULL,false,c04d0000-0000-4000-a000-00000000000c,NULL,NULL
28f97336-4148-5614-aa2a-991680dd06e2,2026-09-08T00:00:00,2026-09-08T00:00:00,0,f6874867-7ab8-5921-b79f-24ed768c2727,HIT,DAMAGE,0,2,10,4,15,BLUDGEONING,false,NULL,NULL,NULL
4f64037d-936b-58ae-99dd-ac90d0f4b376,2026-09-08T00:00:00,2026-09-08T00:00:00,0,e335eb13-dfe7-5e3c-bcf8-63e276f34f21,HIT,DAMAGE,0,4,6,8,22,SLASHING,false,NULL,NULL,NULL
4788814f-9895-5e1b-bcdf-4f7e81c87c70,2026-09-08T00:00:00,2026-09-08T00:00:00,0,e335eb13-dfe7-5e3c-bcf8-63e276f34f21,HIT,DAMAGE,1,8,8,NULL,36,RADIANT,false,NULL,NULL,NULL
fa7f7084-523b-5920-aea3-3ee7147eab66,2026-09-08T00:00:00,2026-09-08T00:00:00,0,81172e9d-59dd-5c15-8a86-274551049540,SAVE_FAILURE,DAMAGE,0,4,8,6,24,PIERCING,false,NULL,NULL,NULL
8547ae8c-b9aa-5f5f-b5c9-6b7ce1e9d071,2026-09-08T00:00:00,2026-09-08T00:00:00,0,81172e9d-59dd-5c15-8a86-274551049540,SAVE_FAILURE,DAMAGE,1,8,8,NULL,36,RADIANT,false,NULL,NULL,NULL
2ba96b40-fcde-57cf-939e-80cbf3779048,2026-09-08T00:00:00,2026-09-08T00:00:00,0,ef4b863e-a0de-5ff3-945d-b727ce64c3b2,SAVE_FAILURE,APPLY_CONDITION,0,NULL,NULL,NULL,NULL,NULL,false,c04d0000-0000-4000-a000-000000000001,NULL,NULL
c9af67cd-f143-540b-b711-20f49ee5992a,2026-09-08T00:00:00,2026-09-08T00:00:00,0,719a9cee-7848-5fe7-b01a-056f088cd452,SAVE_FAILURE,DAMAGE,0,2,10,NULL,11,RADIANT,false,NULL,NULL,NULL
2891e92d-8d5a-534b-8259-8913b5998502,2026-09-08T00:00:00,2026-09-08T00:00:00,0,719a9cee-7848-5fe7-b01a-056f088cd452,SAVE_SUCCESS,DAMAGE,1,NULL,NULL,NULL,NULL,NULL,true,NULL,NULL,NULL
a2fdddd6-ece1-5c20-8034-fd90a6f2528b,2026-09-08T00:00:00,2026-09-08T00:00:00,0,d38673a3-c8e4-5bda-9d3c-4992f42aec6b,ALWAYS,DAMAGE,0,1,10,NULL,5,FORCE,false,NULL,NULL,NULL
b448d4b7-ac38-5e9d-8c4a-d082a6387628,2026-09-08T00:00:00,2026-09-08T00:00:00,0,e7ac0df8-0aee-507a-a123-4b243a1223e2,HIT,DAMAGE,0,2,6,NULL,7,NECROTIC,false,NULL,NULL,NULL
8b0d8899-eca4-5ebf-aa71-7680a3eeefde,2026-09-08T00:00:00,2026-09-08T00:00:00,0,1a0c4b89-49ef-5298-bfd7-f27a31e0e011,HIT,DAMAGE,0,1,4,3,5,SLASHING,false,NULL,NULL,NULL
d214609d-a78d-5334-85f8-43b7a55daaf3,2026-09-08T00:00:00,2026-09-08T00:00:00,0,1a0c4b89-49ef-5298-bfd7-f27a31e0e011,HIT,DAMAGE,1,2,6,NULL,7,RADIANT,false,NULL,NULL,NULL
bcb32c44-6e97-5ad8-b3b7-71287cf11dd6,2026-09-08T00:00:00,2026-09-08T00:00:00,0,84ab3678-e211-5cbb-9f65-8c38861c5304,HIT,DAMAGE,0,3,6,4,14,SLASHING,false,NULL,NULL,NULL
c919c6eb-2ee4-5836-967e-4e7342728c52,2026-09-08T00:00:00,2026-09-08T00:00:00,0,5d1b0a1e-fa9d-5d48-b0c9-105965e41040,SAVE_FAILURE,DAMAGE,0,10,6,NULL,35,PSYCHIC,false,NULL,NULL,NULL
7d90316a-d376-511b-855b-2d7ea3481b41,2026-09-08T00:00:00,2026-09-08T00:00:00,0,5d1b0a1e-fa9d-5d48-b0c9-105965e41040,SAVE_FAILURE,APPLY_CONDITION,1,NULL,NULL,NULL,NULL,NULL,false,c04d0000-0000-4000-a000-000000000007,NULL,NULL
1499f800-2f87-55a7-a4e3-0c76c1b29e0c,2026-09-08T00:00:00,2026-09-08T00:00:00,0,7c519301-58c7-5e68-bc43-cba8bf9d1f65,HIT,DAMAGE,0,4,6,6,20,SLASHING,false,NULL,NULL,NULL
ab0c2a74-0345-50f7-9752-2a99d81b8dbb,2026-09-08T00:00:00,2026-09-08T00:00:00,0,196c37cc-c22b-58d9-bc36-24b043c7aac6,SAVE_FAILURE,APPLY_CONDITION,0,NULL,NULL,NULL,NULL,NULL,false,c04d0000-0000-4000-a000-000000000005,NULL,NULL
c8779f41-7459-5380-b9be-c7f535e65376,2026-09-08T00:00:00,2026-09-08T00:00:00,0,ffe81269-cdd4-58a3-b418-9159431f8d22,SAVE_FAILURE,APPLY_CONDITION,0,NULL,NULL,NULL,NULL,NULL,false,c04d0000-0000-4000-a000-000000000009,NULL,NULL
4e130052-3a91-57b1-9220-1ad593bdae4b,2026-09-08T00:00:00,2026-09-08T00:00:00,0,47bbbe08-0a08-5c27-844e-dc4ed204af86,SAVE_FAILURE,DAMAGE,0,8,10,NULL,44,THUNDER,false,NULL,NULL,NULL
7c1bc4ea-7441-56de-9154-ee960dacb23d,2026-09-08T00:00:00,2026-09-08T00:00:00,0,47bbbe08-0a08-5c27-844e-dc4ed204af86,SAVE_FAILURE,APPLY_CONDITION,1,NULL,NULL,NULL,NULL,NULL,false,c04d0000-0000-4000-a000-00000000000c,NULL,NULL
6f8b8968-68ea-5a94-a9b4-4f98d9f5de2e,2026-09-08T00:00:00,2026-09-08T00:00:00,0,47bbbe08-0a08-5c27-844e-dc4ed204af86,SAVE_SUCCESS,DAMAGE,2,NULL,NULL,NULL,NULL,NULL,true,NULL,NULL,NULL
d73859be-2785-5002-8f9d-3c8844ed9c52,2026-09-08T00:00:00,2026-09-08T00:00:00,0,85345238-5d28-505e-99da-22098f827e00,HIT,DAMAGE,0,1,6,4,7,PIERCING,false,NULL,NULL,NULL
36557f07-ed46-52b1-bbdd-09afef1d9f75,2026-09-08T00:00:00,2026-09-08T00:00:00,0,85345238-5d28-505e-99da-22098f827e00,HIT,DAMAGE,1,4,6,NULL,14,POISON,false,NULL,NULL,NULL
310ef7f3-9913-5a5a-8400-d776b5fc7acc,2026-09-08T00:00:00,2026-09-08T00:00:00,0,d2305ca2-f14c-54f7-a978-b98bb4a7cbe8,HIT,DAMAGE,0,6,6,NULL,21,NECROTIC,false,NULL,NULL,NULL
4bbef739-38b4-538d-a75d-9296d6be63d7,2026-09-08T00:00:00,2026-09-08T00:00:00,0,170332a4-cd8e-57b4-b629-49fd6938a958,HIT,DAMAGE,0,1,4,4,6,PIERCING,false,NULL,NULL,NULL
9bb87289-8438-5743-a135-daf694d6b3e0,2026-09-08T00:00:00,2026-09-08T00:00:00,0,321435b6-317f-5fb4-ad0c-7157bd9be5e3,HIT,APPLY_CONDITION,0,NULL,NULL,NULL,NULL,NULL,false,c04d0000-0000-4000-a000-000000000002,NULL,NULL
d55d5f6c-10da-50ff-99f7-3296ab0c942c,2026-09-08T00:00:00,2026-09-08T00:00:00,0,d06ef0bf-d27d-5bba-83c6-dffb766f9485,HIT,DAMAGE,0,1,6,2,5,PIERCING,false,NULL,NULL,NULL
1532a3fc-92e4-596c-8926-dc6022010fc1,2026-09-08T00:00:00,2026-09-08T00:00:00,0,d06ef0bf-d27d-5bba-83c6-dffb766f9485,HIT,DAMAGE,1,2,6,NULL,7,POISON,false,NULL,NULL,NULL
363af5ba-ca2a-5bf9-8381-061bdcf623ab,2026-09-08T00:00:00,2026-09-08T00:00:00,0,9c8d7b27-fe80-5c31-b927-779eb52e9b9f,HIT,DAMAGE,0,1,6,2,5,PIERCING,false,NULL,NULL,NULL
58338e08-3b9f-54d0-91f9-5f8720a90290,2026-09-08T00:00:00,2026-09-08T00:00:00,0,9c8d7b27-fe80-5c31-b927-779eb52e9b9f,HIT,DAMAGE,1,2,6,NULL,7,POISON,false,NULL,NULL,NULL
d221c288-d17e-5266-8633-af40bccef311,2026-09-08T00:00:00,2026-09-08T00:00:00,0,4194a90b-7551-50bf-8b1d-d794645e6b50,HIT,DAMAGE,0,1,6,3,6,PIERCING,false,NULL,NULL,NULL
27555265-6260-53b7-8975-33f08b3310a4,2026-09-08T00:00:00,2026-09-08T00:00:00,0,4194a90b-7551-50bf-8b1d-d794645e6b50,HIT,DAMAGE,1,2,4,NULL,5,NECROTIC,false,NULL,NULL,NULL
82a4dd64-2aa6-5e20-afcd-75cca18a1dd7,2026-09-08T00:00:00,2026-09-08T00:00:00,0,3a7cb714-9541-5564-a3e6-0b7e38706578,HIT,DAMAGE,0,3,10,6,22,BLUDGEONING,false,NULL,NULL,NULL
d65be26e-1b0e-5ae1-8e26-bff2bdb27ca9,2026-09-08T00:00:00,2026-09-08T00:00:00,0,64c466e5-f88a-558b-93c1-8355ed68d61a,HIT,DAMAGE,0,2,8,6,15,BLUDGEONING,false,NULL,NULL,NULL
6b1371a8-5493-555a-9bf9-588851d8ad22,2026-09-08T00:00:00,2026-09-08T00:00:00,0,64c466e5-f88a-558b-93c1-8355ed68d61a,HIT,APPLY_CONDITION,1,NULL,NULL,NULL,NULL,NULL,false,c04d0000-0000-4000-a000-00000000000c,NULL,NULL
eaea0eaa-6119-5aeb-83f4-f3a57b3bf079,2026-09-08T00:00:00,2026-09-08T00:00:00,0,268b0123-293c-528a-bbde-8c53d5eb4bbe,SAVE_FAILURE,DAMAGE,0,1,10,6,11,FORCE,false,NULL,NULL,NULL
528fd43b-efc8-55fd-aa33-64b130cf94ca,2026-09-08T00:00:00,2026-09-08T00:00:00,0,f3814385-9937-5e60-b9c5-b9f77fe1377a,HIT,DAMAGE,0,2,8,6,15,BLUDGEONING,false,NULL,NULL,NULL
d5b49e13-0917-5ad5-8b26-7deaee24a782,2026-09-08T00:00:00,2026-09-08T00:00:00,0,f3814385-9937-5e60-b9c5-b9f77fe1377a,HIT,DAMAGE,1,2,8,NULL,9,FORCE,false,NULL,NULL,NULL
f54feccb-a39d-58b1-b566-38edcd189b79,2026-09-08T00:00:00,2026-09-08T00:00:00,0,af3e7d3a-d4ff-544f-bea9-d59f9f65be25,HIT,DAMAGE,0,4,10,NULL,22,FORCE,false,NULL,NULL,NULL
81487ff6-4370-5615-8758-785f9be318c0,2026-09-08T00:00:00,2026-09-08T00:00:00,0,68ca80e8-b9d1-5839-b358-eb7f37283196,HIT,DAMAGE,0,4,6,9,23,SLASHING,false,NULL,NULL,NULL
285d5bdd-ea7d-5fb8-8d5e-0c8ed71a8b86,2026-09-08T00:00:00,2026-09-08T00:00:00,0,68ca80e8-b9d1-5839-b358-eb7f37283196,HIT,DAMAGE,1,3,8,NULL,13,LIGHTNING,false,NULL,NULL,NULL
4c97bb7a-e4e2-5730-b70e-01f5c1435736,2026-09-08T00:00:00,2026-09-08T00:00:00,0,8fb7fd64-edef-5e8f-a3cb-d2f0e840e9db,HIT,DAMAGE,0,2,12,9,22,LIGHTNING,false,NULL,NULL,NULL
ef6d75a3-df0f-5a24-9974-e0894e091f83,2026-09-08T00:00:00,2026-09-08T00:00:00,0,1b762d7c-fbd1-5d78-9ffa-b7fff69b46e5,SAVE_FAILURE,DAMAGE,0,10,10,NULL,55,LIGHTNING,false,NULL,NULL,NULL
8e98dbd9-6ca9-5852-a808-4ca59b63ef11,2026-09-08T00:00:00,2026-09-08T00:00:00,0,1b762d7c-fbd1-5d78-9ffa-b7fff69b46e5,SAVE_SUCCESS,DAMAGE,1,NULL,NULL,NULL,NULL,NULL,true,NULL,NULL,NULL
533179d9-99a5-58a8-9dcb-64c758ffab4b,2026-09-08T00:00:00,2026-09-08T00:00:00,0,4fc7d4b3-649b-586b-a85b-2c6cf1d30a38,HIT,DAMAGE,0,2,10,5,16,PSYCHIC,false,NULL,NULL,NULL
accf6459-c0e3-5a81-b16c-3b3c503143eb,2026-09-08T00:00:00,2026-09-08T00:00:00,0,3f8118cd-1b8c-5aa1-8cdc-a51b332e7036,SAVE_FAILURE,DAMAGE,0,3,8,NULL,13,PSYCHIC,false,NULL,NULL,NULL
2a1c9268-0770-5cca-8cf9-5c7d80d4ee95,2026-09-08T00:00:00,2026-09-08T00:00:00,0,3f8118cd-1b8c-5aa1-8cdc-a51b332e7036,SAVE_SUCCESS,DAMAGE,1,NULL,NULL,NULL,NULL,NULL,true,NULL,NULL,NULL
d73e252b-980d-5211-8321-4e9a390832a4,2026-09-08T00:00:00,2026-09-08T00:00:00,0,49a98e4e-2437-576d-8404-07d07634d7f0,HIT,DAMAGE,0,4,12,10,36,PIERCING,false,NULL,NULL,NULL
3de92093-6f34-50f1-ab29-9fe56739b341,2026-09-08T00:00:00,2026-09-08T00:00:00,0,49a98e4e-2437-576d-8404-07d07634d7f0,HIT,APPLY_CONDITION,1,NULL,NULL,NULL,NULL,NULL,false,c04d0000-0000-4000-a000-000000000006,20,NULL
1541b9d1-1464-59fb-94d1-675e34b42b47,2026-09-08T00:00:00,2026-09-08T00:00:00,0,49a98e4e-2437-576d-8404-07d07634d7f0,HIT,APPLY_CONDITION,2,NULL,NULL,NULL,NULL,NULL,false,c04d0000-0000-4000-a000-00000000000d,20,NULL
3c189509-d4c8-5527-8ada-77aed65fb0d9,2026-09-08T00:00:00,2026-09-08T00:00:00,0,a1d71f99-d953-586b-8c1a-9f204690353f,HIT,DAMAGE,0,4,8,10,28,SLASHING,false,NULL,NULL,NULL
cf16c632-b1af-5f9c-9e7d-c1df96ffb166,2026-09-08T00:00:00,2026-09-08T00:00:00,0,c5f11389-f21c-5601-8098-00b3df965d2b,HIT,DAMAGE,0,3,8,10,23,BLUDGEONING,false,NULL,NULL,NULL
fdf16d51-e703-5d88-bbad-fb274b0b2ae8,2026-09-08T00:00:00,2026-09-08T00:00:00,0,c5f11389-f21c-5601-8098-00b3df965d2b,HIT,APPLY_CONDITION,1,NULL,NULL,NULL,NULL,NULL,false,c04d0000-0000-4000-a000-00000000000c,NULL,NULL
42f347dc-ed8a-5027-b1cd-fd6db036867a,2026-09-08T00:00:00,2026-09-08T00:00:00,0,609d1dbf-5fb0-5400-821c-00c8c2536e36,SAVE_FAILURE,DAMAGE,0,12,12,NULL,78,THUNDER,false,NULL,NULL,NULL
81d151ed-4e97-53bd-a6e6-d983d7cb6846,2026-09-08T00:00:00,2026-09-08T00:00:00,0,609d1dbf-5fb0-5400-821c-00c8c2536e36,SAVE_SUCCESS,DAMAGE,1,NULL,NULL,NULL,NULL,NULL,true,NULL,NULL,NULL
7e19fb27-7246-5524-a3d8-d07f64100e5a,2026-09-08T00:00:00,2026-09-08T00:00:00,0,162982d4-56d2-5fb8-a7bd-6e1ba24a3790,SAVE_FAILURE,DAMAGE,0,16,6,NULL,56,ACID,false,NULL,NULL,NULL
872a5cad-216c-56a8-8ebb-647055df7db6,2026-09-08T00:00:00,2026-09-08T00:00:00,0,162982d4-56d2-5fb8-a7bd-6e1ba24a3790,SAVE_FAILURE,APPLY_CONDITION,1,NULL,NULL,NULL,NULL,NULL,false,c04d0000-0000-4000-a000-00000000000c,NULL,NULL
ddcc683d-58ed-5098-a012-cca81883eb28,2026-09-08T00:00:00,2026-09-08T00:00:00,0,162982d4-56d2-5fb8-a7bd-6e1ba24a3790,SAVE_FAILURE,APPLY_CONDITION,2,NULL,NULL,NULL,NULL,NULL,false,c04d0000-0000-4000-a000-00000000000d,NULL,NULL
2d7059d6-ef70-5b45-893e-22fe121862d9,2026-09-08T00:00:00,2026-09-08T00:00:00,0,be0f4edf-79e1-5f80-b0e7-1c7bb8bfa154,HIT,DAMAGE,0,1,6,2,5,BLUDGEONING,false,NULL,NULL,NULL
c201b1b2-8874-5ed1-88e9-2585b584f1e4,2026-09-08T00:00:00,2026-09-08T00:00:00,0,83954371-c8cb-586c-b534-083c4d857920,HIT,DAMAGE,0,1,10,1,6,PIERCING,false,NULL,NULL,NULL
57ed73ce-2735-5e2a-bd1a-e694a9fa2a8c,2026-09-08T00:00:00,2026-09-08T00:00:00,0,d4180082-e6a3-554d-8a3d-2214f42dd7a1,HIT,DAMAGE,0,2,8,3,12,BLUDGEONING,false,NULL,NULL,NULL
36ca222c-7dd2-5adb-b35e-dd78d98355d0,2026-09-08T00:00:00,2026-09-08T00:00:00,0,bc22f9a4-d3b4-50ce-a549-52cb30a71591,HIT,DAMAGE,0,2,10,2,13,PIERCING,false,NULL,NULL,NULL
e49b9523-b03a-5889-abfe-c39eb1490172,2026-09-08T00:00:00,2026-09-08T00:00:00,0,69ab8674-ef15-59c1-8ad2-2d8da93c3a1e,HIT,DAMAGE,0,3,6,6,16,BLUDGEONING,false,NULL,NULL,NULL
dc8b1a7e-7d90-5f0f-981d-c8e468d8381c,2026-09-08T00:00:00,2026-09-08T00:00:00,0,7cf21bb4-32ba-5c9a-9c61-ca1f25602c5e,HIT,DAMAGE,0,4,10,6,28,PIERCING,false,NULL,NULL,NULL
e1bd505c-4328-5518-94b1-20777bd3002a,2026-09-08T00:00:00,2026-09-08T00:00:00,0,f279e153-69f3-5a71-94f1-5e8a36c6ac57,HIT,DAMAGE,0,2,6,4,11,SLASHING,false,NULL,NULL,NULL
d26581a2-249a-5328-9f07-013b7cd7ed04,2026-09-08T00:00:00,2026-09-08T00:00:00,0,ee89a760-3fdb-559f-a4e9-a429c4f33abc,HIT,DAMAGE,0,2,4,4,9,SLASHING,false,NULL,NULL,NULL
57a157aa-33b3-5d42-ab72-38af534456a9,2026-09-08T00:00:00,2026-09-08T00:00:00,0,f52e3474-4d1d-5109-a6ee-38a897b9ad15,HIT,DAMAGE,0,2,6,4,11,BLUDGEONING,false,NULL,NULL,NULL
2957d622-a3ac-506d-9be8-77f89e193248,2026-09-08T00:00:00,2026-09-08T00:00:00,0,b7a9aee4-322d-5710-95c2-aacd1941b472,HIT,DAMAGE,0,1,10,4,9,RADIANT,false,NULL,NULL,NULL
96f69b36-2a36-518d-b72b-d0cbe433b625,2026-09-08T00:00:00,2026-09-08T00:00:00,0,2c7b215b-7af1-5def-8bcd-f4f81b6e6685,HIT,DAMAGE,0,1,4,3,5,PIERCING,false,NULL,NULL,NULL
3dbaf309-7d54-5428-9497-133921d4a578,2026-09-08T00:00:00,2026-09-08T00:00:00,0,2c7b215b-7af1-5def-8bcd-f4f81b6e6685,HIT,DAMAGE,1,3,4,NULL,7,NECROTIC,false,NULL,NULL,NULL
a326a464-a39b-5da4-9451-75b7d4b57f0a,2026-09-08T00:00:00,2026-09-08T00:00:00,0,2c7b215b-7af1-5def-8bcd-f4f81b6e6685,HIT,APPLY_CONDITION,2,NULL,NULL,NULL,NULL,NULL,false,c04d0000-0000-4000-a000-00000000000b,NULL,NULL
c578b675-63fd-592a-879d-1984fea3618a,2026-09-08T00:00:00,2026-09-08T00:00:00,0,2c7b215b-7af1-5def-8bcd-f4f81b6e6685,HIT,APPLY_CONDITION,3,NULL,NULL,NULL,NULL,NULL,false,c04d0000-0000-4000-a000-00000000000b,NULL,NULL
876a2503-1a3d-55cf-8bbf-8c11a15b98d9,2026-09-08T00:00:00,2026-09-08T00:00:00,0,2c7b215b-7af1-5def-8bcd-f4f81b6e6685,HIT,APPLY_CONDITION,4,NULL,NULL,NULL,NULL,NULL,false,c04d0000-0000-4000-a000-000000000009,NULL,NULL
d8d3ff36-0f0f-56f1-ac9a-e06131182d4a,2026-09-08T00:00:00,2026-09-08T00:00:00,0,cad41dad-ff95-58e4-834e-d280f6a69a64,ALWAYS,APPLY_CONDITION,0,NULL,NULL,NULL,NULL,NULL,false,c04d0000-0000-4000-a000-000000000007,NULL,NULL
31e3fff8-5481-5e2b-ba50-f49c9d70137e,2026-09-08T00:00:00,2026-09-08T00:00:00,0,ba1005cf-27ab-5e79-bbf9-e3fa2b83ec86,HIT,DAMAGE,0,2,4,3,8,SLASHING,false,NULL,NULL,NULL
7e32c0ea-0bc9-5ebb-8081-abd9e9afab21,2026-09-08T00:00:00,2026-09-08T00:00:00,0,ba1005cf-27ab-5e79-bbf9-e3fa2b83ec86,HIT,APPLY_CONDITION,1,NULL,NULL,NULL,NULL,NULL,false,c04d0000-0000-4000-a000-000000000006,13,NULL
c0520040-cbdf-5aa5-80c3-4b9f73f528b7,2026-09-08T00:00:00,2026-09-08T00:00:00,0,2a0dc1a3-057e-531e-b148-13f5af464f29,SAVE_FAILURE,DAMAGE,0,1,4,3,5,PIERCING,false,NULL,NULL,NULL
39605767-44a2-5517-a6e9-1d851ec3723a,2026-09-08T00:00:00,2026-09-08T00:00:00,0,2a0dc1a3-057e-531e-b148-13f5af464f29,SAVE_FAILURE,DAMAGE,1,3,6,NULL,10,NECROTIC,false,NULL,NULL,NULL
f5a86263-a659-5be6-b5c8-a14d4ac349b4,2026-09-08T00:00:00,2026-09-08T00:00:00,0,5283bf85-bea9-568a-af39-220fa325b55a,ALWAYS,APPLY_CONDITION,0,NULL,NULL,NULL,NULL,NULL,false,c04d0000-0000-4000-a000-000000000009,NULL,NULL
2478b97d-24fe-53e6-a945-cde71a8a0ca4,2026-09-08T00:00:00,2026-09-08T00:00:00,0,088217d2-f441-50bc-9f5d-c7546273db75,ALWAYS,APPLY_CONDITION,0,NULL,NULL,NULL,NULL,NULL,false,c04d0000-0000-4000-a000-000000000007,NULL,NULL
8af033dc-55d9-5bfd-97d2-b9dc5fd8da76,2026-09-08T00:00:00,2026-09-08T00:00:00,0,088217d2-f441-50bc-9f5d-c7546273db75,ALWAYS,APPLY_CONDITION,1,NULL,NULL,NULL,NULL,NULL,false,c04d0000-0000-4000-a000-000000000009,NULL,NULL
96c7fb77-3a51-5ed2-8153-3677f576bb85,2026-09-08T00:00:00,2026-09-08T00:00:00,0,ee19768c-d0b2-53bb-9c8e-ab24703f7ed2,HIT,DAMAGE,0,1,8,4,8,BLUDGEONING,false,NULL,NULL,NULL
02799fe7-8ab6-58e5-a232-6bb4bb88694a,2026-09-08T00:00:00,2026-09-08T00:00:00,0,ee19768c-d0b2-53bb-9c8e-ab24703f7ed2,HIT,DAMAGE,1,2,6,NULL,7,NECROTIC,false,NULL,NULL,NULL
61a48dd2-10c7-5908-b592-503ffa2bcf76,2026-09-08T00:00:00,2026-09-08T00:00:00,0,ee19768c-d0b2-53bb-9c8e-ab24703f7ed2,HIT,APPLY_CONDITION,2,NULL,NULL,NULL,NULL,NULL,false,c04d0000-0000-4000-a000-000000000006,14,NULL
310811f6-0581-5858-9a58-7ee597a87810,2026-09-08T00:00:00,2026-09-08T00:00:00,0,5c2d1502-0622-51f0-96f5-afce0ae36019,SAVE_FAILURE,DAMAGE,0,1,4,4,6,PIERCING,false,NULL,NULL,NULL
c150dd7e-ef67-5d8b-bd0c-468211e488d3,2026-09-08T00:00:00,2026-09-08T00:00:00,0,5c2d1502-0622-51f0-96f5-afce0ae36019,SAVE_FAILURE,DAMAGE,1,3,8,NULL,13,NECROTIC,false,NULL,NULL,NULL
c8bccdc3-51af-5ede-bb4c-fb498c5960a3,2026-09-08T00:00:00,2026-09-08T00:00:00,0,ac080afd-2f48-5abf-b9a4-2cb6ffa99147,HIT,DAMAGE,0,2,6,3,10,PIERCING,false,NULL,NULL,NULL
69660442-e1b6-5948-8f8f-a9bde56d6859,2026-09-08T00:00:00,2026-09-08T00:00:00,0,ac080afd-2f48-5abf-b9a4-2cb6ffa99147,HIT,DAMAGE,1,3,6,NULL,10,POISON,false,NULL,NULL,NULL
a9e0d799-e128-532c-9d12-537ee643c42f,2026-09-08T00:00:00,2026-09-08T00:00:00,0,e6164bce-138a-5a6c-a42a-7353854fafec,SAVE_FAILURE,DAMAGE,0,1,10,NULL,5,POISON,false,NULL,NULL,NULL
c06c4475-3fca-5413-9168-8117656ae76e,2026-09-08T00:00:00,2026-09-08T00:00:00,0,e6164bce-138a-5a6c-a42a-7353854fafec,SAVE_FAILURE,APPLY_CONDITION,1,NULL,NULL,NULL,NULL,NULL,false,c04d0000-0000-4000-a000-00000000000b,NULL,NULL
3e57046b-12d4-5f8e-8499-e53ac6432b71,2026-09-08T00:00:00,2026-09-08T00:00:00,0,fa9d8c73-f00e-58c2-9802-7de9d8ef30d0,SAVE_FAILURE,DAMAGE,0,3,6,NULL,10,THUNDER,false,NULL,NULL,NULL
3d48c284-a2fc-59b2-84da-599b6ea75249,2026-09-08T00:00:00,2026-09-08T00:00:00,0,fa9d8c73-f00e-58c2-9802-7de9d8ef30d0,SAVE_FAILURE,APPLY_CONDITION,1,NULL,NULL,NULL,NULL,NULL,false,c04d0000-0000-4000-a000-00000000000e,NULL,NULL
6248654a-465d-5afc-8a37-bc6e7647368f,2026-09-08T00:00:00,2026-09-08T00:00:00,0,09d538b6-01fb-523a-8c3f-7070b745fd10,HIT,DAMAGE,0,1,6,1,4,PIERCING,false,NULL,NULL,NULL
e40ebe17-49be-56ea-87d5-96461744a811,2026-09-08T00:00:00,2026-09-08T00:00:00,0,bba91a13-974f-5d2e-8244-6d91958694ab,HIT,DAMAGE,0,2,6,3,10,SLASHING,false,NULL,NULL,NULL
011768c7-8afd-561a-ae80-78c9472028c2,2026-09-08T00:00:00,2026-09-08T00:00:00,0,f24adfbe-9389-5b24-b102-72d6b0157589,HIT,DAMAGE,0,2,10,1,12,PIERCING,false,NULL,NULL,NULL
1bd9d747-de9e-5774-af14-cfc14f5cb26d,2026-09-08T00:00:00,2026-09-08T00:00:00,0,2dda217f-6497-5df3-80fd-485abc2cb68b,HIT,DAMAGE,0,2,8,4,13,BLUDGEONING,false,NULL,NULL,NULL
955c8d64-c9b4-5770-b7b5-794d657cf56f,2026-09-08T00:00:00,2026-09-08T00:00:00,0,2dda217f-6497-5df3-80fd-485abc2cb68b,HIT,APPLY_CONDITION,1,NULL,NULL,NULL,NULL,NULL,false,c04d0000-0000-4000-a000-00000000000c,NULL,NULL
33c97af1-cea4-5079-a379-8138d00d8580,2026-09-08T00:00:00,2026-09-08T00:00:00,0,a246f942-f01c-5b1e-b7e4-43bfa68b92a1,SAVE_FAILURE,DAMAGE,0,4,8,4,22,BLUDGEONING,false,NULL,NULL,NULL
a28ea264-b40d-5b13-abb0-468b544d8ca0,2026-09-08T00:00:00,2026-09-08T00:00:00,0,a246f942-f01c-5b1e-b7e4-43bfa68b92a1,SAVE_FAILURE,DAMAGE,1,2,8,NULL,9,BLUDGEONING,false,NULL,NULL,NULL
bcd15e21-c250-551b-9753-e0eae2c18889,2026-09-08T00:00:00,2026-09-08T00:00:00,0,a246f942-f01c-5b1e-b7e4-43bfa68b92a1,SAVE_FAILURE,APPLY_CONDITION,2,NULL,NULL,NULL,NULL,NULL,false,c04d0000-0000-4000-a000-000000000006,14,NULL
61e8a9d4-8308-50cd-a6c2-bd85726e4828,2026-09-08T00:00:00,2026-09-08T00:00:00,0,a246f942-f01c-5b1e-b7e4-43bfa68b92a1,SAVE_FAILURE,APPLY_CONDITION,3,NULL,NULL,NULL,NULL,NULL,false,c04d0000-0000-4000-a000-00000000000d,14,NULL
dfb878fe-8424-50f0-86c0-103597afb95b,2026-09-08T00:00:00,2026-09-08T00:00:00,0,a246f942-f01c-5b1e-b7e4-43bfa68b92a1,SAVE_SUCCESS,DAMAGE,4,NULL,NULL,NULL,NULL,NULL,true,NULL,NULL,NULL
540c92f9-f679-503e-b7c4-754a28e83840,2026-09-08T00:00:00,2026-09-08T00:00:00,0,8ca8d416-439d-5ff4-b07d-103570b142e9,HIT,DAMAGE,0,2,12,4,17,PIERCING,false,NULL,NULL,NULL
39d440b3-b52a-5de3-8355-252ca18e77ef,2026-09-08T00:00:00,2026-09-08T00:00:00,0,5b237f68-a000-5c2d-94ae-12bafbcd7b7b,HIT,DAMAGE,0,3,6,4,14,SLASHING,false,NULL,NULL,NULL
3af3a4cb-7bbd-5c80-9655-b9d2c06277e5,2026-09-08T00:00:00,2026-09-08T00:00:00,0,309c72f5-7ab9-591f-8463-b8267c3e2aa9,HIT,DAMAGE,0,2,8,4,13,SLASHING,false,NULL,NULL,NULL
d51ea8fa-f653-543c-a761-1ebe23bf7064,2026-09-08T00:00:00,2026-09-08T00:00:00,0,0bd79f4b-cb85-55b2-99ae-42b03e455056,HIT,DAMAGE,0,2,8,3,12,PIERCING,false,NULL,NULL,NULL
162edd43-727e-558e-ad90-1080290471fa,2026-09-08T00:00:00,2026-09-08T00:00:00,0,2ba4a86d-7ccf-5251-8698-411b79e2b8bd,HIT,DAMAGE,0,3,6,3,13,PIERCING,false,NULL,NULL,NULL
80049b26-2944-5767-b05f-182f9ae8ead5,2026-09-08T00:00:00,2026-09-08T00:00:00,0,a79db548-ed44-58ea-bfd2-a7084387a4ba,HIT,DAMAGE,0,2,6,3,10,PIERCING,false,NULL,NULL,NULL
07f1c21e-2f64-5136-bf3f-9f990a60c4e3,2026-09-08T00:00:00,2026-09-08T00:00:00,0,a79db548-ed44-58ea-bfd2-a7084387a4ba,HIT,DAMAGE,1,2,6,NULL,7,PIERCING,false,NULL,NULL,NULL
e2baff32-40fc-5fac-988e-05e11c8145b3,2026-09-08T00:00:00,2026-09-08T00:00:00,0,a79db548-ed44-58ea-bfd2-a7084387a4ba,HIT,APPLY_CONDITION,2,NULL,NULL,NULL,NULL,NULL,false,c04d0000-0000-4000-a000-00000000000c,NULL,NULL
c702f6ef-71ff-5cab-8a67-5d04310417ec,2026-09-08T00:00:00,2026-09-08T00:00:00,0,63fe3e1e-435f-5a0d-8b98-0c650a15d17f,HIT,DAMAGE,0,2,4,3,8,PIERCING,false,NULL,NULL,NULL
d1a728a9-9245-525c-a06b-32ae55286a0d,2026-09-08T00:00:00,2026-09-08T00:00:00,0,4f12b5af-975f-590d-a676-bf3a02d6890e,HIT,DAMAGE,0,1,6,3,6,SLASHING,false,NULL,NULL,NULL
a6033d9c-aa62-5eef-a450-b924430b6426,2026-09-08T00:00:00,2026-09-08T00:00:00,0,b6242fec-43df-5520-8114-674e0e7d6fc3,HIT,DAMAGE,0,1,6,3,6,PIERCING,false,NULL,NULL,NULL
ae246792-1f19-54bf-a23d-baada6502600,2026-09-08T00:00:00,2026-09-08T00:00:00,0,7f4efbae-d659-51a0-90d0-c8c6e17fc1fe,HIT,DAMAGE,0,2,8,3,12,PIERCING,false,NULL,NULL,NULL
2a06166c-f814-5cf0-aece-c75fa42ca4f5,2026-09-08T00:00:00,2026-09-08T00:00:00,0,eb0ffd37-9ea5-57ec-b3e7-f841cf98634e,HIT,DAMAGE,0,2,6,3,10,SLASHING,false,NULL,NULL,NULL
4d097b11-4fb1-58bc-957f-8aed473409df,2026-09-08T00:00:00,2026-09-08T00:00:00,0,f8365bef-b7fd-51bb-a126-fe56e6333fde,HIT,DAMAGE,0,2,8,2,11,PIERCING,false,NULL,NULL,NULL
11ad5c27-61fb-5191-a6b1-6c42192c19b5,2026-09-08T00:00:00,2026-09-08T00:00:00,0,156d0270-74a5-571d-8bbe-ab387825e055,HIT,DAMAGE,0,2,8,3,12,PIERCING,false,NULL,NULL,NULL
da1872f2-5b96-5fbb-920b-b43fce1a979b,2026-09-08T00:00:00,2026-09-08T00:00:00,0,2ec42e81-d416-52f0-9a61-013f524f2c90,HIT,DAMAGE,0,2,6,3,10,SLASHING,false,NULL,NULL,NULL
18243818-ca0f-5401-a59b-55e0aa8671a1,2026-09-08T00:00:00,2026-09-08T00:00:00,0,4b3ffe35-7f79-5af1-8f80-d81183b4177d,HIT,DAMAGE,0,2,8,2,11,PIERCING,false,NULL,NULL,NULL
e601d91a-a0f6-5a31-92ad-02722886102b,2026-09-08T00:00:00,2026-09-08T00:00:00,0,755a73c1-1ab4-565f-b84c-35235e5ad9ce,HIT,DAMAGE,0,1,8,2,6,SLASHING,false,NULL,NULL,NULL
f6b22a5c-c591-5c0e-8741-71f07713d887,2026-09-08T00:00:00,2026-09-08T00:00:00,0,755a73c1-1ab4-565f-b84c-35235e5ad9ce,HIT,DAMAGE,1,1,4,NULL,2,COLD,false,NULL,NULL,NULL
4c994376-371b-5f66-91f5-e730010a8ec0,2026-09-08T00:00:00,2026-09-08T00:00:00,0,a692cd77-2fa5-5c98-83a3-c9b7d4054919,SAVE_FAILURE,DAMAGE,0,5,8,NULL,22,COLD,false,NULL,NULL,NULL
2d8d9e6c-df64-5bec-898d-f3a4b156a359,2026-09-08T00:00:00,2026-09-08T00:00:00,0,a692cd77-2fa5-5c98-83a3-c9b7d4054919,SAVE_SUCCESS,DAMAGE,1,NULL,NULL,NULL,NULL,NULL,true,NULL,NULL,NULL
21ec0660-c7d3-5a96-be6a-64ab0f206e94,2026-09-08T00:00:00,2026-09-08T00:00:00,0,a5143e01-db09-536f-a5dc-2760db2434e7,HIT,DAMAGE,0,2,4,4,9,SLASHING,false,NULL,NULL,NULL
d9d6f5d0-cfb4-5cd1-8162-78a9cf523ab5,2026-09-08T00:00:00,2026-09-08T00:00:00,0,a5143e01-db09-536f-a5dc-2760db2434e7,HIT,DAMAGE,1,1,4,NULL,2,COLD,false,NULL,NULL,NULL
9221a9c7-4a13-5ab1-9cc7-74ca2c43a255,2026-09-08T00:00:00,2026-09-08T00:00:00,0,49c5f29c-33e5-520c-b85d-f7b9521bb8a4,SAVE_FAILURE,DAMAGE,0,9,8,NULL,40,COLD,false,NULL,NULL,NULL
fdbdce6f-fd74-5bdc-b478-a99c438c31c9,2026-09-08T00:00:00,2026-09-08T00:00:00,0,49c5f29c-33e5-520c-b85d-f7b9521bb8a4,SAVE_SUCCESS,DAMAGE,1,NULL,NULL,NULL,NULL,NULL,true,NULL,NULL,NULL
492563d7-f52f-5d3a-93be-07ddacdcdb1b,2026-09-08T00:00:00,2026-09-08T00:00:00,0,793e2d81-5088-5d06-9a9c-ba1a01d3a5a5,HIT,DAMAGE,0,2,6,6,13,SLASHING,false,NULL,NULL,NULL
e6c03f77-de29-5639-b323-e1e3ed7e858b,2026-09-08T00:00:00,2026-09-08T00:00:00,0,793e2d81-5088-5d06-9a9c-ba1a01d3a5a5,HIT,DAMAGE,1,1,8,NULL,4,COLD,false,NULL,NULL,NULL
13b6c065-957c-54c7-a0dc-38c58f5cb415,2026-09-08T00:00:00,2026-09-08T00:00:00,0,90ad475b-d0dd-5c8c-bd4b-5d32cf8d8ab9,SAVE_FAILURE,DAMAGE,0,12,8,NULL,54,COLD,false,NULL,NULL,NULL
2bb97434-7ce5-50b2-a88d-13297884bbec,2026-09-08T00:00:00,2026-09-08T00:00:00,0,90ad475b-d0dd-5c8c-bd4b-5d32cf8d8ab9,SAVE_SUCCESS,DAMAGE,1,NULL,NULL,NULL,NULL,NULL,true,NULL,NULL,NULL
7499451b-4cf7-54dc-b399-96cfbfa81c0a,2026-09-08T00:00:00,2026-09-08T00:00:00,0,79f88217-70f0-5123-8ef4-6b838ea9c11d,SAVE_FAILURE,DAMAGE,0,2,6,NULL,7,COLD,false,NULL,NULL,NULL
3b9232c6-425f-5b9a-ac1c-1e1673e5e146,2026-09-08T00:00:00,2026-09-08T00:00:00,0,aa060b86-cca1-53d9-aea6-c8ae00f2b477,HIT,DAMAGE,0,2,8,8,17,SLASHING,false,NULL,NULL,NULL
af2a5891-6775-5846-8753-49a8d6cf44cf,2026-09-08T00:00:00,2026-09-08T00:00:00,0,aa060b86-cca1-53d9-aea6-c8ae00f2b477,HIT,DAMAGE,1,2,6,NULL,7,COLD,false,NULL,NULL,NULL
3a76616b-6d74-5c82-b823-11c18fead072,2026-09-08T00:00:00,2026-09-08T00:00:00,0,42b8550b-5a18-59ff-a985-cd316d535bd5,SAVE_FAILURE,DAMAGE,0,14,8,NULL,63,COLD,false,NULL,NULL,NULL
701c4550-2dff-5382-850c-b328f1bb039d,2026-09-08T00:00:00,2026-09-08T00:00:00,0,42b8550b-5a18-59ff-a985-cd316d535bd5,SAVE_SUCCESS,DAMAGE,1,NULL,NULL,NULL,NULL,NULL,true,NULL,NULL,NULL
e4c1a5fe-501d-5447-9e88-fb7c941b4048,2026-09-08T00:00:00,2026-09-08T00:00:00,0,77f1cc6e-2bb3-50c3-ad88-16cdfae95901,SAVE_FAILURE,DAMAGE,0,4,6,NULL,14,COLD,false,NULL,NULL,NULL
cbc97270-6728-5659-a055-3b9d2c422bb1,2026-09-08T00:00:00,2026-09-08T00:00:00,0,3d86cf85-b739-56c0-b9bd-999920d9961a,HIT,DAMAGE,0,1,8,2,6,SLASHING,false,NULL,NULL,NULL
90c5b9d8-3bfb-5027-81a1-ef0acb2008b4,2026-09-08T00:00:00,2026-09-08T00:00:00,0,3d86cf85-b739-56c0-b9bd-999920d9961a,HIT,DAMAGE,1,1,8,NULL,4,NECROTIC,false,NULL,NULL,NULL
e18387b2-f7c3-5111-802b-132c7d5a1752,2026-09-08T00:00:00,2026-09-08T00:00:00,0,9a8f8ba3-a08b-5ee0-9a70-4d3fdf3070b2,HIT,DAMAGE,0,1,8,2,6,PIERCING,false,NULL,NULL,NULL
dda534cf-a581-599d-93f5-132aaface1a9,2026-09-08T00:00:00,2026-09-08T00:00:00,0,9a8f8ba3-a08b-5ee0-9a70-4d3fdf3070b2,HIT,DAMAGE,1,1,8,NULL,4,NECROTIC,false,NULL,NULL,NULL
a38fc46e-5d56-52ab-8926-f3e9ed451eac,2026-09-08T00:00:00,2026-09-08T00:00:00,0,24c1304c-9f76-5eae-9cb1-8ce2b45919e8,SAVE_FAILURE,DAMAGE,0,1,8,2,6,NECROTIC,false,NULL,NULL,NULL
5fa83d47-67f7-5985-8231-b12a8985e30a,2026-09-08T00:00:00,2026-09-08T00:00:00,0,08f7b3a3-cdc7-5858-b3b3-0b45a8d43da9,ALWAYS,DAMAGE,0,1,10,NULL,5,FORCE,false,NULL,NULL,NULL
a4d050c0-e9b7-54c5-94b4-528f00d4d44e,2026-09-08T00:00:00,2026-09-08T00:00:00,0,1262629a-73d4-53d0-beee-4f1675fe3e56,HIT,DAMAGE,0,2,8,2,11,LIGHTNING,false,NULL,NULL,NULL
1e6316ab-b3cc-54df-a16f-76eaa72ecabd,2026-09-08T00:00:00,2026-09-08T00:00:00,0,f6164396-d23d-5f4a-9efc-f0f45af9f422,HIT,DAMAGE,0,2,6,4,11,PIERCING,false,NULL,NULL,NULL
bee246f8-5f8b-50be-b36f-ba4b10586926,2026-09-08T00:00:00,2026-09-08T00:00:00,0,f6164396-d23d-5f4a-9efc-f0f45af9f422,HIT,APPLY_CONDITION,1,NULL,NULL,NULL,NULL,NULL,false,c04d0000-0000-4000-a000-00000000000c,NULL,NULL
0ba7cd58-5e6e-5446-bc17-2d0453efd85d,2026-09-08T00:00:00,2026-09-08T00:00:00,0,2ae4f889-73b2-55ec-a5e5-5f972ca181a7,SAVE_FAILURE,DAMAGE,0,4,8,NULL,18,COLD,false,NULL,NULL,NULL
9aee86d8-b882-5ae4-a87b-fb717d6b8282,2026-09-08T00:00:00,2026-09-08T00:00:00,0,2ae4f889-73b2-55ec-a5e5-5f972ca181a7,SAVE_SUCCESS,DAMAGE,1,NULL,NULL,NULL,NULL,NULL,true,NULL,NULL,NULL
8e1e01e2-878a-5e71-b0dc-377ce6f7a485,2026-09-08T00:00:00,2026-09-08T00:00:00,0,607b3451-7f03-50ca-ae95-60416fcaf2a6,HIT,DAMAGE,0,1,8,3,7,PIERCING,false,NULL,NULL,NULL
dfb81adf-01af-53a5-9ac7-1f7b13b52ccd,2026-09-08T00:00:00,2026-09-08T00:00:00,0,5e16a2be-fd2c-537b-99a6-7efd4ece8df4,ALWAYS,DAMAGE,0,1,10,NULL,5,FORCE,false,NULL,NULL,NULL
200a8f17-617f-5ab5-aca0-8196e669ca0d,2026-09-08T00:00:00,2026-09-08T00:00:00,0,872b9e68-2631-5240-b968-ddf10018ff4d,HIT,DAMAGE,0,4,8,3,21,NECROTIC,false,NULL,NULL,NULL
efd3fa88-3a0e-51e0-9394-1f13d58edd11,2026-09-08T00:00:00,2026-09-08T00:00:00,0,6ba8f452-ae61-5ac9-bd43-be8b1f96b674,HIT,DAMAGE,0,2,8,4,13,PIERCING,false,NULL,NULL,NULL
27a72307-c84a-54e2-b02d-a51cb98fb268,2026-09-08T00:00:00,2026-09-08T00:00:00,0,e7004400-685b-560b-a5ca-47f94c562a5d,HIT,DAMAGE,0,2,6,4,11,PIERCING,false,NULL,NULL,NULL
394e729e-2b05-5a19-aa35-128daa6ce0ee,2026-09-08T00:00:00,2026-09-08T00:00:00,0,e7004400-685b-560b-a5ca-47f94c562a5d,HIT,DAMAGE,1,7,6,NULL,24,POISON,false,NULL,NULL,NULL
49d5707b-598f-503b-a806-2a1566dab6c6,2026-09-08T00:00:00,2026-09-08T00:00:00,0,e7004400-685b-560b-a5ca-47f94c562a5d,HIT,APPLY_CONDITION,2,NULL,NULL,NULL,NULL,NULL,false,c04d0000-0000-4000-a000-00000000000b,NULL,NULL
9f74c139-11bb-5b7d-b071-0a885a991681,2026-09-08T00:00:00,2026-09-08T00:00:00,0,35706718-89b2-5c00-ab09-190457d11881,HIT,DAMAGE,0,4,6,3,17,PIERCING,false,NULL,NULL,NULL
d03adfd1-c722-5728-9f14-06d34651c67a,2026-09-08T00:00:00,2026-09-08T00:00:00,0,8a0c28af-a005-54a2-83d5-440b98a6ffc5,HIT,DAMAGE,0,1,10,3,8,SLASHING,false,NULL,NULL,NULL
5204f0fb-ac2e-501b-b12b-79ff87dc9495,2026-09-08T00:00:00,2026-09-08T00:00:00,0,5e7852c1-f75d-58cd-843d-ef153fd6dbf3,HIT,DAMAGE,0,1,8,1,5,BLUDGEONING,false,NULL,NULL,NULL
ae748027-ae0b-56d8-abd2-4ed6d64a3d48,2026-09-08T00:00:00,2026-09-08T00:00:00,0,817c51d6-0131-570d-9837-95d42d20674d,HIT,DAMAGE,0,2,8,4,13,BLUDGEONING,false,NULL,NULL,NULL
3b185b87-78d3-5d83-ae25-7d1e17581f5e,2026-09-08T00:00:00,2026-09-08T00:00:00,0,8087db57-bc12-5431-a2d1-ae548656393f,HIT,DAMAGE,0,2,10,4,15,PIERCING,false,NULL,NULL,NULL
325eec25-b875-5911-ba18-a1cb93f19181,2026-09-08T00:00:00,2026-09-08T00:00:00,0,ed07d4c8-0359-5a8c-a124-189c77eade4b,HIT,DAMAGE,0,1,8,4,8,SLASHING,false,NULL,NULL,NULL
d0751e6c-e33c-51a2-b875-2e520f28fa38,2026-09-08T00:00:00,2026-09-08T00:00:00,0,ed07d4c8-0359-5a8c-a124-189c77eade4b,HIT,APPLY_CONDITION,1,NULL,NULL,NULL,NULL,NULL,false,c04d0000-0000-4000-a000-00000000000c,NULL,NULL
b8ccfc44-90f0-5888-896b-2e7fdfd1cc89,2026-09-08T00:00:00,2026-09-08T00:00:00,0,0dcc5a16-0ab7-5471-a509-9afdb3b17d5d,HIT,DAMAGE,0,1,10,4,9,BLUDGEONING,false,NULL,NULL,NULL
0ebfd959-6786-5f44-bf24-967c7522f78d,2026-09-08T00:00:00,2026-09-08T00:00:00,0,0dcc5a16-0ab7-5471-a509-9afdb3b17d5d,HIT,APPLY_CONDITION,1,NULL,NULL,NULL,NULL,NULL,false,c04d0000-0000-4000-a000-00000000000c,NULL,NULL
f898367c-34cb-550f-b2fa-6037cec21534,2026-09-08T00:00:00,2026-09-08T00:00:00,0,ee3b92ae-c7c0-57f5-a733-c17f266d6fcb,HIT,DAMAGE,0,1,4,3,5,BLUDGEONING,false,NULL,NULL,NULL
fd07e7d2-f39c-5336-8cb4-36f4179f7e55,2026-09-08T00:00:00,2026-09-08T00:00:00,0,501a9924-39e7-54eb-bbe2-1d423e5e81cd,HIT,DAMAGE,0,2,6,3,10,BLUDGEONING,false,NULL,NULL,NULL
1d688f91-d201-5e68-8950-6214ea47f16b,2026-09-08T00:00:00,2026-09-08T00:00:00,0,266668cc-6e1c-5892-bc16-abfd73e8f6d5,HIT,DAMAGE,0,3,6,4,14,PIERCING,false,NULL,NULL,NULL
93d1cbcd-9e4e-5e78-b786-8826024b2e13,2026-09-08T00:00:00,2026-09-08T00:00:00,0,5b733d2a-9d5c-5b79-91af-b05bff2d24cd,HIT,DAMAGE,0,1,4,-1,1,PIERCING,false,NULL,NULL,NULL
464ff698-c4f9-5d27-bbcd-6c139b513210,2026-09-08T00:00:00,2026-09-08T00:00:00,0,fe1cfff6-c4e7-50d0-91ab-473890a01c4d,HIT,DAMAGE,0,1,6,2,5,SLASHING,false,NULL,NULL,NULL
e8c4f83f-5c82-578c-bb7f-97c0d6a1ceb2,2026-09-08T00:00:00,2026-09-08T00:00:00,0,2af115fa-75dd-50f5-b3f1-7426dbb057a8,HIT,DAMAGE,0,1,4,2,4,PIERCING,false,NULL,NULL,NULL
467f0760-64da-56bd-b4e1-bed3b5f400bb,2026-09-08T00:00:00,2026-09-08T00:00:00,0,2af115fa-75dd-50f5-b3f1-7426dbb057a8,HIT,DAMAGE,1,1,8,2,6,PIERCING,false,NULL,NULL,NULL
401fba2d-4aee-5b84-9240-85e799451420,2026-09-08T00:00:00,2026-09-08T00:00:00,0,a9b0fa61-0be7-5e4c-a17c-521cce0333fb,HIT,DAMAGE,0,1,6,1,4,PIERCING,false,NULL,NULL,NULL
d3f2b825-f40a-56da-8991-5d642678acba,2026-09-08T00:00:00,2026-09-08T00:00:00,0,a9b0fa61-0be7-5e4c-a17c-521cce0333fb,HIT,DAMAGE,1,1,6,NULL,3,PIERCING,false,NULL,NULL,NULL
5f97f17f-9596-5b12-92fd-673692c6480d,2026-09-08T00:00:00,2026-09-08T00:00:00,0,a9b0fa61-0be7-5e4c-a17c-521cce0333fb,HIT,APPLY_CONDITION,2,NULL,NULL,NULL,NULL,NULL,false,c04d0000-0000-4000-a000-00000000000c,NULL,NULL
7dc406fd-4fd9-5d09-bbdb-dcb8340d978d,2026-09-08T00:00:00,2026-09-08T00:00:00,0,b9932276-a8f7-5301-9964-d0eaaf0d19d3,HIT,DAMAGE,0,1,8,3,7,PIERCING,false,NULL,NULL,NULL
258c5f10-6f0b-580b-85fb-95e99062366f,2026-09-08T00:00:00,2026-09-08T00:00:00,0,f8606ea5-95fc-5c6f-9a76-98e6c88295e3,HIT,DAMAGE,0,1,4,3,5,SLASHING,false,NULL,NULL,NULL
d1e21650-7aa0-56f4-ab83-f17c43653141,2026-09-08T00:00:00,2026-09-08T00:00:00,0,f8606ea5-95fc-5c6f-9a76-98e6c88295e3,HIT,APPLY_CONDITION,1,NULL,NULL,NULL,NULL,NULL,false,c04d0000-0000-4000-a000-00000000000c,NULL,NULL
2bd528d8-c835-59ec-af0f-ed955262f3ec,2026-09-08T00:00:00,2026-09-08T00:00:00,0,c39ceb10-e9c3-574e-adc6-d891d3f6f5d3,HIT,DAMAGE,0,1,4,2,4,BLUDGEONING,false,NULL,NULL,NULL
3a826fb3-2ef6-5d06-b30d-02d96ff8b2f8,2026-09-08T00:00:00,2026-09-08T00:00:00,0,fd1e81b0-d5a3-5ff4-bf89-21ee384649c8,HIT,DAMAGE,0,1,8,2,6,PIERCING,false,NULL,NULL,NULL
4fd6c121-2204-5284-bef4-0787bd33b5ba,2026-09-08T00:00:00,2026-09-08T00:00:00,0,6cc66d0d-c9e0-54ab-9469-752efb225e28,SAVE_FAILURE,DAMAGE,0,3,4,NULL,7,BLUDGEONING,false,NULL,NULL,NULL
aca9b57c-7091-5f75-bcfd-66bbd7ff608e,2026-09-08T00:00:00,2026-09-08T00:00:00,0,6cc66d0d-c9e0-54ab-9469-752efb225e28,SAVE_FAILURE,APPLY_CONDITION,1,NULL,NULL,NULL,NULL,NULL,false,c04d0000-0000-4000-a000-000000000006,12,NULL
3c76752f-b600-5dc7-aff0-e25f00a61ba6,2026-09-08T00:00:00,2026-09-08T00:00:00,0,672da9d3-f2c2-5b0e-9e97-90ab9d1cb05f,HIT,DAMAGE,0,1,8,2,6,PIERCING,false,NULL,NULL,NULL
97a4eb67-a4a3-5aac-a35a-eaff6f362905,2026-09-08T00:00:00,2026-09-08T00:00:00,0,672da9d3-f2c2-5b0e-9e97-90ab9d1cb05f,HIT,APPLY_CONDITION,1,NULL,NULL,NULL,NULL,NULL,false,c04d0000-0000-4000-a000-000000000006,12,NULL
410e4909-7009-5713-b156-10293c225eb3,2026-09-08T00:00:00,2026-09-08T00:00:00,0,672da9d3-f2c2-5b0e-9e97-90ab9d1cb05f,HIT,APPLY_CONDITION,2,NULL,NULL,NULL,NULL,NULL,false,c04d0000-0000-4000-a000-00000000000d,12,NULL
9f71cb0d-cd7a-5f7a-9199-69d578b1bcd1,2026-09-08T00:00:00,2026-09-08T00:00:00,0,db6fece5-356b-525e-a40a-89efbc733ca2,HIT,DAMAGE,0,1,4,NULL,2,BLUDGEONING,false,NULL,NULL,NULL
91190f66-fa54-5ca1-83e2-65043d4219ca,2026-09-08T00:00:00,2026-09-08T00:00:00,0,0d46b627-bb03-588f-87c0-2e7071e13a8e,HIT,DAMAGE,0,1,10,3,8,PIERCING,false,NULL,NULL,NULL
cf198833-59c3-503e-ba62-29b10fc0214f,2026-09-08T00:00:00,2026-09-08T00:00:00,0,0d46b627-bb03-588f-87c0-2e7071e13a8e,HIT,APPLY_CONDITION,1,NULL,NULL,NULL,NULL,NULL,false,c04d0000-0000-4000-a000-00000000000c,NULL,NULL
914608ab-83a3-5456-9590-a7c05ee9d7e0,2026-09-08T00:00:00,2026-09-08T00:00:00,0,720faabe-d165-5b8e-91eb-e71c6c5e03db,HIT,DAMAGE,0,1,4,4,6,BLUDGEONING,false,NULL,NULL,NULL
358ddf80-6e76-5362-b912-eb21b551cc35,2026-09-08T00:00:00,2026-09-08T00:00:00,0,39c04b2f-b63d-5086-92e4-744dcdd0d71e,HIT,DAMAGE,0,1,4,2,4,SLASHING,false,NULL,NULL,NULL
f402f3e9-2b3d-5a4c-b4a8-f4835480ec78,2026-09-08T00:00:00,2026-09-08T00:00:00,0,791b1c79-8e61-5bd4-a92d-97966238275d,HIT,DAMAGE,0,2,8,6,15,PIERCING,false,NULL,NULL,NULL
4a023bff-050c-51e9-8595-45eff5ca5fcf,2026-09-08T00:00:00,2026-09-08T00:00:00,0,791b1c79-8e61-5bd4-a92d-97966238275d,HIT,APPLY_CONDITION,1,NULL,NULL,NULL,NULL,NULL,false,c04d0000-0000-4000-a000-00000000000c,NULL,NULL
b8bd8e30-5cb2-5753-926a-b962562731e1,2026-09-08T00:00:00,2026-09-08T00:00:00,0,a369845b-d67a-5e5d-b452-7b929ad3c9b0,SAVE_FAILURE,DAMAGE,0,2,10,6,17,BLUDGEONING,false,NULL,NULL,NULL
f199b69e-e023-5264-ac7f-5bcdfa5b2a04,2026-09-08T00:00:00,2026-09-08T00:00:00,0,a369845b-d67a-5e5d-b452-7b929ad3c9b0,SAVE_SUCCESS,DAMAGE,1,NULL,NULL,NULL,NULL,NULL,true,NULL,NULL,NULL
d7bbf691-9798-5cd9-b396-eac2f30a092f,2026-09-08T00:00:00,2026-09-08T00:00:00,0,4448a411-f079-5293-8e70-b4fa64ac66f6,HIT,DAMAGE,0,1,6,3,6,BLUDGEONING,false,NULL,NULL,NULL
c81de5ea-4456-57a6-9eeb-46c83530acfb,2026-09-08T00:00:00,2026-09-08T00:00:00,0,4448a411-f079-5293-8e70-b4fa64ac66f6,HIT,DAMAGE,1,1,6,NULL,3,BLUDGEONING,false,NULL,NULL,NULL
213dfd46-fb45-506f-b5e5-0f838043f573,2026-09-08T00:00:00,2026-09-08T00:00:00,0,4448a411-f079-5293-8e70-b4fa64ac66f6,HIT,APPLY_CONDITION,2,NULL,NULL,NULL,NULL,NULL,false,c04d0000-0000-4000-a000-00000000000c,NULL,NULL
677fbf84-1027-50eb-915b-cc6392112f42,2026-09-08T00:00:00,2026-09-08T00:00:00,0,099e265d-759e-5c4f-b839-fbf64c9a69fe,HIT,DAMAGE,0,2,4,NULL,5,POISON,false,NULL,NULL,NULL
eae331e0-2ba3-55b4-bc40-8f0033901156,2026-09-08T00:00:00,2026-09-08T00:00:00,0,215f67be-5620-51cc-aec7-13037192283e,HIT,DAMAGE,0,3,10,6,22,BLUDGEONING,false,NULL,NULL,NULL
35e3cce7-cb49-5c6f-8ff2-ff6ba4c73a1e,2026-09-08T00:00:00,2026-09-08T00:00:00,0,12288db0-caed-561b-a7e9-4b40b01f4851,SAVE_FAILURE,DAMAGE,0,7,6,NULL,24,BLUDGEONING,false,NULL,NULL,NULL
66785956-7147-5493-8f75-5e7d1a89cf34,2026-09-08T00:00:00,2026-09-08T00:00:00,0,12288db0-caed-561b-a7e9-4b40b01f4851,SAVE_FAILURE,APPLY_CONDITION,1,NULL,NULL,NULL,NULL,NULL,false,c04d0000-0000-4000-a000-00000000000c,NULL,NULL
b3bf1001-aa91-593f-af10-14e4ef062da2,2026-09-08T00:00:00,2026-09-08T00:00:00,0,12288db0-caed-561b-a7e9-4b40b01f4851,SAVE_SUCCESS,DAMAGE,2,NULL,NULL,NULL,NULL,NULL,true,NULL,NULL,NULL
79d22adf-5e25-5f34-a139-ae0f7847cf6c,2026-09-08T00:00:00,2026-09-08T00:00:00,0,f7b3c19c-6bfa-5bfa-814d-51fec2546627,HIT,DAMAGE,0,2,4,1,6,PIERCING,false,NULL,NULL,NULL
3e302750-6597-5871-aa10-c14c5aca1ccf,2026-09-08T00:00:00,2026-09-08T00:00:00,0,6c252bb2-08e1-5420-9937-e17f161987fe,HIT,DAMAGE,0,1,6,3,6,PIERCING,false,NULL,NULL,NULL
db9847d9-6832-5566-85d8-842b03f0e68b,2026-09-08T00:00:00,2026-09-08T00:00:00,0,b1b4a5c0-fb42-577c-b78b-7017a1f744be,HIT,DAMAGE,0,2,6,3,10,PIERCING,false,NULL,NULL,NULL
f91aa9be-62a4-5748-8d55-eddf3800fc62,2026-09-08T00:00:00,2026-09-08T00:00:00,0,b1b4a5c0-fb42-577c-b78b-7017a1f744be,HIT,DAMAGE,1,2,6,NULL,7,PIERCING,false,NULL,NULL,NULL
c47f76c8-bc35-51e2-9713-9f2ffc6fc03d,2026-09-08T00:00:00,2026-09-08T00:00:00,0,b1b4a5c0-fb42-577c-b78b-7017a1f744be,HIT,APPLY_CONDITION,2,NULL,NULL,NULL,NULL,NULL,false,c04d0000-0000-4000-a000-00000000000c,NULL,NULL
15c0a4c6-fa4b-5934-a35d-75cf1f6f4477,2026-09-08T00:00:00,2026-09-08T00:00:00,0,1e6b1b6c-c9ea-5832-932f-31cd7ab3326c,HIT,DAMAGE,0,1,4,2,4,PIERCING,false,NULL,NULL,NULL
3c1f700a-c8c4-584e-b116-a04d5182e50b,2026-09-08T00:00:00,2026-09-08T00:00:00,0,1e6b1b6c-c9ea-5832-932f-31cd7ab3326c,HIT,APPLY_CONDITION,1,NULL,NULL,NULL,NULL,NULL,false,c04d0000-0000-4000-a000-00000000000b,NULL,NULL
7da18462-8590-5bf8-bb24-3fa957285a61,2026-09-08T00:00:00,2026-09-08T00:00:00,0,4f0796e6-934d-54f7-b128-6b4aec49a357,HIT,DAMAGE,0,2,6,4,11,PIERCING,false,NULL,NULL,NULL
5c2f599f-063b-5e34-8485-e31405ebab18,2026-09-08T00:00:00,2026-09-08T00:00:00,0,a7805433-58a3-5acc-9fe8-80a4ec65238b,SAVE_FAILURE,DAMAGE,0,2,8,4,13,BLUDGEONING,false,NULL,NULL,NULL
68b73fb3-678c-5c7c-aeb2-c8bb0b364de7,2026-09-08T00:00:00,2026-09-08T00:00:00,0,a7805433-58a3-5acc-9fe8-80a4ec65238b,SAVE_FAILURE,APPLY_CONDITION,1,NULL,NULL,NULL,NULL,NULL,false,c04d0000-0000-4000-a000-000000000006,14,NULL
44790467-f8c3-58c5-b033-29e7206c8bc8,2026-09-08T00:00:00,2026-09-08T00:00:00,0,b39663e8-6e54-55db-80cf-812048992095,HIT,DAMAGE,0,1,6,1,4,BLUDGEONING,false,NULL,NULL,NULL
44622840-80a3-5943-9392-c45f75506f63,2026-09-08T00:00:00,2026-09-08T00:00:00,0,b39663e8-6e54-55db-80cf-812048992095,HIT,APPLY_CONDITION,1,NULL,NULL,NULL,NULL,NULL,false,c04d0000-0000-4000-a000-000000000006,11,NULL
2ad6ee1f-3273-501d-be45-182a842f220d,2026-09-08T00:00:00,2026-09-08T00:00:00,0,03280112-69e4-5e0a-bd1e-bd1b990303e1,HIT,DAMAGE,0,3,10,5,21,PIERCING,false,NULL,NULL,NULL
65a07852-8d5c-5d18-aaf2-23b31fe98cdc,2026-09-08T00:00:00,2026-09-08T00:00:00,0,03280112-69e4-5e0a-bd1e-bd1b990303e1,HIT,APPLY_CONDITION,1,NULL,NULL,NULL,NULL,NULL,false,c04d0000-0000-4000-a000-000000000006,15,NULL
31f4eab2-ea55-5c8b-8e87-52019cf035bb,2026-09-08T00:00:00,2026-09-08T00:00:00,0,03280112-69e4-5e0a-bd1e-bd1b990303e1,HIT,APPLY_CONDITION,2,NULL,NULL,NULL,NULL,NULL,false,c04d0000-0000-4000-a000-00000000000d,15,NULL
3c8891f7-f099-5357-9296-f091e850c166,2026-09-08T00:00:00,2026-09-08T00:00:00,0,de1e4ad7-7c3d-59b2-a37f-77e4b4250706,HIT,DAMAGE,0,3,8,5,18,BLUDGEONING,false,NULL,NULL,NULL
60996450-da86-5c7c-a6f4-2a3c44daba94,2026-09-08T00:00:00,2026-09-08T00:00:00,0,de1e4ad7-7c3d-59b2-a37f-77e4b4250706,HIT,APPLY_CONDITION,1,NULL,NULL,NULL,NULL,NULL,false,c04d0000-0000-4000-a000-00000000000c,NULL,NULL
e958dab7-4b72-540c-a4ab-fef342cf5e51,2026-09-08T00:00:00,2026-09-08T00:00:00,0,e26654df-1bbb-5144-ad9e-068a2f6440d8,HIT,DAMAGE,0,1,4,3,5,SLASHING,false,NULL,NULL,NULL
000c7509-4f70-5814-a1ea-f99b6f6b05cc,2026-09-08T00:00:00,2026-09-08T00:00:00,0,e26654df-1bbb-5144-ad9e-068a2f6440d8,HIT,DAMAGE,1,1,6,NULL,3,RADIANT,false,NULL,NULL,NULL
83abfe3f-62e2-51e5-84c3-babb0177b558,2026-09-08T00:00:00,2026-09-08T00:00:00,0,6120e6fb-d920-5b7e-8088-bd794d1f3fe0,HIT,DAMAGE,0,2,6,4,11,BLUDGEONING,false,NULL,NULL,NULL
12a5be1c-7e6f-51b2-84e2-fd7923c67e71,2026-09-08T00:00:00,2026-09-08T00:00:00,0,6120e6fb-d920-5b7e-8088-bd794d1f3fe0,HIT,DAMAGE,1,2,4,NULL,5,RADIANT,false,NULL,NULL,NULL
dcdc51fa-e679-5283-b9d2-0879a12d55aa,2026-09-08T00:00:00,2026-09-08T00:00:00,0,6120e6fb-d920-5b7e-8088-bd794d1f3fe0,HIT,DAMAGE,2,2,4,NULL,5,BLUDGEONING,false,NULL,NULL,NULL
988f8b86-e54f-5adf-af21-e2827ec6f928,2026-09-08T00:00:00,2026-09-08T00:00:00,0,6120e6fb-d920-5b7e-8088-bd794d1f3fe0,HIT,APPLY_CONDITION,3,NULL,NULL,NULL,NULL,NULL,false,c04d0000-0000-4000-a000-00000000000c,NULL,NULL
c466095f-09c5-566c-8560-85fddbb38f9f,2026-09-08T00:00:00,2026-09-08T00:00:00,0,44c44e4d-b763-52f0-9891-96340ead5b2a,HIT,DAMAGE,0,1,6,2,5,PIERCING,false,NULL,NULL,NULL
da3ce8ac-9e85-542b-8e24-9807ceded7d6,2026-09-08T00:00:00,2026-09-08T00:00:00,0,44c44e4d-b763-52f0-9891-96340ead5b2a,HIT,APPLY_CONDITION,1,NULL,NULL,NULL,NULL,NULL,false,c04d0000-0000-4000-a000-000000000006,11,NULL
280b1207-962b-5f5f-9001-a8276b3d2d7a,2026-09-08T00:00:00,2026-09-08T00:00:00,0,471f6630-ca60-510c-8733-29b68d30b49e,ALWAYS,DAMAGE,0,2,4,NULL,5,ACID,false,NULL,NULL,NULL
a3f3892a-39f1-592c-b66c-798f1c35633e,2026-09-08T00:00:00,2026-09-08T00:00:00,0,5a4e776b-c328-5d24-be76-a7bf7787a895,HIT,DAMAGE,0,1,6,3,6,BLUDGEONING,false,NULL,NULL,NULL
32e7798c-d098-5cf6-b332-9fda6a9a02e2,2026-09-08T00:00:00,2026-09-08T00:00:00,0,5a4e776b-c328-5d24-be76-a7bf7787a895,HIT,DAMAGE,1,2,4,NULL,5,BLUDGEONING,false,NULL,NULL,NULL
203258c2-5270-57a6-b626-34a7ed1a6c70,2026-09-08T00:00:00,2026-09-08T00:00:00,0,5a4e776b-c328-5d24-be76-a7bf7787a895,HIT,APPLY_CONDITION,2,NULL,NULL,NULL,NULL,NULL,false,c04d0000-0000-4000-a000-00000000000c,NULL,NULL
d5991dad-ac3f-5d7f-9cb9-5b21ed38dc6e,2026-09-08T00:00:00,2026-09-08T00:00:00,0,1cc31c9c-3c70-5878-9bd7-2f5b6edc6233,HIT,DAMAGE,0,2,6,3,10,PIERCING,false,NULL,NULL,NULL
23b84d32-9c5c-5a10-bc16-73d726fc200e,2026-09-08T00:00:00,2026-09-08T00:00:00,0,be0b28a2-876c-58d7-b752-c5d9a35d6627,HIT,DAMAGE,0,1,8,2,6,PIERCING,false,NULL,NULL,NULL
fe0312b7-a5b2-502a-90e8-1dde03d6feb0,2026-09-08T00:00:00,2026-09-08T00:00:00,0,0d23c55f-5790-53a4-8eb3-ace40d1ca2eb,HIT,DAMAGE,0,2,6,3,10,BLUDGEONING,false,NULL,NULL,NULL
09848ceb-f3a6-5071-bee8-b632861b7bb8,2026-09-08T00:00:00,2026-09-08T00:00:00,0,0d23c55f-5790-53a4-8eb3-ace40d1ca2eb,HIT,APPLY_CONDITION,1,NULL,NULL,NULL,NULL,NULL,false,c04d0000-0000-4000-a000-000000000006,13,NULL
d6b3bd71-80f0-5a37-bacb-327fd6484c5a,2026-09-08T00:00:00,2026-09-08T00:00:00,0,0d23c55f-5790-53a4-8eb3-ace40d1ca2eb,HIT,APPLY_CONDITION,2,NULL,NULL,NULL,NULL,NULL,false,c04d0000-0000-4000-a000-00000000000d,13,NULL
869b0536-e2bd-5d78-b098-c01d38fedda7,2026-09-08T00:00:00,2026-09-08T00:00:00,0,647b2802-8b55-5ed7-819c-120b93d94c40,HIT,DAMAGE,0,1,10,2,7,SLASHING,false,NULL,NULL,NULL
a1c53067-bc12-56f7-9cb1-21afc89243c2,2026-09-08T00:00:00,2026-09-08T00:00:00,0,23495d55-ea8f-5f8a-b712-6ed606a1d43f,HIT,DAMAGE,0,1,4,3,5,PIERCING,false,NULL,NULL,NULL
6f2e138c-19fe-514e-88f8-17040d76cd3a,2026-09-08T00:00:00,2026-09-08T00:00:00,0,1c9c7737-6665-51e2-b33c-2b25f0f16f6f,HIT,DAMAGE,0,1,6,3,6,BLUDGEONING,false,NULL,NULL,NULL
7b28e70f-7a28-59cb-ae6d-5f6fe4226d21,2026-09-08T00:00:00,2026-09-08T00:00:00,0,1c9c7737-6665-51e2-b33c-2b25f0f16f6f,HIT,APPLY_CONDITION,1,NULL,NULL,NULL,NULL,NULL,false,c04d0000-0000-4000-a000-000000000006,13,NULL
15028b0d-53a4-5122-b633-2467ec09e3a2,2026-09-08T00:00:00,2026-09-08T00:00:00,0,06e6b4b6-58ce-5156-b0d1-6f66b5ed6ce6,HIT,DAMAGE,0,1,8,3,7,PIERCING,false,NULL,NULL,NULL
3e5a7b61-dd4c-57ed-afca-3e88aa68d8f2,2026-09-08T00:00:00,2026-09-08T00:00:00,0,06e6b4b6-58ce-5156-b0d1-6f66b5ed6ce6,HIT,DAMAGE,1,2,10,NULL,11,POISON,false,NULL,NULL,NULL
48b17bd4-c9c9-5ee9-b253-6239b616ac4e,2026-09-08T00:00:00,2026-09-08T00:00:00,0,f09b6d82-45fc-5c02-bbc8-2a7481290e37,HIT,DAMAGE,0,2,6,2,9,BLUDGEONING,false,NULL,NULL,NULL
1124936d-2226-53c3-ae41-b128cc0fe92a,2026-09-08T00:00:00,2026-09-08T00:00:00,0,f09b6d82-45fc-5c02-bbc8-2a7481290e37,HIT,DAMAGE,1,2,8,2,11,BLUDGEONING,false,NULL,NULL,NULL
fb58fe70-bad0-527a-b0d5-11f7afe56717,2026-09-08T00:00:00,2026-09-08T00:00:00,0,93ab2a3e-bcd3-5099-8a5b-3b5655454680,HIT,DAMAGE,0,3,10,6,22,PIERCING,false,NULL,NULL,NULL
366d2b36-e4db-5d20-b8d2-aae4c2e8d12e,2026-09-08T00:00:00,2026-09-08T00:00:00,0,94f9fa0f-d1a5-5caf-a486-c399c9c125ff,HIT,DAMAGE,0,1,8,3,7,PIERCING,false,NULL,NULL,NULL
e696196c-71a5-5f50-aa14-a25f5c67b0b4,2026-09-08T00:00:00,2026-09-08T00:00:00,0,94f9fa0f-d1a5-5caf-a486-c399c9c125ff,HIT,DAMAGE,1,2,6,NULL,7,POISON,false,NULL,NULL,NULL
f49ffa12-7a5f-58f0-941f-281a6335aa79,2026-09-08T00:00:00,2026-09-08T00:00:00,0,b1cb6062-88e1-5cfb-8144-972248916aec,SAVE_FAILURE,APPLY_CONDITION,0,NULL,NULL,NULL,NULL,NULL,false,c04d0000-0000-4000-a000-00000000000d,NULL,NULL
38dda1f2-8856-58da-8aa8-1fa34409954c,2026-09-08T00:00:00,2026-09-08T00:00:00,0,39df268e-7fc8-5d2d-a59b-c939cc354eea,HIT,DAMAGE,0,1,6,2,5,PIERCING,false,NULL,NULL,NULL
7afbf5a8-1ea5-5303-92fd-56d7755bb3b8,2026-09-08T00:00:00,2026-09-08T00:00:00,0,39df268e-7fc8-5d2d-a59b-c939cc354eea,HIT,DAMAGE,1,2,4,NULL,5,POISON,false,NULL,NULL,NULL
2f627f3d-526b-5f45-a170-7e1f1e9c5d14,2026-09-08T00:00:00,2026-09-08T00:00:00,0,39df268e-7fc8-5d2d-a59b-c939cc354eea,HIT,APPLY_CONDITION,2,NULL,NULL,NULL,NULL,NULL,false,c04d0000-0000-4000-a000-000000000006,12,NULL
5e2431e0-5b0c-549e-b3c9-f16a0055da71,2026-09-08T00:00:00,2026-09-08T00:00:00,0,76f13d98-a965-5a7d-9b58-07c6f85d9b56,ALWAYS,DAMAGE,0,3,6,NULL,10,ACID,false,NULL,NULL,NULL
5bdf3b41-4b72-5943-9e9c-93744cf6ba9b,2026-09-08T00:00:00,2026-09-08T00:00:00,0,20a333e8-4244-5e13-8392-f79549277374,HIT,DAMAGE,0,1,4,4,6,PIERCING,false,NULL,NULL,NULL
a4eacc88-6216-52dc-9ede-23de8bb538d5,2026-09-08T00:00:00,2026-09-08T00:00:00,0,20a333e8-4244-5e13-8392-f79549277374,HIT,DAMAGE,1,1,8,NULL,4,POISON,false,NULL,NULL,NULL
5af6662a-1fff-5dcc-ac06-66c4e8a965a8,2026-09-08T00:00:00,2026-09-08T00:00:00,0,9e2c0f35-e073-52ba-9ad9-34424a081eae,HIT,DAMAGE,0,2,6,2,9,PIERCING,false,NULL,NULL,NULL
09d9d2ed-bddf-5211-8fac-afe817dc6d74,2026-09-08T00:00:00,2026-09-08T00:00:00,0,9e2c0f35-e073-52ba-9ad9-34424a081eae,HIT,APPLY_CONDITION,1,NULL,NULL,NULL,NULL,NULL,false,c04d0000-0000-4000-a000-00000000000b,NULL,NULL
895e1804-f80c-5174-99bf-799b6864e12c,2026-09-08T00:00:00,2026-09-08T00:00:00,0,71a778f8-9a59-5855-a530-51d2fd232f71,HIT,DAMAGE,0,1,6,2,5,PIERCING,false,NULL,NULL,NULL
3efc99a1-f90d-509a-a7b3-712dbea5409e,2026-09-08T00:00:00,2026-09-08T00:00:00,0,71a778f8-9a59-5855-a530-51d2fd232f71,HIT,DAMAGE,1,2,4,NULL,5,POISON,false,NULL,NULL,NULL
30dc0cd5-c88c-576d-8382-ee332922e950,2026-09-08T00:00:00,2026-09-08T00:00:00,0,d8b3199c-2bf0-5f84-b307-a44ae45dbd19,HIT,DAMAGE,0,1,4,3,5,PIERCING,false,NULL,NULL,NULL
ca185236-10ed-5f20-924f-8f3d90d3f1b9,2026-09-08T00:00:00,2026-09-08T00:00:00,0,bf10f96b-eace-599c-b828-33d01575d94f,HIT,DAMAGE,0,1,4,3,5,PIERCING,false,NULL,NULL,NULL
a4003949-5069-5acc-aca5-1004ec5e2c63,2026-09-08T00:00:00,2026-09-08T00:00:00,0,bf10f96b-eace-599c-b828-33d01575d94f,HIT,DAMAGE,1,2,4,NULL,5,POISON,false,NULL,NULL,NULL
1d70fba8-989a-5698-8a0b-874a4bd0aa6e,2026-09-08T00:00:00,2026-09-08T00:00:00,0,042c4a6f-4a29-5db0-a4db-28145d5e6805,HIT,DAMAGE,0,1,4,NULL,2,BLUDGEONING,false,NULL,NULL,NULL
90c39cda-871a-58a1-b3b4-003755ed1664,2026-09-08T00:00:00,2026-09-08T00:00:00,0,a70e9903-d8e0-5788-89ad-4789c3b72227,HIT,DAMAGE,0,2,10,5,16,PIERCING,false,NULL,NULL,NULL
57409d4b-5d32-5219-be06-48fc6f7c9090,2026-09-08T00:00:00,2026-09-08T00:00:00,0,854368e8-75de-58b5-8837-9b0ebbc6bebb,HIT,DAMAGE,0,3,6,4,14,PIERCING,false,NULL,NULL,NULL
de44afcb-9675-53e4-ab70-ac7feebb456e,2026-09-08T00:00:00,2026-09-08T00:00:00,0,409fb762-021d-543a-aba7-29b9ac0a2913,HIT,DAMAGE,0,1,6,NULL,3,PIERCING,false,NULL,NULL,NULL
c6cbea6d-7311-522d-a9a7-fb275f165afa,2026-09-08T00:00:00,2026-09-08T00:00:00,0,3afe9fdf-260c-512a-8e11-96eefc580989,HIT,DAMAGE,0,1,4,-1,1,PIERCING,false,NULL,NULL,NULL
a3d65ea2-7550-5884-8b93-e9e1a6e60eb8,2026-09-08T00:00:00,2026-09-08T00:00:00,0,626f7084-aea9-59ad-96bd-3ebc80023bfa,HIT,DAMAGE,0,5,6,4,21,PIERCING,false,NULL,NULL,NULL
3a20bc21-afaf-5fe3-a890-c43aedd30b23,2026-09-08T00:00:00,2026-09-08T00:00:00,0,780c9f39-effe-5994-9cd0-961c11e12783,HIT,DAMAGE,0,1,8,3,7,SLASHING,false,NULL,NULL,NULL
9a0215e9-190b-53e3-8faa-757c1659dd14,2026-09-08T00:00:00,2026-09-08T00:00:00,0,06e51c08-6fc1-54da-82b7-25f0fd1df66d,SAVE_FAILURE,APPLY_CONDITION,0,NULL,NULL,NULL,NULL,NULL,false,c04d0000-0000-4000-a000-000000000005,NULL,NULL
5b688bd6-a266-5dfb-86a0-59d0c8ab48f6,2026-09-08T00:00:00,2026-09-08T00:00:00,0,30e3d1b0-bf73-595e-91af-db5226984e88,HIT,DAMAGE,0,2,10,7,18,PIERCING,false,NULL,NULL,NULL
16cec823-4317-53aa-ac29-c337874094bf,2026-09-08T00:00:00,2026-09-08T00:00:00,0,30e3d1b0-bf73-595e-91af-db5226984e88,HIT,APPLY_CONDITION,1,NULL,NULL,NULL,NULL,NULL,false,c04d0000-0000-4000-a000-00000000000c,NULL,NULL
53c9e28e-d729-543b-9d8f-4f50fcadd8fc,2026-09-08T00:00:00,2026-09-08T00:00:00,0,837c9dec-ddd0-522e-bdff-8b82c92410e0,SAVE_FAILURE,DAMAGE,0,4,10,7,29,BLUDGEONING,false,NULL,NULL,NULL
ec4a12b0-0979-57c9-93d8-dc1634a6b6b4,2026-09-08T00:00:00,2026-09-08T00:00:00,0,837c9dec-ddd0-522e-bdff-8b82c92410e0,SAVE_SUCCESS,DAMAGE,1,NULL,NULL,NULL,NULL,NULL,true,NULL,NULL,NULL
7318f254-2002-507a-b2aa-ffb31fda5470,2026-09-08T00:00:00,2026-09-08T00:00:00,0,a59b9425-ec99-5515-a0a7-b86b3a891360,HIT,DAMAGE,0,1,6,1,4,PIERCING,false,NULL,NULL,NULL
09abc1c8-7683-5751-91e0-65fdb6b8ec8b,2026-09-08T00:00:00,2026-09-08T00:00:00,0,a59b9425-ec99-5515-a0a7-b86b3a891360,HIT,APPLY_CONDITION,1,NULL,NULL,NULL,NULL,NULL,false,c04d0000-0000-4000-a000-00000000000c,NULL,NULL
b9e795bd-4136-5521-9c76-983eb530d64b,2026-09-08T00:00:00,2026-09-08T00:00:00,0,6de18c99-2b60-5443-a70c-2f0b4703f2a1,HIT,DAMAGE,0,1,4,2,4,BLUDGEONING,false,NULL,NULL,NULL
7f591250-3d92-5f2e-8196-1cc93f06a252,2026-09-08T00:00:00,2026-09-08T00:00:00,0,2dd24a34-b902-5179-af68-291372387d9d,HIT,DAMAGE,0,1,6,3,6,SLASHING,false,NULL,NULL,NULL
2a6d59db-cd40-5e10-8861-c2dd0c35dfa7,2026-09-08T00:00:00,2026-09-08T00:00:00,0,b34ed138-5d9e-57d9-9756-10fb694e268d,HIT,DAMAGE,0,2,6,4,11,PIERCING,false,NULL,NULL,NULL
5107d95a-6120-5caa-8ee9-e6e4b7dac29f,2026-09-08T00:00:00,2026-09-08T00:00:00,0,0e19998f-6d73-52e8-b642-4f7790a72b12,HIT,DAMAGE,0,1,8,5,9,SLASHING,false,NULL,NULL,NULL
4372f3d5-48e1-5d87-bcdd-64feed4c64b0,2026-09-08T00:00:00,2026-09-08T00:00:00,0,42ea6cb3-cb90-5b68-9c52-a17e2ad5666a,HIT,DAMAGE,0,1,4,2,4,BLUDGEONING,false,NULL,NULL,NULL
73161ce6-51a4-51f0-9675-6e11a9aa2c97,2026-09-08T00:00:00,2026-09-08T00:00:00,0,dc94adae-48e5-5c49-acb3-114ed3fe80fc,HIT,DAMAGE,0,1,8,2,6,PIERCING,false,NULL,NULL,NULL
b3336277-efac-5984-bedd-82f9b8128f87,2026-09-08T00:00:00,2026-09-08T00:00:00,0,d20eb884-770c-5908-b4f1-861f42bfd8da,HIT,DAMAGE,0,2,4,2,7,PIERCING,false,NULL,NULL,NULL
39748392-1eca-5eef-9574-df24d5c7fca4,2026-09-08T00:00:00,2026-09-08T00:00:00,0,813a4840-108c-5c03-b0cd-c8bac435f44c,HIT,DAMAGE,0,2,8,5,14,PIERCING,false,NULL,NULL,NULL
6bea6262-7fd3-52ef-a9c4-077bc6e6562e,2026-09-08T00:00:00,2026-09-08T00:00:00,0,813a4840-108c-5c03-b0cd-c8bac435f44c,HIT,DAMAGE,1,2,8,NULL,9,PIERCING,false,NULL,NULL,NULL
7ed1ef34-28ab-52e9-bb81-a66cf050da1e,2026-09-08T00:00:00,2026-09-08T00:00:00,0,813a4840-108c-5c03-b0cd-c8bac435f44c,HIT,APPLY_CONDITION,2,NULL,NULL,NULL,NULL,NULL,false,c04d0000-0000-4000-a000-00000000000c,NULL,NULL
65f446ca-d47d-5b3b-be1d-675f8b2c4dc1,2026-09-08T00:00:00,2026-09-08T00:00:00,0,c9720858-77d4-5f50-8ca8-3b0d37a9027f,HIT,DAMAGE,0,1,8,3,7,BLUDGEONING,false,NULL,NULL,NULL
97a3b483-dbd0-502e-9f30-75b89f9132e2,2026-09-08T00:00:00,2026-09-08T00:00:00,0,e874aef1-1106-5f85-b0e4-440f120bd931,HIT,DAMAGE,0,2,6,4,11,SLASHING,false,NULL,NULL,NULL
6bf36ddb-0180-57d0-b70f-6642a86fad36,2026-09-08T00:00:00,2026-09-08T00:00:00,0,6c5eec7d-e05b-58a9-92c6-48b54e80cf99,HIT,DAMAGE,0,1,6,NULL,3,POISON,false,NULL,NULL,NULL
c67a8cab-2395-5f24-a6d8-faa588737ea6,2026-09-08T00:00:00,2026-09-08T00:00:00,0,a4a63cb2-87ed-584b-a91a-353babeebd01,HIT,DAMAGE,0,1,4,NULL,2,POISON,false,NULL,NULL,NULL
3e569f15-b047-58f7-9da9-b304e1183297,2026-09-08T00:00:00,2026-09-08T00:00:00,0,724fdf79-bd99-54e8-b6b3-e8efb3783f47,HIT,DAMAGE,0,2,4,NULL,5,PIERCING,false,NULL,NULL,NULL
6751bdea-864a-5b71-813e-99a86559b5eb,2026-09-08T00:00:00,2026-09-08T00:00:00,0,724fdf79-bd99-54e8-b6b3-e8efb3783f47,HIT,DAMAGE,1,1,4,NULL,2,PIERCING,false,NULL,NULL,NULL
d1706c20-d5b2-5cbb-850b-ecc0d21892c7,2026-09-08T00:00:00,2026-09-08T00:00:00,0,b5be5fe0-de86-5a12-bddc-ccb00becb1fc,HIT,DAMAGE,0,2,4,1,6,POISON,false,NULL,NULL,NULL
2fa5956a-5e76-5960-a86b-32d6c35f8015,2026-09-08T00:00:00,2026-09-08T00:00:00,0,b5be5fe0-de86-5a12-bddc-ccb00becb1fc,HIT,DAMAGE,1,1,4,1,3,POISON,false,NULL,NULL,NULL
2b736ba9-2193-5b97-a3e9-b101b9c9cae0,2026-09-08T00:00:00,2026-09-08T00:00:00,0,78cffe06-a727-5a1a-a3d6-fad743a1fb65,HIT,DAMAGE,0,2,4,3,8,PIERCING,false,NULL,NULL,NULL
187b782f-1511-5602-8b77-6a2c052b879d,2026-09-08T00:00:00,2026-09-08T00:00:00,0,78cffe06-a727-5a1a-a3d6-fad743a1fb65,HIT,DAMAGE,1,1,4,3,5,PIERCING,false,NULL,NULL,NULL
21553e56-68e2-5831-816c-e218decbb28b,2026-09-08T00:00:00,2026-09-08T00:00:00,0,f66718dd-ad9c-55c0-8b92-4e77f42a88b1,HIT,DAMAGE,0,2,4,NULL,5,PIERCING,false,NULL,NULL,NULL
8091ea81-aa42-5d36-abd3-7103cf29de39,2026-09-08T00:00:00,2026-09-08T00:00:00,0,f66718dd-ad9c-55c0-8b92-4e77f42a88b1,HIT,DAMAGE,1,1,4,NULL,2,PIERCING,false,NULL,NULL,NULL
a8fd66aa-2b82-5a67-a434-0ea9a8f14ed6,2026-09-08T00:00:00,2026-09-08T00:00:00,0,b89e4c21-fb76-55e9-9470-4aa2d5829cb9,HIT,DAMAGE,0,1,6,2,5,PIERCING,false,NULL,NULL,NULL
825d64c5-6d89-5f1b-b1a4-529baea16612,2026-09-08T00:00:00,2026-09-08T00:00:00,0,b89e4c21-fb76-55e9-9470-4aa2d5829cb9,HIT,DAMAGE,1,1,4,NULL,2,PIERCING,false,NULL,NULL,NULL
4375e037-a516-527c-b8bc-663049a5746c,2026-09-08T00:00:00,2026-09-08T00:00:00,0,97e8e2e7-8f2a-5663-a2d1-9fa385754fce,SAVE_FAILURE,APPLY_CONDITION,0,NULL,NULL,NULL,NULL,NULL,false,c04d0000-0000-4000-a000-000000000003,NULL,NULL
9eaba03e-3273-5217-826c-e71a5ef331b3,2026-09-08T00:00:00,2026-09-08T00:00:00,0,568fca54-e8a9-576b-a287-030ed53528d8,HIT,DAMAGE,0,1,8,4,8,PIERCING,false,NULL,NULL,NULL
a5dc31d0-a3bf-5fed-aa88-4357efb040cd,2026-09-08T00:00:00,2026-09-08T00:00:00,0,568fca54-e8a9-576b-a287-030ed53528d8,HIT,DAMAGE,1,1,4,4,6,PIERCING,false,NULL,NULL,NULL
e604f968-2e57-53c6-ab36-491c2dd946d6,2026-09-08T00:00:00,2026-09-08T00:00:00,0,568fca54-e8a9-576b-a287-030ed53528d8,HIT,DAMAGE,2,3,6,NULL,10,POISON,false,NULL,NULL,NULL
b7fcd955-b7c3-59c9-98eb-a6f58471b854,2026-09-08T00:00:00,2026-09-08T00:00:00,0,ab835042-af2f-54a6-a8d0-ff8e1911d599,HIT,DAMAGE,0,2,6,3,10,SLASHING,false,NULL,NULL,NULL
a9f205ef-9ad4-5172-b771-2be9562afe6d,2026-09-08T00:00:00,2026-09-08T00:00:00,0,ab835042-af2f-54a6-a8d0-ff8e1911d599,HIT,APPLY_CONDITION,1,NULL,NULL,NULL,NULL,NULL,false,c04d0000-0000-4000-a000-00000000000c,NULL,NULL
fe55ab8e-ee71-52d0-9ff3-2236e67194bf,2026-09-08T00:00:00,2026-09-08T00:00:00,0,a41de5c8-eb88-5a5a-935c-d2981c948d63,HIT,DAMAGE,0,2,12,6,19,PIERCING,false,NULL,NULL,NULL
86992d55-0511-599c-9585-06f7e6fadbbe,2026-09-08T00:00:00,2026-09-08T00:00:00,0,a41de5c8-eb88-5a5a-935c-d2981c948d63,HIT,DAMAGE,1,2,8,NULL,9,PIERCING,false,NULL,NULL,NULL
486adaac-7517-553e-b79f-beccc93a5741,2026-09-08T00:00:00,2026-09-08T00:00:00,0,a41de5c8-eb88-5a5a-935c-d2981c948d63,HIT,APPLY_CONDITION,2,NULL,NULL,NULL,NULL,NULL,false,c04d0000-0000-4000-a000-00000000000c,NULL,NULL
b4531c28-9105-5707-9aac-e884f7bb1c0a,2026-09-08T00:00:00,2026-09-08T00:00:00,0,f4e7d20c-6ef0-5b89-a0a9-46718330ecc4,HIT,DAMAGE,0,4,12,7,33,PIERCING,false,NULL,NULL,NULL
de9216e3-6deb-503b-b579-2cee83421408,2026-09-08T00:00:00,2026-09-08T00:00:00,0,f4e7d20c-6ef0-5b89-a0a9-46718330ecc4,HIT,APPLY_CONDITION,1,NULL,NULL,NULL,NULL,NULL,false,c04d0000-0000-4000-a000-000000000006,17,NULL
a4c08d92-7b88-5502-8216-361e0a45e197,2026-09-08T00:00:00,2026-09-08T00:00:00,0,f4e7d20c-6ef0-5b89-a0a9-46718330ecc4,HIT,APPLY_CONDITION,2,NULL,NULL,NULL,NULL,NULL,false,c04d0000-0000-4000-a000-00000000000d,17,NULL
a2bf5063-d44a-52e8-900e-7e59642dad8a,2026-09-08T00:00:00,2026-09-08T00:00:00,0,fbdfc1dc-23bc-551e-ada3-3758e5dcf5b8,HIT,DAMAGE,0,4,8,7,25,BLUDGEONING,false,NULL,NULL,NULL
173b8c56-46e5-5ce4-8eab-345933455f38,2026-09-08T00:00:00,2026-09-08T00:00:00,0,fbdfc1dc-23bc-551e-ada3-3758e5dcf5b8,HIT,APPLY_CONDITION,1,NULL,NULL,NULL,NULL,NULL,false,c04d0000-0000-4000-a000-00000000000c,NULL,NULL
31fea982-2d38-5c3c-9db6-39f55eaaf40c,2026-09-08T00:00:00,2026-09-08T00:00:00,0,c3290bb6-2206-5470-b6ab-e40d3676272a,HIT,DAMAGE,0,1,4,2,4,PIERCING,false,NULL,NULL,NULL
b98774af-dedd-5b12-8792-6cbc45a98a66,2026-09-08T00:00:00,2026-09-08T00:00:00,0,c3290bb6-2206-5470-b6ab-e40d3676272a,HIT,DAMAGE,1,1,6,NULL,3,POISON,false,NULL,NULL,NULL
3769f500-6342-50e3-bb4e-a7618f842fee,2026-09-08T00:00:00,2026-09-08T00:00:00,0,93519762-0010-5783-bbf9-01ef75853270,HIT,DAMAGE,0,1,4,NULL,2,PIERCING,false,NULL,NULL,NULL
96e0b98f-f25a-569f-8b40-faf64500d3e6,2026-09-08T00:00:00,2026-09-08T00:00:00,0,dce84f2f-8bd5-553c-9d2e-43871fe6a1c8,HIT,DAMAGE,0,2,4,4,9,BLUDGEONING,false,NULL,NULL,NULL
4f6cfb72-a627-5b64-9d01-2c2d52bc47c1,2026-09-08T00:00:00,2026-09-08T00:00:00,0,dce84f2f-8bd5-553c-9d2e-43871fe6a1c8,HIT,DAMAGE,1,2,4,NULL,5,BLUDGEONING,false,NULL,NULL,NULL
07bad8ff-da19-5c64-87a0-11415b48932c,2026-09-08T00:00:00,2026-09-08T00:00:00,0,dce84f2f-8bd5-553c-9d2e-43871fe6a1c8,HIT,APPLY_CONDITION,2,NULL,NULL,NULL,NULL,NULL,false,c04d0000-0000-4000-a000-00000000000c,NULL,NULL
231d97a4-e365-56ba-a997-7c5ebe31a131,2026-09-08T00:00:00,2026-09-08T00:00:00,0,5d625354-be73-57d0-bd95-b0eb845d32a6,HIT,DAMAGE,0,1,6,2,5,PIERCING,false,NULL,NULL,NULL
e55cd252-729f-5f50-b663-6d04bdbbf98e,2026-09-08T00:00:00,2026-09-08T00:00:00,0,5d625354-be73-57d0-bd95-b0eb845d32a6,HIT,APPLY_CONDITION,1,NULL,NULL,NULL,NULL,NULL,false,c04d0000-0000-4000-a000-00000000000c,NULL,NULL
