id,created_at,updated_at,version,feature_id,ordinal,step_trigger,target_filter,delivery,attack_kind,attack_bonus,attack_bonus_source,reach_feet,range_feet,range_long_feet,save_ability,save_dc,save_dc_source
338b0deb-8654-5fc8-a4ac-116b91c12168,2026-09-08T00:00:00,2026-09-08T00:00:00,0,71a63806-32f8-5039-be1f-87524329cf01,0,ALWAYS,NULL,AUTOMATIC,NULL,NULL,NULL,NULL,NULL,NULL,NULL,NULL,NULL
630e68fa-9744-5319-bc09-58bf77373fed,2026-09-08T00:00:00,2026-09-08T00:00:00,0,e6d9d020-417f-5f14-87be-565a13d1d272,0,ALWAYS,NULL,AUTOMATIC,NULL,NULL,NULL,NULL,NULL,NULL,NULL,NULL,NULL
91a57bbb-b416-50cb-a2f6-d28240d30722,2026-09-08T00:00:00,2026-09-08T00:00:00,0,75cc7af5-57f1-528c-8fc1-bf4d8054db8f,0,ALWAYS,NULL,AUTOMATIC,NULL,NULL,NULL,NULL,NULL,NULL,NULL,NULL,NULL
bfeb7f7e-4b8f-5bd3-88e0-799d4b94c807,2026-09-08T00:00:00,2026-09-08T00:00:00,0,5030981c-3aff-57d5-a158-d54a88543122,0,ALWAYS,NULL,SAVING_THROW,NULL,NULL,NULL,NULL,NULL,NULL,CONSTITUTION,14,FIXED
c2b1c831-bbea-56bf-8332-ec01fa551002,2026-09-08T00:00:00,2026-09-08T00:00:00,0,ec61d485-de18-5459-9b42-a659a1b35b32,0,ALWAYS,NULL,AUTOMATIC,NULL,NULL,NULL,NULL,NULL,NULL,NULL,NULL,NULL
0d2294bd-ba95-5829-bacb-3044350355e9,2026-09-08T00:00:00,2026-09-08T00:00:00,0,b7cb1ff1-37ab-5a09-b264-428927c8eab8,0,ALWAYS,NULL,AUTOMATIC,NULL,NULL,NULL,NULL,NULL,NULL,NULL,NULL,NULL
5007e206-c6bc-5864-abd1-03e260a96579,2026-09-08T00:00:00,2026-09-08T00:00:00,0,149a656d-9039-56cd-b4a6-4ed4d283fb3f,0,ALWAYS,NULL,ATTACK_ROLL,MELEE,9,FIXED,15,NULL,NULL,NULL,NULL,NULL
50917df4-7fdf-5a95-b265-d6ff0247e090,2026-09-08T00:00:00,2026-09-08T00:00:00,0,8d69d00e-08f7-5ea8-8db1-8187c15c1dda,0,ALWAYS,NULL,SAVING_THROW,NULL,NULL,NULL,NULL,30,NULL,INTELLIGENCE,16,FIXED
8dcf031e-7c6d-53f0-a811-2d506a6eab3b,2026-09-08T00:00:00,2026-09-08T00:00:00,0,de0f7a45-315d-5e44-a9ec-fc62ac90553a,0,ALWAYS,NULL,SAVING_THROW,NULL,NULL,NULL,NULL,30,NULL,WISDOM,16,FIXED
bf806dbc-3ec1-53b6-8a37-cdbb15cf2ebc,2026-09-08T00:00:00,2026-09-08T00:00:00,0,4cfa74e1-4297-5a1f-8a9f-a89e367ea2d6,0,ALWAYS,NULL,AUTOMATIC,NULL,NULL,NULL,NULL,NULL,NULL,NULL,NULL,NULL
0e0ce378-74e3-5be4-a5f5-1b975a589225,2026-09-08T00:00:00,2026-09-08T00:00:00,0,983b70db-05c0-5da7-a000-97ded6e0a55c,0,ALWAYS,NULL,AUTOMATIC,NULL,NULL,NULL,NULL,NULL,NULL,NULL,NULL,NULL
e64e68f3-d03b-56be-bec0-814cebbab344,2026-09-08T00:00:00,2026-09-08T00:00:00,0,1b2fbe6a-e74f-50e2-ac78-279e19904b81,0,ALWAYS,NULL,AUTOMATIC,NULL,NULL,NULL,NULL,NULL,NULL,NULL,NULL,NULL
e903bee4-c5c4-5fc5-b1e2-384f028e40ef,2026-09-08T00:00:00,2026-09-08T00:00:00,0,0bc07e50-b537-508f-ba96-c6eca0398d80,0,ALWAYS,NULL,AUTOMATIC,NULL,NULL,NULL,NULL,NULL,NULL,NULL,NULL,NULL
0d1b6033-63a3-5005-80ef-664c4d19a4d1,2026-09-08T00:00:00,2026-09-08T00:00:00,0,a6a672d6-327c-50ff-92c1-55c7472b5d42,0,ALWAYS,NULL,ATTACK_ROLL,MELEE,8,FIXED,10,NULL,NULL,NULL,NULL,NULL
d99e8305-9875-58fb-9338-04ccedb6476d,2026-09-08T00:00:00,2026-09-08T00:00:00,0,51e7f06b-609f-592a-98db-7811f105275d,0,ALWAYS,NULL,SAVING_THROW,NULL,NULL,NULL,NULL,NULL,NULL,STRENGTH,13,FIXED
d0ff9b01-a18b-50b9-b8e4-2f336fc717c4,2026-09-08T00:00:00,2026-09-08T00:00:00,0,3210ba19-a339-5d41-97f5-637253fd5295,0,ALWAYS,NULL,AUTOMATIC,NULL,NULL,NULL,NULL,NULL,NULL,NULL,NULL,NULL
c52b03d5-b12b-508b-ae5e-5d209a1638fc,2026-09-08T00:00:00,2026-09-08T00:00:00,0,55762778-bd39-5354-bade-b0c607acea58,0,ALWAYS,NULL,ATTACK_ROLL,MELEE,4,FIXED,5,NULL,NULL,NULL,NULL,NULL
2f2fced6-dc91-5b20-8a8c-e426ad73f0c7,2026-09-08T00:00:00,2026-09-08T00:00:00,0,9cf83429-87e4-5931-a9b5-5bb378f4c20c,0,ALWAYS,NULL,ATTACK_ROLL,MELEE,4,FIXED,5,NULL,NULL,NULL,NULL,NULL
5a44b931-ba7c-517f-876e-60cc39a48ec3,2026-09-08T00:00:00,2026-09-08T00:00:00,0,1f99eea5-5d43-534d-98a2-f51c26794846,0,ALWAYS,NULL,ATTACK_ROLL,MELEE,5,FIXED,5,NULL,NULL,NULL,NULL,NULL
d5a5b8f2-5abb-5a75-bc89-174bdee4dbc2,2026-09-08T00:00:00,2026-09-08T00:00:00,0,ee90f4dd-8d23-5cde-88c5-a7977e97df49,0,ALWAYS,NULL,AUTOMATIC,NULL,NULL,NULL,NULL,NULL,NULL,NULL,NULL,NULL
473fdbda-1b82-576b-a5eb-e813a8062986,2026-09-08T00:00:00,2026-09-08T00:00:00,0,8c3d4bb1-3a4e-518e-aa8f-f71214ae52ab,0,ALWAYS,NULL,ATTACK_ROLL,MELEE,5,FIXED,5,NULL,NULL,NULL,NULL,NULL
9e0987a3-9b71-5293-8312-93459b804903,2026-09-08T00:00:00,2026-09-08T00:00:00,0,dbc0395f-a001-56b7-9f42-e1d82e1b282b,0,ALWAYS,NULL,SAVING_THROW,NULL,NULL,NULL,NULL,NULL,NULL,DEXTERITY,12,FIXED
f8c7d457-778e-5da0-b447-07f2f92f17e8,2026-09-08T00:00:00,2026-09-08T00:00:00,0,accb39fe-c80c-55f9-bcf5-a661ed94bfea,0,ALWAYS,NULL,AUTOMATIC,NULL,NULL,NULL,NULL,NULL,NULL,NULL,NULL,NULL
991906a3-4efb-5ea5-8ff5-08489d759324,2026-09-08T00:00:00,2026-09-08T00:00:00,0,e2b758e4-57e4-5bcb-916b-fefaca597e62,0,ALWAYS,NULL,AUTOMATIC,NULL,NULL,NULL,NULL,NULL,NULL,NULL,NULL,NULL
35976e4f-ba0a-5fda-b347-bc59afb0110e,2026-09-08T00:00:00,2026-09-08T00:00:00,0,1aea011b-d3eb-5ca6-a4dc-8f364758ec62,0,ALWAYS,NULL,ATTACK_ROLL,MELEE,7,FIXED,5,NULL,NULL,NULL,NULL,NULL
4be44266-9770-52f6-a82e-dd6d8b7e4c3f,2026-09-08T00:00:00,2026-09-08T00:00:00,0,28e29597-6a57-5041-9f61-c33f072364d1,0,ALWAYS,NULL,ATTACK_ROLL,RANGED,7,FIXED,NULL,80,320,NULL,NULL,NULL
5a0bfda2-6794-523a-a41a-5cbc50609372,2026-09-08T00:00:00,2026-09-08T00:00:00,0,9e3f1e2f-75c8-5908-b09f-acdae5102254,0,ALWAYS,NULL,AUTOMATIC,NULL,NULL,NULL,NULL,NULL,NULL,NULL,NULL,NULL
1b277195-2df4-5a42-ac88-b6c41d9a378b,2026-09-08T00:00:00,2026-09-08T00:00:00,0,39613584-4267-5135-998c-b23012e2b12e,0,ALWAYS,NULL,ATTACK_ROLL,MELEE,1,FIXED,5,NULL,NULL,NULL,NULL,NULL
48837391-f523-5448-868b-4ee7ab1ca1c8,2026-09-08T00:00:00,2026-09-08T00:00:00,0,aeaf6119-1ef4-5122-a5e3-2545a2f5be43,0,ALWAYS,NULL,ATTACK_ROLL,MELEE,6,FIXED,10,NULL,NULL,NULL,NULL,NULL
961859f6-5c98-518f-ad91-809423a8caa7,2026-09-08T00:00:00,2026-09-08T00:00:00,0,f0f64606-3e12-5f25-84b4-f1604466f59a,0,ALWAYS,NULL,ATTACK_ROLL,MELEE,4,FIXED,5,NULL,NULL,NULL,NULL,NULL
1cb48595-6667-59e4-bb93-77fc3cd05929,2026-09-08T00:00:00,2026-09-08T00:00:00,0,55057de3-2af9-5d42-83eb-8551186dfdd5,0,ALWAYS,NULL,AUTOMATIC,NULL,NULL,NULL,NULL,NULL,NULL,NULL,NULL,NULL
e969690e-c2ae-536b-b983-23c5323b41aa,2026-09-08T00:00:00,2026-09-08T00:00:00,0,04491782-1e5a-5988-b801-a3737a009abb,0,ALWAYS,NULL,AUTOMATIC,NULL,NULL,NULL,NULL,NULL,NULL,NULL,NULL,NULL
a61b0ab7-7c07-57f3-8cc3-a117f081c0e6,2026-09-08T00:00:00,2026-09-08T00:00:00,0,bde5964e-e8d0-5061-9ff3-97e84b556db7,0,ALWAYS,NULL,ATTACK_ROLL,MELEE,5,FIXED,5,NULL,NULL,NULL,NULL,NULL
1dea5a4c-c72c-58ea-92fe-fc95e6c3ebb7,2026-09-08T00:00:00,2026-09-08T00:00:00,0,de8d87b3-9136-5309-a604-a4efd537d64e,0,ALWAYS,NULL,SAVING_THROW,NULL,NULL,NULL,NULL,NULL,NULL,DEXTERITY,20,FIXED
ea3112ee-c794-5eca-a012-7807d239f36b,2026-09-08T00:00:00,2026-09-08T00:00:00,0,0782a45a-2efc-5b4f-985f-a58a21d294b2,0,ALWAYS,NULL,AUTOMATIC,NULL,NULL,NULL,NULL,NULL,NULL,NULL,NULL,NULL
efce4141-5291-57d2-bbbd-a8d6ef98c5e3,2026-09-08T00:00:00,2026-09-08T00:00:00,0,8b5b4620-68a9-5c68-89df-e982b0da0c37,0,ALWAYS,NULL,AUTOMATIC,NULL,NULL,NULL,NULL,NULL,NULL,NULL,NULL,NULL
9f90af50-1289-576e-949f-cbb6aa5a4bbb,2026-09-08T00:00:00,2026-09-08T00:00:00,0,327d55fa-0caf-5334-8538-392403d19862,0,ALWAYS,NULL,AUTOMATIC,NULL,NULL,NULL,NULL,NULL,NULL,NULL,NULL,NULL
ca301a73-f4c7-5b0a-aff8-1ea9e6c5e5e4,2026-09-08T00:00:00,2026-09-08T00:00:00,0,921e6f0a-e9a3-5913-9a57-a8472395f81d,0,ALWAYS,NULL,AUTOMATIC,NULL,NULL,NULL,NULL,NULL,NULL,NULL,NULL,NULL
b64f27d6-fb48-5dca-a760-a07312478298,2026-09-08T00:00:00,2026-09-08T00:00:00,0,b5f3f5d7-2e53-5815-a172-31168a2f3025,0,ALWAYS,NULL,ATTACK_ROLL,MELEE,14,FIXED,30,NULL,NULL,NULL,NULL,NULL
965ae436-11e9-5ab2-b3e2-3900b3ae790b,2026-09-08T00:00:00,2026-09-08T00:00:00,0,0160abb2-ea4b-56e1-94c1-cf9a3d086114,0,ALWAYS,NULL,ATTACK_ROLL,MELEE,14,FIXED,10,NULL,NULL,NULL,NULL,NULL
9f2c6158-fd6e-547a-b212-5f0378e6791c,2026-09-08T00:00:00,2026-09-08T00:00:00,0,468ff16f-f595-5fea-acc9-07c57f0f0fb4,0,ALWAYS,NULL,AUTOMATIC,NULL,NULL,NULL,NULL,NULL,NULL,NULL,NULL,NULL
002d5e84-19ec-570c-a3c7-66c1b5423276,2026-09-08T00:00:00,2026-09-08T00:00:00,0,81ec4477-af63-589f-9206-d9441fbf9c80,0,ALWAYS,NULL,ATTACK_ROLL,MELEE,3,FIXED,5,NULL,NULL,NULL,NULL,NULL
842b07a7-c0b8-5851-a357-1608525d9865,2026-09-08T00:00:00,2026-09-08T00:00:00,0,2ad40f51-6f8a-50f6-b2db-8c352c60764f,0,ALWAYS,NULL,ATTACK_ROLL,RANGED,3,FIXED,NULL,80,320,NULL,NULL,NULL
45f406f0-6a02-5b6a-b0fb-c0514681ab6e,2026-09-08T00:00:00,2026-09-08T00:00:00,0,bad1300a-79ab-5c9a-9168-4e83252be5ba,0,ALWAYS,NULL,AUTOMATIC,NULL,NULL,NULL,NULL,NULL,NULL,NULL,NULL,NULL
d2858c39-2698-5844-a53c-550457b98e46,2026-09-08T00:00:00,2026-09-08T00:00:00,0,79c212be-4781-5b70-8fb2-20979a37901b,0,ALWAYS,NULL,ATTACK_ROLL,MELEE,5,FIXED,5,NULL,NULL,NULL,NULL,NULL
f2943222-c2a4-59bf-ab6e-3b1e1dd1cbf2,2026-09-08T00:00:00,2026-09-08T00:00:00,0,25caa673-2bf5-54b8-858e-199ff175f212,0,ALWAYS,NULL,ATTACK_ROLL,RANGED,5,FIXED,NULL,30,90,NULL,NULL,NULL
70df8aab-539d-5b6b-b0f6-5f42ae386840,2026-09-08T00:00:00,2026-09-08T00:00:00,0,804e412d-a643-525b-974a-6502117c77d3,0,ALWAYS,NULL,AUTOMATIC,NULL,NULL,NULL,NULL,NULL,NULL,NULL,NULL,NULL
10e2e5c1-1b4c-5455-9496-35ccf75471e8,2026-09-08T00:00:00,2026-09-08T00:00:00,0,975e3804-a0bb-5d74-8d20-aa3508ab400a,0,ALWAYS,NULL,AUTOMATIC,NULL,NULL,NULL,NULL,NULL,NULL,NULL,NULL,NULL
83a18362-f292-53ff-b2a0-5b9ffb6eaf2c,2026-09-08T00:00:00,2026-09-08T00:00:00,0,13f0fab1-e1a2-5a7b-8b88-36e0dd98be7e,0,ALWAYS,NULL,AUTOMATIC,NULL,NULL,NULL,NULL,NULL,NULL,NULL,NULL,NULL
b53fcda7-48bc-5494-864e-9dcc8fb05036,2026-09-08T00:00:00,2026-09-08T00:00:00,0,f37d8af2-dbc0-52c9-9ec6-6053dd548d85,0,ALWAYS,NULL,AUTOMATIC,NULL,NULL,NULL,NULL,NULL,NULL,NULL,NULL,NULL
a3ceef5f-ea30-5e8e-afa8-cec1fd5cdab9,2026-09-08T00:00:00,2026-09-08T00:00:00,0,76f03eed-db50-5239-8178-f26d301592a5,0,ALWAYS,NULL,AUTOMATIC,NULL,NULL,NULL,NULL,NULL,NULL,NULL,NULL,NULL
579752ee-4368-5b00-ae8f-c6caebf527d9,2026-09-08T00:00:00,2026-09-08T00:00:00,0,a4563f96-984a-5fa4-992b-92621dd24908,0,ALWAYS,NULL,ATTACK_ROLL,MELEE,6,FIXED,5,NULL,NULL,NULL,NULL,NULL
01dd5f2d-71e8-5983-a85d-01fca1d41741,2026-09-08T00:00:00,2026-09-08T00:00:00,0,1c34c955-5f51-5a37-befa-87486a5edce4,0,ALWAYS,NULL,ATTACK_ROLL,MELEE,6,FIXED,10,NULL,NULL,NULL,NULL,NULL
50b6e960-b4f8-5491-b05c-ed605c028428,2026-09-08T00:00:00,2026-09-08T00:00:00,0,191d6f01-de3e-53b4-bc70-26b4d1364928,0,ALWAYS,NULL,ATTACK_ROLL,RANGED,5,FIXED,NULL,NULL,NULL,NULL,NULL,NULL
10e3bcc9-31b5-5057-bb72-dc3cfce4dc84,2026-09-08T00:00:00,2026-09-08T00:00:00,0,e8cb55f7-5a34-5d0b-93d2-bcf4b30f9e7e,0,ALWAYS,NULL,ATTACK_ROLL,MELEE,5,FIXED,5,NULL,NULL,NULL,NULL,NULL
c76a83f9-e7a3-5ec0-8a1d-ab26aa1b9656,2026-09-08T00:00:00,2026-09-08T00:00:00,0,313a1e8e-bd06-574c-baa6-6cfb7653a01f,0,ALWAYS,NULL,SAVING_THROW,NULL,NULL,NULL,NULL,NULL,NULL,CONSTITUTION,12,FIXED
299d3ba9-f352-5cd0-93ec-4e70c0ed11cd,2026-09-08T00:00:00,2026-09-08T00:00:00,0,6e26fea9-29b9-5524-8a83-2f8b32b2cf44,0,ALWAYS,NULL,AUTOMATIC,NULL,NULL,NULL,NULL,NULL,NULL,NULL,NULL,NULL
bc01697b-ca86-545c-9b86-12196a39b354,2026-09-08T00:00:00,2026-09-08T00:00:00,0,f55ddba2-fd5e-5543-a17c-9f5789a567c6,0,ALWAYS,NULL,AUTOMATIC,NULL,NULL,NULL,NULL,NULL,NULL,NULL,NULL,NULL
e10e3a34-de71-560b-8827-7f2f3365de92,2026-09-08T00:00:00,2026-09-08T00:00:00,0,1c6749cf-314e-52e1-8faa-f8af5c2e86eb,0,ALWAYS,NULL,ATTACK_ROLL,MELEE,5,FIXED,5,NULL,NULL,NULL,NULL,NULL
cf1fa4bf-64dd-571e-9592-5d8367861f21,2026-09-08T00:00:00,2026-09-08T00:00:00,0,647fc75b-2fdf-5ff2-85a4-d85fc424a5e5,0,ALWAYS,NULL,ATTACK_ROLL,MELEE,5,FIXED,10,NULL,NULL,NULL,NULL,NULL
83a558f6-1971-5b83-8029-3434753407ae,2026-09-08T00:00:00,2026-09-08T00:00:00,0,647fc75b-2fdf-5ff2-85a4-d85fc424a5e5,1,ON_PREVIOUS_HIT,If the target is a creature and doesn't already have an infernal wound,SAVING_THROW,NULL,NULL,NULL,NULL,NULL,NULL,CONSTITUTION,12,FIXED
d6b5b4e3-87ed-507d-9d34-7bade2cc430d,2026-09-08T00:00:00,2026-09-08T00:00:00,0,85747b06-9697-5b5f-b3d5-95f4412b0f3c,0,ALWAYS,NULL,AUTOMATIC,NULL,NULL,NULL,NULL,NULL,NULL,NULL,NULL,NULL
243864e5-87bb-50cf-87f2-8efe12aca9ac,2026-09-08T00:00:00,2026-09-08T00:00:00,0,1a0b7afb-e3a4-593a-b9e6-dbb1716de066,0,ALWAYS,NULL,ATTACK_ROLL,MELEE,10,FIXED,10,NULL,NULL,NULL,NULL,NULL
52d742c0-636e-585e-874c-97369b4b8fb3,2026-09-08T00:00:00,2026-09-08T00:00:00,0,77734d94-a46a-5c55-80c5-5129664a3bee,0,ALWAYS,NULL,SAVING_THROW,NULL,NULL,NULL,NULL,5,NULL,STRENGTH,18,FIXED
8d6b0d20-c0ad-5fe3-9994-027725abe225,2026-09-08T00:00:00,2026-09-08T00:00:00,0,60ac0d22-27f7-54c6-bd9c-7e5b38c14201,0,ALWAYS,NULL,SAVING_THROW,NULL,NULL,NULL,NULL,NULL,NULL,DEXTERITY,16,FIXED
e48ee6be-31d5-5bc9-9d35-693867056551,2026-09-08T00:00:00,2026-09-08T00:00:00,0,525f68a6-223a-5faa-b530-6a1f8ad484fe,0,ALWAYS,NULL,SAVING_THROW,NULL,NULL,NULL,NULL,NULL,NULL,DEXTERITY,18,FIXED
9e9ad7e7-83b0-5d91-81ca-626a563864a5,2026-09-08T00:00:00,2026-09-08T00:00:00,0,0baf390f-5f8f-5aa4-b377-0e8c8c93648a,0,ALWAYS,NULL,AUTOMATIC,NULL,NULL,NULL,NULL,NULL,NULL,NULL,NULL,NULL
3756fe93-7d69-5f27-9272-39b051b43874,2026-09-08T00:00:00,2026-09-08T00:00:00,0,38cd1e77-8d7c-5511-854e-a0ff2868a5b5,0,ALWAYS,NULL,ATTACK_ROLL,MELEE,5,FIXED,5,NULL,NULL,NULL,NULL,NULL
eea64e01-1c97-5666-a32a-cfa7311d565d,2026-09-08T00:00:00,2026-09-08T00:00:00,0,804b4d16-1d53-5f20-9ca9-6b47d0ab4a9c,0,ALWAYS,NULL,AUTOMATIC,NULL,NULL,NULL,NULL,NULL,NULL,NULL,NULL,NULL
f197fc94-0092-589f-a7e7-14017fdcbc2e,2026-09-08T00:00:00,2026-09-08T00:00:00,0,8915d583-a11d-5149-ba9d-223eccfd850f,0,ALWAYS,NULL,AUTOMATIC,NULL,NULL,NULL,NULL,NULL,NULL,NULL,NULL,NULL
20a4f417-8031-54c3-9328-13c39d3afad8,2026-09-08T00:00:00,2026-09-08T00:00:00,0,518bb598-3610-5100-b658-de3147a81646,0,ALWAYS,NULL,ATTACK_ROLL,MELEE,4,FIXED,5,NULL,NULL,NULL,NULL,NULL
12945ced-a11a-5b91-bd09-2bc1f4f60dcd,2026-09-08T00:00:00,2026-09-08T00:00:00,0,69885f57-254e-5bf0-96b3-f13fdbd7102e,0,ALWAYS,NULL,SAVING_THROW,NULL,NULL,NULL,NULL,NULL,NULL,DEXTERITY,11,FIXED
b9d8658b-3106-568f-9044-4959b7c828ac,2026-09-08T00:00:00,2026-09-08T00:00:00,0,c3d7f03b-6ee1-5232-9223-b169a5a9d3ed,0,ALWAYS,NULL,AUTOMATIC,NULL,NULL,NULL,NULL,NULL,NULL,NULL,NULL,NULL
6393f836-93e2-5b59-9d82-b9b1f847b62a,2026-09-08T00:00:00,2026-09-08T00:00:00,0,80a11fc7-d6ea-54b5-be5b-d803b86a8e46,0,ALWAYS,NULL,AUTOMATIC,NULL,NULL,NULL,NULL,NULL,NULL,NULL,NULL,NULL
9fdde8c7-997a-5485-94f7-6c820a0efd6b,2026-09-08T00:00:00,2026-09-08T00:00:00,0,6305106a-a7c9-5d01-ad12-ee40dd35c92b,0,ALWAYS,NULL,ATTACK_ROLL,MELEE,7,FIXED,10,NULL,NULL,NULL,NULL,NULL
3faceae3-26aa-5a6c-a052-0695cce71b2f,2026-09-08T00:00:00,2026-09-08T00:00:00,0,f3f850aa-c127-578a-894b-a029c26d6a3c,0,ALWAYS,NULL,SAVING_THROW,NULL,NULL,NULL,NULL,NULL,NULL,DEXTERITY,14,FIXED
0a376272-e12b-5617-9836-3e45c296d75a,2026-09-08T00:00:00,2026-09-08T00:00:00,0,247574d5-6d21-5973-a1c4-081af26fcb28,0,ALWAYS,NULL,AUTOMATIC,NULL,NULL,NULL,NULL,NULL,NULL,NULL,NULL,NULL
f71b283e-47a5-59a4-8f4b-2c7b4e3e0b12,2026-09-08T00:00:00,2026-09-08T00:00:00,0,86fc9810-e277-56ab-b0de-dcb9c79c900f,0,ALWAYS,NULL,AUTOMATIC,NULL,NULL,NULL,NULL,NULL,NULL,NULL,NULL,NULL
bdbdf0c4-4442-574e-9e11-37a7301605ec,2026-09-08T00:00:00,2026-09-08T00:00:00,0,c0289d27-d5da-5bce-ba86-27562a0e7c51,0,ALWAYS,NULL,AUTOMATIC,NULL,NULL,NULL,NULL,NULL,NULL,NULL,NULL,NULL
cc6f4f79-f90a-511f-ab52-254be4f5634f,2026-09-08T00:00:00,2026-09-08T00:00:00,0,4063062c-e0a3-5ae3-8014-a942e5bb97cb,0,ALWAYS,NULL,ATTACK_ROLL,MELEE,11,FIXED,10,NULL,NULL,NULL,NULL,NULL
7a8adbae-3882-5d4e-ace2-83c529630452,2026-09-08T00:00:00,2026-09-08T00:00:00,0,82fca83f-d2aa-54da-934c-f42cfec9239c,0,ALWAYS,NULL,SAVING_THROW,NULL,NULL,NULL,NULL,NULL,NULL,DEXTERITY,18,FIXED
389c5400-30da-5521-b64c-1b4efce55bb0,2026-09-08T00:00:00,2026-09-08T00:00:00,0,3c5464cb-26dc-5476-acf8-f496d2417a60,0,ALWAYS,NULL,AUTOMATIC,NULL,NULL,NULL,NULL,NULL,NULL,NULL,NULL,NULL
89cd7611-6e76-59f5-86d0-d23dc63d909c,2026-09-08T00:00:00,2026-09-08T00:00:00,0,97e8d840-bdbb-56fd-a713-31c9bd7fac18,0,ALWAYS,NULL,SAVING_THROW,NULL,NULL,NULL,NULL,120,NULL,DEXTERITY,17,FIXED
c25ec123-9b98-51d8-9e23-7ea92aba6696,2026-09-08T00:00:00,2026-09-08T00:00:00,0,1fa9be13-557c-5740-88ad-042e180d7607,0,ALWAYS,NULL,AUTOMATIC,NULL,NULL,NULL,NULL,NULL,NULL,NULL,NULL,NULL
2fd98bb9-6a5c-5b56-a7ab-0f43805d1175,2026-09-08T00:00:00,2026-09-08T00:00:00,0,d72fba5f-5d18-5839-a4de-820aea0c3467,0,ALWAYS,NULL,AUTOMATIC,NULL,NULL,NULL,NULL,NULL,NULL,NULL,NULL,NULL
64b4ba9c-3463-5856-8626-4d129afa7733,2026-09-08T00:00:00,2026-09-08T00:00:00,0,888897f3-8fe6-526e-9b39-13e884df8059,0,ALWAYS,NULL,AUTOMATIC,NULL,NULL,NULL,NULL,NULL,NULL,NULL,NULL,NULL
754dd1ad-0e80-5317-83da-015fdbdbeb08,2026-09-08T00:00:00,2026-09-08T00:00:00,0,a7e9a5e0-8ba5-59d0-a632-0057bfa82df2,0,ALWAYS,NULL,AUTOMATIC,NULL,NULL,NULL,NULL,NULL,NULL,NULL,NULL,NULL
ca2894a5-d429-54d7-a8e0-bfac0995f721,2026-09-08T00:00:00,2026-09-08T00:00:00,0,e4f7e9a4-8667-508f-8c93-930f9ac685e4,0,ALWAYS,NULL,AUTOMATIC,NULL,NULL,NULL,NULL,NULL,NULL,NULL,NULL,NULL
e2f5496f-20e3-53f0-a13d-5548c619402f,2026-09-08T00:00:00,2026-09-08T00:00:00,0,221d782a-e113-5447-87e4-afce78b383a7,0,ALWAYS,NULL,ATTACK_ROLL,MELEE,15,FIXED,15,NULL,NULL,NULL,NULL,NULL
f7469758-b8d5-5937-9cfc-b5589e199a53,2026-09-08T00:00:00,2026-09-08T00:00:00,0,58b5b76a-a4b7-5cd7-b095-83f07a4f61d9,0,ALWAYS,NULL,SAVING_THROW,NULL,NULL,NULL,NULL,NULL,NULL,DEXTERITY,22,FIXED
4df6643d-aa0a-57d8-9b6f-978bcf2884f3,2026-09-08T00:00:00,2026-09-08T00:00:00,0,a275d403-ea80-5634-82ad-16b92b16e9d4,0,ALWAYS,NULL,AUTOMATIC,NULL,NULL,NULL,NULL,NULL,NULL,NULL,NULL,NULL
38ed48d2-4baf-556c-9c1b-552cde261963,2026-09-08T00:00:00,2026-09-08T00:00:00,0,8ab0224e-ddb0-5f77-b748-5ec68902446b,0,ALWAYS,NULL,SAVING_THROW,NULL,NULL,NULL,NULL,120,NULL,DEXTERITY,21,FIXED
d184140d-f53f-59b6-8334-6beee5596a0e,2026-09-08T00:00:00,2026-09-08T00:00:00,0,e8211ed7-a1c3-53f0-bc79-45fc98c1402d,0,ALWAYS,NULL,AUTOMATIC,NULL,NULL,NULL,NULL,NULL,NULL,NULL,NULL,NULL
c249fec1-bfb1-5c16-b4ac-0e30b0aa50d2,2026-09-08T00:00:00,2026-09-08T00:00:00,0,2d0f65a0-8ec7-5bb8-9d34-a3b8e9a50753,0,ALWAYS,NULL,AUTOMATIC,NULL,NULL,NULL,NULL,NULL,NULL,NULL,NULL,NULL
ab12a40b-4c45-57b1-80e6-45b0dc96cb55,2026-09-08T00:00:00,2026-09-08T00:00:00,0,16b37202-2af3-502b-af51-5a3b4761d29e,0,ALWAYS,NULL,AUTOMATIC,NULL,NULL,NULL,NULL,NULL,NULL,NULL,NULL,NULL
f0a10552-c90f-5549-b172-81b0933de5a3,2026-09-08T00:00:00,2026-09-08T00:00:00,0,c2b18f32-6167-55ca-b520-8760289e6f6d,0,ALWAYS,NULL,AUTOMATIC,NULL,NULL,NULL,NULL,NULL,NULL,NULL,NULL,NULL
446aae4a-01f4-5503-901f-ae120b099859,2026-09-08T00:00:00,2026-09-08T00:00:00,0,e65905b1-761e-55a4-af2b-5ec6062de0e3,0,ALWAYS,NULL,AUTOMATIC,NULL,NULL,NULL,NULL,NULL,NULL,NULL,NULL,NULL
999bf0f0-ad1e-506f-9d06-e22b2792a0a6,2026-09-08T00:00:00,2026-09-08T00:00:00,0,f24ce56b-306a-5497-9e40-e356361c3b76,0,ALWAYS,NULL,ATTACK_ROLL,MELEE,5,FIXED,10,NULL,NULL,NULL,NULL,NULL
4e462295-82ee-5adf-b41c-a0e8c10e432d,2026-09-08T00:00:00,2026-09-08T00:00:00,0,e3727743-221d-591a-b02d-0653b7be74a9,0,ALWAYS,NULL,AUTOMATIC,NULL,NULL,NULL,NULL,NULL,NULL,NULL,NULL,NULL
e94222f8-bf66-50fd-94aa-23721584464b,2026-09-08T00:00:00,2026-09-08T00:00:00,0,dda68605-d404-50c5-b690-0efd62629947,0,ALWAYS,NULL,ATTACK_ROLL,MELEE,5,FIXED,5,NULL,NULL,NULL,NULL,NULL
8d647340-dcea-5030-90c5-1ee6e2c240a5,2026-09-08T00:00:00,2026-09-08T00:00:00,0,0235fa8e-0557-5252-96f7-089e71268ce6,0,ALWAYS,NULL,AUTOMATIC,NULL,NULL,NULL,NULL,NULL,NULL,NULL,NULL,NULL
95904dd3-ca68-518c-9842-ee9f55c30a01,2026-09-08T00:00:00,2026-09-08T00:00:00,0,75213e09-275e-50d1-83ab-05ec74ace729,0,ALWAYS,NULL,AUTOMATIC,NULL,NULL,NULL,NULL,NULL,NULL,NULL,NULL,NULL
edd18ac2-3f5e-50bc-985c-ed2b79d51ac4,2026-09-08T00:00:00,2026-09-08T00:00:00,0,a05290ef-12ce-5e51-8dca-ada6ff5bb6c2,0,ALWAYS,NULL,ATTACK_ROLL,MELEE,5,FIXED,5,NULL,NULL,NULL,NULL,NULL
a57b3c2e-c9db-5f29-9f35-32401c9ab31a,2026-09-08T00:00:00,2026-09-08T00:00:00,0,dafd3854-b8aa-5d8c-ae0b-616be1720632,0,ALWAYS,NULL,SAVING_THROW,NULL,NULL,NULL,NULL,NULL,NULL,DEXTERITY,12,FIXED
f9aa6dea-26bc-510e-a1f1-afdb74390edc,2026-09-08T00:00:00,2026-09-08T00:00:00,0,8196c3ed-0245-5cc5-8f81-4ec36995ac6e,0,ALWAYS,NULL,AUTOMATIC,NULL,NULL,NULL,NULL,NULL,NULL,NULL,NULL,NULL
c578023b-ad7b-5525-ae92-1937a0ddd208,2026-09-08T00:00:00,2026-09-08T00:00:00,0,539936c4-a6ee-50eb-84b1-6c727d315385,0,ALWAYS,NULL,ATTACK_ROLL,MELEE,9,FIXED,10,NULL,NULL,NULL,NULL,NULL
246fcfe8-8ca4-56a4-8360-7e836834353e,2026-09-08T00:00:00,2026-09-08T00:00:00,0,d366ecf3-d3c3-56c0-89b5-72b814fdfff8,0,ALWAYS,NULL,SAVING_THROW,NULL,NULL,NULL,NULL,NULL,NULL,DEXTERITY,16,FIXED
eeaf90b9-a495-53da-b9b2-0e54b46fa6de,2026-09-08T00:00:00,2026-09-08T00:00:00,0,cd2b57c5-a756-5882-ae5d-54c9ad2e9c51,0,ALWAYS,NULL,AUTOMATIC,NULL,NULL,NULL,NULL,NULL,NULL,NULL,NULL,NULL
6a33da8e-3cfc-5948-a58b-fb86aa84ef4b,2026-09-08T00:00:00,2026-09-08T00:00:00,0,fd916b8e-13a3-5ecb-944f-86cd46971cc6,0,ALWAYS,NULL,AUTOMATIC,NULL,NULL,NULL,NULL,NULL,NULL,NULL,NULL,NULL
13453770-1470-52e9-ab4d-4aa923b58ac7,2026-09-08T00:00:00,2026-09-08T00:00:00,0,771c9a66-97f0-5185-bc37-1e4f433d8365,0,ALWAYS,NULL,ATTACK_ROLL,MELEE,12,FIXED,10,NULL,NULL,NULL,NULL,NULL
a39ca1d1-1166-504c-a4b8-52346abc1cf5,2026-09-08T00:00:00,2026-09-08T00:00:00,0,1783f96f-29bc-5c32-85f2-451f1635cd4e,0,ALWAYS,NULL,SAVING_THROW,NULL,NULL,NULL,NULL,NULL,NULL,DEXTERITY,19,FIXED
ba794863-9aee-58f4-9d79-6a711d3dd354,2026-09-08T00:00:00,2026-09-08T00:00:00,0,78de27da-acec-5b1c-97f6-2621a658173c,0,ALWAYS,NULL,AUTOMATIC,NULL,NULL,NULL,NULL,NULL,NULL,NULL,NULL,NULL
4b2ba952-8b5c-522b-896e-8113fa543dec,2026-09-08T00:00:00,2026-09-08T00:00:00,0,4dced58a-5af7-55d7-9ec7-0f606e8e24e5,0,ALWAYS,NULL,AUTOMATIC,NULL,NULL,NULL,NULL,NULL,NULL,NULL,NULL,NULL
1df1bd97-33b6-5db1-9997-52dee6202ec6,2026-09-08T00:00:00,2026-09-08T00:00:00,0,09792196-12c4-5a42-8ecc-d004bdc60f64,0,ALWAYS,NULL,AUTOMATIC,NULL,NULL,NULL,NULL,NULL,NULL,NULL,NULL,NULL
9fb23476-6cde-59de-b455-42bdf8d93d09,2026-09-08T00:00:00,2026-09-08T00:00:00,0,ce9657c7-5050-5455-b692-d7a744d37a79,0,ALWAYS,NULL,AUTOMATIC,NULL,NULL,NULL,NULL,NULL,NULL,NULL,NULL,NULL
70d75bef-c707-5352-87f1-7fd99ab8ccd0,2026-09-08T00:00:00,2026-09-08T00:00:00,0,e41651b9-3775-5dbf-9767-9ef51d790774,0,ALWAYS,NULL,AUTOMATIC,NULL,NULL,NULL,NULL,NULL,NULL,NULL,NULL,NULL
8ac42847-8a61-5cc6-84f1-043da22b0069,2026-09-08T00:00:00,2026-09-08T00:00:00,0,e42b5324-0599-5109-9ae3-5a3cda1f504b,0,ALWAYS,NULL,AUTOMATIC,NULL,NULL,NULL,NULL,NULL,NULL,NULL,NULL,NULL
e551a677-4c66-5417-84e7-586febb3155f,2026-09-08T00:00:00,2026-09-08T00:00:00,0,6ffcf8ea-56c2-5967-a94a-2d4da6407357,0,ALWAYS,NULL,ATTACK_ROLL,MELEE,16,FIXED,15,NULL,NULL,NULL,NULL,NULL
db0b4261-0756-5850-ac41-b9e4fe99d5d4,2026-09-08T00:00:00,2026-09-08T00:00:00,0,68def734-65ee-5bd2-b3be-526ef9175e9b,0,ALWAYS,NULL,SAVING_THROW,NULL,NULL,NULL,NULL,NULL,NULL,DEXTERITY,23,FIXED
d3ca3e4a-7d52-552f-9d8c-895b78d25bd8,2026-09-08T00:00:00,2026-09-08T00:00:00,0,f76938cd-800c-5eb9-9f9b-e52cc4d29720,0,ALWAYS,NULL,AUTOMATIC,NULL,NULL,NULL,NULL,NULL,NULL,NULL,NULL,NULL
c950b271-de71-55aa-b8ee-bd3f50671ee8,2026-09-08T00:00:00,2026-09-08T00:00:00,0,f0346f1b-2937-511e-bfc7-2d41e38537c0,0,ALWAYS,NULL,AUTOMATIC,NULL,NULL,NULL,NULL,NULL,NULL,NULL,NULL,NULL
19cc9dc9-f5e3-58ff-990c-745511b6a79d,2026-09-08T00:00:00,2026-09-08T00:00:00,0,896dc22c-26d7-571b-86a6-590599e54038,0,ALWAYS,NULL,AUTOMATIC,NULL,NULL,NULL,NULL,NULL,NULL,NULL,NULL,NULL
2c6e22a8-a1dd-5ef3-b66f-cac733331257,2026-09-08T00:00:00,2026-09-08T00:00:00,0,a87a4e52-2805-562e-aaa2-8edcafa24b6a,0,ALWAYS,NULL,AUTOMATIC,NULL,NULL,NULL,NULL,NULL,NULL,NULL,NULL,NULL
c0012c05-b3eb-5017-8d89-19471e917c92,2026-09-08T00:00:00,2026-09-08T00:00:00,0,cfcfe960-2d11-5be0-a052-142dbd467b7d,0,ALWAYS,NULL,AUTOMATIC,NULL,NULL,NULL,NULL,NULL,NULL,NULL,NULL,NULL
355203d8-b46e-5080-970e-3eac0f167045,2026-09-08T00:00:00,2026-09-08T00:00:00,0,de9cb5ef-94b7-502d-942b-cfa5f9c5677c,0,ALWAYS,NULL,AUTOMATIC,NULL,NULL,NULL,NULL,NULL,NULL,NULL,NULL,NULL
1441a56d-a1d4-5e42-8752-54694e8a6ddf,2026-09-08T00:00:00,2026-09-08T00:00:00,0,064f606c-9065-5d1d-8a1a-b80c531c99f4,0,ALWAYS,NULL,AUTOMATIC,NULL,NULL,NULL,NULL,NULL,NULL,NULL,NULL,NULL
486b03d7-911e-51c2-bd4e-a0d7e3deee55,2026-09-08T00:00:00,2026-09-08T00:00:00,0,236643a2-20fd-5018-bc6c-9265ec99b208,0,ALWAYS,NULL,ATTACK_ROLL,MELEE,8,FIXED,10,NULL,NULL,NULL,NULL,NULL
7bed1e64-404d-5f49-a82b-1eb9cac35cf2,2026-09-08T00:00:00,2026-09-08T00:00:00,0,63158f53-ce14-549b-973e-4a7955a4449a,0,ALWAYS,NULL,ATTACK_ROLL,MELEE,8,FIXED,10,NULL,NULL,NULL,NULL,NULL
c55276d0-d33f-5724-ae77-d92ba77f9717,2026-09-08T00:00:00,2026-09-08T00:00:00,0,c3fd17b5-f7fc-5147-bce8-a3c7d5643c04,0,ALWAYS,NULL,ATTACK_ROLL,MELEE,4,FIXED,5,NULL,NULL,NULL,NULL,NULL
14f640cb-8287-5a88-b465-b62dc5d2ee42,2026-09-08T00:00:00,2026-09-08T00:00:00,0,970af93e-88bf-5f73-9b81-8196e3b18d89,0,ALWAYS,NULL,SAVING_THROW,NULL,NULL,NULL,NULL,NULL,NULL,DEXTERITY,11,FIXED
d0765c15-b48b-5927-b7ff-65bbaa4cbd9e,2026-09-08T00:00:00,2026-09-08T00:00:00,0,bde68a2f-4b64-5fdd-a588-5a0266f8e128,0,ALWAYS,NULL,SAVING_THROW,NULL,NULL,NULL,NULL,NULL,NULL,CONSTITUTION,11,FIXED
626631d5-edb4-5715-8aa3-e2299dd88981,2026-09-08T00:00:00,2026-09-08T00:00:00,0,db7deefe-b343-548a-b454-253d16578d9f,0,ALWAYS,NULL,AUTOMATIC,NULL,NULL,NULL,NULL,NULL,NULL,NULL,NULL,NULL
e5c59eae-f30b-5649-9cec-76efcbd89707,2026-09-08T00:00:00,2026-09-08T00:00:00,0,fd66adfc-0609-50fe-88b4-61fda4f792c5,0,ALWAYS,NULL,ATTACK_ROLL,MELEE,7,FIXED,10,NULL,NULL,NULL,NULL,NULL
9301cd2f-e0b2-5668-b2e1-11374c6c6321,2026-09-08T00:00:00,2026-09-08T00:00:00,0,ac2c6a18-7574-5bc2-9859-e96ac5255ffd,0,ALWAYS,NULL,SAVING_THROW,NULL,NULL,NULL,NULL,NULL,NULL,DEXTERITY,14,FIXED
238bc1c9-8fe1-5fcf-bfee-967351e692a1,2026-09-08T00:00:00,2026-09-08T00:00:00,0,4b2ccd1a-83fe-5403-bacf-c1933db4a820,0,ALWAYS,NULL,SAVING_THROW,NULL,NULL,NULL,NULL,NULL,NULL,CONSTITUTION,14,FIXED
0d852c99-10ad-534d-a151-d7350373b110,2026-09-08T00:00:00,2026-09-08T00:00:00,0,7fe5b78e-3f6a-573b-807d-4be90c437f36,0,ALWAYS,NULL,AUTOMATIC,NULL,NULL,NULL,NULL,NULL,NULL,NULL,NULL,NULL
db532aaf-0047-5207-aace-b2bc54899c66,2026-09-08T00:00:00,2026-09-08T00:00:00,0,c191ff58-e4dd-54f6-825d-eacee18702da,0,ALWAYS,NULL,AUTOMATIC,NULL,NULL,NULL,NULL,NULL,NULL,NULL,NULL,NULL
672efabc-ca24-51fd-837b-036b2b4b4827,2026-09-08T00:00:00,2026-09-08T00:00:00,0,95444fa7-ee09-5f97-a18e-5b1fb119fe03,0,ALWAYS,NULL,ATTACK_ROLL,MELEE,11,FIXED,10,NULL,NULL,NULL,NULL,NULL
9ae74116-7322-5b4d-abee-f91ce2dfeaa3,2026-09-08T00:00:00,2026-09-08T00:00:00,0,a3918332-21bf-5e0e-ab98-ec30456dbc22,0,ALWAYS,NULL,SAVING_THROW,NULL,NULL,NULL,NULL,NULL,NULL,DEXTERITY,18,FIXED
778075d9-caad-5733-8967-ebb3bf6c6992,2026-09-08T00:00:00,2026-09-08T00:00:00,0,e531ec30-f953-5eeb-a6a7-7f47924a7c53,0,ALWAYS,NULL,SAVING_THROW,NULL,NULL,NULL,NULL,NULL,NULL,CONSTITUTION,18,FIXED
59c54b2a-a161-5551-9516-166b3d100f43,2026-09-08T00:00:00,2026-09-08T00:00:00,0,2c37d87c-db10-5d44-abb1-6c91c9851635,0,ALWAYS,NULL,AUTOMATIC,NULL,NULL,NULL,NULL,NULL,NULL,NULL,NULL,NULL
c7c64784-2e7e-53ca-a479-a3539f6c81db,2026-09-08T00:00:00,2026-09-08T00:00:00,0,a7663a94-a339-5500-bf43-9692e92bdcc8,0,ALWAYS,NULL,AUTOMATIC,NULL,NULL,NULL,NULL,NULL,NULL,NULL,NULL,NULL
ddbc3c96-71fa-5a82-90e1-27290a58866f,2026-09-08T00:00:00,2026-09-08T00:00:00,0,413c16a4-72ac-5269-b33b-04d95fb6dbe0,0,ALWAYS,NULL,AUTOMATIC,NULL,NULL,NULL,NULL,NULL,NULL,NULL,NULL,NULL
a4ffcf54-185d-5212-a073-d5b03231348a,2026-09-08T00:00:00,2026-09-08T00:00:00,0,0b37326e-3a8e-590d-bc3b-dbeca7350dc9,0,ALWAYS,NULL,SAVING_THROW,NULL,NULL,NULL,NULL,120,NULL,DEXTERITY,16,FIXED
e511fd25-3349-51cc-a3e3-b80a409f7f42,2026-09-08T00:00:00,2026-09-08T00:00:00,0,b2e3dd55-2028-5ad2-9a25-a96fc31a0f61,0,ALWAYS,NULL,AUTOMATIC,NULL,NULL,NULL,NULL,NULL,NULL,NULL,NULL,NULL
255bf266-856d-5e48-93e2-7eb83cc8923d,2026-09-08T00:00:00,2026-09-08T00:00:00,0,e5ff28bf-c89b-59bc-aa5c-0d629422a866,0,ALWAYS,NULL,AUTOMATIC,NULL,NULL,NULL,NULL,NULL,NULL,NULL,NULL,NULL
ff15464f-a838-5ac6-a54a-c91ae9ddb437,2026-09-08T00:00:00,2026-09-08T00:00:00,0,44bae7b9-f288-5f8a-87fb-4977065d7307,0,ALWAYS,NULL,ATTACK_ROLL,MELEE,14,FIXED,15,NULL,NULL,NULL,NULL,NULL
5b32721e-279d-5c25-a1f6-8bd29067926f,2026-09-08T00:00:00,2026-09-08T00:00:00,0,aa84183a-dbbe-589c-a623-97293c409f25,0,ALWAYS,NULL,SAVING_THROW,NULL,NULL,NULL,NULL,NULL,NULL,DEXTERITY,21,FIXED
c99eed1d-64ac-5fee-b7d5-d25cbc31636d,2026-09-08T00:00:00,2026-09-08T00:00:00,0,7d61fac2-03ff-53df-b72b-4eb3481779a2,0,ALWAYS,NULL,SAVING_THROW,NULL,NULL,NULL,NULL,NULL,NULL,CONSTITUTION,21,FIXED
47e92a1a-1a31-5fa7-8f3f-743b4d0178cd,2026-09-08T00:00:00,2026-09-08T00:00:00,0,4c948e76-d4ad-5791-9bc4-3f9c398f1fec,0,ALWAYS,NULL,AUTOMATIC,NULL,NULL,NULL,NULL,NULL,NULL,NULL,NULL,NULL
2dcf2117-e652-5f4c-a0e1-7dfc0e90e8d1,2026-09-08T00:00:00,2026-09-08T00:00:00,0,86b313da-8ae6-50e1-b3ec-b26a54784a93,0,ALWAYS,NULL,AUTOMATIC,NULL,NULL,NULL,NULL,NULL,NULL,NULL,NULL,NULL
76b49366-1624-59c9-b7d4-558a318aa654,2026-09-08T00:00:00,2026-09-08T00:00:00,0,cdd6b797-f027-5914-a023-56077c3d0d5b,0,ALWAYS,NULL,AUTOMATIC,NULL,NULL,NULL,NULL,NULL,NULL,NULL,NULL,NULL
ee84e938-3e71-5504-96c3-33c7d98ae459,2026-09-08T00:00:00,2026-09-08T00:00:00,0,04ae77bf-dc43-579a-bd34-f2765cd4f64e,0,ALWAYS,NULL,SAVING_THROW,NULL,NULL,NULL,NULL,120,NULL,DEXTERITY,20,FIXED
fd48c816-0849-5f4a-aa84-c151bec5af65,2026-09-08T00:00:00,2026-09-08T00:00:00,0,278bdbf3-1052-582d-9515-1251d8f85d48,0,ALWAYS,NULL,AUTOMATIC,NULL,NULL,NULL,NULL,NULL,NULL,NULL,NULL,NULL
00caab1e-76a6-520c-8787-996589660776,2026-09-08T00:00:00,2026-09-08T00:00:00,0,b3bafa51-dd0c-5351-bec8-7fa091a459a9,0,ALWAYS,NULL,AUTOMATIC,NULL,NULL,NULL,NULL,NULL,NULL,NULL,NULL,NULL
039eddcd-db6e-5833-b261-29210dfd5132,2026-09-08T00:00:00,2026-09-08T00:00:00,0,ff678789-047c-5232-a989-50fd0584d52c,0,ALWAYS,NULL,ATTACK_ROLL,MELEE,5,FIXED,5,NULL,NULL,NULL,NULL,NULL
4858bd84-acaa-5a48-bd27-c1b06bf84ec2,2026-09-08T00:00:00,2026-09-08T00:00:00,0,ba280d3c-5c14-5ff7-8fbd-c8f2aff77320,0,ALWAYS,NULL,SAVING_THROW,NULL,NULL,NULL,NULL,NULL,NULL,DEXTERITY,12,FIXED
304e8f36-5766-50ac-91b9-4801ac66a10f,2026-09-08T00:00:00,2026-09-08T00:00:00,0,890d8a51-aaa9-51ec-8485-f11afe3172e5,0,ALWAYS,NULL,SAVING_THROW,NULL,NULL,NULL,NULL,NULL,NULL,STRENGTH,12,FIXED
40fb1f53-37d0-5b44-b210-27eafad7c213,2026-09-08T00:00:00,2026-09-08T00:00:00,0,f90be718-3b6a-5509-9439-a9f2298f856f,0,ALWAYS,NULL,AUTOMATIC,NULL,NULL,NULL,NULL,NULL,NULL,NULL,NULL,NULL
6983701b-735a-578f-84c5-d3a86ba8e205,2026-09-08T00:00:00,2026-09-08T00:00:00,0,1af6cb5f-711c-50f4-b0b9-68e40dffe517,0,ALWAYS,NULL,AUTOMATIC,NULL,NULL,NULL,NULL,NULL,NULL,NULL,NULL,NULL
ed9572ae-8181-5c90-96fe-f7b397ba69cc,2026-09-08T00:00:00,2026-09-08T00:00:00,0,dd7a343c-abe5-524e-b30a-c0a782eb093a,0,ALWAYS,NULL,ATTACK_ROLL,MELEE,8,FIXED,10,NULL,NULL,NULL,NULL,NULL
b46dc673-c150-54a0-ad46-4b7912f0fa59,2026-09-08T00:00:00,2026-09-08T00:00:00,0,589afe30-c8cc-51a2-825b-2f065dc77bff,0,ALWAYS,NULL,SAVING_THROW,NULL,NULL,NULL,NULL,NULL,NULL,DEXTERITY,15,FIXED
b6e5b5c5-a3cc-5f95-8edc-f78d78b800cf,2026-09-08T00:00:00,2026-09-08T00:00:00,0,6e205363-ce08-5244-b9b8-1fa53b540cbc,0,ALWAYS,NULL,SAVING_THROW,NULL,NULL,NULL,NULL,NULL,NULL,STRENGTH,15,FIXED
6e4ffc5f-02ea-56ce-8ae0-18f9bed864c2,2026-09-08T00:00:00,2026-09-08T00:00:00,0,a706746b-5e27-56e7-9193-49e530ae8127,0,ALWAYS,NULL,AUTOMATIC,NULL,NULL,NULL,NULL,NULL,NULL,NULL,NULL,NULL
1f5ddc77-6476-579e-a616-7ca1460e2a12,2026-09-08T00:00:00,2026-09-08T00:00:00,0,5c02ba70-da41-5ceb-8ec7-8294e3185d7c,0,ALWAYS,NULL,AUTOMATIC,NULL,NULL,NULL,NULL,NULL,NULL,NULL,NULL,NULL
d8f7c97f-704f-5dd2-8100-9a904294160d,2026-09-08T00:00:00,2026-09-08T00:00:00,0,f2a88ab4-a961-521f-a56d-9ccfe009de18,0,ALWAYS,NULL,AUTOMATIC,NULL,NULL,NULL,NULL,NULL,NULL,NULL,NULL,NULL
87bc82ea-112c-5b78-9d70-a8504feac12c,2026-09-08T00:00:00,2026-09-08T00:00:00,0,374c0821-ebc0-5b76-85d3-ab5521f68ab6,0,ALWAYS,NULL,ATTACK_ROLL,MELEE,12,FIXED,10,NULL,NULL,NULL,NULL,NULL
0b1673c8-83b0-5664-b04d-f2a3722318eb,2026-09-08T00:00:00,2026-09-08T00:00:00,0,67c2349b-9798-5d33-bca4-9ff0ca383696,0,ALWAYS,NULL,SAVING_THROW,NULL,NULL,NULL,NULL,NULL,NULL,DEXTERITY,19,FIXED
2f65d47d-fb29-5319-a426-ba7da6832c9f,2026-09-08T00:00:00,2026-09-08T00:00:00,0,939acfcf-75d5-566f-970f-56785938839c,0,ALWAYS,NULL,SAVING_THROW,NULL,NULL,NULL,NULL,NULL,NULL,STRENGTH,19,FIXED
2cd58652-628c-5c8a-9038-a6f44eb9180e,2026-09-08T00:00:00,2026-09-08T00:00:00,0,b49a0335-0809-52d3-b055-13d02b9ff613,0,ALWAYS,NULL,AUTOMATIC,NULL,NULL,NULL,NULL,NULL,NULL,NULL,NULL,NULL
6a6bdf26-fa67-5351-804d-44d3f1803ebf,2026-09-08T00:00:00,2026-09-08T00:00:00,0,1850188c-3cd7-514d-b3dd-82a5b6a57e21,0,ALWAYS,NULL,AUTOMATIC,NULL,NULL,NULL,NULL,NULL,NULL,NULL,NULL,NULL
fc429648-9023-5f98-8ea9-a5f261981b0f,2026-09-08T00:00:00,2026-09-08T00:00:00,0,e9efa245-8350-5462-b102-ccfd87e0f66b,0,ALWAYS,NULL,AUTOMATIC,NULL,NULL,NULL,NULL,NULL,NULL,NULL,NULL,NULL
83b925bb-763a-5da6-92e0-c22f7d23d1bb,2026-09-08T00:00:00,2026-09-08T00:00:00,0,4806c254-5e7c-5fe3-8b5c-336cf2f1a95d,0,ALWAYS,NULL,SAVING_THROW,NULL,NULL,NULL,NULL,90,NULL,CONSTITUTION,17,FIXED
5f81dfa9-84bd-5384-b96e-b1e6f20a1759,2026-09-08T00:00:00,2026-09-08T00:00:00,0,f5ac3af1-ae5e-56ec-97c9-8be2e055f5a8,0,ALWAYS,NULL,AUTOMATIC,NULL,NULL,NULL,NULL,NULL,NULL,NULL,NULL,NULL
b3bb52cb-9cfa-5416-beba-a5e3ae5f0f28,2026-09-08T00:00:00,2026-09-08T00:00:00,0,aae3feac-033b-546f-881d-cec46a73f9d8,0,ALWAYS,NULL,AUTOMATIC,NULL,NULL,NULL,NULL,NULL,NULL,NULL,NULL,NULL
46b9b260-8428-572a-aede-009fa69b9407,2026-09-08T00:00:00,2026-09-08T00:00:00,0,a8bd20b0-f82b-5b4b-8f70-ab1ad69787cf,0,ALWAYS,NULL,AUTOMATIC,NULL,NULL,NULL,NULL,NULL,NULL,NULL,NULL,NULL
bd8dfcbc-57f2-5cbf-ad39-9f470ec70feb,2026-09-08T00:00:00,2026-09-08T00:00:00,0,9609490e-7421-574d-a45e-10b7ec918bd1,0,ALWAYS,NULL,ATTACK_ROLL,MELEE,16,FIXED,15,NULL,NULL,NULL,NULL,NULL
60ff6663-ec68-56b7-8ce1-c29cbb666b69,2026-09-08T00:00:00,2026-09-08T00:00:00,0,8993fe54-45b0-5bd5-b15b-f6c1e4bc59d1,0,ALWAYS,NULL,SAVING_THROW,NULL,NULL,NULL,NULL,NULL,NULL,DEXTERITY,23,FIXED
96b0f5a6-8185-5612-871b-663085008864,2026-09-08T00:00:00,2026-09-08T00:00:00,0,c0119fbc-f7c0-5343-ae72-f91b2ccdf682,0,ALWAYS,NULL,SAVING_THROW,NULL,NULL,NULL,NULL,NULL,NULL,STRENGTH,23,FIXED
2b872d6a-941e-5dd4-ae33-80b399570906,2026-09-08T00:00:00,2026-09-08T00:00:00,0,67e8d533-bfcb-5ec8-b207-c8b8d2bbfad6,0,ALWAYS,NULL,AUTOMATIC,NULL,NULL,NULL,NULL,NULL,NULL,NULL,NULL,NULL
d12e5063-eadf-57b7-b8ee-35f185d97bfe,2026-09-08T00:00:00,2026-09-08T00:00:00,0,fbb88146-6661-51a2-a2ac-5a24e5f9854d,0,ALWAYS,NULL,AUTOMATIC,NULL,NULL,NULL,NULL,NULL,NULL,NULL,NULL,NULL
753de823-24e2-58e6-8281-b63aa5b5fd83,2026-09-08T00:00:00,2026-09-08T00:00:00,0,5e7d13ef-d874-5eb8-88de-910f25773d91,0,ALWAYS,NULL,AUTOMATIC,NULL,NULL,NULL,NULL,NULL,NULL,NULL,NULL,NULL
3f6049a7-c21a-58a0-875a-f2bda5452323,2026-09-08T00:00:00,2026-09-08T00:00:00,0,6b7cad8f-029c-5cf9-9264-3c4e0961e220,0,ALWAYS,NULL,SAVING_THROW,NULL,NULL,NULL,NULL,120,NULL,CONSTITUTION,22,FIXED
3e5377b8-3536-5490-bbdc-bee93100b8f1,2026-09-08T00:00:00,2026-09-08T00:00:00,0,c3de2a74-0afc-5607-9978-e62fece1d342,0,ALWAYS,NULL,AUTOMATIC,NULL,NULL,NULL,NULL,NULL,NULL,NULL,NULL,NULL
cca57ba6-6931-5605-a0b9-6d11d9f082fd,2026-09-08T00:00:00,2026-09-08T00:00:00,0,9e114616-1c3e-5dcd-8105-6fcd01bdd331,0,ALWAYS,NULL,AUTOMATIC,NULL,NULL,NULL,NULL,NULL,NULL,NULL,NULL,NULL
fdac97b8-5712-54f4-90a1-45b5c3f5d314,2026-09-08T00:00:00,2026-09-08T00:00:00,0,c714e129-9896-5065-a906-2d35431e6ca0,0,ALWAYS,NULL,ATTACK_ROLL,MELEE_OR_RANGED,5,FIXED,10,NULL,NULL,NULL,NULL,NULL
262d94aa-f034-5415-a97a-7e56a3ef6e9d,2026-09-08T00:00:00,2026-09-08T00:00:00,0,e558d21c-9f94-58d5-a651-47cc125a6c3c,0,ALWAYS,NULL,ATTACK_ROLL,MELEE,5,FIXED,10,NULL,NULL,NULL,NULL,NULL
e28f4ed7-0eef-58cb-8038-b30bc446a54e,2026-09-08T00:00:00,2026-09-08T00:00:00,0,774325aa-c02e-5bb5-985f-19051dbad77b,0,ALWAYS,NULL,SAVING_THROW,NULL,NULL,NULL,NULL,10,NULL,DEXTERITY,13,FIXED
42f6716c-00c3-57f9-a927-d2d67a081a6c,2026-09-08T00:00:00,2026-09-08T00:00:00,0,79c178f5-0176-512a-97d0-6fca03b747c6,0,ALWAYS,NULL,AUTOMATIC,NULL,NULL,NULL,NULL,NULL,NULL,NULL,NULL,NULL
a41b6a8d-3f36-59f4-b674-811fe6b5418e,2026-09-08T00:00:00,2026-09-08T00:00:00,0,a25f7e1f-037f-5e8f-80d8-18cbb54bf6f3,0,ALWAYS,NULL,ATTACK_ROLL,MELEE,4,FIXED,10,NULL,NULL,NULL,NULL,NULL
bcc73bc3-2457-50aa-ac64-5963c757e753,2026-09-08T00:00:00,2026-09-08T00:00:00,0,2482b8d8-6d6d-5b02-91c6-52f17aa88248,0,ALWAYS,NULL,ATTACK_ROLL,MELEE_OR_RANGED,4,FIXED,10,NULL,NULL,NULL,NULL,NULL
8886b742-58eb-5348-b2c6-24a6bd4da425,2026-09-08T00:00:00,2026-09-08T00:00:00,0,ca834cd7-3caf-5dc9-a513-0b47e0286460,0,ALWAYS,NULL,AUTOMATIC,NULL,NULL,NULL,NULL,NULL,NULL,NULL,NULL,NULL
9ec1bc1e-1ff9-5dd3-bf02-e513526ffb76,2026-09-08T00:00:00,2026-09-08T00:00:00,0,867ceecc-e452-57fb-8661-3f3ca0546f1a,0,ALWAYS,NULL,ATTACK_ROLL,MELEE,7,FIXED,5,NULL,NULL,NULL,NULL,NULL
258a83ee-afae-581d-8c2f-630fed9dd17a,2026-09-08T00:00:00,2026-09-08T00:00:00,0,8ad5288c-5e2e-5cce-a941-bebe98dba6b0,0,ALWAYS,NULL,SAVING_THROW,NULL,NULL,NULL,NULL,NULL,NULL,DEXTERITY,15,FIXED
6cb09e6a-48a5-55da-a9d0-f2cbb96911c9,2026-09-08T00:00:00,2026-09-08T00:00:00,0,69dd9546-fdeb-5735-8203-a402fe6c46ad,0,ALWAYS,NULL,AUTOMATIC,NULL,NULL,NULL,NULL,NULL,NULL,NULL,NULL,NULL
c8b94eda-09bd-5c4e-b999-e701f31377ed,2026-09-08T00:00:00,2026-09-08T00:00:00,0,3b102cde-1803-5a78-99c2-e37180d1edf3,0,ALWAYS,NULL,AUTOMATIC,NULL,NULL,NULL,NULL,NULL,NULL,NULL,NULL,NULL
d48ed422-c099-534d-8de0-68b8f5bff729,2026-09-08T00:00:00,2026-09-08T00:00:00,0,76aec4c7-a8b9-5ad8-8d00-c90d9dcfd57a,0,ALWAYS,NULL,ATTACK_ROLL,MELEE,6,FIXED,10,NULL,NULL,NULL,NULL,NULL
85a60868-aa61-536c-ba2f-acf7e07e8d61,2026-09-08T00:00:00,2026-09-08T00:00:00,0,c85288df-d058-5ef2-b539-f95c65400a12,0,ALWAYS,NULL,ATTACK_ROLL,RANGED,4,FIXED,NULL,150,600,NULL,NULL,NULL
6711f9e9-0e6f-5b92-98de-2fa82a8d4005,2026-09-08T00:00:00,2026-09-08T00:00:00,0,411da7c4-dcc9-56b3-986e-287ec287054f,0,ALWAYS,NULL,SAVING_THROW,NULL,NULL,NULL,NULL,NULL,NULL,STRENGTH,14,FIXED
02a06a6e-9dcc-5250-9ca8-aa1ea3af3152,2026-09-08T00:00:00,2026-09-08T00:00:00,0,502f7c3f-5674-5845-b449-35cb86bb5c94,0,ALWAYS,NULL,AUTOMATIC,NULL,NULL,NULL,NULL,NULL,NULL,NULL,NULL,NULL
7a62c5e6-bbbd-5b74-8ddd-f995ad0b9a27,2026-09-08T00:00:00,2026-09-08T00:00:00,0,6b909ad0-058a-570d-8e38-e72d127628dd,0,ALWAYS,NULL,AUTOMATIC,NULL,NULL,NULL,NULL,NULL,NULL,NULL,NULL,NULL
d4ddce86-3384-5975-9adf-f1e3b6f3b1f5,2026-09-08T00:00:00,2026-09-08T00:00:00,0,ff43fafa-4687-5531-93c2-331c052d20fc,0,ALWAYS,NULL,AUTOMATIC,NULL,NULL,NULL,NULL,NULL,NULL,NULL,NULL,NULL
c7944275-052d-5eed-8d03-6c01e16b46b3,2026-09-08T00:00:00,2026-09-08T00:00:00,0,7102b2bc-965a-508e-9a17-58fe6386f904,0,ALWAYS,NULL,ATTACK_ROLL,MELEE,7,FIXED,10,NULL,NULL,NULL,NULL,NULL
77e67112-8e93-5c14-a712-c8c573c7bba5,2026-09-08T00:00:00,2026-09-08T00:00:00,0,6f284e33-cd8c-5cf2-a5d9-ff5bc0d92d12,0,ALWAYS,NULL,SAVING_THROW,NULL,NULL,NULL,NULL,60,NULL,DEXTERITY,15,FIXED
17e5d86d-1ba2-599e-84f1-3d9f2e8ac2fe,2026-09-08T00:00:00,2026-09-08T00:00:00,0,e56339de-de49-5f20-91c2-0d699af23100,0,ALWAYS,NULL,SAVING_THROW,NULL,NULL,NULL,NULL,NULL,NULL,WISDOM,15,FIXED
3f5abee1-a17f-5ae2-9e1c-319834fa037d,2026-09-08T00:00:00,2026-09-08T00:00:00,0,b579c50b-e128-53df-ae4f-636f12cd2de0,0,ALWAYS,NULL,AUTOMATIC,NULL,NULL,NULL,NULL,NULL,NULL,NULL,NULL,NULL
c427ad82-274f-5bd6-a026-813d4cf67ba5,2026-09-08T00:00:00,2026-09-08T00:00:00,0,eb1c953b-98b2-5b60-b81b-4e6d0026068d,0,ALWAYS,NULL,ATTACK_ROLL,MELEE,7,FIXED,5,NULL,NULL,NULL,NULL,NULL
536f7e87-29b5-567b-aad6-d2bba9b39cc8,2026-09-08T00:00:00,2026-09-08T00:00:00,0,6494b352-f0dd-5d3c-919d-883c1f8aec31,0,ALWAYS,NULL,ATTACK_ROLL,MELEE,7,FIXED,5,NULL,NULL,NULL,NULL,NULL
20bd4753-730b-54ed-9a7f-af32ad3906e0,2026-09-08T00:00:00,2026-09-08T00:00:00,0,d59a3a83-665b-51ba-9bb3-b628fe382a9d,0,ALWAYS,NULL,ATTACK_ROLL,MELEE,7,FIXED,5,NULL,NULL,NULL,NULL,NULL
f4f1d84f-7330-5902-8636-4adf3d0c5572,2026-09-08T00:00:00,2026-09-08T00:00:00,0,15fb57db-4782-5eb8-9903-6e5b581c17b1,0,ALWAYS,NULL,SAVING_THROW,NULL,NULL,NULL,NULL,NULL,NULL,DEXTERITY,15,FIXED
b110777f-64d5-5203-b843-7fbca30439e6,2026-09-08T00:00:00,2026-09-08T00:00:00,0,f4c8e3d1-35c6-563d-8ea9-bfd176c6b59a,0,ALWAYS,NULL,AUTOMATIC,NULL,NULL,NULL,NULL,NULL,NULL,NULL,NULL,NULL
a8356ece-f45e-523d-92c5-c0d3348080cf,2026-09-08T00:00:00,2026-09-08T00:00:00,0,3709403c-4add-5a4d-b662-75b70201115a,0,ALWAYS,NULL,AUTOMATIC,NULL,NULL,NULL,NULL,NULL,NULL,NULL,NULL,NULL
331963b1-26ae-55ac-bb73-995efdf573e3,2026-09-08T00:00:00,2026-09-08T00:00:00,0,293d3e74-bb6b-5280-bc64-1e1887c3ed86,0,ALWAYS,NULL,AUTOMATIC,NULL,NULL,NULL,NULL,NULL,NULL,NULL,NULL,NULL
5bfd82db-dc01-52cd-b4fa-5591b61292ab,2026-09-08T00:00:00,2026-09-08T00:00:00,0,c840db29-b4e6-5034-8dfc-149be6182a6f,0,ALWAYS,NULL,ATTACK_ROLL,MELEE,6,FIXED,10,NULL,NULL,NULL,NULL,NULL
fb0ce529-b75a-5f75-967f-f05e8df05f84,2026-09-08T00:00:00,2026-09-08T00:00:00,0,fe54415e-5f1e-55de-b8fa-47932d2b9ce4,0,ALWAYS,NULL,SAVING_THROW,NULL,NULL,NULL,NULL,NULL,NULL,CONSTITUTION,13,FIXED
9397f0eb-b55b-54c4-878c-af5ca03febf7,2026-09-08T00:00:00,2026-09-08T00:00:00,0,5252d1bd-7441-5b7e-92ff-a07d6772c2b3,0,ALWAYS,NULL,AUTOMATIC,NULL,NULL,NULL,NULL,NULL,NULL,NULL,NULL,NULL
4597f106-b6b9-564e-ac81-60d8814780a6,2026-09-08T00:00:00,2026-09-08T00:00:00,0,1fdf62a0-429a-5bd3-9037-6816beba8b60,0,ALWAYS,NULL,AUTOMATIC,NULL,NULL,NULL,NULL,NULL,NULL,NULL,NULL,NULL
f3d4b59b-5102-5650-abbe-550f2759fe33,2026-09-08T00:00:00,2026-09-08T00:00:00,0,3c7e689d-9730-5009-af86-ffbfe842575e,0,ALWAYS,NULL,AUTOMATIC,NULL,NULL,NULL,NULL,NULL,NULL,NULL,NULL,NULL
1d29075a-f1ee-5ec8-b13f-f045dc71ff8f,2026-09-08T00:00:00,2026-09-08T00:00:00,0,aa51f64f-d0ba-5242-be46-259fb06cf21c,0,ALWAYS,NULL,AUTOMATIC,NULL,NULL,NULL,NULL,NULL,NULL,NULL,NULL,NULL
331ffb18-5922-505d-996b-6e68a89e7f9f,2026-09-08T00:00:00,2026-09-08T00:00:00,0,179388ea-23bb-5889-a846-f3337059ec57,0,ALWAYS,NULL,AUTOMATIC,NULL,NULL,NULL,NULL,NULL,NULL,NULL,NULL,NULL
9ab51352-1fae-57bf-883b-5ba80b04f221,2026-09-08T00:00:00,2026-09-08T00:00:00,0,1f3a8026-1369-5aa2-8f65-114e7040314d,0,ALWAYS,NULL,ATTACK_ROLL,MELEE,9,FIXED,5,NULL,NULL,NULL,NULL,NULL
669436ec-98e2-547b-8d78-f3c9605692d3,2026-09-08T00:00:00,2026-09-08T00:00:00,0,390e76fe-aa75-5a46-825d-0982aa21a16c,0,ALWAYS,NULL,AUTOMATIC,NULL,NULL,NULL,NULL,NULL,NULL,NULL,NULL,NULL
660475db-7db7-5cad-97cd-d2586fade89c,2026-09-08T00:00:00,2026-09-08T00:00:00,0,ab65ddb7-0160-570c-abd6-1aca0a555032,0,ALWAYS,NULL,AUTOMATIC,NULL,NULL,NULL,NULL,NULL,NULL,NULL,NULL,NULL
d7d7e2e4-360b-5257-9fd4-2866003727d6,2026-09-08T00:00:00,2026-09-08T00:00:00,0,d40750b7-bbe4-57a3-afe8-54d9d662b2d3,0,ALWAYS,NULL,AUTOMATIC,NULL,NULL,NULL,NULL,NULL,NULL,NULL,NULL,NULL
f6ca34a2-eb66-5de0-b070-4d8e17a81ab7,2026-09-08T00:00:00,2026-09-08T00:00:00,0,8698d8bd-081b-5d43-bc7a-a96abefc18b7,0,ALWAYS,NULL,ATTACK_ROLL,MELEE,6,FIXED,5,NULL,NULL,NULL,NULL,NULL
1e0341af-76ce-59fc-9cb5-8c377e1e038c,2026-09-08T00:00:00,2026-09-08T00:00:00,0,5d8d344e-962e-582e-8a81-5a3d6b08ba4b,0,ALWAYS,NULL,ATTACK_ROLL,MELEE,6,FIXED,10,NULL,NULL,NULL,NULL,NULL
218a41f5-b7bd-53da-a037-321ae2725844,2026-09-08T00:00:00,2026-09-08T00:00:00,0,cf029915-827f-59ba-a8fa-61e5ba5eead8,0,ALWAYS,NULL,SAVING_THROW,NULL,NULL,NULL,NULL,NULL,NULL,WISDOM,13,FIXED
97a2bc24-0e2e-57b5-b05e-f6b440b55902,2026-09-08T00:00:00,2026-09-08T00:00:00,0,08629861-559b-5927-8507-14618647d13b,0,ALWAYS,NULL,AUTOMATIC,NULL,NULL,NULL,NULL,NULL,NULL,NULL,NULL,NULL
f9e21c73-b80c-5a28-bbfc-35533fd5759c,2026-09-08T00:00:00,2026-09-08T00:00:00,0,9e2d3377-d76b-5faf-b14e-306747bfacf3,0,ALWAYS,NULL,AUTOMATIC,NULL,NULL,NULL,NULL,NULL,NULL,NULL,NULL,NULL
53b8a434-bd08-510d-80fb-6fc28ac3ac80,2026-09-08T00:00:00,2026-09-08T00:00:00,0,f1be79a1-34fc-5f6c-88d8-7e75c700d113,0,ALWAYS,NULL,ATTACK_ROLL,MELEE,12,FIXED,10,NULL,NULL,NULL,NULL,NULL
13fcf31b-9b5b-5ff3-bead-9ee0feac6897,2026-09-08T00:00:00,2026-09-08T00:00:00,0,33217f18-a57a-564d-a47b-c026feeef9ea,0,ALWAYS,NULL,ATTACK_ROLL,RANGED,12,FIXED,NULL,NULL,NULL,NULL,NULL,NULL
b65a1510-1341-5aba-bbdf-69c4d3f27759,2026-09-08T00:00:00,2026-09-08T00:00:00,0,8ac8a7ae-cab8-5988-a82a-a681f4af7537,0,ALWAYS,NULL,AUTOMATIC,NULL,NULL,NULL,NULL,NULL,NULL,NULL,NULL,NULL
c020cfb9-f836-52ad-bf15-dc5f6daf3730,2026-09-08T00:00:00,2026-09-08T00:00:00,0,4f879071-4ba6-5a65-88be-76e9869c77fc,0,ALWAYS,NULL,AUTOMATIC,NULL,NULL,NULL,NULL,NULL,NULL,NULL,NULL,NULL
b25e7aec-d876-5be1-a8b0-e689d639a432,2026-09-08T00:00:00,2026-09-08T00:00:00,0,8cffd79a-2d57-510e-acb6-268ddea7f288,0,ALWAYS,NULL,ATTACK_ROLL,MELEE,3,FIXED,5,NULL,NULL,NULL,NULL,NULL
1d467d2f-9f77-520f-af12-2ff1bc01bbd8,2026-09-08T00:00:00,2026-09-08T00:00:00,0,8cffd79a-2d57-510e-acb6-268ddea7f288,1,ON_PREVIOUS_HIT,If the target is a creature,SAVING_THROW,NULL,NULL,NULL,NULL,NULL,NULL,CONSTITUTION,11,FIXED
cb527ce2-858c-546f-bea8-9ccc99c903b3,2026-09-08T00:00:00,2026-09-08T00:00:00,0,5cedf77c-2c9b-5539-a6f9-bf993d1aebde,0,ALWAYS,NULL,AUTOMATIC,NULL,NULL,NULL,NULL,NULL,NULL,NULL,NULL,NULL
41459fa0-f91c-50da-ba83-11c99fe730d3,2026-09-08T00:00:00,2026-09-08T00:00:00,0,aa9765af-81dd-53ff-bba3-d0ef128b88cd,0,ALWAYS,NULL,ATTACK_ROLL,MELEE,2,FIXED,5,NULL,NULL,NULL,NULL,NULL
1bb8b191-9591-5c3f-b209-ade42bb50a18,2026-09-08T00:00:00,2026-09-08T00:00:00,0,29ef2c69-9870-5c05-b1a3-1a69435ef79e,0,ALWAYS,NULL,ATTACK_ROLL,MELEE,4,FIXED,5,NULL,NULL,NULL,NULL,NULL
e507c09f-a971-54f2-809a-ab9723d127de,2026-09-08T00:00:00,2026-09-08T00:00:00,0,06223267-4c8e-5d44-a0dc-b70043c3b97f,0,ALWAYS,NULL,SAVING_THROW,NULL,NULL,NULL,NULL,NULL,NULL,DEXTERITY,11,FIXED
4aa3c1ea-e08b-57e9-b4f9-c44c44e0f49d,2026-09-08T00:00:00,2026-09-08T00:00:00,0,7efd5fbd-bc87-5072-bc27-d5deb2f45daa,0,ALWAYS,NULL,SAVING_THROW,NULL,NULL,NULL,NULL,NULL,NULL,CONSTITUTION,11,FIXED
6eb4b6bf-b58a-515e-ba8b-717de4601253,2026-09-08T00:00:00,2026-09-08T00:00:00,0,d7b7b553-affd-5efc-8f44-ddd19c11b7e4,0,ALWAYS,NULL,AUTOMATIC,NULL,NULL,NULL,NULL,NULL,NULL,NULL,NULL,NULL
5f78c453-a5ea-590d-85d9-3400996b7160,2026-09-08T00:00:00,2026-09-08T00:00:00,0,d0e5eb59-05e6-5be2-ae99-cbc7f2cbea6d,0,ALWAYS,NULL,ATTACK_ROLL,MELEE,7,FIXED,10,NULL,NULL,NULL,NULL,NULL
a3ae40ae-c080-5fbb-a09c-3eb2a6fbf8a9,2026-09-08T00:00:00,2026-09-08T00:00:00,0,b332eda4-414b-54e6-8f4c-56e09216ffb6,0,ALWAYS,NULL,SAVING_THROW,NULL,NULL,NULL,NULL,NULL,NULL,DEXTERITY,14,FIXED
f78b35c4-9071-59cb-96ac-df9c3e91ab90,2026-09-08T00:00:00,2026-09-08T00:00:00,0,9cc08c9f-de85-5fb6-be68-98f2b1dd7861,0,ALWAYS,NULL,SAVING_THROW,NULL,NULL,NULL,NULL,NULL,NULL,CONSTITUTION,14,FIXED
0e92cd75-e744-5692-a61d-5e5557bbaa17,2026-09-08T00:00:00,2026-09-08T00:00:00,0,cfa0b635-fb27-5516-84f4-2e20849e8ddc,0,ALWAYS,NULL,AUTOMATIC,NULL,NULL,NULL,NULL,NULL,NULL,NULL,NULL,NULL
353ec323-5bcd-5a4f-bcc9-2ea9a32d7875,2026-09-08T00:00:00,2026-09-08T00:00:00,0,478c4518-d490-56ef-a71d-8adce3a3a85f,0,ALWAYS,NULL,AUTOMATIC,NULL,NULL,NULL,NULL,NULL,NULL,NULL,NULL,NULL
4f2471cc-6203-550d-9508-ae7e079ef8bd,2026-09-08T00:00:00,2026-09-08T00:00:00,0,7d73c838-1e74-5151-9135-56861b7a7f55,0,ALWAYS,NULL,ATTACK_ROLL,MELEE,11,FIXED,10,NULL,NULL,NULL,NULL,NULL
26e06fdc-db1f-5405-ad8d-1d5773bf880a,2026-09-08T00:00:00,2026-09-08T00:00:00,0,a0e4ff17-7b43-5dcb-9f55-31bfc4b08cb2,0,ALWAYS,NULL,SAVING_THROW,NULL,NULL,NULL,NULL,NULL,NULL,DEXTERITY,18,FIXED
ed33c80c-6992-592d-b3c2-ffd491e257a3,2026-09-08T00:00:00,2026-09-08T00:00:00,0,793d5ed9-06b1-5715-8451-54334c0e96b9,0,ALWAYS,NULL,SAVING_THROW,NULL,NULL,NULL,NULL,NULL,NULL,CONSTITUTION,18,FIXED
f0a5e8ce-c769-5553-a597-2fa5cfa0111a,2026-09-08T00:00:00,2026-09-08T00:00:00,0,b404a8ba-08a2-57a5-bcd9-b080a8ef4ed6,0,ALWAYS,NULL,AUTOMATIC,NULL,NULL,NULL,NULL,NULL,NULL,NULL,NULL,NULL
cd445003-0a97-5ba8-a866-877a06757f1b,2026-09-08T00:00:00,2026-09-08T00:00:00,0,a2a86c8e-c317-559b-9a11-52be8d73ae47,0,ALWAYS,NULL,SAVING_THROW,NULL,NULL,NULL,NULL,90,NULL,CHARISMA,17,FIXED
faf1c520-1b33-5b88-97cb-01632efb61e9,2026-09-08T00:00:00,2026-09-08T00:00:00,0,d293ab83-b816-5762-96f0-b99475311f44,0,ALWAYS,NULL,AUTOMATIC,NULL,NULL,NULL,NULL,NULL,NULL,NULL,NULL,NULL
c40d6b95-39fc-55a1-8685-4b05dff4a2ed,2026-09-08T00:00:00,2026-09-08T00:00:00,0,d2f01e18-5128-5fd2-a3b7-1b05930da52e,0,ALWAYS,NULL,AUTOMATIC,NULL,NULL,NULL,NULL,NULL,NULL,NULL,NULL,NULL
164ae4d6-8067-5f49-9acb-b4d5f2194655,2026-09-08T00:00:00,2026-09-08T00:00:00,0,218bfbed-f9b5-5e1f-986f-fef80ce25142,0,ALWAYS,NULL,AUTOMATIC,NULL,NULL,NULL,NULL,NULL,NULL,NULL,NULL,NULL
445df51a-77bf-5e8c-838d-64a6e52ffda1,2026-09-08T00:00:00,2026-09-08T00:00:00,0,a28116fb-e301-5e1f-a18e-b664fbd8d7c7,0,ALWAYS,NULL,AUTOMATIC,NULL,NULL,NULL,NULL,NULL,NULL,NULL,NULL,NULL
9b09ac42-3f1d-514c-a43d-94be614b563a,2026-09-08T00:00:00,2026-09-08T00:00:00,0,0e64ce81-9ee2-536e-a189-1f819a3efe7a,0,ALWAYS,NULL,ATTACK_ROLL,MELEE,15,FIXED,15,NULL,NULL,NULL,NULL,NULL
f6ed371b-4abf-5ae0-9971-2483e23aefbb,2026-09-08T00:00:00,2026-09-08T00:00:00,0,2c5dfcc3-0f5c-5d49-9084-874dd51093c7,0,ALWAYS,NULL,SAVING_THROW,NULL,NULL,NULL,NULL,NULL,NULL,DEXTERITY,22,FIXED
b1115f33-a29a-5ead-bede-c4059f2e2fa4,2026-09-08T00:00:00,2026-09-08T00:00:00,0,a75fae06-e3c3-5f62-a30e-a855187110c7,0,ALWAYS,NULL,SAVING_THROW,NULL,NULL,NULL,NULL,NULL,NULL,CONSTITUTION,22,FIXED
896d6352-890b-5986-b923-78d2a62ef0bd,2026-09-08T00:00:00,2026-09-08T00:00:00,0,577580bd-f1df-5573-8842-2d07966e6bae,0,ALWAYS,NULL,AUTOMATIC,NULL,NULL,NULL,NULL,NULL,NULL,NULL,NULL,NULL
77a34c8a-f3a9-5c8c-a7b8-93f5d61766e4,2026-09-08T00:00:00,2026-09-08T00:00:00,0,4626705a-d32e-53ef-896f-246ea3db2588,0,ALWAYS,NULL,SAVING_THROW,NULL,NULL,NULL,NULL,120,NULL,CHARISMA,21,FIXED
45e10c84-65e6-539c-abb1-715368f44afc,2026-09-08T00:00:00,2026-09-08T00:00:00,0,a8fd6b70-2018-5c6b-a2f3-89423a22b52e,0,ALWAYS,NULL,AUTOMATIC,NULL,NULL,NULL,NULL,NULL,NULL,NULL,NULL,NULL
9b331f1a-0176-5c04-acc4-7b9a6bbd575b,2026-09-08T00:00:00,2026-09-08T00:00:00,0,0f875806-d793-5ea8-b06b-32f40b573d2a,0,ALWAYS,NULL,AUTOMATIC,NULL,NULL,NULL,NULL,NULL,NULL,NULL,NULL,NULL
c80042a4-3eb5-53b7-9aa6-07a240c69ad7,2026-09-08T00:00:00,2026-09-08T00:00:00,0,15103e7e-44c2-5160-903a-94e49a3b85c0,0,ALWAYS,NULL,AUTOMATIC,NULL,NULL,NULL,NULL,NULL,NULL,NULL,NULL,NULL
3e12b5a1-a8b0-553b-b7cc-0bb4163fed3e,2026-09-08T00:00:00,2026-09-08T00:00:00,0,74acd5bd-a941-5545-b65b-b865a8bce00b,0,ALWAYS,NULL,ATTACK_ROLL,MELEE,7,FIXED,5,NULL,NULL,NULL,NULL,NULL
6f9cabcd-dd02-5fe4-8b8a-69549a93ed1a,2026-09-08T00:00:00,2026-09-08T00:00:00,0,09819efb-656f-5d12-9d23-fe0311bc86f1,0,ALWAYS,NULL,SAVING_THROW,NULL,NULL,NULL,NULL,5,NULL,STRENGTH,15,FIXED
3de22293-e084-5f6f-9c48-428aa8ef931c,2026-09-08T00:00:00,2026-09-08T00:00:00,0,feebfd4f-a8ed-58b9-a1fc-b3993f557ad3,0,ALWAYS,NULL,AUTOMATIC,NULL,NULL,NULL,NULL,NULL,NULL,NULL,NULL,NULL
a19f5c83-a485-5284-a738-48c6ccfdb803,2026-09-08T00:00:00,2026-09-08T00:00:00,0,68500b96-ef46-52c2-9b37-3d369dfaecb6,0,ALWAYS,NULL,AUTOMATIC,NULL,NULL,NULL,NULL,NULL,NULL,NULL,NULL,NULL
6f1c02ed-f5bd-58ed-ae0a-3cee79ec50ce,2026-09-08T00:00:00,2026-09-08T00:00:00,0,a3900851-9afe-5f36-965b-75c985925550,0,ALWAYS,NULL,AUTOMATIC,NULL,NULL,NULL,NULL,NULL,NULL,NULL,NULL,NULL
f9845fef-0486-5921-957f-2f57e206d90b,2026-09-08T00:00:00,2026-09-08T00:00:00,0,31cbf439-f2e3-5f91-a7db-1a2e7ea75d68,0,ALWAYS,NULL,ATTACK_ROLL,MELEE,4,FIXED,5,NULL,NULL,NULL,NULL,NULL
85802a61-3e99-5004-8738-bf3f97c826c2,2026-09-08T00:00:00,2026-09-08T00:00:00,0,0a453c0d-3faa-5752-812f-4ab078217d60,0,ALWAYS,NULL,ATTACK_ROLL,MELEE,3,FIXED,5,NULL,NULL,NULL,NULL,NULL
aaea7cca-7a6d-50a2-a963-457034236bff,2026-09-08T00:00:00,2026-09-08T00:00:00,0,38c1e1c2-4ddc-5bf4-9005-eec454257855,0,ALWAYS,NULL,ATTACK_ROLL,MELEE,4,FIXED,5,NULL,NULL,NULL,NULL,NULL
65af185f-0b25-5575-bc4a-d53c91645ed2,2026-09-08T00:00:00,2026-09-08T00:00:00,0,5acee93b-6606-57b3-b096-02988ebd62f0,0,ALWAYS,NULL,AUTOMATIC,NULL,NULL,NULL,NULL,NULL,NULL,NULL,NULL,NULL
145577c3-9103-5e66-960f-1ece6947dd42,2026-09-08T00:00:00,2026-09-08T00:00:00,0,c720b008-1565-5625-abfe-949b16ddb3f9,0,ALWAYS,NULL,AUTOMATIC,NULL,NULL,NULL,NULL,NULL,NULL,NULL,NULL,NULL
13f195bd-8d66-55a5-93ce-b7e3a21355a8,2026-09-08T00:00:00,2026-09-08T00:00:00,0,88b3059b-4a26-5f9b-86ed-790bd1dc08bf,0,ALWAYS,NULL,ATTACK_ROLL,MELEE,5,FIXED,5,NULL,NULL,NULL,NULL,NULL
1e0dc163-beaf-5c36-aab1-c4e4ef366782,2026-09-08T00:00:00,2026-09-08T00:00:00,0,4c5ad3fb-0cf3-58fd-9911-5a25ca487a58,0,ALWAYS,NULL,AUTOMATIC,NULL,NULL,NULL,NULL,NULL,NULL,NULL,NULL,NULL
6c600a0c-b451-527c-b7f6-b95273763475,2026-09-08T00:00:00,2026-09-08T00:00:00,0,1d420cc5-6085-5be4-896a-703f8be97eb8,0,ALWAYS,NULL,AUTOMATIC,NULL,NULL,NULL,NULL,NULL,NULL,NULL,NULL,NULL
9db0091e-f496-5bed-825d-a5f5a5f32930,2026-09-08T00:00:00,2026-09-08T00:00:00,0,dc2fe3bf-5bc9-5067-8a5f-f840df09b196,0,ALWAYS,NULL,ATTACK_ROLL,MELEE,4,FIXED,5,NULL,NULL,NULL,NULL,NULL
912eb002-2f86-57d0-a132-de332b5fafb8,2026-09-08T00:00:00,2026-09-08T00:00:00,0,dc2fe3bf-5bc9-5067-8a5f-f840df09b196,1,ON_PREVIOUS_HIT,If the target is a creature,SAVING_THROW,NULL,NULL,NULL,NULL,NULL,NULL,CONSTITUTION,12,FIXED
284e1deb-aa46-51df-9c5c-0e8d2a8befe9,2026-09-08T00:00:00,2026-09-08T00:00:00,0,b16ea735-83f4-5981-8746-68408b1dc006,0,ALWAYS,NULL,AUTOMATIC,NULL,NULL,NULL,NULL,NULL,NULL,NULL,NULL,NULL
348fd1e6-a091-5df4-a3fa-fb4c31327509,2026-09-08T00:00:00,2026-09-08T00:00:00,0,5f748a77-a9f6-54f8-a89e-56fa8f30126a,0,ALWAYS,NULL,AUTOMATIC,NULL,NULL,NULL,NULL,NULL,NULL,NULL,NULL,NULL
77fb56b7-1022-5136-a49c-ea3289505385,2026-09-08T00:00:00,2026-09-08T00:00:00,0,9a76c832-4036-5da4-9d45-5020f8f04003,0,ALWAYS,NULL,AUTOMATIC,NULL,NULL,NULL,NULL,NULL,NULL,NULL,NULL,NULL
557862b2-1223-5e76-a046-8b6181412ed8,2026-09-08T00:00:00,2026-09-08T00:00:00,0,1b2a0b95-f1dd-56b0-9085-dd3f729f1327,0,ALWAYS,NULL,ATTACK_ROLL,MELEE,8,FIXED,5,NULL,NULL,NULL,NULL,NULL
d90c4c66-0caf-5a2f-a32b-6d1405583953,2026-09-08T00:00:00,2026-09-08T00:00:00,0,ee05136a-6998-5abc-a6e5-7b7e1ebb3c0d,0,ALWAYS,NULL,AUTOMATIC,NULL,NULL,NULL,NULL,NULL,NULL,NULL,NULL,NULL
c1873850-ca7b-54e8-ad75-ad4421b16cd7,2026-09-08T00:00:00,2026-09-08T00:00:00,0,473df466-943b-51b3-a077-148a1dba76a7,0,ALWAYS,NULL,AUTOMATIC,NULL,NULL,NULL,NULL,NULL,NULL,NULL,NULL,NULL
34ef79e1-5f4e-5645-a90a-8e98bfe0f153,2026-09-08T00:00:00,2026-09-08T00:00:00,0,e86201fb-e131-59ff-854d-b35c3f2a48b0,0,ALWAYS,NULL,AUTOMATIC,NULL,NULL,NULL,NULL,NULL,NULL,NULL,NULL,NULL
7298d473-c9d0-5c05-93c0-06413901881e,2026-09-08T00:00:00,2026-09-08T00:00:00,0,4e619c8a-ce35-5ad4-816f-df579cdfb7dd,0,ALWAYS,NULL,AUTOMATIC,NULL,NULL,NULL,NULL,NULL,NULL,NULL,NULL,NULL
3aeea1fd-d820-549f-b2d4-38e1067782f9,2026-09-08T00:00:00,2026-09-08T00:00:00,0,7cded618-2972-5a7c-8e97-64ebcda29e4a,0,ALWAYS,NULL,AUTOMATIC,NULL,NULL,NULL,NULL,NULL,NULL,NULL,NULL,NULL
8f23e938-ea46-5702-b761-69d79f2c08f1,2026-09-08T00:00:00,2026-09-08T00:00:00,0,f6555f42-f6c0-5fc1-823e-b23757e3da0e,0,ALWAYS,NULL,AUTOMATIC,NULL,NULL,NULL,NULL,NULL,NULL,NULL,NULL,NULL
0443be62-c008-5d48-beb8-bb4e364ca399,2026-09-08T00:00:00,2026-09-08T00:00:00,0,10c15896-88b1-52dd-85aa-9d8abd994191,0,ALWAYS,NULL,ATTACK_ROLL,MELEE,9,FIXED,NULL,NULL,NULL,NULL,NULL,NULL
d85a1d03-a2c4-5b9f-bb7f-cdabc8350f33,2026-09-08T00:00:00,2026-09-08T00:00:00,0,0d42cb4f-f1bb-5724-b0b0-59a9c2533677,0,ALWAYS,NULL,ATTACK_ROLL,RANGED,9,FIXED,NULL,NULL,NULL,NULL,NULL,NULL
24267aa9-e636-5fd4-81c5-2add4d2de097,2026-09-08T00:00:00,2026-09-08T00:00:00,0,dc1495c7-4651-51d3-9170-f90f6b160d28,0,ALWAYS,NULL,SAVING_THROW,NULL,NULL,NULL,NULL,NULL,NULL,STRENGTH,17,FIXED
63abefc4-9c6b-5a13-993b-ef52c29593fa,2026-09-08T00:00:00,2026-09-08T00:00:00,0,9dadf2a5-065f-556e-b350-7520df27be4e,0,ALWAYS,NULL,AUTOMATIC,NULL,NULL,NULL,NULL,NULL,NULL,NULL,NULL,NULL
72565980-bf79-5335-a577-3dd477cdc0b4,2026-09-08T00:00:00,2026-09-08T00:00:00,0,ed9e879d-0f7d-5853-82be-5b373ba7899c,0,ALWAYS,NULL,AUTOMATIC,NULL,NULL,NULL,NULL,NULL,NULL,NULL,NULL,NULL
a2c3bb5d-39d4-5197-978c-39c1fc69a835,2026-09-08T00:00:00,2026-09-08T00:00:00,0,6dbc0b80-f7aa-52c7-9b72-0dd90053f8d8,0,ALWAYS,NULL,ATTACK_ROLL,MELEE,6,FIXED,5,NULL,NULL,NULL,NULL,NULL
a4d28fb3-9599-5e41-9134-3d66c2b778b0,2026-09-08T00:00:00,2026-09-08T00:00:00,0,b3113b0b-aba4-57dc-9946-ff946742f942,0,ALWAYS,NULL,AUTOMATIC,NULL,NULL,NULL,NULL,NULL,NULL,NULL,NULL,NULL
38007e9a-62da-550c-9695-a3a2916a0460,2026-09-08T00:00:00,2026-09-08T00:00:00,0,591342b9-1499-555e-bf76-d128ea1a8e90,0,ALWAYS,NULL,SAVING_THROW,NULL,NULL,NULL,NULL,NULL,NULL,WISDOM,12,FIXED
b87f881a-2cd6-58fb-b7d2-663bfaa31b08,2026-09-08T00:00:00,2026-09-08T00:00:00,0,a255f9f8-7ca9-5657-9fb6-e3c631081135,0,ALWAYS,NULL,AUTOMATIC,NULL,NULL,NULL,NULL,NULL,NULL,NULL,NULL,NULL
c557be05-e800-58d7-9fa5-a64dd426fb72,2026-09-08T00:00:00,2026-09-08T00:00:00,0,767367da-cd09-5ae3-996a-62221cc3db1e,0,ALWAYS,NULL,AUTOMATIC,NULL,NULL,NULL,NULL,NULL,NULL,NULL,NULL,NULL
460232ce-bb3f-5629-80bc-8089a0f4a310,2026-09-08T00:00:00,2026-09-08T00:00:00,0,916b4d24-8603-5f28-93bf-61e664812880,0,ALWAYS,NULL,AUTOMATIC,NULL,NULL,NULL,NULL,NULL,NULL,NULL,NULL,NULL
67ee168b-3a20-57d6-a0d5-85280f291360,2026-09-08T00:00:00,2026-09-08T00:00:00,0,f66feba5-a58b-5d35-89fb-e5600374bc62,0,ALWAYS,NULL,ATTACK_ROLL,MELEE,13,FIXED,15,NULL,NULL,NULL,NULL,NULL
529ba623-ac00-5669-b129-b22889d9cd2a,2026-09-08T00:00:00,2026-09-08T00:00:00,0,8e74a850-67aa-5f5c-99f7-076967fcfa04,0,ALWAYS,NULL,ATTACK_ROLL,MELEE,13,FIXED,15,NULL,NULL,NULL,NULL,NULL
815f9be3-137f-5558-8dfc-4cb1cdef15ac,2026-09-08T00:00:00,2026-09-08T00:00:00,0,f0aaa8a1-2961-594a-9dfb-1ca58f9a53fc,0,ALWAYS,NULL,SAVING_THROW,NULL,NULL,NULL,NULL,NULL,NULL,CONSTITUTION,19,FIXED
ca2fc9de-b29c-5156-b277-44562c6e872f,2026-09-08T00:00:00,2026-09-08T00:00:00,0,3f1ebeb5-bf3a-51a4-94d1-7c9d853b261a,0,ALWAYS,NULL,ATTACK_ROLL,MELEE,3,FIXED,5,NULL,NULL,NULL,NULL,NULL
cdaf7c6d-eb16-5c87-b21b-128d7e815f72,2026-09-08T00:00:00,2026-09-08T00:00:00,0,1efbb986-cc15-59b6-b1e1-43a21ea83500,0,ALWAYS,NULL,SAVING_THROW,NULL,NULL,NULL,NULL,NULL,NULL,CONSTITUTION,11,FIXED
400cdd64-23ce-51c7-a078-94b01833fd36,2026-09-08T00:00:00,2026-09-08T00:00:00,0,348c4e56-50c8-57d1-9732-378f41bf3b7e,0,ALWAYS,NULL,AUTOMATIC,NULL,NULL,NULL,NULL,NULL,NULL,NULL,NULL,NULL
90adf9ce-c525-51fe-a538-c4781eadc04c,2026-09-08T00:00:00,2026-09-08T00:00:00,0,a0065369-243e-535d-a0b5-4bd5ac3da4a8,0,ALWAYS,NULL,AUTOMATIC,NULL,NULL,NULL,NULL,NULL,NULL,NULL,NULL,NULL
0c20d600-457d-5469-a638-2e1f5c28df35,2026-09-08T00:00:00,2026-09-08T00:00:00,0,353f6565-5b52-5fa2-a488-cb0d99c59318,0,ALWAYS,NULL,AUTOMATIC,NULL,NULL,NULL,NULL,NULL,NULL,NULL,NULL,NULL
acaa92e4-7267-5fd2-a764-99970e169806,2026-09-08T00:00:00,2026-09-08T00:00:00,0,8744ee55-827c-5067-ac01-7d69f3e13c04,0,ALWAYS,NULL,AUTOMATIC,NULL,NULL,NULL,NULL,NULL,NULL,NULL,NULL,NULL
c474351c-627c-5648-9f9f-735b89f85eaa,2026-09-08T00:00:00,2026-09-08T00:00:00,0,fffbbc29-a820-54cc-ab57-1599603eca0f,0,ALWAYS,NULL,ATTACK_ROLL,MELEE,7,FIXED,10,NULL,NULL,NULL,NULL,NULL
1d04a5c8-028f-5c6e-9e72-464016d1f51d,2026-09-08T00:00:00,2026-09-08T00:00:00,0,3ce6c9e7-c76a-5f4c-ad34-c7c6df1e5da3,0,ALWAYS,NULL,ATTACK_ROLL,RANGED,6,FIXED,NULL,NULL,NULL,NULL,NULL,NULL
b7c113fc-43a0-5f89-bd2d-f7adfbc925c4,2026-09-08T00:00:00,2026-09-08T00:00:00,0,476f32c7-cacb-52d8-8224-2b4ed8fbaad5,0,ALWAYS,NULL,AUTOMATIC,NULL,NULL,NULL,NULL,NULL,NULL,NULL,NULL,NULL
defa410d-0404-5dc2-a614-1c499fe4ff02,2026-09-08T00:00:00,2026-09-08T00:00:00,0,b6b7151d-e68e-54cd-8093-b26110dd7e48,0,ALWAYS,NULL,AUTOMATIC,NULL,NULL,NULL,NULL,NULL,NULL,NULL,NULL,NULL
3977f425-0c22-53bc-966d-adf910477fd8,2026-09-08T00:00:00,2026-09-08T00:00:00,0,8ca52586-c8d2-5a72-88cb-5c27d4e3f160,0,ALWAYS,NULL,ATTACK_ROLL,MELEE,5,FIXED,5,NULL,NULL,NULL,NULL,NULL
a05e77d0-a907-5c43-9cc1-b6050262dd06,2026-09-08T00:00:00,2026-09-08T00:00:00,0,82337bc8-7e88-5cb3-826e-f60c872e68d4,0,ALWAYS,NULL,ATTACK_ROLL,RANGED,5,FIXED,NULL,NULL,NULL,NULL,NULL,NULL
c22f7834-bc03-55a7-a1c0-2d6791e43d41,2026-09-08T00:00:00,2026-09-08T00:00:00,0,54f48786-9f08-502f-af77-25e01d0aaba1,0,ALWAYS,NULL,AUTOMATIC,NULL,NULL,NULL,NULL,NULL,NULL,NULL,NULL,NULL
8fcc4c73-1b10-51f9-93c1-fc568013cd31,2026-09-08T00:00:00,2026-09-08T00:00:00,0,b11f5ed0-5f0d-5835-b950-923fde419931,0,ALWAYS,NULL,AUTOMATIC,NULL,NULL,NULL,NULL,NULL,NULL,NULL,NULL,NULL
35b6639f-5e99-5f36-a9b4-64a736073b81,2026-09-08T00:00:00,2026-09-08T00:00:00,0,31928b21-b070-513b-b5d6-045269691bf0,0,ALWAYS,NULL,AUTOMATIC,NULL,NULL,NULL,NULL,NULL,NULL,NULL,NULL,NULL
94c022eb-42f7-5980-84d4-c20bd78b5948,2026-09-08T00:00:00,2026-09-08T00:00:00,0,97125cfd-b0df-5b27-a425-785ef35e5540,0,ALWAYS,NULL,AUTOMATIC,NULL,NULL,NULL,NULL,NULL,NULL,NULL,NULL,NULL
dd843c50-87ef-5867-a9c2-68562020908b,2026-09-08T00:00:00,2026-09-08T00:00:00,0,ec84d781-7a0e-51b2-be97-74ece046ed09,0,ALWAYS,NULL,ATTACK_ROLL,MELEE,6,FIXED,10,NULL,NULL,NULL,NULL,NULL
c138259e-c53f-588b-9362-4fd94b91888b,2026-09-08T00:00:00,2026-09-08T00:00:00,0,f8965580-dbb1-5886-8708-4e303b107fd4,0,ALWAYS,NULL,ATTACK_ROLL,RANGED,6,FIXED,NULL,NULL,NULL,NULL,NULL,NULL
cb05b4c1-09ce-5be5-9034-8ccb3d583924,2026-09-08T00:00:00,2026-09-08T00:00:00,0,8a53da04-441b-5f7e-8f2c-e5b05cb2bdfe,0,ALWAYS,NULL,AUTOMATIC,NULL,NULL,NULL,NULL,NULL,NULL,NULL,NULL,NULL
e72f7d95-5656-55fb-8186-5c49b9ef4a27,2026-09-08T00:00:00,2026-09-08T00:00:00,0,13ff707e-66f5-545c-b1ee-394d320f255d,0,ALWAYS,NULL,AUTOMATIC,NULL,NULL,NULL,NULL,NULL,NULL,NULL,NULL,NULL
522aab68-46fb-5155-9cb2-04a9e49e6840,2026-09-08T00:00:00,2026-09-08T00:00:00,0,5ab3f28d-8e4c-563b-95e8-9ec76a37ed23,0,ALWAYS,NULL,AUTOMATIC,NULL,NULL,NULL,NULL,NULL,NULL,NULL,NULL,NULL
2f5119a1-ce6e-5669-9c64-4e441a386552,2026-09-08T00:00:00,2026-09-08T00:00:00,0,e6906b28-2fa2-5f7c-98a8-171e2d5f2623,0,ALWAYS,NULL,AUTOMATIC,NULL,NULL,NULL,NULL,NULL,NULL,NULL,NULL,NULL
8ad33a01-151c-564f-a020-c4bd917a718e,2026-09-08T00:00:00,2026-09-08T00:00:00,0,31d0cc88-53bf-5803-8ed8-f78326f38f65,0,ALWAYS,NULL,AUTOMATIC,NULL,NULL,NULL,NULL,NULL,NULL,NULL,NULL,NULL
f2b9dd77-9e7c-597a-a304-a2857e42fde5,2026-09-08T00:00:00,2026-09-08T00:00:00,0,13fce0fe-a34b-5596-8f9b-1c4662845444,0,ALWAYS,NULL,ATTACK_ROLL,MELEE,8,FIXED,10,NULL,NULL,NULL,NULL,NULL
5b76d870-93da-5fe3-b259-97d135f2134f,2026-09-08T00:00:00,2026-09-08T00:00:00,0,c3c11183-6894-5c6a-a837-2cfb739170ee,0,ALWAYS,NULL,ATTACK_ROLL,RANGED,8,FIXED,NULL,NULL,NULL,NULL,NULL,NULL
5f69585d-00ac-535f-8c9e-a20558e1ac67,2026-09-08T00:00:00,2026-09-08T00:00:00,0,9431c9ad-5be4-5d8c-b458-48aaea9e0cee,0,ALWAYS,NULL,AUTOMATIC,NULL,NULL,NULL,NULL,NULL,NULL,NULL,NULL,NULL
26d2bd17-b629-56cf-bb6f-1b4481869001,2026-09-08T00:00:00,2026-09-08T00:00:00,0,7a90a238-a382-5b90-9d7b-c3246d847697,0,ALWAYS,NULL,AUTOMATIC,NULL,NULL,NULL,NULL,NULL,NULL,NULL,NULL,NULL
075e744e-b079-586b-bde2-d9c9b0a5e8eb,2026-09-08T00:00:00,2026-09-08T00:00:00,0,4ea5ca1e-7c46-53e0-a97d-138278346188,0,ALWAYS,NULL,AUTOMATIC,NULL,NULL,NULL,NULL,NULL,NULL,NULL,NULL,NULL
380f361b-841d-5d74-b8af-f3e37ed7ae7e,2026-09-08T00:00:00,2026-09-08T00:00:00,0,650b4475-161e-5773-a6dd-9902b53b1b90,0,ALWAYS,NULL,AUTOMATIC,NULL,NULL,NULL,NULL,NULL,NULL,NULL,NULL,NULL
8a3b1abd-5d3c-53a2-b496-2e8e1c3194c9,2026-09-08T00:00:00,2026-09-08T00:00:00,0,424925a3-7f59-5fdc-b135-79e81acafde8,0,ALWAYS,NULL,ATTACK_ROLL,MELEE,10,FIXED,5,NULL,NULL,NULL,NULL,NULL
ed471c14-45ed-56db-a91e-87652ad53c90,2026-09-08T00:00:00,2026-09-08T00:00:00,0,535af708-4aa6-52e5-abd9-84cd21100d7c,0,ALWAYS,NULL,ATTACK_ROLL,RANGED,8,FIXED,NULL,NULL,NULL,NULL,NULL,NULL
7acd984d-e402-58a7-87ea-d88aab8a4907,2026-09-08T00:00:00,2026-09-08T00:00:00,0,da25018c-e22a-53c6-a2bc-dbc1eb318ec9,0,ALWAYS,NULL,AUTOMATIC,NULL,NULL,NULL,NULL,NULL,NULL,NULL,NULL,NULL
2a0e0f2e-21bb-533c-bb71-162000e3b109,2026-09-08T00:00:00,2026-09-08T00:00:00,0,cdb61092-3831-5d5f-a9e1-a15d9ddf9d1a,0,ALWAYS,NULL,AUTOMATIC,NULL,NULL,NULL,NULL,NULL,NULL,NULL,NULL,NULL
899d4a99-a7bb-53e1-915f-9d0a0c3004af,2026-09-08T00:00:00,2026-09-08T00:00:00,0,8c0e9325-ab24-5b06-9ad1-246734804279,0,ALWAYS,NULL,AUTOMATIC,NULL,NULL,NULL,NULL,NULL,NULL,NULL,NULL,NULL
c36ca8dc-2724-5d03-8fb5-dbf590cd2f1a,2026-09-08T00:00:00,2026-09-08T00:00:00,0,2a5179ca-de00-583c-b35d-783ca9674f12,0,ALWAYS,NULL,AUTOMATIC,NULL,NULL,NULL,NULL,NULL,NULL,NULL,NULL,NULL
b1c3ea0e-fec0-5803-b7c9-d7600c43b3dd,2026-09-08T00:00:00,2026-09-08T00:00:00,0,06bbfca4-906b-5ace-aa67-43729ea9c7c2,0,ALWAYS,NULL,AUTOMATIC,NULL,NULL,NULL,NULL,NULL,NULL,NULL,NULL,NULL
37b2e711-2532-5d66-ada1-7d25f5ba255d,2026-09-08T00:00:00,2026-09-08T00:00:00,0,d54aeaf8-2253-5b98-95d1-e815090d166f,0,ALWAYS,NULL,ATTACK_ROLL,MELEE,8,FIXED,5,NULL,NULL,NULL,NULL,NULL
e0b3bb89-4cba-5a64-b5ac-1724560ca5d8,2026-09-08T00:00:00,2026-09-08T00:00:00,0,0f4c971b-db4b-52b0-821d-dfff5f99e98d,0,ALWAYS,NULL,SAVING_THROW,NULL,NULL,NULL,NULL,120,NULL,STRENGTH,16,FIXED
e860d343-614c-5765-94bb-3c6e99773e9f,2026-09-08T00:00:00,2026-09-08T00:00:00,0,c6b960be-11c2-5ec3-8fd1-3b3bc75d0e0d,0,ALWAYS,NULL,AUTOMATIC,NULL,NULL,NULL,NULL,NULL,NULL,NULL,NULL,NULL
6c403cfe-7dbd-5a24-b6b6-f1a8d1122032,2026-09-08T00:00:00,2026-09-08T00:00:00,0,bec5e3f3-a3cd-5d76-a613-177f9fd37c5e,0,ALWAYS,NULL,AUTOMATIC,NULL,NULL,NULL,NULL,NULL,NULL,NULL,NULL,NULL
d3104bc7-2cb7-5ba2-8293-d4081da1a9f2,2026-09-08T00:00:00,2026-09-08T00:00:00,0,5e3f5d61-f2c7-5b4c-9fba-466bcd01a20a,0,ALWAYS,NULL,AUTOMATIC,NULL,NULL,NULL,NULL,NULL,NULL,NULL,NULL,NULL
963a42d3-6538-5d0e-9911-dea56b52bbe4,2026-09-08T00:00:00,2026-09-08T00:00:00,0,8f8a8c37-e580-520d-857f-bfa76065c894,0,ALWAYS,NULL,AUTOMATIC,NULL,NULL,NULL,NULL,NULL,NULL,NULL,NULL,NULL
fd8d2ccf-d4d4-54cb-bf3c-dfb5ca724ca1,2026-09-08T00:00:00,2026-09-08T00:00:00,0,650c837b-df0e-5780-ba3c-262ac995fff8,0,ALWAYS,NULL,ATTACK_ROLL,MELEE,4,FIXED,5,NULL,NULL,NULL,NULL,NULL
1a6cd765-b98d-5a5f-9f11-43cd6a4f05e0,2026-09-08T00:00:00,2026-09-08T00:00:00,0,c7034b0f-b8ec-5a77-b770-770ba3615206,0,ALWAYS,NULL,ATTACK_ROLL,MELEE,4,FIXED,5,NULL,NULL,NULL,NULL,NULL
44890b93-64a1-5d11-bc47-6ed9b98a86c7,2026-09-08T00:00:00,2026-09-08T00:00:00,0,4babc958-dc4a-54d8-bd69-e7f6e27f3a15,0,ALWAYS,NULL,SAVING_THROW,NULL,NULL,NULL,NULL,30,NULL,DEXTERITY,12,FIXED
fd533279-72fc-52ff-a367-d8c5011b5de4,2026-09-08T00:00:00,2026-09-08T00:00:00,0,c8d2229c-c72c-5064-a66d-9bcc77f731d5,0,ALWAYS,NULL,AUTOMATIC,NULL,NULL,NULL,NULL,NULL,NULL,NULL,NULL,NULL
67f44177-ce0d-546d-8b4a-43edc4e2919d,2026-09-08T00:00:00,2026-09-08T00:00:00,0,10977c43-f32d-53ff-ba5e-cdbb70915a2b,0,ALWAYS,NULL,AUTOMATIC,NULL,NULL,NULL,NULL,NULL,NULL,NULL,NULL,NULL
412f6c7c-d397-5548-adf8-5b82ac6524be,2026-09-08T00:00:00,2026-09-08T00:00:00,0,e3b42b49-ad63-5a9f-bc25-7b23b048681e,0,ALWAYS,NULL,ATTACK_ROLL,MELEE,7,FIXED,5,NULL,NULL,NULL,NULL,NULL
d58db76c-b59d-5a39-b4d7-60eb4614f6a4,2026-09-08T00:00:00,2026-09-08T00:00:00,0,18d97902-b4da-5cd5-a971-e0ac55537d82,0,ALWAYS,NULL,ATTACK_ROLL,MELEE,7,FIXED,5,NULL,NULL,NULL,NULL,NULL
2b11c9c5-bcee-558b-84ad-9ffa199c4b6b,2026-09-08T00:00:00,2026-09-08T00:00:00,0,c56c0f00-4beb-51b6-9855-9b4b4982c27f,0,ALWAYS,NULL,AUTOMATIC,NULL,NULL,NULL,NULL,NULL,NULL,NULL,NULL,NULL
e2910cfd-fec3-5052-b25b-27905ce6d5fc,2026-09-08T00:00:00,2026-09-08T00:00:00,0,40cd0b39-b8f8-5cfd-9d42-2d5f3164f966,0,ALWAYS,NULL,AUTOMATIC,NULL,NULL,NULL,NULL,NULL,NULL,NULL,NULL,NULL
db250b66-f5b6-59af-964f-54bf1f45e685,2026-09-08T00:00:00,2026-09-08T00:00:00,0,35cfc9f7-1d68-5b7f-b96f-a38352ea3430,0,ALWAYS,NULL,AUTOMATIC,NULL,NULL,NULL,NULL,NULL,NULL,NULL,NULL,NULL
7aeb8655-3063-588f-9dd3-532b6c7dece8,2026-09-08T00:00:00,2026-09-08T00:00:00,0,6b0530ca-accf-5533-8318-5d1e436b22a6,0,ALWAYS,NULL,AUTOMATIC,NULL,NULL,NULL,NULL,NULL,NULL,NULL,NULL,NULL
98f93c73-62dc-56d0-8572-aef6a810232c,2026-09-08T00:00:00,2026-09-08T00:00:00,0,91d5faa5-7f63-5682-9245-acba9da4402f,0,ALWAYS,NULL,AUTOMATIC,NULL,NULL,NULL,NULL,NULL,NULL,NULL,NULL,NULL
ef115df7-7401-54b4-b0ca-33a8d3a63bf6,2026-09-08T00:00:00,2026-09-08T00:00:00,0,8d383230-917f-5b76-83af-ab76782fa7eb,0,ALWAYS,NULL,ATTACK_ROLL,MELEE,6,FIXED,5,NULL,NULL,NULL,NULL,NULL
e40cdf68-83d3-50e7-a35b-a81d221b635b,2026-09-08T00:00:00,2026-09-08T00:00:00,0,708e18d6-f330-53cc-9e0f-389411b08f69,0,ALWAYS,NULL,AUTOMATIC,NULL,NULL,NULL,NULL,NULL,NULL,NULL,NULL,NULL
ce701ff3-470c-56cb-a37e-c67ed38b140f,2026-09-08T00:00:00,2026-09-08T00:00:00,0,3a7854c5-3717-53ff-8d36-985ea72c156f,0,ALWAYS,NULL,ATTACK_ROLL,MELEE,11,FIXED,10,NULL,NULL,NULL,NULL,NULL
2335f246-67bb-5fe2-b06e-b91c3f4db83d,2026-09-08T00:00:00,2026-09-08T00:00:00,0,b4fdfb7a-3518-5b7f-ae4d-bf95beafc415,0,ALWAYS,NULL,ATTACK_ROLL,RANGED,11,FIXED,NULL,60,240,NULL,NULL,NULL
bbea0cdd-fcc0-5ac1-9d62-90a523324136,2026-09-08T00:00:00,2026-09-08T00:00:00,0,f3dc18b9-535d-5cd4-9ae5-309b71cd3a20,0,ALWAYS,NULL,AUTOMATIC,NULL,NULL,NULL,NULL,NULL,NULL,NULL,NULL,NULL
03362dcd-0b84-5949-902c-b79e7e7e3b86,2026-09-08T00:00:00,2026-09-08T00:00:00,0,0cc1769d-fdb5-5921-b466-e6f0b3e9c6e1,0,ALWAYS,NULL,AUTOMATIC,NULL,NULL,NULL,NULL,NULL,NULL,NULL,NULL,NULL
e2f9b951-a7a9-5f86-9f59-9a53526e5561,2026-09-08T00:00:00,2026-09-08T00:00:00,0,6b7c6470-32d7-5c2e-b81a-3f8039e3a87e,0,ALWAYS,NULL,AUTOMATIC,NULL,NULL,NULL,NULL,NULL,NULL,NULL,NULL,NULL
ce021234-c155-51d7-a851-0be9914ac300,2026-09-08T00:00:00,2026-09-08T00:00:00,0,07e2bd14-4171-5ec4-b841-e8c5ee599357,0,ALWAYS,NULL,AUTOMATIC,NULL,NULL,NULL,NULL,NULL,NULL,NULL,NULL,NULL
bee4a44b-bf53-5513-bce6-f2ab2880ebc5,2026-09-08T00:00:00,2026-09-08T00:00:00,0,b8b27367-3e84-5c81-8460-6d5e9e6d7ae3,0,ALWAYS,NULL,AUTOMATIC,NULL,NULL,NULL,NULL,NULL,NULL,NULL,NULL,NULL
deacacfe-eefc-54f5-ba2b-b1f8f86dcaa6,2026-09-08T00:00:00,2026-09-08T00:00:00,0,05cab242-7b62-517c-a07a-611bcd836b99,0,ALWAYS,NULL,AUTOMATIC,NULL,NULL,NULL,NULL,NULL,NULL,NULL,NULL,NULL
ac918e08-d45a-5dd6-ac85-b8656d203c23,2026-09-08T00:00:00,2026-09-08T00:00:00,0,3bd12552-9969-59ac-b4f0-254bd88ff434,0,ALWAYS,NULL,ATTACK_ROLL,MELEE,7,FIXED,5,NULL,NULL,NULL,NULL,NULL
80345ecf-f8ec-56d5-8431-df0030381928,2026-09-08T00:00:00,2026-09-08T00:00:00,0,8110fc39-e989-5f05-a2d4-d00c5c892c27,0,ALWAYS,NULL,AUTOMATIC,NULL,NULL,NULL,NULL,NULL,NULL,NULL,NULL,NULL
e10da62f-1c9a-5b87-9f22-80f56d9d671d,2026-09-08T00:00:00,2026-09-08T00:00:00,0,f9c03737-c1c5-5ad1-b867-3d38f280cf00,0,ALWAYS,NULL,ATTACK_ROLL,MELEE,9,FIXED,10,NULL,NULL,NULL,NULL,NULL
d9c6bfe6-f055-598c-90a6-60d7c0fbbf96,2026-09-08T00:00:00,2026-09-08T00:00:00,0,d6558388-f413-538e-a76e-e21a8c383dff,0,ALWAYS,NULL,ATTACK_ROLL,RANGED,9,FIXED,NULL,150,600,NULL,NULL,NULL
5a1bfa79-7c04-5741-af9a-b1358e2a59bf,2026-09-08T00:00:00,2026-09-08T00:00:00,0,ec2e40c5-87fb-5ebc-b214-bee6b28125ae,0,ALWAYS,NULL,AUTOMATIC,NULL,NULL,NULL,NULL,NULL,NULL,NULL,NULL,NULL
265f028b-70eb-5746-a064-b8e6763d41ee,2026-09-08T00:00:00,2026-09-08T00:00:00,0,5318c4df-6733-5173-9a6b-d044cb49a118,0,ALWAYS,NULL,AUTOMATIC,NULL,NULL,NULL,NULL,NULL,NULL,NULL,NULL,NULL
c020c48a-e0db-5d9c-8cc3-ad20d79f7629,2026-09-08T00:00:00,2026-09-08T00:00:00,0,2e933f81-7e12-53f0-8f2a-3306697450f1,0,ALWAYS,NULL,AUTOMATIC,NULL,NULL,NULL,NULL,NULL,NULL,NULL,NULL,NULL
16a8e557-216d-5d9c-9ad4-636f89570b21,2026-09-08T00:00:00,2026-09-08T00:00:00,0,8cde1b61-3e1f-5395-b8f4-6572e60eabb8,0,ALWAYS,NULL,ATTACK_ROLL,MELEE,2,FIXED,10,NULL,NULL,NULL,NULL,NULL
eed6aa81-0e66-5242-8109-06e53e4249f0,2026-09-08T00:00:00,2026-09-08T00:00:00,0,010b78f2-aa9b-51d9-9f6e-646583c5890b,0,ALWAYS,NULL,AUTOMATIC,NULL,NULL,NULL,NULL,NULL,NULL,NULL,NULL,NULL
89fb1cad-993d-5d3b-ac38-c674b59c5c9a,2026-09-08T00:00:00,2026-09-08T00:00:00,0,d44d3782-ffcb-587d-9004-1eb2b2071d26,0,ALWAYS,NULL,AUTOMATIC,NULL,NULL,NULL,NULL,NULL,NULL,NULL,NULL,NULL
2949f7bf-03ff-5c37-bdf6-bb27b1d69800,2026-09-08T00:00:00,2026-09-08T00:00:00,0,cd589842-f821-558b-8fb1-e083e7a9f497,0,ALWAYS,NULL,ATTACK_ROLL,MELEE,4,FIXED,5,NULL,NULL,NULL,NULL,NULL
30a828e2-3f09-56b4-9ce0-9a30e5ca41d8,2026-09-08T00:00:00,2026-09-08T00:00:00,0,a3d5fdf7-df97-5a27-8ceb-fdc721f9ad6c,0,ALWAYS,NULL,AUTOMATIC,NULL,NULL,NULL,NULL,NULL,NULL,NULL,NULL,NULL
a2426079-75a3-52ea-ac7f-8cd87eb8e65e,2026-09-08T00:00:00,2026-09-08T00:00:00,0,fcda2fe3-a61e-5414-a27d-bd59ffc10e09,0,ALWAYS,NULL,AUTOMATIC,NULL,NULL,NULL,NULL,NULL,NULL,NULL,NULL,NULL
4fe7ff8f-f3bf-5f61-9760-24244513338e,2026-09-08T00:00:00,2026-09-08T00:00:00,0,dfd7ac4f-95d9-5e76-9b07-6a395e4b7efe,0,ALWAYS,NULL,ATTACK_ROLL,MELEE,4,FIXED,5,NULL,NULL,NULL,NULL,NULL
3dc95ee3-6fd5-5c8a-b422-a5bafbe3e234,2026-09-08T00:00:00,2026-09-08T00:00:00,0,4c980cfe-60f6-5744-b38e-0dc52848f7e9,0,ALWAYS,NULL,SAVING_THROW,NULL,NULL,NULL,NULL,NULL,NULL,DEXTERITY,12,FIXED
b8fdfa5f-7116-5a36-a472-d1dd0a6dda0c,2026-09-08T00:00:00,2026-09-08T00:00:00,0,8b94f806-cfe8-5a6a-8e56-6d9a5793b8c8,0,ALWAYS,NULL,SAVING_THROW,NULL,NULL,NULL,NULL,NULL,NULL,CONSTITUTION,10,FIXED
e8a3968c-45c9-504e-ae1e-fd7b653ce8be,2026-09-08T00:00:00,2026-09-08T00:00:00,0,b21a3b63-5ab6-50ee-9810-562d23bedc10,0,ALWAYS,NULL,ATTACK_ROLL,MELEE,5,FIXED,5,NULL,NULL,NULL,NULL,NULL
4073966d-22a4-54a8-a20c-eb2fefe2b720,2026-09-08T00:00:00,2026-09-08T00:00:00,0,c0a16560-084b-5154-88a5-ce3a9a285787,0,ALWAYS,NULL,ATTACK_ROLL,MELEE,5,FIXED,5,NULL,NULL,NULL,NULL,NULL
d9dd5b60-70ea-5fdc-8063-3e3589f8943b,2026-09-08T00:00:00,2026-09-08T00:00:00,0,c0a16560-084b-5154-88a5-ce3a9a285787,1,ON_PREVIOUS_HIT,If the target is a non-Undead creature,SAVING_THROW,NULL,NULL,NULL,NULL,NULL,NULL,CONSTITUTION,10,FIXED
13346166-198a-5469-a430-c9babd27b2c7,2026-09-08T00:00:00,2026-09-08T00:00:00,0,c15a6afb-065e-5dc4-b28b-0cc7412aeab2,0,ALWAYS,NULL,AUTOMATIC,NULL,NULL,NULL,NULL,NULL,NULL,NULL,NULL,NULL
96894d43-825b-5a87-baae-fed2451fd45f,2026-09-08T00:00:00,2026-09-08T00:00:00,0,06668465-0cf2-5b34-b8eb-4c33cf69b950,0,ALWAYS,NULL,AUTOMATIC,NULL,NULL,NULL,NULL,NULL,NULL,NULL,NULL,NULL
47ab6bb1-0d0f-5d86-b6bb-644dc548486f,2026-09-08T00:00:00,2026-09-08T00:00:00,0,8b3a26e9-8191-5e79-a84d-9f6e98f98079,0,ALWAYS,NULL,AUTOMATIC,NULL,NULL,NULL,NULL,NULL,NULL,NULL,NULL,NULL
c16fb4bb-1c64-5d6b-820d-69cd74a59d7f,2026-09-08T00:00:00,2026-09-08T00:00:00,0,ff1d1362-b2d9-565c-b535-78281fb16d7d,0,ALWAYS,NULL,ATTACK_ROLL,MELEE,5,FIXED,5,NULL,NULL,NULL,NULL,NULL
f88757ff-22ce-55f2-bcd1-758f11a29fd4,2026-09-08T00:00:00,2026-09-08T00:00:00,0,b5472ead-3303-57fa-90f6-b1874f62af94,0,ALWAYS,NULL,AUTOMATIC,NULL,NULL,NULL,NULL,NULL,NULL,NULL,NULL,NULL
94213cf7-fc28-5c54-b632-a0940e8df9db,2026-09-08T00:00:00,2026-09-08T00:00:00,0,01477a5d-c282-5475-8ac6-f61e88cba755,0,ALWAYS,NULL,SAVING_THROW,NULL,NULL,NULL,NULL,NULL,NULL,WISDOM,13,FIXED
149e4560-0535-5518-83a9-42dc5cad4f56,2026-09-08T00:00:00,2026-09-08T00:00:00,0,a0e0be93-c02f-5d81-b16f-45ce7c2cebdb,0,ALWAYS,NULL,SAVING_THROW,NULL,NULL,NULL,NULL,5,NULL,CHARISMA,13,FIXED
4466c5b5-0409-5c62-a3d8-45ad2dfed960,2026-09-08T00:00:00,2026-09-08T00:00:00,0,4c20102a-db80-584b-83db-12534911026a,0,ALWAYS,NULL,AUTOMATIC,NULL,NULL,NULL,NULL,NULL,NULL,NULL,NULL,NULL
ecf33371-092b-5d25-9a0c-d28f0a326f08,2026-09-08T00:00:00,2026-09-08T00:00:00,0,fb2d7c0c-4d14-532f-8d98-cc4b6fbcda2a,0,ALWAYS,NULL,ATTACK_ROLL,MELEE,4,FIXED,5,NULL,NULL,NULL,NULL,NULL
782a7d92-4eaa-56ea-a92a-f7119778729e,2026-09-08T00:00:00,2026-09-08T00:00:00,0,12d3b62d-65fe-583e-affb-1d9881039c9d,0,ALWAYS,NULL,ATTACK_ROLL,MELEE,4,FIXED,5,NULL,NULL,NULL,NULL,NULL
05f05fef-791d-562f-92a9-d2135a2f1534,2026-09-08T00:00:00,2026-09-08T00:00:00,0,12d3b62d-65fe-583e-affb-1d9881039c9d,1,ON_PREVIOUS_HIT,If the target is a creature that isn't an Undead or elf,SAVING_THROW,NULL,NULL,NULL,NULL,NULL,NULL,CONSTITUTION,10,FIXED
2ff4324d-775d-5e36-b635-e14cb4ffe8f2,2026-09-08T00:00:00,2026-09-08T00:00:00,0,71d876e6-2b65-524a-b1a9-b18b7906fe32,0,ALWAYS,NULL,AUTOMATIC,NULL,NULL,NULL,NULL,NULL,NULL,NULL,NULL,NULL
a577adcc-6b33-565d-9577-acae451a506e,2026-09-08T00:00:00,2026-09-08T00:00:00,0,36bd41a8-1295-5a87-bb05-d6de422b9288,0,ALWAYS,NULL,SAVING_THROW,NULL,NULL,NULL,NULL,20,NULL,WISDOM,10,FIXED
bbd9201c-c4c5-59a4-9fb8-80f2601da98e,2026-09-08T00:00:00,2026-09-08T00:00:00,0,ddc5f32f-cffc-5004-bcf5-5e0512f9d56f,0,ALWAYS,NULL,ATTACK_ROLL,MELEE,2,FIXED,5,NULL,NULL,NULL,NULL,NULL
4a138a02-1fed-5bdc-863f-7f5bb65ef683,2026-09-08T00:00:00,2026-09-08T00:00:00,0,d8a6e63d-8a4f-5585-88ab-0f4d381d2925,0,ALWAYS,NULL,SAVING_THROW,NULL,NULL,NULL,NULL,30,NULL,DEXTERITY,10,FIXED
ba679e5f-31c6-5ad0-ac1e-23f79bde70ac,2026-09-08T00:00:00,2026-09-08T00:00:00,0,0f537619-36bc-5300-a246-f1d1227d61c7,0,ALWAYS,NULL,AUTOMATIC,NULL,NULL,NULL,NULL,NULL,NULL,NULL,NULL,NULL
9653b329-4572-5ca8-afae-6d4c95398245,2026-09-08T00:00:00,2026-09-08T00:00:00,0,832f00fe-1dc3-595f-98df-9ae0d6dbb3e6,0,ALWAYS,NULL,AUTOMATIC,NULL,NULL,NULL,NULL,NULL,NULL,NULL,NULL,NULL
79ad8cb8-14e1-5196-a8a5-af82a6c4b3fe,2026-09-08T00:00:00,2026-09-08T00:00:00,0,b62c23e5-f53a-5734-b2e8-9b0d292a392e,0,ALWAYS,NULL,AUTOMATIC,NULL,NULL,NULL,NULL,NULL,NULL,NULL,NULL,NULL
b812b8aa-c713-5c33-9d75-d8d52b3362e7,2026-09-08T00:00:00,2026-09-08T00:00:00,0,66858ba9-2851-50b3-ba8c-50bd2d527cf9,0,ALWAYS,NULL,ATTACK_ROLL,MELEE,9,FIXED,10,NULL,NULL,NULL,NULL,NULL
f6b8297b-487a-50a9-ba8c-1a80dc32b3fd,2026-09-08T00:00:00,2026-09-08T00:00:00,0,d5d60582-d08d-5df4-abfe-41bef50a18af,0,ALWAYS,NULL,SAVING_THROW,NULL,NULL,NULL,NULL,NULL,NULL,DEXTERITY,17,FIXED
17daf160-cbff-585e-aaa1-9b1279921d44,2026-09-08T00:00:00,2026-09-08T00:00:00,0,46ea5631-e73b-5281-843e-25fa8d670d5e,0,ALWAYS,NULL,AUTOMATIC,NULL,NULL,NULL,NULL,NULL,NULL,NULL,NULL,NULL
6c6757f0-2fe5-5f95-9ed4-10b5ecf39682,2026-09-08T00:00:00,2026-09-08T00:00:00,0,3460e186-79e6-56d9-89a8-e81ef2e9a9c7,0,ALWAYS,NULL,AUTOMATIC,NULL,NULL,NULL,NULL,NULL,NULL,NULL,NULL,NULL
f6886cce-74ce-5f07-bc77-d5264158362e,2026-09-08T00:00:00,2026-09-08T00:00:00,0,422564ed-4750-5958-8030-74355a557bcd,0,ALWAYS,NULL,ATTACK_ROLL,MELEE_OR_RANGED,7,FIXED,5,NULL,NULL,NULL,NULL,NULL
a23c1c56-d008-5458-ad22-b073c45528d3,2026-09-08T00:00:00,2026-09-08T00:00:00,0,9062399e-ff05-5eee-9b60-6b7ede8f9f5a,0,ALWAYS,NULL,SAVING_THROW,NULL,NULL,NULL,NULL,5,NULL,STRENGTH,15,FIXED
ee3b364f-e5ae-5d07-81f0-de19f838ebd4,2026-09-08T00:00:00,2026-09-08T00:00:00,0,8f37c1ef-099b-514b-938d-15478e629ca5,0,ALWAYS,NULL,AUTOMATIC,NULL,NULL,NULL,NULL,NULL,NULL,NULL,NULL,NULL
b452bf97-d921-532e-98f8-0d97cd0090fa,2026-09-08T00:00:00,2026-09-08T00:00:00,0,1a0ac6da-4761-509f-9a50-0e67d44299bf,0,ALWAYS,NULL,ATTACK_ROLL,MELEE,4,FIXED,5,NULL,NULL,NULL,NULL,NULL
51d01c39-201c-5523-a92b-6b11ef92a5e2,2026-09-08T00:00:00,2026-09-08T00:00:00,0,6aa07482-d359-59b1-b6f8-81e6aff98713,0,ALWAYS,NULL,ATTACK_ROLL,RANGED,3,FIXED,NULL,150,600,NULL,NULL,NULL
9b547c35-c737-5f37-bf7e-575e47356a57,2026-09-08T00:00:00,2026-09-08T00:00:00,0,6e3cb287-75c7-594c-93a8-1c340e49a2a3,0,ALWAYS,NULL,AUTOMATIC,NULL,NULL,NULL,NULL,NULL,NULL,NULL,NULL,NULL
98f31d0b-5c64-50cd-aac1-fcb4d498a5fd,2026-09-08T00:00:00,2026-09-08T00:00:00,0,8a4992b1-b236-5e7a-bff3-383a58a4cfee,0,ALWAYS,NULL,ATTACK_ROLL,MELEE_OR_RANGED,4,FIXED,5,NULL,NULL,NULL,NULL,NULL
87b4f2a0-e6e9-5eb9-81fd-1810275fb413,2026-09-08T00:00:00,2026-09-08T00:00:00,0,a6a2a298-5ef8-54ea-b76e-4eced7c8b237,0,ALWAYS,NULL,AUTOMATIC,NULL,NULL,NULL,NULL,NULL,NULL,NULL,NULL,NULL
7d52f528-7c04-54ad-aa59-65f343888efd,2026-09-08T00:00:00,2026-09-08T00:00:00,0,e796320e-f27c-5de5-a9fc-b07b797e650c,0,ALWAYS,NULL,ATTACK_ROLL,MELEE,4,FIXED,5,NULL,NULL,NULL,NULL,NULL
3a4f289b-7c0d-502c-840e-dd601cebfb7e,2026-09-08T00:00:00,2026-09-08T00:00:00,0,777b62ff-01c5-5886-9a74-f99787d73a91,0,ALWAYS,NULL,ATTACK_ROLL,RANGED,4,FIXED,NULL,80,320,NULL,NULL,NULL
47afe8b8-d54d-57fc-b643-be5afaab0837,2026-09-08T00:00:00,2026-09-08T00:00:00,0,f80d59d4-bff5-59be-9931-72f185cb78a0,0,ALWAYS,NULL,AUTOMATIC,NULL,NULL,NULL,NULL,NULL,NULL,NULL,NULL,NULL
dc075fc9-1716-5621-9e3d-43347232755f,2026-09-08T00:00:00,2026-09-08T00:00:00,0,d41991fc-a23c-5300-8f21-122becf2609c,0,ALWAYS,NULL,AUTOMATIC,NULL,NULL,NULL,NULL,NULL,NULL,NULL,NULL,NULL
35ccd95c-8f2a-591d-81e4-d9915f70fc94,2026-09-08T00:00:00,2026-09-08T00:00:00,0,73afbc57-f821-5f71-b32a-452bfca38c7d,0,ALWAYS,NULL,ATTACK_ROLL,MELEE,4,FIXED,5,NULL,NULL,NULL,NULL,NULL
312899da-0093-5baf-b582-c1bce4169866,2026-09-08T00:00:00,2026-09-08T00:00:00,0,7110a5d5-c604-5161-914e-b43ed2670ff9,0,ALWAYS,NULL,ATTACK_ROLL,RANGED,4,FIXED,NULL,80,320,NULL,NULL,NULL
e9dc50e4-bc1f-5f0c-bb81-e3eef11463e0,2026-09-08T00:00:00,2026-09-08T00:00:00,0,e162307f-b7f3-5cbf-ad9a-a24e2d545bf9,0,ALWAYS,NULL,AUTOMATIC,NULL,NULL,NULL,NULL,NULL,NULL,NULL,NULL,NULL
9c4d8dd0-ebda-5041-88b4-620b153d1d3f,2026-09-08T00:00:00,2026-09-08T00:00:00,0,d7036eff-1364-53e9-84de-acd2c7296813,0,ALWAYS,NULL,AUTOMATIC,NULL,NULL,NULL,NULL,NULL,NULL,NULL,NULL,NULL
0e022f0b-5033-599e-a288-8ac8b44c9ce2,2026-09-08T00:00:00,2026-09-08T00:00:00,0,0fa2761c-422e-55f2-8a9e-11829c5e78f6,0,ALWAYS,NULL,AUTOMATIC,NULL,NULL,NULL,NULL,NULL,NULL,NULL,NULL,NULL
797a01e5-d2ee-51a6-89aa-fb3c57f08ff7,2026-09-08T00:00:00,2026-09-08T00:00:00,0,558d010b-8e87-5438-aa60-0a5f4312431c,0,ALWAYS,NULL,AUTOMATIC,NULL,NULL,NULL,NULL,NULL,NULL,NULL,NULL,NULL
8e0067eb-360f-54fd-8e0d-435b0ba7881f,2026-09-08T00:00:00,2026-09-08T00:00:00,0,308de99f-745d-56f3-ba70-1b87fc0b1d21,0,ALWAYS,NULL,ATTACK_ROLL,MELEE,6,FIXED,5,NULL,NULL,NULL,NULL,NULL
77792d0d-9f82-5077-95a2-46b4966c104f,2026-09-08T00:00:00,2026-09-08T00:00:00,0,fa04c607-1215-58c5-8174-3d2cc9397013,0,ALWAYS,NULL,SAVING_THROW,NULL,NULL,NULL,NULL,NULL,NULL,DEXTERITY,13,FIXED
b3c58291-97ff-51bc-b6c6-2c08dfb598c3,2026-09-08T00:00:00,2026-09-08T00:00:00,0,80f97c89-0b2d-5c75-abd1-d1c36a143a07,0,ALWAYS,NULL,SAVING_THROW,NULL,NULL,NULL,NULL,NULL,NULL,STRENGTH,13,FIXED
4dae4a1f-eeda-5a90-89f4-ded0698aa422,2026-09-08T00:00:00,2026-09-08T00:00:00,0,6c1de63d-38c7-56e3-b3cb-57f794585c4f,0,ALWAYS,NULL,AUTOMATIC,NULL,NULL,NULL,NULL,NULL,NULL,NULL,NULL,NULL
697cd4ee-ae84-539b-a523-ac9cbc4ebf61,2026-09-08T00:00:00,2026-09-08T00:00:00,0,1b9320e9-4268-5e96-89b9-2691238d77f2,0,ALWAYS,NULL,AUTOMATIC,NULL,NULL,NULL,NULL,NULL,NULL,NULL,NULL,NULL
76cc2619-a0a6-5f22-be6f-ca3eaa031c94,2026-09-08T00:00:00,2026-09-08T00:00:00,0,7d9ec75e-e212-505c-9740-7a04958f3054,0,ALWAYS,NULL,ATTACK_ROLL,MELEE,10,FIXED,10,NULL,NULL,NULL,NULL,NULL
c6a53a69-9b09-5780-9e28-a4aa2dd5cc90,2026-09-08T00:00:00,2026-09-08T00:00:00,0,f89d5e21-70c8-5d18-830b-7b2970b37b8c,0,ALWAYS,NULL,SAVING_THROW,NULL,NULL,NULL,NULL,NULL,NULL,DEXTERITY,17,FIXED
2440fc86-ef0e-5eb1-8ec8-6855f8b37d2a,2026-09-08T00:00:00,2026-09-08T00:00:00,0,35928a77-df75-5d17-896e-b1e4c73a1ccc,0,ALWAYS,NULL,SAVING_THROW,NULL,NULL,NULL,NULL,NULL,NULL,STRENGTH,17,FIXED
7038ace5-8340-51bc-9e98-e8384a1a6bf7,2026-09-08T00:00:00,2026-09-08T00:00:00,0,8fb28997-9bb9-54be-a971-59b898e0930f,0,ALWAYS,NULL,AUTOMATIC,NULL,NULL,NULL,NULL,NULL,NULL,NULL,NULL,NULL
53a659c5-e63f-51e7-82b8-df59024ab835,2026-09-08T00:00:00,2026-09-08T00:00:00,0,022df97b-018d-5f4c-85b6-cb4f0b6e4981,0,ALWAYS,NULL,AUTOMATIC,NULL,NULL,NULL,NULL,NULL,NULL,NULL,NULL,NULL
b49627ff-d17e-5da3-b7b2-f6b39c63a6c3,2026-09-08T00:00:00,2026-09-08T00:00:00,0,0d110f95-8698-5866-bed8-1e20f657ac01,0,ALWAYS,NULL,AUTOMATIC,NULL,NULL,NULL,NULL,NULL,NULL,NULL,NULL,NULL
2e16fa82-7c01-53e6-88b2-a9f5fbdd2f87,2026-09-08T00:00:00,2026-09-08T00:00:00,0,5fe9d78c-ab18-5d1a-86d7-0f4a1718fa7d,0,ALWAYS,NULL,ATTACK_ROLL,MELEE,14,FIXED,10,NULL,NULL,NULL,NULL,NULL
9e6a9ada-cc8b-50df-9a07-db076d5d2090,2026-09-08T00:00:00,2026-09-08T00:00:00,0,cb65f0f8-81b0-5855-98e3-821058b58940,0,ALWAYS,NULL,SAVING_THROW,NULL,NULL,NULL,NULL,NULL,NULL,DEXTERITY,21,FIXED
9efe340a-4184-5f24-a0e6-96745382b32b,2026-09-08T00:00:00,2026-09-08T00:00:00,0,0959c9da-5f3c-50e9-8a0c-6ea6fbff519c,0,ALWAYS,NULL,SAVING_THROW,NULL,NULL,NULL,NULL,NULL,NULL,STRENGTH,21,FIXED
e9d53ab8-2b61-5f57-8029-e10942a26ea4,2026-09-08T00:00:00,2026-09-08T00:00:00,0,58f65625-38b9-5eb5-94f0-6d325117770b,0,ALWAYS,NULL,SAVING_THROW,NULL,NULL,NULL,NULL,120,NULL,CHARISMA,21,FIXED
70adb247-7e75-52bc-bd65-16dc2c94bf2e,2026-09-08T00:00:00,2026-09-08T00:00:00,0,592888da-dd78-58fd-852c-f31c868d45c1,0,ALWAYS,NULL,AUTOMATIC,NULL,NULL,NULL,NULL,NULL,NULL,NULL,NULL,NULL
c413c3c8-bf80-5ab2-81a0-851407bc61ca,2026-09-08T00:00:00,2026-09-08T00:00:00,0,e6ce9b13-101e-5364-8f63-e213c5c3c969,0,ALWAYS,NULL,AUTOMATIC,NULL,NULL,NULL,NULL,NULL,NULL,NULL,NULL,NULL
e38bfbc4-2f1d-556b-8f0b-0fd336549918,2026-09-08T00:00:00,2026-09-08T00:00:00,0,4b391a8d-0a36-539f-8bbd-99625bba8cd2,0,ALWAYS,NULL,AUTOMATIC,NULL,NULL,NULL,NULL,NULL,NULL,NULL,NULL,NULL
58046309-5c7d-533c-a9cc-7607a699f358,2026-09-08T00:00:00,2026-09-08T00:00:00,0,50b1aaff-8019-58aa-ae12-cbf18df1cac1,0,ALWAYS,NULL,AUTOMATIC,NULL,NULL,NULL,NULL,NULL,NULL,NULL,NULL,NULL
14623615-323d-562e-b2f4-555d4432fad4,2026-09-08T00:00:00,2026-09-08T00:00:00,0,d161b7f2-56a1-5378-82d8-76b7c8d81b13,0,ALWAYS,NULL,AUTOMATIC,NULL,NULL,NULL,NULL,NULL,NULL,NULL,NULL,NULL
b721b683-1103-5b7d-b178-fa45ad8113c9,2026-09-08T00:00:00,2026-09-08T00:00:00,0,c2dea7cf-dc55-5af9-9176-ffe039d0c5c3,0,ALWAYS,NULL,AUTOMATIC,NULL,NULL,NULL,NULL,NULL,NULL,NULL,NULL,NULL
bc8bb47e-454c-5e6b-afb6-935ecdf8d602,2026-09-08T00:00:00,2026-09-08T00:00:00,0,c3ca4f5e-9a9b-5789-8ee0-fc70e6d82cfa,0,ALWAYS,NULL,SAVING_THROW,NULL,NULL,NULL,NULL,NULL,NULL,DEXTERITY,24,FIXED
1a1e9ba7-54e6-52ff-a4b3-0353d33860d6,2026-09-08T00:00:00,2026-09-08T00:00:00,0,d7a56e7f-aa13-576a-8eea-0e72dabba0d6,0,ALWAYS,NULL,SAVING_THROW,NULL,NULL,NULL,NULL,NULL,NULL,STRENGTH,24,FIXED
60714d54-70be-54f1-9f36-f0ea94141df9,2026-09-08T00:00:00,2026-09-08T00:00:00,0,4ab1325f-ccc4-5fbc-8988-a98cb113de15,0,ALWAYS,NULL,SAVING_THROW,NULL,NULL,NULL,NULL,120,NULL,CHARISMA,24,FIXED
61bc1224-5974-5417-bc88-418d59106527,2026-09-08T00:00:00,2026-09-08T00:00:00,0,13c85f83-8843-5e4c-b835-246f925ce708,0,ALWAYS,NULL,AUTOMATIC,NULL,NULL,NULL,NULL,NULL,NULL,NULL,NULL,NULL
79c52bc8-b534-5ce0-a2a1-d01a6cf03fb8,2026-09-08T00:00:00,2026-09-08T00:00:00,0,da612301-14d2-5e68-be0d-b89ebad8dab3,0,ALWAYS,NULL,AUTOMATIC,NULL,NULL,NULL,NULL,NULL,NULL,NULL,NULL,NULL
115a101e-c0e5-5719-91b1-929ffe3c9776,2026-09-08T00:00:00,2026-09-08T00:00:00,0,2277915b-7a5e-521c-b671-4709c65a971a,0,ALWAYS,NULL,ATTACK_ROLL,MELEE,8,FIXED,5,NULL,NULL,NULL,NULL,NULL
7e363633-8322-5fc3-8d6a-075f00600983,2026-09-08T00:00:00,2026-09-08T00:00:00,0,5bf1512b-7134-5957-b7ed-c96edf3c5008,0,ALWAYS,NULL,SAVING_THROW,NULL,NULL,NULL,NULL,NULL,NULL,CONSTITUTION,15,FIXED
02af651a-fd84-5033-beaf-7206acd01c42,2026-09-08T00:00:00,2026-09-08T00:00:00,0,faab6699-0551-5efb-b361-fab86fe15269,0,ALWAYS,NULL,SAVING_THROW,NULL,NULL,NULL,NULL,5,NULL,DEXTERITY,16,FIXED
0652373f-f425-58d8-868e-46eb03aaca33,2026-09-08T00:00:00,2026-09-08T00:00:00,0,d84b78fb-351e-5912-a3bc-27292e35106b,0,ALWAYS,NULL,AUTOMATIC,NULL,NULL,NULL,NULL,NULL,NULL,NULL,NULL,NULL
7f72fe8b-876f-5d52-971d-8023c329fac6,2026-09-08T00:00:00,2026-09-08T00:00:00,0,31a1804d-37c3-51a7-bce2-c2c34c9920c5,0,ALWAYS,NULL,AUTOMATIC,NULL,NULL,NULL,NULL,NULL,NULL,NULL,NULL,NULL
c4b7a66e-6c50-5ab7-b3af-6efb3dc15474,2026-09-08T00:00:00,2026-09-08T00:00:00,0,0778b614-492b-5c09-8a18-e09337d4552e,0,ALWAYS,NULL,ATTACK_ROLL,MELEE,3,FIXED,5,NULL,NULL,NULL,NULL,NULL
f09b730d-4115-5da4-9782-75defea8a661,2026-09-08T00:00:00,2026-09-08T00:00:00,0,274c07af-ef29-5c1f-9d7f-08aa57149cb5,0,ALWAYS,NULL,AUTOMATIC,NULL,NULL,NULL,NULL,NULL,NULL,NULL,NULL,NULL
db2e588e-bd21-56ff-a428-577d96e40884,2026-09-08T00:00:00,2026-09-08T00:00:00,0,12953be6-b841-5a8d-8132-52ece5dc6718,0,ALWAYS,NULL,AUTOMATIC,NULL,NULL,NULL,NULL,NULL,NULL,NULL,NULL,NULL
c7c859e2-bdf3-5cfc-8bb7-1cdf5d3ab190,2026-09-08T00:00:00,2026-09-08T00:00:00,0,eed9cb2c-5574-5c52-a238-8b2ca945c94b,0,ALWAYS,NULL,ATTACK_ROLL,MELEE,4,FIXED,5,NULL,NULL,NULL,NULL,NULL
185e7ea9-2399-5d97-aebb-3dd1269ca590,2026-09-08T00:00:00,2026-09-08T00:00:00,0,1ee89294-91b1-59f1-bd42-b184e28daa03,0,ALWAYS,NULL,SAVING_THROW,NULL,NULL,NULL,NULL,NULL,NULL,CONSTITUTION,11,FIXED
2c591605-13aa-5917-942c-8ee52cddafba,2026-09-08T00:00:00,2026-09-08T00:00:00,0,1f2b1c16-02c7-5b4b-9b6f-69f4d28b78c4,0,ALWAYS,NULL,AUTOMATIC,NULL,NULL,NULL,NULL,NULL,NULL,NULL,NULL,NULL
39fcec62-63f5-5f72-956b-21b844090817,2026-09-08T00:00:00,2026-09-08T00:00:00,0,405acbd6-bb07-5bfe-aab7-f0fead54108b,0,ALWAYS,NULL,AUTOMATIC,NULL,NULL,NULL,NULL,NULL,NULL,NULL,NULL,NULL
2376f549-520b-59d7-b330-9eaca45436f4,2026-09-08T00:00:00,2026-09-08T00:00:00,0,d15c0d2e-f00b-5098-9543-950e0b6ba693,0,ALWAYS,NULL,ATTACK_ROLL,MELEE,7,FIXED,10,NULL,NULL,NULL,NULL,NULL
7e12c7e3-b41c-5ffc-aba6-321a92d3176d,2026-09-08T00:00:00,2026-09-08T00:00:00,0,8ae7b95a-03f2-5958-9b79-dad511e85c2c,0,ALWAYS,NULL,SAVING_THROW,NULL,NULL,NULL,NULL,NULL,NULL,CONSTITUTION,14,FIXED
063ea8ce-2c78-5b87-87be-71d5b84ac5f5,2026-09-08T00:00:00,2026-09-08T00:00:00,0,cd141d97-7058-5ec0-9a4c-1bab6aed2f92,0,ALWAYS,NULL,AUTOMATIC,NULL,NULL,NULL,NULL,NULL,NULL,NULL,NULL,NULL
9122b797-bfbd-5384-a7e1-abf6513f18a5,2026-09-08T00:00:00,2026-09-08T00:00:00,0,36dd52e2-9182-5355-9dd0-a9df84717fcd,0,ALWAYS,NULL,AUTOMATIC,NULL,NULL,NULL,NULL,NULL,NULL,NULL,NULL,NULL
34454866-6a01-5cb9-9889-0807b7be4c68,2026-09-08T00:00:00,2026-09-08T00:00:00,0,1243e632-e17c-5d69-92d4-7e91fdc13b7c,0,ALWAYS,NULL,AUTOMATIC,NULL,NULL,NULL,NULL,NULL,NULL,NULL,NULL,NULL
e8638884-68ab-5e8a-8015-81fc2e4e2ed1,2026-09-08T00:00:00,2026-09-08T00:00:00,0,4c7fc5db-f7bb-5d11-9a23-3daf93b9be79,0,ALWAYS,NULL,ATTACK_ROLL,MELEE,11,FIXED,10,NULL,NULL,NULL,NULL,NULL
71696d76-f030-5029-b9d7-bf16f5a68816,2026-09-08T00:00:00,2026-09-08T00:00:00,0,ce42bf2b-0700-5959-b34d-758decd1b3f1,0,ALWAYS,NULL,SAVING_THROW,NULL,NULL,NULL,NULL,NULL,NULL,CONSTITUTION,18,FIXED
799cc856-1526-58a8-95cb-8e475eded60d,2026-09-08T00:00:00,2026-09-08T00:00:00,0,0b121e1c-1c19-53e2-a657-847e8aec718b,0,ALWAYS,NULL,AUTOMATIC,NULL,NULL,NULL,NULL,NULL,NULL,NULL,NULL,NULL
1f82689a-fd4f-5d30-a55f-905e798cfe63,2026-09-08T00:00:00,2026-09-08T00:00:00,0,f2ed7abc-468a-5038-ba77-487596b5004f,0,ALWAYS,NULL,AUTOMATIC,NULL,NULL,NULL,NULL,NULL,NULL,NULL,NULL,NULL
4244523d-09cd-5953-9b60-898048b92417,2026-09-08T00:00:00,2026-09-08T00:00:00,0,351972be-e315-5e58-8dab-58d4d02df916,0,ALWAYS,NULL,SAVING_THROW,NULL,NULL,NULL,NULL,90,NULL,CONSTITUTION,17,FIXED
3cc527c1-9b6e-5521-a236-15da9f251e3f,2026-09-08T00:00:00,2026-09-08T00:00:00,0,d661501d-d878-5a3a-b503-056ad9976c7b,0,ALWAYS,NULL,AUTOMATIC,NULL,NULL,NULL,NULL,NULL,NULL,NULL,NULL,NULL
75a74fda-5fbe-5944-8bd1-7bd4624ed926,2026-09-08T00:00:00,2026-09-08T00:00:00,0,d0f7e66f-576d-56c0-b3fb-b9fba24b4538,0,ALWAYS,NULL,AUTOMATIC,NULL,NULL,NULL,NULL,NULL,NULL,NULL,NULL,NULL
059e08e9-90fe-523a-8b5f-1f264657cc66,2026-09-08T00:00:00,2026-09-08T00:00:00,0,3d52a72d-204e-5cfd-b316-b799ba420d09,0,ALWAYS,NULL,AUTOMATIC,NULL,NULL,NULL,NULL,NULL,NULL,NULL,NULL,NULL
2b48b202-b7ed-5715-a479-7fc72ea84f55,2026-09-08T00:00:00,2026-09-08T00:00:00,0,70026771-fe8d-5f41-993e-2582fe0e7a9b,0,ALWAYS,NULL,AUTOMATIC,NULL,NULL,NULL,NULL,NULL,NULL,NULL,NULL,NULL
9e58bfaa-09d9-5eeb-b2fb-89b443c2d5f5,2026-09-08T00:00:00,2026-09-08T00:00:00,0,d72c1438-1077-5a64-86ee-05d878185fbc,0,ALWAYS,NULL,ATTACK_ROLL,MELEE,15,FIXED,15,NULL,NULL,NULL,NULL,NULL
6d8fc2eb-f30f-55ee-960c-692dd5bf406c,2026-09-08T00:00:00,2026-09-08T00:00:00,0,ec9804fc-563f-5642-b021-de1b2c2ff6fb,0,ALWAYS,NULL,SAVING_THROW,NULL,NULL,NULL,NULL,NULL,NULL,CONSTITUTION,22,FIXED
62151283-7e93-5496-901a-90646c5a3069,2026-09-08T00:00:00,2026-09-08T00:00:00,0,a3464896-6123-5086-a152-f12ffa7528ee,0,ALWAYS,NULL,AUTOMATIC,NULL,NULL,NULL,NULL,NULL,NULL,NULL,NULL,NULL
12cc0091-ed7e-5340-9a3d-90d836e1657a,2026-09-08T00:00:00,2026-09-08T00:00:00,0,fc2547c5-ea4b-57a0-bb78-4494c23da3fd,0,ALWAYS,NULL,AUTOMATIC,NULL,NULL,NULL,NULL,NULL,NULL,NULL,NULL,NULL
789b3510-bded-55bd-af83-cac2838844ed,2026-09-08T00:00:00,2026-09-08T00:00:00,0,8bf98f5d-88a7-54a3-8acf-0ba63bd05639,0,ALWAYS,NULL,SAVING_THROW,NULL,NULL,NULL,NULL,90,NULL,CONSTITUTION,21,FIXED
4bf74e42-0669-596e-90d6-7b67252fa33d,2026-09-08T00:00:00,2026-09-08T00:00:00,0,6a05b429-7815-5336-af2c-9743e600a151,0,ALWAYS,NULL,AUTOMATIC,NULL,NULL,NULL,NULL,NULL,NULL,NULL,NULL,NULL
9f18522d-60c0-5e23-a8dd-cff6af71fa27,2026-09-08T00:00:00,2026-09-08T00:00:00,0,ec6228d4-5c9a-535a-99de-8bf972448c56,0,ALWAYS,NULL,AUTOMATIC,NULL,NULL,NULL,NULL,NULL,NULL,NULL,NULL,NULL
e354ce3e-9aa6-5245-8a62-e145e917b221,2026-09-08T00:00:00,2026-09-08T00:00:00,0,58e6a2e1-5734-5d6a-baa6-2a3484ecfd2a,0,ALWAYS,NULL,AUTOMATIC,NULL,NULL,NULL,NULL,NULL,NULL,NULL,NULL,NULL
f6b1bd43-9186-5839-b25f-745e3541b8f7,2026-09-08T00:00:00,2026-09-08T00:00:00,0,1be88e66-92b1-52ee-be81-acb86b1a67b2,0,ALWAYS,NULL,AUTOMATIC,NULL,NULL,NULL,NULL,NULL,NULL,NULL,NULL,NULL
bf9b0f74-2be2-5f02-88fd-f5ecaa9d5304,2026-09-08T00:00:00,2026-09-08T00:00:00,0,c5a4592b-2046-517f-9609-610a3cd41134,0,ALWAYS,NULL,AUTOMATIC,NULL,NULL,NULL,NULL,NULL,NULL,NULL,NULL,NULL
774f50ba-f385-5c35-9335-347ef82f4ab5,2026-09-08T00:00:00,2026-09-08T00:00:00,0,cdb0ba6a-f318-5553-b5b2-52ea8b7c85b1,0,ALWAYS,NULL,ATTACK_ROLL,MELEE,6,FIXED,5,NULL,NULL,NULL,NULL,NULL
560febc8-9a53-5618-995f-d0472af53d2a,2026-09-08T00:00:00,2026-09-08T00:00:00,0,3f688385-f09d-54aa-9f94-2e9dc6441115,0,ALWAYS,NULL,AUTOMATIC,NULL,NULL,NULL,NULL,NULL,NULL,NULL,NULL,NULL
451f7178-c847-5483-86ac-ca2607f78cf2,2026-09-08T00:00:00,2026-09-08T00:00:00,0,59fb46c8-ff3d-5d94-986d-287f00a638e8,0,ALWAYS,NULL,AUTOMATIC,NULL,NULL,NULL,NULL,NULL,NULL,NULL,NULL,NULL
50f6ba8b-15b0-5950-a89f-2b32c4eb41c2,2026-09-08T00:00:00,2026-09-08T00:00:00,0,613aef97-7b44-59b3-92f2-9f39f291bf32,0,ALWAYS,NULL,ATTACK_ROLL,MELEE,4,FIXED,5,NULL,NULL,NULL,NULL,NULL
b924c6b0-6861-5327-a679-11129102d3c4,2026-09-08T00:00:00,2026-09-08T00:00:00,0,65047707-516b-5976-be9d-cca52d507314,0,ALWAYS,NULL,ATTACK_ROLL,MELEE,4,FIXED,5,NULL,NULL,NULL,NULL,NULL
1b9f80a4-d70d-53c8-8f94-f5acf6c51655,2026-09-08T00:00:00,2026-09-08T00:00:00,0,79b48351-da6b-5046-aef2-1c6383fa2a5d,0,ALWAYS,NULL,AUTOMATIC,NULL,NULL,NULL,NULL,NULL,NULL,NULL,NULL,NULL
4e30cfce-3244-5ad8-8ac0-52af8760c2ed,2026-09-08T00:00:00,2026-09-08T00:00:00,0,c2963252-c346-54d2-867e-3e126010d0c1,0,ALWAYS,NULL,ATTACK_ROLL,MELEE,6,FIXED,5,NULL,NULL,NULL,NULL,NULL
80206f3a-11c4-56ff-87c3-31cda9c77319,2026-09-08T00:00:00,2026-09-08T00:00:00,0,bb5219ba-f12d-5c86-a026-c6a811d57ba7,0,ALWAYS,NULL,ATTACK_ROLL,MELEE,5,FIXED,5,NULL,NULL,NULL,NULL,NULL
8c8d010c-d6a9-5dbb-aed6-e9060c636382,2026-09-08T00:00:00,2026-09-08T00:00:00,0,3794c4d5-fed8-5bdc-b948-3ad5e807989b,0,ALWAYS,NULL,AUTOMATIC,NULL,NULL,NULL,NULL,NULL,NULL,NULL,NULL,NULL
cbb17d6f-623b-5154-96b5-9c84d4edf62a,2026-09-08T00:00:00,2026-09-08T00:00:00,0,20a0712c-93ea-54a5-a2f2-dda4f4f9c77b,0,ALWAYS,NULL,AUTOMATIC,NULL,NULL,NULL,NULL,NULL,NULL,NULL,NULL,NULL
59361fc0-554b-5512-b55c-cf14e0da1262,2026-09-08T00:00:00,2026-09-08T00:00:00,0,97eec6b3-1eff-5f35-8fdc-41742599eef0,0,ALWAYS,NULL,ATTACK_ROLL,MELEE,8,FIXED,10,NULL,NULL,NULL,NULL,NULL
921cf492-7f4d-502e-923d-579998bd7ef2,2026-09-08T00:00:00,2026-09-08T00:00:00,0,255f27ad-7015-58a1-9ad1-9312b8f7700e,0,ALWAYS,NULL,SAVING_THROW,NULL,NULL,NULL,NULL,60,NULL,CONSTITUTION,16,FIXED
143b3f4b-b4d6-5d23-aef9-d4688c47e2d0,2026-09-08T00:00:00,2026-09-08T00:00:00,0,616994b1-d889-5caf-97b1-ded3c3a95ebd,0,ALWAYS,NULL,AUTOMATIC,NULL,NULL,NULL,NULL,NULL,NULL,NULL,NULL,NULL
c810714b-89ec-567e-803f-ae2ea15887d4,2026-09-08T00:00:00,2026-09-08T00:00:00,0,9eb53d99-7fa5-5ce0-afbf-4146dff16419,0,ALWAYS,NULL,ATTACK_ROLL,MELEE_OR_RANGED,3,FIXED,5,NULL,NULL,NULL,NULL,NULL
5521b135-bb4e-5692-a357-168520fbd470,2026-09-08T00:00:00,2026-09-08T00:00:00,0,2f88f3c8-0581-513c-a9ce-bf189651ee32,0,ALWAYS,NULL,AUTOMATIC,NULL,NULL,NULL,NULL,NULL,NULL,NULL,NULL,NULL
c8c4fa51-3d85-55be-868d-b165fa26608a,2026-09-08T00:00:00,2026-09-08T00:00:00,0,e91e599e-9430-5e13-89be-713e83eb1630,0,ALWAYS,NULL,ATTACK_ROLL,MELEE_OR_RANGED,6,FIXED,5,NULL,NULL,NULL,NULL,NULL
0a4e8c68-6f1e-599f-ad92-354bf3094db3,2026-09-08T00:00:00,2026-09-08T00:00:00,0,f15bcf28-1489-5e3d-90c9-7195b99d1b7a,0,ALWAYS,NULL,ATTACK_ROLL,MELEE,6,FIXED,5,NULL,NULL,NULL,NULL,NULL
ab6d325c-7b07-5977-afcc-0e4bde2f1a74,2026-09-08T00:00:00,2026-09-08T00:00:00,0,e907feeb-a44a-5130-803c-eba07b45e86e,0,ALWAYS,NULL,AUTOMATIC,NULL,NULL,NULL,NULL,NULL,NULL,NULL,NULL,NULL
2f081676-b598-5381-bda4-16e9e323ad6c,2026-09-08T00:00:00,2026-09-08T00:00:00,0,4cd261bd-f6e8-52d4-8542-702e5341b6cc,0,ALWAYS,NULL,AUTOMATIC,NULL,NULL,NULL,NULL,NULL,NULL,NULL,NULL,NULL
70abb448-24bf-57ec-9739-21d30060b297,2026-09-08T00:00:00,2026-09-08T00:00:00,0,65549ad3-4748-5cb5-bc7a-213e5bbed640,0,ALWAYS,NULL,ATTACK_ROLL,MELEE,7,FIXED,10,NULL,NULL,NULL,NULL,NULL
1fdf3b11-1477-59e4-8c8d-bd40e0b85fe2,2026-09-08T00:00:00,2026-09-08T00:00:00,0,397fc788-13ca-570b-8251-c1cb9b39b4d1,0,ALWAYS,NULL,SAVING_THROW,NULL,NULL,NULL,NULL,NULL,NULL,DEXTERITY,14,FIXED
6a7d6b02-eae4-52b5-97e9-4e7649c16f28,2026-09-08T00:00:00,2026-09-08T00:00:00,0,b9f4a50f-2ff8-551e-8189-3aba19adabc0,0,ALWAYS,NULL,AUTOMATIC,NULL,NULL,NULL,NULL,NULL,NULL,NULL,NULL,NULL
33887b5c-876b-5b01-ab41-b2712111dabc,2026-09-08T00:00:00,2026-09-08T00:00:00,0,c7cdcfd4-e08d-5e88-b893-317f3b685a73,0,ALWAYS,NULL,ATTACK_ROLL,MELEE,3,FIXED,5,NULL,NULL,NULL,NULL,NULL
6a2820c1-2139-5d58-87fc-2f178766e9c4,2026-09-08T00:00:00,2026-09-08T00:00:00,0,dfe1ee89-ec5f-54f0-a18a-5c0ed43a0fe9,0,ALWAYS,NULL,SAVING_THROW,NULL,NULL,NULL,NULL,NULL,NULL,WISDOM,11,FIXED
a1584ea1-893c-5088-81a1-62c762002150,2026-09-08T00:00:00,2026-09-08T00:00:00,0,b3c3aff8-d69f-5893-84a2-a809ddc22af8,0,ALWAYS,NULL,AUTOMATIC,NULL,NULL,NULL,NULL,NULL,NULL,NULL,NULL,NULL
5098e5af-c1b4-5c8b-8384-2510ad9f041b,2026-09-08T00:00:00,2026-09-08T00:00:00,0,812e3306-1e38-55e1-9874-fd36e5887891,0,ALWAYS,NULL,AUTOMATIC,NULL,NULL,NULL,NULL,NULL,NULL,NULL,NULL,NULL
b5afc8d4-7e3a-5198-a671-f0e3a0d2457a,2026-09-08T00:00:00,2026-09-08T00:00:00,0,ae84950e-993d-5192-92ff-d313d53b8fc9,0,ALWAYS,NULL,ATTACK_ROLL,MELEE,5,FIXED,5,NULL,NULL,NULL,NULL,NULL
bc57b7c0-f1d2-5a44-8a30-3a0a910495b0,2026-09-08T00:00:00,2026-09-08T00:00:00,0,9dd2d38a-943f-5dd6-8b29-3986d14464f4,0,ALWAYS,NULL,SAVING_THROW,NULL,NULL,NULL,NULL,NULL,NULL,DEXTERITY,12,FIXED
b2308a6c-0aa9-577f-be16-9c995c651f91,2026-09-08T00:00:00,2026-09-08T00:00:00,0,eaa3a6ad-6ea6-5101-b4c5-4bd13dca8e03,0,ALWAYS,NULL,AUTOMATIC,NULL,NULL,NULL,NULL,NULL,NULL,NULL,NULL,NULL
50bf7596-70b2-5093-9b7e-1e2b02e7d9a5,2026-09-08T00:00:00,2026-09-08T00:00:00,0,a4e6a55c-2072-5d08-ad4c-877615568ed9,0,ALWAYS,NULL,AUTOMATIC,NULL,NULL,NULL,NULL,NULL,NULL,NULL,NULL,NULL
a6e11c10-5382-5303-b006-7b4bd18bcd05,2026-09-08T00:00:00,2026-09-08T00:00:00,0,a937edf7-957f-5db4-88aa-afdd35039e7e,0,ALWAYS,NULL,SAVING_THROW,NULL,NULL,NULL,NULL,NULL,NULL,CONSTITUTION,16,FIXED
318d2550-b128-51e5-b5c4-1b2728be98a2,2026-09-08T00:00:00,2026-09-08T00:00:00,0,f4889d65-d1d0-543a-aa36-173f959316b1,0,ALWAYS,NULL,AUTOMATIC,NULL,NULL,NULL,NULL,NULL,NULL,NULL,NULL,NULL
ecbce3e7-dd72-50ad-b2c3-96de3fcb497b,2026-09-08T00:00:00,2026-09-08T00:00:00,0,b1d859a8-7eb7-587b-9bad-d81c3085eff4,0,ALWAYS,NULL,ATTACK_ROLL,MELEE,7,FIXED,5,NULL,NULL,NULL,NULL,NULL
85bc93e1-41d4-5e2d-8e1f-dd1950ff360d,2026-09-08T00:00:00,2026-09-08T00:00:00,0,67a05e63-8bbe-5e45-a87c-fc1a8cc91d0f,0,ALWAYS,NULL,AUTOMATIC,NULL,NULL,NULL,NULL,NULL,NULL,NULL,NULL,NULL
ff89ed76-a727-540f-a77f-195d6771d38b,2026-09-08T00:00:00,2026-09-08T00:00:00,0,35471d1c-a2fa-523b-b66d-f9e74e2cd3dd,0,ALWAYS,NULL,AUTOMATIC,NULL,NULL,NULL,NULL,NULL,NULL,NULL,NULL,NULL
0eb9c0a7-0a4f-566a-a3ec-42bb585e743b,2026-09-08T00:00:00,2026-09-08T00:00:00,0,84af3b72-4c15-5158-b7a5-93249b0891b5,0,ALWAYS,NULL,ATTACK_ROLL,MELEE,8,FIXED,10,NULL,NULL,NULL,NULL,NULL
66a016d7-8a8a-5657-8f09-c2c6a029cd85,2026-09-08T00:00:00,2026-09-08T00:00:00,0,443a52ac-1ad0-5c55-b3fc-e76e95a2ead1,0,ALWAYS,NULL,ATTACK_ROLL,RANGED,8,FIXED,NULL,60,240,NULL,NULL,NULL
85ee86b8-8886-5ac3-8b79-01b49ba1134e,2026-09-08T00:00:00,2026-09-08T00:00:00,0,e04577c8-5c63-5b38-9d6a-e6e4fe7958b1,0,ALWAYS,NULL,AUTOMATIC,NULL,NULL,NULL,NULL,NULL,NULL,NULL,NULL,NULL
58205e69-0b98-55df-981b-1f698194aa8a,2026-09-08T00:00:00,2026-09-08T00:00:00,0,8e230995-4888-57f4-83db-644f4ae9a487,0,ALWAYS,NULL,AUTOMATIC,NULL,NULL,NULL,NULL,NULL,NULL,NULL,NULL,NULL
72904284-7cb8-521b-88a2-98a3c84d4169,2026-09-08T00:00:00,2026-09-08T00:00:00,0,118d91c5-7d69-55ad-a776-dbf8cd475cb6,0,ALWAYS,NULL,ATTACK_ROLL,MELEE,5,FIXED,5,NULL,NULL,NULL,NULL,NULL
911b78f2-1437-5caa-b56b-dd56e7071052,2026-09-08T00:00:00,2026-09-08T00:00:00,0,f3d956e1-8641-5736-9cfb-3f891d4f35d2,0,ALWAYS,NULL,AUTOMATIC,NULL,NULL,NULL,NULL,NULL,NULL,NULL,NULL,NULL
a591be25-e458-57da-bb27-78217215e55d,2026-09-08T00:00:00,2026-09-08T00:00:00,0,02a7533e-d6a4-5390-8eb5-164c266d4a3b,0,ALWAYS,NULL,ATTACK_ROLL,MELEE,3,FIXED,5,NULL,NULL,NULL,NULL,NULL
3663e09f-5d7b-58ff-a197-920c93180c46,2026-09-08T00:00:00,2026-09-08T00:00:00,0,b42d290b-f49f-52b3-bb9e-3258bf7a7a1e,0,ALWAYS,NULL,ATTACK_ROLL,RANGED,3,FIXED,NULL,150,600,NULL,NULL,NULL
0f79224f-e176-577e-926b-32ec572fb8e6,2026-09-08T00:00:00,2026-09-08T00:00:00,0,4ef75f52-86be-59b0-b694-2c95a7987f9e,0,ALWAYS,NULL,AUTOMATIC,NULL,NULL,NULL,NULL,NULL,NULL,NULL,NULL,NULL
bfe978d5-38a3-59fe-aceb-635b86004b23,2026-09-08T00:00:00,2026-09-08T00:00:00,0,7a47c429-a7a6-5c77-960a-50729a4ab681,0,ALWAYS,NULL,AUTOMATIC,NULL,NULL,NULL,NULL,NULL,NULL,NULL,NULL,NULL
0ec4f91d-989c-5b32-966c-9ab9816d847e,2026-09-08T00:00:00,2026-09-08T00:00:00,0,df88ef98-57ce-58e0-952d-4d4afe2c5fff,0,ALWAYS,NULL,ATTACK_ROLL,MELEE,4,FIXED,5,NULL,NULL,NULL,NULL,NULL
3231d7f9-7ff5-5f40-84a7-af9a7317ff04,2026-09-08T00:00:00,2026-09-08T00:00:00,0,aadc68e4-7b98-521d-85ad-156d2c1c7965,0,ALWAYS,NULL,ATTACK_ROLL,RANGED,4,FIXED,NULL,150,600,NULL,NULL,NULL
82fc60f9-77c1-5ddd-ab92-aaba6e9fbd85,2026-09-08T00:00:00,2026-09-08T00:00:00,0,2cc02a43-226e-5294-bdc9-e76c7aae9bde,0,ALWAYS,NULL,AUTOMATIC,NULL,NULL,NULL,NULL,NULL,NULL,NULL,NULL,NULL
89c5a2ee-0569-55b4-8499-ec09eb012a28,2026-09-08T00:00:00,2026-09-08T00:00:00,0,b84018e7-29d0-59cd-958d-96c889c25ad8,0,ALWAYS,NULL,ATTACK_ROLL,MELEE,4,FIXED,5,NULL,NULL,NULL,NULL,NULL
6f581f3d-d3f1-5790-8341-657b36cf9ae4,2026-09-08T00:00:00,2026-09-08T00:00:00,0,b84018e7-29d0-59cd-958d-96c889c25ad8,1,ON_PREVIOUS_HIT,NULL,SAVING_THROW,NULL,NULL,NULL,NULL,NULL,NULL,CONSTITUTION,12,FIXED
c5f229c0-efc8-55b7-bb45-0817f36eb0db,2026-09-08T00:00:00,2026-09-08T00:00:00,0,98c65b61-01c2-5e5b-b150-4560725a1def,0,ALWAYS,NULL,AUTOMATIC,NULL,NULL,NULL,NULL,NULL,NULL,NULL,NULL,NULL
19bc50f7-0129-5d98-b5d3-91f0610cd422,2026-09-08T00:00:00,2026-09-08T00:00:00,0,640887c6-6932-5bcb-b181-2c96aec2d5a5,0,ALWAYS,NULL,AUTOMATIC,NULL,NULL,NULL,NULL,NULL,NULL,NULL,NULL,NULL
e9c5b1ce-2792-5ca0-a4bb-77dd7ca2c5ad,2026-09-08T00:00:00,2026-09-08T00:00:00,0,e1a837c2-9411-5c84-ab19-11976793c672,0,ALWAYS,NULL,AUTOMATIC,NULL,NULL,NULL,NULL,NULL,NULL,NULL,NULL,NULL
900826ac-54a3-5e00-a29b-32a0aaafbfef,2026-09-08T00:00:00,2026-09-08T00:00:00,0,5ff39668-9e4f-5c32-a9a4-9370f18c1612,0,ALWAYS,NULL,ATTACK_ROLL,MELEE,10,FIXED,10,NULL,NULL,NULL,NULL,NULL
acac89cc-6441-5057-b3ee-986412c1af1c,2026-09-08T00:00:00,2026-09-08T00:00:00,0,c95056cf-4b4d-5a21-a913-672fec898a78,0,ALWAYS,NULL,ATTACK_ROLL,RANGED,8,FIXED,NULL,NULL,NULL,NULL,NULL,NULL
5555b76c-70ea-5df9-b232-d8e2db59d798,2026-09-08T00:00:00,2026-09-08T00:00:00,0,d9e96c2a-60f9-58f5-93f0-f4c8aa696c75,0,ALWAYS,NULL,SAVING_THROW,NULL,NULL,NULL,NULL,10,NULL,DEXTERITY,17,FIXED
e99e65a2-263d-587f-a019-816276ecd1f3,2026-09-08T00:00:00,2026-09-08T00:00:00,0,e24532ab-f37e-51a6-a123-211104970111,0,ALWAYS,NULL,AUTOMATIC,NULL,NULL,NULL,NULL,NULL,NULL,NULL,NULL,NULL
6de91746-e5f1-5dad-b1de-fff488abe6cc,2026-09-08T00:00:00,2026-09-08T00:00:00,0,beffd088-2710-5ab5-a029-641e85b74c0c,0,ALWAYS,NULL,AUTOMATIC,NULL,NULL,NULL,NULL,NULL,NULL,NULL,NULL,NULL
084381c2-b9b3-52a7-bf07-b2bb53af7190,2026-09-08T00:00:00,2026-09-08T00:00:00,0,7adccedc-86dd-58ba-a02f-3b17942e0e41,0,ALWAYS,NULL,AUTOMATIC,NULL,NULL,NULL,NULL,NULL,NULL,NULL,NULL,NULL
8c88cfd5-fb2e-5d58-b9fb-44821a6e4fe2,2026-09-08T00:00:00,2026-09-08T00:00:00,0,b913ad65-b4ed-5763-89b1-d1e1579795e3,0,ALWAYS,NULL,AUTOMATIC,NULL,NULL,NULL,NULL,NULL,NULL,NULL,NULL,NULL
4d7462ff-9d79-57b3-ab5b-3c107b02dad0,2026-09-08T00:00:00,2026-09-08T00:00:00,0,80789ada-4ffc-5f78-8fff-2569f8d47052,0,ALWAYS,NULL,ATTACK_ROLL,MELEE,8,FIXED,10,NULL,NULL,NULL,NULL,NULL
c8b00628-d346-52ec-8c02-a5b20a4832ad,2026-09-08T00:00:00,2026-09-08T00:00:00,0,95399095-04e0-5966-a457-6ecb8b798ecd,0,ALWAYS,NULL,AUTOMATIC,NULL,NULL,NULL,NULL,NULL,NULL,NULL,NULL,NULL
bc2751b5-fecd-5bd0-a7fc-bc3fbbcdd2a3,2026-09-08T00:00:00,2026-09-08T00:00:00,0,ee27e53f-cd97-5c23-8ae2-d4d16a96e357,0,ALWAYS,NULL,AUTOMATIC,NULL,NULL,NULL,NULL,NULL,NULL,NULL,NULL,NULL
3e4f43f2-aaad-57b1-8bba-4e23ba992e20,2026-09-08T00:00:00,2026-09-08T00:00:00,0,c434e214-f502-5183-ad58-40f65cce7fcb,0,ALWAYS,NULL,AUTOMATIC,NULL,NULL,NULL,NULL,NULL,NULL,NULL,NULL,NULL
d60e6071-3fb2-5be1-a242-00bea88c467d,2026-09-08T00:00:00,2026-09-08T00:00:00,0,821decf5-b105-5794-8c9d-23bcf9bdf2c2,0,ALWAYS,NULL,ATTACK_ROLL,MELEE_OR_RANGED,10,FIXED,5,NULL,NULL,NULL,NULL,NULL
4c7d92e6-eb22-55b9-9056-0dae1a403186,2026-09-08T00:00:00,2026-09-08T00:00:00,0,f95f1457-0fd6-5603-872c-5cbc6a067315,0,ALWAYS,NULL,ATTACK_ROLL,MELEE,10,FIXED,10,NULL,NULL,NULL,NULL,NULL
982650a5-2d4b-5119-a911-0b4b35e76c7c,2026-09-08T00:00:00,2026-09-08T00:00:00,0,9259582f-d549-5bd3-85c4-42baa5c7d082,0,ALWAYS,NULL,AUTOMATIC,NULL,NULL,NULL,NULL,NULL,NULL,NULL,NULL,NULL
8d628151-23d8-596a-8b5f-225e9a954852,2026-09-08T00:00:00,2026-09-08T00:00:00,0,24006793-6c2a-5359-9728-cefe49b49110,0,ALWAYS,NULL,AUTOMATIC,NULL,NULL,NULL,NULL,NULL,NULL,NULL,NULL,NULL
4ade9353-15db-5ebd-9d61-a572e525b83d,2026-09-08T00:00:00,2026-09-08T00:00:00,0,f0963282-73ba-5922-8dee-8bbf1eca1b7c,0,ALWAYS,NULL,ATTACK_ROLL,MELEE,5,FIXED,5,NULL,NULL,NULL,NULL,NULL
8a6eb924-22bc-550e-9f17-7f9f84d11029,2026-09-08T00:00:00,2026-09-08T00:00:00,0,457aa932-0b2d-51d6-91c5-b93e65ba91c5,0,ALWAYS,NULL,AUTOMATIC,NULL,NULL,NULL,NULL,NULL,NULL,NULL,NULL,NULL
48292968-d053-58f3-bb7a-52756e57afe3,2026-09-08T00:00:00,2026-09-08T00:00:00,0,eb24f453-8fe3-5cea-b337-cb4287661395,0,ALWAYS,NULL,AUTOMATIC,NULL,NULL,NULL,NULL,NULL,NULL,NULL,NULL,NULL
8e926581-04b3-569f-92f0-6a8ffbf5375b,2026-09-08T00:00:00,2026-09-08T00:00:00,0,7c4b0828-3aed-52d6-a960-0e1b2a80e2e3,0,ALWAYS,NULL,AUTOMATIC,NULL,NULL,NULL,NULL,NULL,NULL,NULL,NULL,NULL
b20f4efd-db0b-54ae-a5bf-3f3434d48e07,2026-09-08T00:00:00,2026-09-08T00:00:00,0,dbcdfa70-4859-5627-90a5-e673da1d4616,0,ALWAYS,NULL,AUTOMATIC,NULL,NULL,NULL,NULL,NULL,NULL,NULL,NULL,NULL
a3dc978c-2260-5bdf-b1ff-9331a9eb2029,2026-09-08T00:00:00,2026-09-08T00:00:00,0,a5577dc9-b442-5c18-a685-a6dfcda15b80,0,ALWAYS,NULL,ATTACK_ROLL,MELEE,7,FIXED,5,NULL,NULL,NULL,NULL,NULL
184d8a35-a131-5a0d-bf77-56fca2629b65,2026-09-08T00:00:00,2026-09-08T00:00:00,0,022b1073-1bad-5c66-bc3f-5dba15afa6cb,0,ALWAYS,NULL,AUTOMATIC,NULL,NULL,NULL,NULL,NULL,NULL,NULL,NULL,NULL
6b2dec2f-e9cc-5ee6-9eed-2e50ce64daa9,2026-09-08T00:00:00,2026-09-08T00:00:00,0,de8180e7-e476-5f6f-9551-7cfa07e63d67,0,ALWAYS,NULL,SAVING_THROW,NULL,NULL,NULL,NULL,60,NULL,WISDOM,15,FIXED
99eaeca9-5715-5644-966b-439f811b7f9c,2026-09-08T00:00:00,2026-09-08T00:00:00,0,030f287f-0464-5639-8fbf-754b7564c573,0,ALWAYS,NULL,AUTOMATIC,NULL,NULL,NULL,NULL,NULL,NULL,NULL,NULL,NULL
5412bf91-0086-51f3-a5be-d12a604d0c1d,2026-09-08T00:00:00,2026-09-08T00:00:00,0,b38b8b96-1a04-5431-8c31-117a4e671fa8,0,ALWAYS,NULL,AUTOMATIC,NULL,NULL,NULL,NULL,NULL,NULL,NULL,NULL,NULL
50d034e1-1fed-5b3b-961c-2fdcba67ff49,2026-09-08T00:00:00,2026-09-08T00:00:00,0,f63329c2-edc3-50b5-b4e5-db4a81872a66,0,ALWAYS,NULL,AUTOMATIC,NULL,NULL,NULL,NULL,NULL,NULL,NULL,NULL,NULL
a6be8100-89a8-5ff7-8490-db82e2671341,2026-09-08T00:00:00,2026-09-08T00:00:00,0,94de8fa2-6de9-5f33-aa45-8677adf9eb40,0,ALWAYS,NULL,ATTACK_ROLL,MELEE,7,FIXED,5,NULL,NULL,NULL,NULL,NULL
85b37ab3-ed97-5934-8164-c5572b1502ca,2026-09-08T00:00:00,2026-09-08T00:00:00,0,cd0a67e9-cdc6-5669-be91-4bb2c0fa9e63,0,ALWAYS,NULL,SAVING_THROW,NULL,NULL,NULL,NULL,NULL,NULL,CONSTITUTION,14,FIXED
eadd0bb9-dcdc-535d-ab4e-8c9ad8c6ce3e,2026-09-08T00:00:00,2026-09-08T00:00:00,0,f52d49df-ef39-5b74-be17-905101a928e3,0,ALWAYS,NULL,AUTOMATIC,NULL,NULL,NULL,NULL,NULL,NULL,NULL,NULL,NULL
9331855f-468a-549a-b6ec-7df42dfa1eb9,2026-09-08T00:00:00,2026-09-08T00:00:00,0,50b5c4ed-8e07-571d-a2c2-e522d15a610e,0,ALWAYS,NULL,AUTOMATIC,NULL,NULL,NULL,NULL,NULL,NULL,NULL,NULL,NULL
9e841328-9dfe-506f-806d-06f4c8f789d7,2026-09-08T00:00:00,2026-09-08T00:00:00,0,d93b04d3-589d-529e-98b8-2acba1c07922,0,ALWAYS,NULL,AUTOMATIC,NULL,NULL,NULL,NULL,NULL,NULL,NULL,NULL,NULL
057b8f86-c99c-5f3f-b2ed-a966dea9a21f,2026-09-08T00:00:00,2026-09-08T00:00:00,0,bd90ce3d-a4b3-560a-ad83-f4c1148639ff,0,ALWAYS,NULL,AUTOMATIC,NULL,NULL,NULL,NULL,NULL,NULL,NULL,NULL,NULL
c8a72264-5b23-5563-a18a-dd14f44691b9,2026-09-08T00:00:00,2026-09-08T00:00:00,0,977025c1-f016-5489-98f1-7d68aebc90ea,0,ALWAYS,NULL,ATTACK_ROLL,MELEE,12,FIXED,10,NULL,NULL,NULL,NULL,NULL
2aaab356-267a-55e8-882a-dded300c0d55,2026-09-08T00:00:00,2026-09-08T00:00:00,0,81179e90-e801-5319-adc8-46af786dd3a2,0,ALWAYS,NULL,ATTACK_ROLL,RANGED,10,FIXED,NULL,NULL,NULL,NULL,NULL,NULL
c4245d54-dc9f-5eb4-b73e-34712cda8a87,2026-09-08T00:00:00,2026-09-08T00:00:00,0,d8dcf373-bf1a-5b74-8eed-7c301de1c428,0,ALWAYS,NULL,SAVING_THROW,NULL,NULL,NULL,NULL,NULL,NULL,CONSTITUTION,18,FIXED
0d948217-99ac-5204-9721-10a64145c708,2026-09-08T00:00:00,2026-09-08T00:00:00,0,3c6706c3-053b-5f21-bdb6-c7bc5e35c02c,0,ALWAYS,NULL,AUTOMATIC,NULL,NULL,NULL,NULL,NULL,NULL,NULL,NULL,NULL
5f7e5868-d02f-54a2-80fa-2aef1ca0722c,2026-09-08T00:00:00,2026-09-08T00:00:00,0,879f6aee-ea65-59d2-87f0-eef61c97ba4e,0,ALWAYS,NULL,ATTACK_ROLL,MELEE,5,FIXED,5,NULL,NULL,NULL,NULL,NULL
41290dae-d091-5dfe-aac3-3b7db567e43b,2026-09-08T00:00:00,2026-09-08T00:00:00,0,2ba7993b-da24-516e-bcf5-1e9079b77c8c,0,ALWAYS,NULL,ATTACK_ROLL,RANGED,2,FIXED,NULL,100,400,NULL,NULL,NULL
153b9be7-09eb-5e24-bafd-71bb2a26ee1b,2026-09-08T00:00:00,2026-09-08T00:00:00,0,2299af3d-aecb-5673-801b-eb6a19b90b03,0,ALWAYS,NULL,AUTOMATIC,NULL,NULL,NULL,NULL,NULL,NULL,NULL,NULL,NULL
04ebcc7d-27b5-53b4-9fa2-f72ff067c31d,2026-09-08T00:00:00,2026-09-08T00:00:00,0,9c912080-de24-5295-b58a-6e4e8261e2a9,0,ALWAYS,NULL,AUTOMATIC,NULL,NULL,NULL,NULL,NULL,NULL,NULL,NULL,NULL
f8af6811-e609-5252-a504-f6977b2638b0,2026-09-08T00:00:00,2026-09-08T00:00:00,0,f6bcb42b-cc3d-5c37-aef0-7da0b3670d42,0,ALWAYS,NULL,AUTOMATIC,NULL,NULL,NULL,NULL,NULL,NULL,NULL,NULL,NULL
1b0f3973-bd4c-544e-b969-a83a183bc247,2026-09-08T00:00:00,2026-09-08T00:00:00,0,482048fb-aa68-5e66-9ae9-1e89e9af6725,0,ALWAYS,NULL,ATTACK_ROLL,MELEE_OR_RANGED,4,FIXED,5,NULL,NULL,NULL,NULL,NULL
b8a0eec9-0f52-5b8b-9e77-c899c77c131e,2026-09-08T00:00:00,2026-09-08T00:00:00,0,ab6ed9ab-6c03-5050-bfab-623ff5a699f3,0,ALWAYS,NULL,AUTOMATIC,NULL,NULL,NULL,NULL,NULL,NULL,NULL,NULL,NULL
e552bb88-8871-5e0e-ad12-15bb2a23b936,2026-09-08T00:00:00,2026-09-08T00:00:00,0,f76d5e89-0f97-51be-9b97-48c574d377ad,0,ALWAYS,NULL,AUTOMATIC,NULL,NULL,NULL,NULL,NULL,NULL,NULL,NULL,NULL
18adbac4-cd0b-5257-92f9-ee986d9ec85e,2026-09-08T00:00:00,2026-09-08T00:00:00,0,43d2d959-3b6e-55a6-acef-d47aeb829026,0,ALWAYS,NULL,AUTOMATIC,NULL,NULL,NULL,NULL,NULL,NULL,NULL,NULL,NULL
2bcf1ec0-9b39-520e-ba44-ee5c6b64fb0e,2026-09-08T00:00:00,2026-09-08T00:00:00,0,cc35c4f4-e37c-5f4e-b7c3-ebacc7ef15f2,0,ALWAYS,NULL,AUTOMATIC,NULL,NULL,NULL,NULL,NULL,NULL,NULL,NULL,NULL
2b4a847b-3a40-5326-b966-5d4dc5a54404,2026-09-08T00:00:00,2026-09-08T00:00:00,0,700e79ff-c555-50ce-8549-5012aa238bf7,0,ALWAYS,NULL,ATTACK_ROLL,MELEE,17,FIXED,30,NULL,NULL,NULL,NULL,NULL
467ac162-7f3d-55db-b922-f2e7272d2dd6,2026-09-08T00:00:00,2026-09-08T00:00:00,0,617d38a1-f4da-58ec-942c-702a72005e6a,0,ALWAYS,NULL,SAVING_THROW,NULL,NULL,NULL,NULL,NULL,NULL,DEXTERITY,25,FIXED
d0b3764b-c97a-5783-ae90-0002828e93f7,2026-09-08T00:00:00,2026-09-08T00:00:00,0,d3784221-c3e1-55c8-8a5c-6b4ad6f0a262,0,ALWAYS,NULL,SAVING_THROW,NULL,NULL,NULL,NULL,120,NULL,DEXTERITY,23,FIXED
8eaee94e-2678-561e-a07f-26338f6f4930,2026-09-08T00:00:00,2026-09-08T00:00:00,0,64af9354-1412-5aa4-8d13-dc6bee9b989b,0,ALWAYS,NULL,SAVING_THROW,NULL,NULL,NULL,NULL,NULL,NULL,DEXTERITY,25,FIXED
b5b4f1f4-66a6-5fb2-a364-ab926ae9b4cf,2026-09-08T00:00:00,2026-09-08T00:00:00,0,a0672c04-1e36-5327-8025-f9488d19b4f0,0,ALWAYS,NULL,AUTOMATIC,NULL,NULL,NULL,NULL,NULL,NULL,NULL,NULL,NULL
e5b16133-f5a4-5721-b25d-2983ffa965e7,2026-09-08T00:00:00,2026-09-08T00:00:00,0,727c9194-6827-5bd4-8984-628614de5a69,0,ALWAYS,NULL,SAVING_THROW,NULL,NULL,NULL,NULL,NULL,NULL,CONSTITUTION,23,FIXED
964153db-7533-51df-9454-c7f1043e850f,2026-09-08T00:00:00,2026-09-08T00:00:00,0,b14acd70-a5ce-547c-87a8-cfbd31edd79f,0,ALWAYS,NULL,AUTOMATIC,NULL,NULL,NULL,NULL,NULL,NULL,NULL,NULL,NULL
0893059a-170f-51cb-a547-0f10af8a1335,2026-09-08T00:00:00,2026-09-08T00:00:00,0,5d9dfa93-31a0-5fe7-bfd6-0ede6ed43204,0,ALWAYS,NULL,ATTACK_ROLL,MELEE,5,FIXED,5,NULL,NULL,NULL,NULL,NULL
95d62f61-b37c-5707-9da9-fcf541bbd274,2026-09-08T00:00:00,2026-09-08T00:00:00,0,3775f2ef-0079-5353-9450-77d213f288b8,0,ALWAYS,NULL,SAVING_THROW,NULL,NULL,NULL,NULL,5,NULL,WISDOM,13,FIXED
55875f4d-9a96-5d61-932f-673e037f3ebd,2026-09-08T00:00:00,2026-09-08T00:00:00,0,8e51a7cf-7878-59fc-8618-5c2d90a87054,0,ALWAYS,NULL,AUTOMATIC,NULL,NULL,NULL,NULL,NULL,NULL,NULL,NULL,NULL
fc485e1a-827a-51ab-a00c-7676697449f8,2026-09-08T00:00:00,2026-09-08T00:00:00,0,2e58c92f-cce1-5ad3-b6eb-ca9e598b7027,0,ALWAYS,NULL,AUTOMATIC,NULL,NULL,NULL,NULL,NULL,NULL,NULL,NULL,NULL
ad5c244a-5db1-5c71-887b-8ddc308e62c8,2026-09-08T00:00:00,2026-09-08T00:00:00,0,bbd703c9-cfab-5dad-95c4-bac48755a4f9,0,ALWAYS,NULL,AUTOMATIC,NULL,NULL,NULL,NULL,NULL,NULL,NULL,NULL,NULL
8b224ce5-a122-5337-a927-94e92e7eb840,2026-09-08T00:00:00,2026-09-08T00:00:00,0,96f927ca-4bda-59c0-93d0-e48b355f21fd,0,ALWAYS,NULL,ATTACK_ROLL,MELEE,2,FIXED,5,NULL,NULL,NULL,NULL,NULL
41c78429-585c-57cc-b152-0ed204e1ceb3,2026-09-08T00:00:00,2026-09-08T00:00:00,0,92edc9e8-88c5-5cce-9a53-3c327eb0c819,0,ALWAYS,NULL,AUTOMATIC,NULL,NULL,NULL,NULL,NULL,NULL,NULL,NULL,NULL
12f22c7e-2511-514b-950b-b2fa5bbb9b45,2026-09-08T00:00:00,2026-09-08T00:00:00,0,2ef30297-33c5-5384-9b40-3f7ecc05d8c2,0,ALWAYS,NULL,AUTOMATIC,NULL,NULL,NULL,NULL,NULL,NULL,NULL,NULL,NULL
759bb6b9-e704-59bb-9376-c2b8916323a0,2026-09-08T00:00:00,2026-09-08T00:00:00,0,c1cf6ae3-13f2-5c35-b1a9-a3443c979c98,0,ALWAYS,NULL,AUTOMATIC,NULL,NULL,NULL,NULL,NULL,NULL,NULL,NULL,NULL
710f5dda-1b3b-5fc9-bed0-65be5c1b070e,2026-09-08T00:00:00,2026-09-08T00:00:00,0,143dcdde-1e74-50fc-bc85-c3357eaa993e,0,ALWAYS,NULL,ATTACK_ROLL,MELEE_OR_RANGED,12,FIXED,5,NULL,NULL,NULL,NULL,NULL
a4d3e32f-3a50-59ff-9d5e-37f3c995a763,2026-09-08T00:00:00,2026-09-08T00:00:00,0,e7904b84-54ed-5e88-acd8-f6127b3be0d9,0,ALWAYS,NULL,ATTACK_ROLL,MELEE,12,FIXED,5,NULL,NULL,NULL,NULL,NULL
4d5561bb-ca86-59ad-95dc-70866d44a1de,2026-09-08T00:00:00,2026-09-08T00:00:00,0,256f1d92-ccdf-5538-bcf4-bd21b2e63a6d,0,ALWAYS,NULL,AUTOMATIC,NULL,NULL,NULL,NULL,NULL,NULL,NULL,NULL,NULL
e2666ff1-e72c-58fc-97d2-41b108011a14,2026-09-08T00:00:00,2026-09-08T00:00:00,0,2161143c-8f42-5616-b5ba-c6b50f842f06,0,ALWAYS,NULL,AUTOMATIC,NULL,NULL,NULL,NULL,NULL,NULL,NULL,NULL,NULL
8eea681d-7b91-5586-a45c-06cda1d9f412,2026-09-08T00:00:00,2026-09-08T00:00:00,0,35c09f39-7d65-5c99-a5f2-d636e6eeb31d,0,ALWAYS,NULL,AUTOMATIC,NULL,NULL,NULL,NULL,NULL,NULL,NULL,NULL,NULL
07de1867-2fa5-5702-a576-d33e65f6a1d6,2026-09-08T00:00:00,2026-09-08T00:00:00,0,7211e02d-8bc4-55d7-9ca6-3b3ab85e2c36,0,ALWAYS,NULL,SAVING_THROW,NULL,NULL,NULL,NULL,NULL,NULL,CONSTITUTION,20,FIXED
d907a8fe-5971-595e-a6b4-a3e14eb01ed6,2026-09-08T00:00:00,2026-09-08T00:00:00,0,99c9109d-92d8-5bc1-968f-175c17f8bc02,0,ALWAYS,NULL,AUTOMATIC,NULL,NULL,NULL,NULL,NULL,NULL,NULL,NULL,NULL
432d3198-539c-50fd-8b4d-1408358ae6cc,2026-09-08T00:00:00,2026-09-08T00:00:00,0,7a53d57c-5464-5e03-b612-310112845a23,0,ALWAYS,NULL,AUTOMATIC,NULL,NULL,NULL,NULL,NULL,NULL,NULL,NULL,NULL
9df23ca2-023c-56ee-962a-96b4c972dfaf,2026-09-08T00:00:00,2026-09-08T00:00:00,0,445b1ad7-200c-5f8f-bd62-4587bfc12409,0,ALWAYS,NULL,ATTACK_ROLL,MELEE_OR_RANGED,6,FIXED,5,NULL,NULL,NULL,NULL,NULL
19fef0ff-aef2-5c21-a5e2-e1c18329ee90,2026-09-08T00:00:00,2026-09-08T00:00:00,0,7b120282-f736-5527-8c0f-62d79b03f9ac,0,ALWAYS,NULL,AUTOMATIC,NULL,NULL,NULL,NULL,NULL,NULL,NULL,NULL,NULL
30ad0f4c-9c2f-5330-ac57-00b0a96da000,2026-09-08T00:00:00,2026-09-08T00:00:00,0,afa78321-8add-50d5-9e9a-f8de7e240583,0,ALWAYS,NULL,AUTOMATIC,NULL,NULL,NULL,NULL,NULL,NULL,NULL,NULL,NULL
da6124bb-2885-5ec9-8445-1632b3ff4075,2026-09-08T00:00:00,2026-09-08T00:00:00,0,e82729ab-1a26-5c87-9b1d-609d481b86b0,0,ALWAYS,NULL,AUTOMATIC,NULL,NULL,NULL,NULL,NULL,NULL,NULL,NULL,NULL
6421825d-c406-543b-a84f-f15f9ddf414e,2026-09-08T00:00:00,2026-09-08T00:00:00,0,3dfbcb86-6ac0-5457-9fa2-189f0d586fab,0,ALWAYS,NULL,AUTOMATIC,NULL,NULL,NULL,NULL,NULL,NULL,NULL,NULL,NULL
2d222163-92d0-5750-8032-ec21474216db,2026-09-08T00:00:00,2026-09-08T00:00:00,0,0722111b-8c68-58a1-92da-7357329c5b36,0,ALWAYS,NULL,AUTOMATIC,NULL,NULL,NULL,NULL,NULL,NULL,NULL,NULL,NULL
3396ee70-3067-5cac-a04f-c09b648ff325,2026-09-08T00:00:00,2026-09-08T00:00:00,0,5cc6756c-7669-58ce-afb0-f9c9d48d6761,0,ALWAYS,NULL,ATTACK_ROLL,MELEE_OR_RANGED,9,FIXED,5,NULL,NULL,NULL,NULL,NULL
1fda08ad-1287-5a9a-896a-191b7ea3ae6d,2026-09-08T00:00:00,2026-09-08T00:00:00,0,887e3e65-a5a2-52e2-9065-8173e8651262,0,ALWAYS,NULL,AUTOMATIC,NULL,NULL,NULL,NULL,NULL,NULL,NULL,NULL,NULL
d5df2e45-078e-5b0f-b8d5-baa73c11ed97,2026-09-08T00:00:00,2026-09-08T00:00:00,0,c4a776b6-6ab4-5ac8-8ab5-77d8c0a05e5c,0,ALWAYS,NULL,AUTOMATIC,NULL,NULL,NULL,NULL,NULL,NULL,NULL,NULL,NULL
bcec595a-f722-54ab-a6f1-c1fddaea0e5c,2026-09-08T00:00:00,2026-09-08T00:00:00,0,f2e5c0ec-7f74-5bfa-8ae1-a6423c144cb7,0,ALWAYS,NULL,AUTOMATIC,NULL,NULL,NULL,NULL,NULL,NULL,NULL,NULL,NULL
a055c91c-c579-5c20-b7d2-eb15e8341452,2026-09-08T00:00:00,2026-09-08T00:00:00,0,7c8a3e6b-b1f0-5442-91f2-18955446ed0f,0,ALWAYS,NULL,SAVING_THROW,NULL,NULL,NULL,NULL,NULL,NULL,DEXTERITY,11,FIXED
ce78ca48-4fb0-56dc-b0ce-d654082f4e73,2026-09-08T00:00:00,2026-09-08T00:00:00,0,98855692-800d-500c-abfa-238864ef1968,0,ALWAYS,NULL,ATTACK_ROLL,MELEE,4,FIXED,5,NULL,NULL,NULL,NULL,NULL
392cee1a-aaf9-5083-81ac-75cdd8e19199,2026-09-08T00:00:00,2026-09-08T00:00:00,0,f9341e89-20ed-5110-ae20-fa2cf05bcd48,0,ALWAYS,NULL,AUTOMATIC,NULL,NULL,NULL,NULL,NULL,NULL,NULL,NULL,NULL
e3a5234a-5665-5279-8e96-fba0a94a7aab,2026-09-08T00:00:00,2026-09-08T00:00:00,0,f35c69fe-6724-5b06-8cd5-5d1d02da8df9,0,ALWAYS,NULL,AUTOMATIC,NULL,NULL,NULL,NULL,NULL,NULL,NULL,NULL,NULL
aaac73b4-0afc-5d0e-8382-c08379e0f826,2026-09-08T00:00:00,2026-09-08T00:00:00,0,ed4c7f2a-710d-5d41-a914-bb617a551e73,0,ALWAYS,NULL,ATTACK_ROLL,MELEE,5,FIXED,5,NULL,NULL,NULL,NULL,NULL
2f77c2e3-64ed-5dc4-bbf6-fe8f5cc979c8,2026-09-08T00:00:00,2026-09-08T00:00:00,0,c013ed1a-fc02-5547-bfe5-bd6072a9f98b,0,ALWAYS,NULL,ATTACK_ROLL,RANGED,5,FIXED,NULL,100,200,NULL,NULL,NULL
76301a6b-1a25-5c2b-9acb-758f389f3446,2026-09-08T00:00:00,2026-09-08T00:00:00,0,cdbb4f23-55a1-5f48-99a4-5e94c3e61288,0,ALWAYS,NULL,AUTOMATIC,NULL,NULL,NULL,NULL,NULL,NULL,NULL,NULL,NULL
2918fedd-7afe-54c1-8694-1ca5506c165e,2026-09-08T00:00:00,2026-09-08T00:00:00,0,fb7a34b2-7215-5872-966b-0d09650d0955,0,ALWAYS,NULL,AUTOMATIC,NULL,NULL,NULL,NULL,NULL,NULL,NULL,NULL,NULL
f00f3ef4-1ef1-51f5-9637-09424943b77b,2026-09-08T00:00:00,2026-09-08T00:00:00,0,d4468d5c-a08e-5126-82db-5107d501d343,0,ALWAYS,NULL,AUTOMATIC,NULL,NULL,NULL,NULL,NULL,NULL,NULL,NULL,NULL
7b52d080-2727-5004-99cc-71c5f0fef7c5,2026-09-08T00:00:00,2026-09-08T00:00:00,0,1a240910-e89f-5750-aaf3-4104863c8d86,0,ALWAYS,NULL,AUTOMATIC,NULL,NULL,NULL,NULL,NULL,NULL,NULL,NULL,NULL
c3cb8fae-1565-5d60-a4f4-a76d839c3659,2026-09-08T00:00:00,2026-09-08T00:00:00,0,fb9f2860-545a-5320-95ce-c45f92485c9b,0,ALWAYS,NULL,ATTACK_ROLL,MELEE,10,FIXED,5,NULL,NULL,NULL,NULL,NULL
92fe3322-2299-5590-a851-d870fb14644f,2026-09-08T00:00:00,2026-09-08T00:00:00,0,779014e4-380c-5724-9c3c-15bfa4b5ebf9,0,ALWAYS,NULL,SAVING_THROW,NULL,NULL,NULL,NULL,5,NULL,STRENGTH,17,FIXED
c0a0ce0b-20b5-538f-9e33-0c44515f725e,2026-09-08T00:00:00,2026-09-08T00:00:00,0,d1921b80-d71b-5863-837a-cd169d991430,0,ALWAYS,NULL,AUTOMATIC,NULL,NULL,NULL,NULL,NULL,NULL,NULL,NULL,NULL
889a8348-19f6-549d-bc0c-73925826c0e1,2026-09-08T00:00:00,2026-09-08T00:00:00,0,da309d44-0d99-55a5-a2ff-d80c60969e1c,0,ALWAYS,NULL,AUTOMATIC,NULL,NULL,NULL,NULL,NULL,NULL,NULL,NULL,NULL
591ec00f-5e85-5b3a-b18a-d5b25df65f16,2026-09-08T00:00:00,2026-09-08T00:00:00,0,ebea71a7-af7f-54c7-b019-02673c64ad95,0,ALWAYS,NULL,AUTOMATIC,NULL,NULL,NULL,NULL,NULL,NULL,NULL,NULL,NULL
af0f032b-5b27-5c7d-897b-5ed19e9f4c93,2026-09-08T00:00:00,2026-09-08T00:00:00,0,515ba04b-febb-5bcb-9f80-644a75766dc5,0,ALWAYS,NULL,ATTACK_ROLL,MELEE,6,FIXED,5,NULL,NULL,NULL,NULL,NULL
9417ead0-118f-5e1a-a49d-2a8995762017,2026-09-08T00:00:00,2026-09-08T00:00:00,0,1770ab54-191e-5003-b39b-f438b2aeda12,0,ALWAYS,NULL,ATTACK_ROLL,MELEE,6,FIXED,5,NULL,NULL,NULL,NULL,NULL
04a751ba-1e24-59b5-9417-0d7c46c3f2c4,2026-09-08T00:00:00,2026-09-08T00:00:00,0,cf6580ac-6582-5c57-8e1b-0a1e45905b1a,0,ALWAYS,NULL,ATTACK_ROLL,RANGED,5,FIXED,NULL,NULL,NULL,NULL,NULL,NULL
4d1b51fd-54f0-50cb-aefd-3454b2d674d2,2026-09-08T00:00:00,2026-09-08T00:00:00,0,c48d6f04-eb7e-5162-81e8-68215660b377,0,ALWAYS,NULL,SAVING_THROW,NULL,NULL,NULL,NULL,NULL,NULL,CONSTITUTION,13,FIXED
8a414bf6-e07b-5bb6-a9b0-edab73ce318f,2026-09-08T00:00:00,2026-09-08T00:00:00,0,7491c8cf-bd23-53af-aa03-395f9c1ce21b,0,ALWAYS,NULL,SAVING_THROW,NULL,NULL,NULL,NULL,NULL,NULL,DEXTERITY,10,FIXED
99f5713f-592a-592b-96ee-3b4c7dd40972,2026-09-08T00:00:00,2026-09-08T00:00:00,0,5ae3efe3-17f2-5edf-981e-b1780e8aba73,0,ALWAYS,NULL,ATTACK_ROLL,MELEE,4,FIXED,5,NULL,NULL,NULL,NULL,NULL
ecb702f0-c079-5330-beed-aa692b85dde5,2026-09-08T00:00:00,2026-09-08T00:00:00,0,42278908-7270-5da4-bcfa-393749bf9ae1,0,ALWAYS,NULL,SAVING_THROW,NULL,NULL,NULL,NULL,NULL,NULL,DEXTERITY,10,FIXED
f8008080-1257-5afa-8107-cc65bf821f72,2026-09-08T00:00:00,2026-09-08T00:00:00,0,08c9c2cd-942a-5058-a980-ff2fb59b1677,0,ALWAYS,NULL,AUTOMATIC,NULL,NULL,NULL,NULL,NULL,NULL,NULL,NULL,NULL
e8c9d767-a1de-5e8e-b4d1-c3b9d0183409,2026-09-08T00:00:00,2026-09-08T00:00:00,0,78e76cdd-b5bc-521b-ac7b-8242115cb519,0,ALWAYS,NULL,SAVING_THROW,NULL,NULL,NULL,NULL,NULL,NULL,CONSTITUTION,10,FIXED
b677e458-00dc-5e8d-9270-bf2289f9c4cf,2026-09-08T00:00:00,2026-09-08T00:00:00,0,ce388dba-74e9-5f35-9639-462ccdb631cd,0,ALWAYS,NULL,ATTACK_ROLL,MELEE,3,FIXED,5,NULL,NULL,NULL,NULL,NULL
2802c242-15a2-52f6-82e3-67cf62814c47,2026-09-08T00:00:00,2026-09-08T00:00:00,0,63e2c00e-6c70-5610-8f64-fbf3cda2cfec,0,ALWAYS,NULL,AUTOMATIC,NULL,NULL,NULL,NULL,NULL,NULL,NULL,NULL,NULL
748fea58-1825-5372-b00e-305de8b68139,2026-09-08T00:00:00,2026-09-08T00:00:00,0,b937311b-db90-5e78-8d2d-fa622efa0e40,0,ALWAYS,NULL,SAVING_THROW,NULL,NULL,NULL,NULL,NULL,NULL,CONSTITUTION,10,FIXED
bd62f700-b15a-596d-9d6f-8216271a51d7,2026-09-08T00:00:00,2026-09-08T00:00:00,0,a58118e6-edb5-5c51-bfb8-d97218dc88b5,0,ALWAYS,NULL,SAVING_THROW,NULL,NULL,NULL,NULL,NULL,NULL,DEXTERITY,11,FIXED
895a43eb-0ec2-5c27-a01c-c27e01c490b0,2026-09-08T00:00:00,2026-09-08T00:00:00,0,da49f00d-13f7-5735-8275-416958264af9,0,ALWAYS,NULL,ATTACK_ROLL,MELEE,3,FIXED,5,NULL,NULL,NULL,NULL,NULL
92df5a3e-19d9-52ca-9717-5906aadf2541,2026-09-08T00:00:00,2026-09-08T00:00:00,0,515c5138-4791-5c30-8fb1-974fa894b48b,0,ALWAYS,NULL,SAVING_THROW,NULL,NULL,NULL,NULL,NULL,NULL,DEXTERITY,11,FIXED
a3ce7aaf-4c88-57a3-a4a0-52fd384ce9ae,2026-09-08T00:00:00,2026-09-08T00:00:00,0,6634e46e-50bf-5ad7-abf4-4ef50dbc2a2b,0,ALWAYS,NULL,AUTOMATIC,NULL,NULL,NULL,NULL,NULL,NULL,NULL,NULL,NULL
2cfdbdb4-d5b2-5c29-9083-147e1585d28c,2026-09-08T00:00:00,2026-09-08T00:00:00,0,5406fb9d-1780-5687-a7f0-48cf2e5721bc,0,ALWAYS,NULL,SAVING_THROW,NULL,NULL,NULL,NULL,NULL,NULL,DEXTERITY,10,FIXED
98bfe7d8-0a6e-54b7-98c0-2930d2f24490,2026-09-08T00:00:00,2026-09-08T00:00:00,0,272e0c7c-b96b-5595-9857-82df68d92b84,0,ALWAYS,NULL,ATTACK_ROLL,MELEE,2,FIXED,5,NULL,NULL,NULL,NULL,NULL
9cba3f54-d5d4-5b9b-bcae-d91383ecc445,2026-09-08T00:00:00,2026-09-08T00:00:00,0,ed04bf83-876c-5e5c-9f2f-ea8328e84e6a,0,ALWAYS,NULL,SAVING_THROW,NULL,NULL,NULL,NULL,NULL,NULL,CONSTITUTION,10,FIXED
7896b0b3-e503-5357-8e15-a5eebdae17f2,2026-09-08T00:00:00,2026-09-08T00:00:00,0,4f60bf25-c040-5740-9cb7-2ab182d7dc4f,0,ALWAYS,NULL,AUTOMATIC,NULL,NULL,NULL,NULL,NULL,NULL,NULL,NULL,NULL
9a79b60b-4fbe-5e70-be4a-1fffc9fd5fa9,2026-09-08T00:00:00,2026-09-08T00:00:00,0,251110ba-0dda-5275-b0ad-3692442256e0,0,ALWAYS,NULL,ATTACK_ROLL,MELEE_OR_RANGED,2,FIXED,5,NULL,NULL,NULL,NULL,NULL
2a304063-8925-5d62-9826-194b76c1a936,2026-09-08T00:00:00,2026-09-08T00:00:00,0,5d7e5321-01b8-588c-93bb-008908b69e69,0,ALWAYS,NULL,AUTOMATIC,NULL,NULL,NULL,NULL,NULL,NULL,NULL,NULL,NULL
7a36a439-300e-5716-a84c-b51320770483,2026-09-08T00:00:00,2026-09-08T00:00:00,0,5c98af5f-7895-55a0-9dac-8cd746408f36,0,ALWAYS,NULL,AUTOMATIC,NULL,NULL,NULL,NULL,NULL,NULL,NULL,NULL,NULL
d382ab41-3199-5edb-9b4b-97c74ff3cfb2,2026-09-08T00:00:00,2026-09-08T00:00:00,0,d3a75159-dfa6-5a39-a6fe-93bbb5762558,0,ALWAYS,NULL,ATTACK_ROLL,MELEE,6,FIXED,5,NULL,NULL,NULL,NULL,NULL
71539e60-4bf4-57f5-920d-daa2a71f3a04,2026-09-08T00:00:00,2026-09-08T00:00:00,0,dc96665f-fb24-5c5b-a870-2634833d7b14,0,ALWAYS,NULL,ATTACK_ROLL,MELEE,6,FIXED,5,NULL,NULL,NULL,NULL,NULL
477cf092-9aa9-5219-be2b-543ffb863516,2026-09-08T00:00:00,2026-09-08T00:00:00,0,a0073837-61b7-583d-b97b-072d513aa89e,0,ALWAYS,NULL,ATTACK_ROLL,MELEE_OR_RANGED,6,FIXED,5,NULL,NULL,NULL,NULL,NULL
25c04410-a040-5c55-b30f-6cfa0b260b09,2026-09-08T00:00:00,2026-09-08T00:00:00,0,d9432345-8b26-5d2c-93d4-e5df12410ab5,0,ALWAYS,NULL,AUTOMATIC,NULL,NULL,NULL,NULL,NULL,NULL,NULL,NULL,NULL
aa14f94a-960a-54bd-b210-ed9f4805efae,2026-09-08T00:00:00,2026-09-08T00:00:00,0,b9e4c2c3-3c2c-5e5f-a975-1de01ae3ed2b,0,ALWAYS,NULL,ATTACK_ROLL,MELEE,5,FIXED,5,NULL,NULL,NULL,NULL,NULL
a1456126-563f-5c0f-8801-61aa799a34b0,2026-09-08T00:00:00,2026-09-08T00:00:00,0,ce952e76-1efa-55f5-9cf2-677f5eb5fbc0,0,ALWAYS,NULL,ATTACK_ROLL,MELEE,5,FIXED,5,NULL,NULL,NULL,NULL,NULL
86d6351a-cfeb-5209-8a9b-12a790543c1e,2026-09-08T00:00:00,2026-09-08T00:00:00,0,fa17cbe5-b0d2-5bfe-873f-78bbc603a913,0,ALWAYS,NULL,AUTOMATIC,NULL,NULL,NULL,NULL,NULL,NULL,NULL,NULL,NULL
a50153ad-1702-5a29-ade5-904997cafe0d,2026-09-08T00:00:00,2026-09-08T00:00:00,0,adee97a1-52fc-5700-842c-6d0ea0862621,0,ALWAYS,NULL,ATTACK_ROLL,MELEE,6,FIXED,10,NULL,NULL,NULL,NULL,NULL
301e155b-be82-59d0-9fd9-da06a547a430,2026-09-08T00:00:00,2026-09-08T00:00:00,0,f64d2300-b924-57a4-9d09-4a6f56649a34,0,ALWAYS,NULL,ATTACK_ROLL,MELEE,6,FIXED,5,NULL,NULL,NULL,NULL,NULL
9106129b-4fb5-534d-950b-1d4bded7238f,2026-09-08T00:00:00,2026-09-08T00:00:00,0,cf458590-7338-518e-bfa7-2466d2dc326d,0,ALWAYS,NULL,AUTOMATIC,NULL,NULL,NULL,NULL,NULL,NULL,NULL,NULL,NULL
02e12fd5-6b10-5575-a958-a119158ce0ac,2026-09-08T00:00:00,2026-09-08T00:00:00,0,ce059d48-e930-5802-ac2e-451e2d0e19cb,0,ALWAYS,NULL,ATTACK_ROLL,MELEE,5,FIXED,5,NULL,NULL,NULL,NULL,NULL
0ee2d661-7b24-57d1-b192-61df962c2544,2026-09-08T00:00:00,2026-09-08T00:00:00,0,1a224cf5-a82c-5140-8b0e-522424a7fe5c,0,ALWAYS,NULL,SAVING_THROW,NULL,NULL,NULL,NULL,60,NULL,WISDOM,11,FIXED
0de532e0-fbaa-5f7a-a4fd-24c291a41a43,2026-09-08T00:00:00,2026-09-08T00:00:00,0,92f158e2-3f0c-5e0a-80ee-11b337acef30,0,ALWAYS,NULL,AUTOMATIC,NULL,NULL,NULL,NULL,NULL,NULL,NULL,NULL,NULL
aa482ec4-5e15-5167-ae4e-9448c020b57e,2026-09-08T00:00:00,2026-09-08T00:00:00,0,39bd78f6-51aa-5ceb-9e54-601c3b25b3b1,0,ALWAYS,NULL,AUTOMATIC,NULL,NULL,NULL,NULL,NULL,NULL,NULL,NULL,NULL
95520470-e141-5ae0-a2c3-827a159b59d3,2026-09-08T00:00:00,2026-09-08T00:00:00,0,7360d082-1af1-59aa-8234-ebd3123c7109,0,ALWAYS,NULL,AUTOMATIC,NULL,NULL,NULL,NULL,NULL,NULL,NULL,NULL,NULL
708aaf65-b95e-541d-ba9d-5824b24bf1cc,2026-09-08T00:00:00,2026-09-08T00:00:00,0,fa99d48e-4cba-5f37-8491-4225f43a8541,0,ALWAYS,NULL,AUTOMATIC,NULL,NULL,NULL,NULL,NULL,NULL,NULL,NULL,NULL
545f83d8-102b-5c49-9689-d99a8c990013,2026-09-08T00:00:00,2026-09-08T00:00:00,0,69ce50ea-e44e-5a48-af82-aba0e83b0631,0,ALWAYS,NULL,ATTACK_ROLL,MELEE,9,FIXED,5,NULL,NULL,NULL,NULL,NULL
901493ca-ea82-50b8-ad1c-02d6ee66fa49,2026-09-08T00:00:00,2026-09-08T00:00:00,0,7c4b3e07-6cbb-5e34-b1c4-1b2acb8a0927,0,ALWAYS,NULL,ATTACK_ROLL,RANGED,9,FIXED,NULL,NULL,NULL,NULL,NULL,NULL
fb2da3bf-224b-5c12-b964-8ecf90a08a36,2026-09-08T00:00:00,2026-09-08T00:00:00,0,42c76579-db66-570e-8d94-d0da073594fe,0,ALWAYS,NULL,SAVING_THROW,NULL,NULL,NULL,NULL,60,NULL,WISDOM,17,FIXED
01a72499-1543-55c3-94dd-434de8a787ae,2026-09-08T00:00:00,2026-09-08T00:00:00,0,800d55b3-c93c-5354-9453-2267c38d1591,0,ALWAYS,NULL,AUTOMATIC,NULL,NULL,NULL,NULL,NULL,NULL,NULL,NULL,NULL
f9e358c4-80a4-54b5-a1b4-3b20e154bfc4,2026-09-08T00:00:00,2026-09-08T00:00:00,0,88fdc37f-964b-5807-a158-4d86dea34765,0,ALWAYS,NULL,AUTOMATIC,NULL,NULL,NULL,NULL,NULL,NULL,NULL,NULL,NULL
89f2cfa6-5480-5cff-8dfc-123a24598cec,2026-09-08T00:00:00,2026-09-08T00:00:00,0,1a37e90c-d058-5e98-b051-3b89ba457ec6,0,ALWAYS,NULL,AUTOMATIC,NULL,NULL,NULL,NULL,NULL,NULL,NULL,NULL,NULL
8e9318a8-8ed9-5594-be99-2036a1dc888f,2026-09-08T00:00:00,2026-09-08T00:00:00,0,95584833-edde-5df1-bea6-02406974a67c,0,ALWAYS,NULL,AUTOMATIC,NULL,NULL,NULL,NULL,NULL,NULL,NULL,NULL,NULL
87dc8506-7450-510d-b7d0-5425a6d265e0,2026-09-08T00:00:00,2026-09-08T00:00:00,0,6db4633e-c4d8-57d4-aec4-3edf5a78712d,0,ALWAYS,NULL,AUTOMATIC,NULL,NULL,NULL,NULL,NULL,NULL,NULL,NULL,NULL
9703bebe-0bf0-5e43-95f8-2681f99da413,2026-09-08T00:00:00,2026-09-08T00:00:00,0,0984c78f-615c-5376-87d6-235af971b812,0,ALWAYS,NULL,AUTOMATIC,NULL,NULL,NULL,NULL,NULL,NULL,NULL,NULL,NULL
bad6a269-5768-5d52-9917-abcb63c9d66f,2026-09-08T00:00:00,2026-09-08T00:00:00,0,d938135b-561e-5b47-980e-1fccd2afc5a2,0,ALWAYS,NULL,AUTOMATIC,NULL,NULL,NULL,NULL,NULL,NULL,NULL,NULL,NULL
b09ed4e1-51e7-5a36-a0a6-c2bf2034f101,2026-09-08T00:00:00,2026-09-08T00:00:00,0,d1e75f6e-5c0d-523f-a215-6642c7124be3,0,ALWAYS,NULL,AUTOMATIC,NULL,NULL,NULL,NULL,NULL,NULL,NULL,NULL,NULL
e56ce4b8-3b9d-5492-a6ff-2f94186dd066,2026-09-08T00:00:00,2026-09-08T00:00:00,0,f7d4849b-d2b7-5740-85cc-c798eec0170b,0,ALWAYS,NULL,ATTACK_ROLL,MELEE,10,FIXED,10,NULL,NULL,NULL,NULL,NULL
965f593d-f3ba-53bd-8e9c-83e4bca044ad,2026-09-08T00:00:00,2026-09-08T00:00:00,0,7bbf1b12-c756-5fbf-a816-fe50fe37a76b,0,ALWAYS,NULL,AUTOMATIC,NULL,NULL,NULL,NULL,NULL,NULL,NULL,NULL,NULL
215a5f09-8e27-5230-a502-f5aff8f17cbb,2026-09-08T00:00:00,2026-09-08T00:00:00,0,31442cf3-7aaa-5b9e-907e-217ef10689bb,0,ALWAYS,NULL,SAVING_THROW,NULL,NULL,NULL,NULL,NULL,NULL,WISDOM,15,FIXED
b2afe83e-35e2-5361-9059-5867fbb0c119,2026-09-08T00:00:00,2026-09-08T00:00:00,0,2978fd10-c7f6-5018-b434-e59496d7121b,0,ALWAYS,NULL,AUTOMATIC,NULL,NULL,NULL,NULL,NULL,NULL,NULL,NULL,NULL
e5b53845-4aa5-5e52-b6ee-9ed29a015d78,2026-09-08T00:00:00,2026-09-08T00:00:00,0,b012d605-a84f-5fdf-b175-d86d39155862,0,ALWAYS,NULL,AUTOMATIC,NULL,NULL,NULL,NULL,NULL,NULL,NULL,NULL,NULL
401eee67-931a-58d0-ab5a-94e47ed01a59,2026-09-08T00:00:00,2026-09-08T00:00:00,0,1a2457ad-4727-50ea-9120-ef8205cb9e7d,0,ALWAYS,NULL,AUTOMATIC,NULL,NULL,NULL,NULL,NULL,NULL,NULL,NULL,NULL
80ecafc5-08e9-5ee6-9a00-23acbd004ac1,2026-09-08T00:00:00,2026-09-08T00:00:00,0,6c4f7a13-24a8-55e5-ad72-c31963b0f15c,0,ALWAYS,NULL,AUTOMATIC,NULL,NULL,NULL,NULL,NULL,NULL,NULL,NULL,NULL
bf604cbd-1361-5152-aa40-6960c938963f,2026-09-08T00:00:00,2026-09-08T00:00:00,0,ade59d40-d2e1-515b-9c9c-ebab1b5cc4b0,0,ALWAYS,NULL,AUTOMATIC,NULL,NULL,NULL,NULL,NULL,NULL,NULL,NULL,NULL
98811b6c-737b-5829-899a-cef06f8cf3e1,2026-09-08T00:00:00,2026-09-08T00:00:00,0,84eb2192-5667-5d9a-9834-4c02a60d65bf,0,ALWAYS,NULL,ATTACK_ROLL,MELEE,7,FIXED,5,NULL,NULL,NULL,NULL,NULL
4dab0cb9-4530-5545-86a5-89b4aad2ef33,2026-09-08T00:00:00,2026-09-08T00:00:00,0,2e852a89-516e-5cf0-a3f5-acfe366b1af1,0,ALWAYS,NULL,AUTOMATIC,NULL,NULL,NULL,NULL,NULL,NULL,NULL,NULL,NULL
7fa9075d-5236-5d94-b18c-74664e4ced84,2026-09-08T00:00:00,2026-09-08T00:00:00,0,c0a34795-fe85-5549-925d-37d4703bb369,0,ALWAYS,NULL,AUTOMATIC,NULL,NULL,NULL,NULL,NULL,NULL,NULL,NULL,NULL
df02b196-8925-53aa-b569-0ac6f8e1c826,2026-09-08T00:00:00,2026-09-08T00:00:00,0,84954068-6448-564d-9f87-c5d6893a9ce6,0,ALWAYS,NULL,AUTOMATIC,NULL,NULL,NULL,NULL,NULL,NULL,NULL,NULL,NULL
f4b1c83f-365c-5a20-b24b-54bd178b0025,2026-09-08T00:00:00,2026-09-08T00:00:00,0,6ab29bb5-de46-5e02-a92b-9ef832306375,0,ALWAYS,NULL,AUTOMATIC,NULL,NULL,NULL,NULL,NULL,NULL,NULL,NULL,NULL
2eab48e3-1436-58ce-a6d0-050dce979043,2026-09-08T00:00:00,2026-09-08T00:00:00,0,65500e20-ffdb-588b-bcc7-0260fad3efab,0,ALWAYS,NULL,ATTACK_ROLL,MELEE,6,FIXED,5,NULL,NULL,NULL,NULL,NULL
6842ab2d-f736-53d7-ba37-b6df115f316d,2026-09-08T00:00:00,2026-09-08T00:00:00,0,bb0861e8-11d8-5bc5-9c0e-8b49bbc6fdb3,0,ALWAYS,NULL,AUTOMATIC,NULL,NULL,NULL,NULL,NULL,NULL,NULL,NULL,NULL
32e6ba50-b327-578f-9695-ffc59d173160,2026-09-08T00:00:00,2026-09-08T00:00:00,0,5391dd2f-0add-58be-b595-6f9802157d17,0,ALWAYS,NULL,ATTACK_ROLL,MELEE,3,FIXED,5,NULL,NULL,NULL,NULL,NULL
af6ee986-6ef7-537e-9e07-44f9d0de5484,2026-09-08T00:00:00,2026-09-08T00:00:00,0,ee5f4fa4-2893-5063-8cfb-081e2280dda9,0,ALWAYS,NULL,AUTOMATIC,NULL,NULL,NULL,NULL,NULL,NULL,NULL,NULL,NULL
ed71093e-47be-57b2-a512-f3d644a0ce69,2026-09-08T00:00:00,2026-09-08T00:00:00,0,c1e7d948-7393-508d-bb93-fe0b052c323e,0,ALWAYS,NULL,AUTOMATIC,NULL,NULL,NULL,NULL,NULL,NULL,NULL,NULL,NULL
26e14cf0-6b0d-5ce1-a11d-f0770c86be52,2026-09-08T00:00:00,2026-09-08T00:00:00,0,91f06265-4214-5326-8f35-133fa622f27b,0,ALWAYS,NULL,AUTOMATIC,NULL,NULL,NULL,NULL,NULL,NULL,NULL,NULL,NULL
f47221a1-e059-5bdc-80e7-954ee43ffaef,2026-09-08T00:00:00,2026-09-08T00:00:00,0,ee5237ad-a1f8-5e86-8add-89fa98746adb,0,ALWAYS,NULL,ATTACK_ROLL,MELEE,4,FIXED,5,NULL,NULL,NULL,NULL,NULL
19fc451d-3359-5d63-9b94-7ceb7ad2784f,2026-09-08T00:00:00,2026-09-08T00:00:00,0,e7389324-0687-5c35-acbd-f0860dd4e379,0,ALWAYS,NULL,AUTOMATIC,NULL,NULL,NULL,NULL,NULL,NULL,NULL,NULL,NULL
987e44cc-991d-5abf-9791-32687e53a0f4,2026-09-08T00:00:00,2026-09-08T00:00:00,0,b3cd4722-604d-58d2-ae46-e5915189900d,0,ALWAYS,NULL,ATTACK_ROLL,MELEE,6,FIXED,5,NULL,NULL,NULL,NULL,NULL
2e75c376-3900-5db2-b54b-3d5c7b9dccf6,2026-09-08T00:00:00,2026-09-08T00:00:00,0,12cfc518-49a8-58b4-8d8b-fb5932987a61,0,ALWAYS,NULL,ATTACK_ROLL,MELEE_OR_RANGED,6,FIXED,5,NULL,NULL,NULL,NULL,NULL
094db756-ac81-57ae-bc8c-587ba177ea45,2026-09-08T00:00:00,2026-09-08T00:00:00,0,58cba208-f85b-5a56-9f61-9e06c0c043d3,0,ALWAYS,NULL,AUTOMATIC,NULL,NULL,NULL,NULL,NULL,NULL,NULL,NULL,NULL
e1dffbe0-e6d3-5a67-95b0-1694b657dc57,2026-09-08T00:00:00,2026-09-08T00:00:00,0,e4b2ee5c-e3cb-5ae6-8ca9-316a0ba30290,0,ALWAYS,NULL,AUTOMATIC,NULL,NULL,NULL,NULL,NULL,NULL,NULL,NULL,NULL
5bf5b4f2-abe2-539e-9a63-97a29c6e7ca9,2026-09-08T00:00:00,2026-09-08T00:00:00,0,195fd02d-dc88-5b94-8d11-2ff5ea14029d,0,ALWAYS,NULL,ATTACK_ROLL,MELEE,7,FIXED,10,NULL,NULL,NULL,NULL,NULL
496a1bef-3f7a-58dc-8436-fee3cf4c2e11,2026-09-08T00:00:00,2026-09-08T00:00:00,0,1b6437c9-7dfe-52c7-85d1-e78235db05ac,0,ALWAYS,NULL,ATTACK_ROLL,RANGED,5,FIXED,NULL,NULL,NULL,NULL,NULL,NULL
521cdff2-74f6-5632-9b54-6955eaf56297,2026-09-08T00:00:00,2026-09-08T00:00:00,0,d95ce4fa-42d3-558b-be5f-fbfc9b427489,0,ALWAYS,NULL,AUTOMATIC,NULL,NULL,NULL,NULL,NULL,NULL,NULL,NULL,NULL
0f2487e8-468a-55aa-a720-2c1556fda62d,2026-09-08T00:00:00,2026-09-08T00:00:00,0,fd03bd00-57df-55a5-ad39-55ed4a59ae6a,0,ALWAYS,NULL,AUTOMATIC,NULL,NULL,NULL,NULL,NULL,NULL,NULL,NULL,NULL
0414b535-f718-57fa-beaf-d9f1e2a28585,2026-09-08T00:00:00,2026-09-08T00:00:00,0,67672ec9-4150-5d43-ae95-b6855f31ae58,0,ALWAYS,NULL,AUTOMATIC,NULL,NULL,NULL,NULL,NULL,NULL,NULL,NULL,NULL
800139a2-bcad-58e9-80ac-6489aca294fc,2026-09-08T00:00:00,2026-09-08T00:00:00,0,d5474b55-2240-5966-b2db-77c7a4b8f978,0,ALWAYS,NULL,AUTOMATIC,NULL,NULL,NULL,NULL,NULL,NULL,NULL,NULL,NULL
800d80a5-c6ad-52ca-b1fe-1df1775be02f,2026-09-08T00:00:00,2026-09-08T00:00:00,0,f438595f-a236-5698-b2a6-fb7f2e107b51,0,ALWAYS,NULL,ATTACK_ROLL,MELEE,6,FIXED,5,NULL,NULL,NULL,NULL,NULL
16d9066e-5916-52f4-a27e-a8b855baddcd,2026-09-08T00:00:00,2026-09-08T00:00:00,0,f438595f-a236-5698-b2a6-fb7f2e107b51,1,ON_PREVIOUS_HIT,NULL,SAVING_THROW,NULL,NULL,NULL,NULL,NULL,NULL,CONSTITUTION,15,FIXED
334b8df3-fc23-5d7e-b945-f35062edad2b,2026-09-08T00:00:00,2026-09-08T00:00:00,0,2b70b518-e7eb-5e16-8156-d2b482b7ab49,0,ALWAYS,NULL,ATTACK_ROLL,MELEE,6,FIXED,10,NULL,NULL,NULL,NULL,NULL
443c86b7-0356-5711-853f-56ce21dc119c,2026-09-08T00:00:00,2026-09-08T00:00:00,0,09ab452e-e6c2-593b-952e-db4e12b27a1b,0,ALWAYS,NULL,SAVING_THROW,NULL,NULL,NULL,NULL,NULL,NULL,CONSTITUTION,14,FIXED
5e37aae1-e478-53e5-b05f-00f4402c83f6,2026-09-08T00:00:00,2026-09-08T00:00:00,0,411497b4-54f9-59d3-b3bd-686e8fec9217,0,ALWAYS,NULL,AUTOMATIC,NULL,NULL,NULL,NULL,NULL,NULL,NULL,NULL,NULL
47e56bb9-f814-58d2-bce7-9d9835d16f0d,2026-09-08T00:00:00,2026-09-08T00:00:00,0,8ba7a478-a5d3-5c21-88fb-90748968c094,0,ALWAYS,NULL,ATTACK_ROLL,MELEE,7,FIXED,5,NULL,NULL,NULL,NULL,NULL
ae42769c-0a20-5789-ad53-76c4a631ab23,2026-09-08T00:00:00,2026-09-08T00:00:00,0,71f2613f-18ec-503e-b372-b2e0783ab934,0,ALWAYS,NULL,ATTACK_ROLL,MELEE,6,FIXED,5,NULL,NULL,NULL,NULL,NULL
e8ccb728-df65-52aa-a61f-bda92637d0e3,2026-09-08T00:00:00,2026-09-08T00:00:00,0,480e6679-3999-52e9-93ad-012e1efab797,0,ALWAYS,NULL,AUTOMATIC,NULL,NULL,NULL,NULL,NULL,NULL,NULL,NULL,NULL
506b509b-3591-52a8-80d0-14198d8df975,2026-09-08T00:00:00,2026-09-08T00:00:00,0,75c7d85d-3127-5647-8ded-5ada77d3b392,0,ALWAYS,NULL,AUTOMATIC,NULL,NULL,NULL,NULL,NULL,NULL,NULL,NULL,NULL
cde55009-f9ac-5ba1-8048-864bb6721428,2026-09-08T00:00:00,2026-09-08T00:00:00,0,7e408ecd-0315-5cdf-8206-7dfacffa7371,0,ALWAYS,NULL,AUTOMATIC,NULL,NULL,NULL,NULL,NULL,NULL,NULL,NULL,NULL
39b21591-ba05-5b12-9db5-712aca842923,2026-09-08T00:00:00,2026-09-08T00:00:00,0,543b8f4d-7531-52c7-8a00-f34d1d3fc2c7,0,ALWAYS,NULL,AUTOMATIC,NULL,NULL,NULL,NULL,NULL,NULL,NULL,NULL,NULL
960027a8-9b2c-5a2f-913b-f70bf2bf7cd5,2026-09-08T00:00:00,2026-09-08T00:00:00,0,70d141ae-2f95-526d-bccd-9af3fa7dc017,0,ALWAYS,NULL,ATTACK_ROLL,MELEE,5,FIXED,5,NULL,NULL,NULL,NULL,NULL
f3d29472-2946-50c6-81c9-3ceb0feac0f7,2026-09-08T00:00:00,2026-09-08T00:00:00,0,aa050834-815e-5701-8e20-b7d39da872ac,0,ALWAYS,NULL,AUTOMATIC,NULL,NULL,NULL,NULL,NULL,NULL,NULL,NULL,NULL
0ff314e5-e042-5ef9-ab2e-aec066bb254f,2026-09-08T00:00:00,2026-09-08T00:00:00,0,cfb4c391-9c8f-55b5-b014-c6f488b69e4d,0,ALWAYS,NULL,AUTOMATIC,NULL,NULL,NULL,NULL,NULL,NULL,NULL,NULL,NULL
d8714e26-a87c-51b5-a3cf-55e29b68b635,2026-09-08T00:00:00,2026-09-08T00:00:00,0,3c6a2dfa-b26e-5350-bd52-33e4cfbdecc1,0,ALWAYS,NULL,ATTACK_ROLL,MELEE_OR_RANGED,5,FIXED,5,NULL,NULL,NULL,NULL,NULL
1992a7d0-385c-5bb1-9d36-0455ff2e2ac8,2026-09-08T00:00:00,2026-09-08T00:00:00,0,78d09c08-0ce1-5c90-a55e-d23312932383,0,ALWAYS,NULL,SAVING_THROW,NULL,NULL,NULL,NULL,30,NULL,WISDOM,12,FIXED
50349b3d-2719-5c50-b52b-8e1eeb298677,2026-09-08T00:00:00,2026-09-08T00:00:00,0,c4e67921-c17a-5ad7-b56d-4d6756eb2db5,0,ALWAYS,NULL,AUTOMATIC,NULL,NULL,NULL,NULL,NULL,NULL,NULL,NULL,NULL
abf432db-8b91-51ac-b82b-01cf1f2db84c,2026-09-08T00:00:00,2026-09-08T00:00:00,0,a618fd2e-37ed-5304-938b-f24b7d55d704,0,ALWAYS,NULL,ATTACK_ROLL,MELEE,7,FIXED,5,NULL,NULL,NULL,NULL,NULL
41861594-164e-5036-b20b-0b090bbdbda7,2026-09-08T00:00:00,2026-09-08T00:00:00,0,5a7d2fe3-510f-564e-9284-4c7992e1af95,0,ALWAYS,NULL,ATTACK_ROLL,RANGED,7,FIXED,NULL,30,90,NULL,NULL,NULL
e5f8e3f3-73b2-5813-b2ea-109d2af6112e,2026-09-08T00:00:00,2026-09-08T00:00:00,0,4929f329-3a73-5fc9-97f8-2f6ab1049c5e,0,ALWAYS,NULL,SAVING_THROW,NULL,NULL,NULL,NULL,30,NULL,WISDOM,14,FIXED
2a1480fc-ea64-52f8-8155-c775c3d0eb49,2026-09-08T00:00:00,2026-09-08T00:00:00,0,e5927404-9b92-51b4-a9af-04da0be83313,0,ALWAYS,NULL,AUTOMATIC,NULL,NULL,NULL,NULL,NULL,NULL,NULL,NULL,NULL
6c1b22ff-f5dc-5a9e-91a4-f7949dcd4eff,2026-09-08T00:00:00,2026-09-08T00:00:00,0,f48c2198-6ba2-53f1-a0a4-385f731bb30d,0,ALWAYS,NULL,AUTOMATIC,NULL,NULL,NULL,NULL,NULL,NULL,NULL,NULL,NULL
82532044-f6f0-533e-b525-c562206d5488,2026-09-08T00:00:00,2026-09-08T00:00:00,0,5d86c906-4da1-5e52-86e3-3d7eee004de8,0,ALWAYS,NULL,SAVING_THROW,NULL,NULL,NULL,NULL,NULL,NULL,WISDOM,21,FIXED
bb6186e5-3fea-5243-bd5f-711703bf431b,2026-09-08T00:00:00,2026-09-08T00:00:00,0,225dca88-a704-5158-9374-9c5a92996d4c,0,ALWAYS,NULL,AUTOMATIC,NULL,NULL,NULL,NULL,NULL,NULL,NULL,NULL,NULL
e1785c77-191e-59d1-bc77-9a6bbb2d4baf,2026-09-08T00:00:00,2026-09-08T00:00:00,0,b598218b-680d-5ed4-a063-45a1334d7fbe,0,ALWAYS,NULL,AUTOMATIC,NULL,NULL,NULL,NULL,NULL,NULL,NULL,NULL,NULL
153c3805-2118-57e1-b0c0-8da6d28f96ba,2026-09-08T00:00:00,2026-09-08T00:00:00,0,cbc74d1f-ab08-5b62-8886-53d5b551d6b1,0,ALWAYS,NULL,AUTOMATIC,NULL,NULL,NULL,NULL,NULL,NULL,NULL,NULL,NULL
f0141bed-8910-5def-8166-878d978fc1c6,2026-09-08T00:00:00,2026-09-08T00:00:00,0,0241f7c9-9da4-5648-bd59-d0d41d1c1c7e,0,ALWAYS,NULL,ATTACK_ROLL,MELEE,14,FIXED,10,NULL,NULL,NULL,NULL,NULL
0558e9c4-8b03-58bd-8e1e-5ed10053c701,2026-09-08T00:00:00,2026-09-08T00:00:00,0,0241f7c9-9da4-5648-bd59-d0d41d1c1c7e,1,ON_PREVIOUS_HIT,If the target is a creature,SAVING_THROW,NULL,NULL,NULL,NULL,NULL,NULL,CONSTITUTION,21,FIXED
3641a53f-9bfa-5ac9-a65d-c15f4b4bd36f,2026-09-08T00:00:00,2026-09-08T00:00:00,0,77f5da4b-04c5-5f3a-820e-3081303ae99f,0,ALWAYS,NULL,ATTACK_ROLL,MELEE,14,FIXED,10,NULL,NULL,NULL,NULL,NULL
77c548ff-b1b1-5a39-ba39-bc2f8399cff6,2026-09-08T00:00:00,2026-09-08T00:00:00,0,2473b77e-568d-59ef-a6d9-74cf7350260d,0,ALWAYS,NULL,ATTACK_ROLL,MELEE,14,FIXED,10,NULL,NULL,NULL,NULL,NULL
ad162d88-9795-54b5-9a3d-5b41e868fd99,2026-09-08T00:00:00,2026-09-08T00:00:00,0,28d4d215-0ade-5c03-9920-71c3528b4591,0,ALWAYS,NULL,AUTOMATIC,NULL,NULL,NULL,NULL,NULL,NULL,NULL,NULL,NULL
b7167cae-65ef-50fb-b498-32f31c04627d,2026-09-08T00:00:00,2026-09-08T00:00:00,0,56593b9e-534f-578c-9fe3-373b3a477c83,0,ALWAYS,NULL,AUTOMATIC,NULL,NULL,NULL,NULL,NULL,NULL,NULL,NULL,NULL
2510218b-d212-5b77-9ba9-48451de7ec1b,2026-09-08T00:00:00,2026-09-08T00:00:00,0,d17dbdd2-7d6c-5330-8c36-96729507fade,0,ALWAYS,NULL,AUTOMATIC,NULL,NULL,NULL,NULL,NULL,NULL,NULL,NULL,NULL
8cd66a43-a3c2-5032-8c8c-85cce531232d,2026-09-08T00:00:00,2026-09-08T00:00:00,0,044fbc9b-8054-5ca4-b5ca-0c4b14e722f0,0,ALWAYS,NULL,AUTOMATIC,NULL,NULL,NULL,NULL,NULL,NULL,NULL,NULL,NULL
9f66a2d3-798b-5829-b21d-d6615be239e1,2026-09-08T00:00:00,2026-09-08T00:00:00,0,9504f047-7d14-5328-91a9-ef1839c9c5b1,0,ALWAYS,NULL,AUTOMATIC,NULL,NULL,NULL,NULL,NULL,NULL,NULL,NULL,NULL
1e4b02da-28d6-5e97-948b-d233cfc82876,2026-09-08T00:00:00,2026-09-08T00:00:00,0,fd1fec71-6200-5430-9bd5-7470b67b7dc4,0,ALWAYS,NULL,ATTACK_ROLL,MELEE,12,FIXED,10,NULL,NULL,NULL,NULL,NULL
0d16280e-23ae-5686-8918-7570742c537f,2026-09-08T00:00:00,2026-09-08T00:00:00,0,dbf599d8-caae-57f0-99d5-54395257d4b2,0,ALWAYS,NULL,SAVING_THROW,NULL,NULL,NULL,NULL,120,NULL,DEXTERITY,20,FIXED
7ff830f9-55db-5ec8-b978-6968bbfe9fc9,2026-09-08T00:00:00,2026-09-08T00:00:00,0,46546afe-6e95-552e-a213-2d86ec220b31,0,ALWAYS,NULL,AUTOMATIC,NULL,NULL,NULL,NULL,NULL,NULL,NULL,NULL,NULL
57a87328-90ef-5cd4-af56-81155201fd64,2026-09-08T00:00:00,2026-09-08T00:00:00,0,5efce279-6457-5abf-9dad-026bdaf4bb05,0,ALWAYS,NULL,AUTOMATIC,NULL,NULL,NULL,NULL,NULL,NULL,NULL,NULL,NULL
7d61bf95-cd98-566d-9bb8-688777af5e2a,2026-09-08T00:00:00,2026-09-08T00:00:00,0,810c27b1-6e41-5365-82bc-1b2b0af1c87a,0,ALWAYS,NULL,ATTACK_ROLL,MELEE,4,FIXED,5,NULL,NULL,NULL,NULL,NULL
1971767d-b333-5633-a43a-b0438b356efb,2026-09-08T00:00:00,2026-09-08T00:00:00,0,71b42ef5-9699-5fef-8fe1-b69767e0f4bb,0,ALWAYS,NULL,ATTACK_ROLL,RANGED,4,FIXED,NULL,NULL,NULL,NULL,NULL,NULL
6e40f9c3-21ee-56fb-87b9-2a8f4c30590c,2026-09-08T00:00:00,2026-09-08T00:00:00,0,c2318ed3-53e1-5393-b1ea-b39f60452e1b,0,ALWAYS,NULL,AUTOMATIC,NULL,NULL,NULL,NULL,NULL,NULL,NULL,NULL,NULL
4868a4ee-57f9-5f18-be20-0a638b765bff,2026-09-08T00:00:00,2026-09-08T00:00:00,0,151b52c0-7636-586e-811d-90d954ce16ec,0,ALWAYS,NULL,AUTOMATIC,NULL,NULL,NULL,NULL,NULL,NULL,NULL,NULL,NULL
c1492291-55f6-52a7-a5c2-227a00b6356c,2026-09-08T00:00:00,2026-09-08T00:00:00,0,462d4859-05bf-5e08-8906-20f7c5665adf,0,ALWAYS,NULL,AUTOMATIC,NULL,NULL,NULL,NULL,NULL,NULL,NULL,NULL,NULL
e55f8f79-8798-5531-911e-5c8cee689fae,2026-09-08T00:00:00,2026-09-08T00:00:00,0,2ef6cb1b-062a-523f-b270-34b52b32df7f,0,ALWAYS,NULL,ATTACK_ROLL,MELEE,5,FIXED,5,NULL,NULL,NULL,NULL,NULL
74f547f8-d852-5f75-b3d8-492ff219e167,2026-09-08T00:00:00,2026-09-08T00:00:00,0,d67a7573-017d-5287-9257-4fcde3b29785,0,ALWAYS,NULL,ATTACK_ROLL,RANGED,5,FIXED,NULL,NULL,NULL,NULL,NULL,NULL
cad83fd7-bd12-54b9-a786-819f2d66cdec,2026-09-08T00:00:00,2026-09-08T00:00:00,0,44aac0eb-0ba1-56ef-b0b4-95fff0d7808b,0,ALWAYS,NULL,AUTOMATIC,NULL,NULL,NULL,NULL,NULL,NULL,NULL,NULL,NULL
7c5e737a-7186-58de-90c9-a5d9e779909b,2026-09-08T00:00:00,2026-09-08T00:00:00,0,8695f855-68ed-5395-ab8e-5296921d6dad,0,ALWAYS,NULL,AUTOMATIC,NULL,NULL,NULL,NULL,NULL,NULL,NULL,NULL,NULL
acc1e7ca-b684-54ac-8cf1-6d415b607437,2026-09-08T00:00:00,2026-09-08T00:00:00,0,580a2e0d-47a9-580e-aa71-d76b85900bb5,0,ALWAYS,NULL,AUTOMATIC,NULL,NULL,NULL,NULL,NULL,NULL,NULL,NULL,NULL
c4c35426-741b-5331-aeca-ac7f28fbbcd7,2026-09-08T00:00:00,2026-09-08T00:00:00,0,88552fdd-a7b0-55bb-82db-463d170f339d,0,ALWAYS,NULL,AUTOMATIC,NULL,NULL,NULL,NULL,NULL,NULL,NULL,NULL,NULL
1c234a71-be17-5fb1-a123-ac8f381e2260,2026-09-08T00:00:00,2026-09-08T00:00:00,0,9995b584-23bc-54e2-9957-4410a78d02ef,0,ALWAYS,NULL,ATTACK_ROLL,MELEE,4,FIXED,5,NULL,NULL,NULL,NULL,NULL
c1ca6131-8d9e-5f4b-9e31-ab429837d51e,2026-09-08T00:00:00,2026-09-08T00:00:00,0,0248a306-7116-5142-bcb7-a675356dd2bf,0,ALWAYS,NULL,SAVING_THROW,NULL,NULL,NULL,NULL,5,NULL,CONSTITUTION,12,FIXED
88fc50ef-7927-5147-8b55-b2f231465fcb,2026-09-08T00:00:00,2026-09-08T00:00:00,0,6fc0f77f-71b0-5e72-83f1-2082a7435aca,0,ALWAYS,NULL,AUTOMATIC,NULL,NULL,NULL,NULL,NULL,NULL,NULL,NULL,NULL
aa601b9f-4989-5a4a-8e9d-82b5df5f24d9,2026-09-08T00:00:00,2026-09-08T00:00:00,0,219dfc07-a385-56d4-9ba3-e164c5db1e90,0,ALWAYS,NULL,AUTOMATIC,NULL,NULL,NULL,NULL,NULL,NULL,NULL,NULL,NULL
c8c051b0-d19b-5e8a-8bd5-b4f1ef74764f,2026-09-08T00:00:00,2026-09-08T00:00:00,0,37fae7c1-bd1c-5a62-8710-f0db0567c0bb,0,ALWAYS,NULL,ATTACK_ROLL,MELEE,14,FIXED,10,NULL,NULL,NULL,NULL,NULL
68cea172-05af-5c25-a8d7-6b9fd461f555,2026-09-08T00:00:00,2026-09-08T00:00:00,0,1b3fdefc-cf89-5e78-91bf-af4783cbcfc9,0,ALWAYS,NULL,ATTACK_ROLL,MELEE,14,FIXED,10,NULL,NULL,NULL,NULL,NULL
1dcb2511-40c3-5a59-befc-0e4638fe1788,2026-09-08T00:00:00,2026-09-08T00:00:00,0,8af18914-7a88-5978-ac84-57913e84d875,0,ALWAYS,NULL,SAVING_THROW,NULL,NULL,NULL,NULL,NULL,NULL,STRENGTH,19,FIXED
1027e49e-ac69-5ebc-989a-61f95e94b8c9,2026-09-08T00:00:00,2026-09-08T00:00:00,0,493168eb-9f48-57ea-9aa9-b21a6890c13e,0,ALWAYS,NULL,AUTOMATIC,NULL,NULL,NULL,NULL,NULL,NULL,NULL,NULL,NULL
059180f4-c522-55a3-a1bd-e59509a1d5f4,2026-09-08T00:00:00,2026-09-08T00:00:00,0,9cb54093-0981-5ecf-8175-51a458bd2691,0,ALWAYS,NULL,ATTACK_ROLL,MELEE,5,FIXED,5,NULL,NULL,NULL,NULL,NULL
a56b99d8-62ec-524a-b5f5-7a9ce5e41410,2026-09-08T00:00:00,2026-09-08T00:00:00,0,ec627b40-c185-5fba-96f8-7f206ede7582,0,ALWAYS,NULL,AUTOMATIC,NULL,NULL,NULL,NULL,NULL,NULL,NULL,NULL,NULL
95c8d099-60e2-5a72-a137-38b2aa0c761e,2026-09-08T00:00:00,2026-09-08T00:00:00,0,7901ae3b-2e7d-51f0-9511-95a15de10b89,0,ALWAYS,NULL,SAVING_THROW,NULL,NULL,NULL,NULL,20,NULL,WISDOM,10,FIXED
dabcaf31-7f0d-5a82-a6ca-8e145ec56e3e,2026-09-08T00:00:00,2026-09-08T00:00:00,0,6efe49dc-73b8-5338-9a21-424b99b35ebe,0,ALWAYS,NULL,AUTOMATIC,NULL,NULL,NULL,NULL,NULL,NULL,NULL,NULL,NULL
b4287acc-7913-584e-8fd1-5a9b7efdf544,2026-09-08T00:00:00,2026-09-08T00:00:00,0,9f52d593-76d8-5326-857d-cd01ebaba72d,0,ALWAYS,NULL,AUTOMATIC,NULL,NULL,NULL,NULL,NULL,NULL,NULL,NULL,NULL
9fe1a18f-83c1-53ba-ab44-59484912cd9e,2026-09-08T00:00:00,2026-09-08T00:00:00,0,c88d9ce4-18ad-55bc-81e5-64fc36161c62,0,ALWAYS,NULL,AUTOMATIC,NULL,NULL,NULL,NULL,NULL,NULL,NULL,NULL,NULL
110b1bc7-abc5-5538-9c31-9d21c15a325e,2026-09-08T00:00:00,2026-09-08T00:00:00,0,1573e142-d932-547c-ac0a-f2b013ce5e5e,0,ALWAYS,NULL,AUTOMATIC,NULL,NULL,NULL,NULL,NULL,NULL,NULL,NULL,NULL
6424978f-e90c-56dd-b16a-56ef00f08b38,2026-09-08T00:00:00,2026-09-08T00:00:00,0,e958f405-f064-57ea-8202-5caa30f1b133,0,ALWAYS,NULL,ATTACK_ROLL,MELEE,10,FIXED,5,NULL,NULL,NULL,NULL,NULL
79b4ba46-812f-5d9a-9074-f7d81511693d,2026-09-08T00:00:00,2026-09-08T00:00:00,0,ab8c107c-2fa7-5f8b-a72f-971292086a82,0,ALWAYS,NULL,SAVING_THROW,NULL,NULL,NULL,NULL,NULL,NULL,WISDOM,18,FIXED
80d356bf-c3ac-5167-add7-012403b1bf00,2026-09-08T00:00:00,2026-09-08T00:00:00,0,6904fc5b-6ef5-52c2-ac38-fa5431cc689a,0,ALWAYS,NULL,AUTOMATIC,NULL,NULL,NULL,NULL,NULL,NULL,NULL,NULL,NULL
bf0e1459-bd88-5c53-a56c-0d822a81a833,2026-09-08T00:00:00,2026-09-08T00:00:00,0,fddef717-e292-5f2e-8aaf-27cddc4b7391,0,ALWAYS,NULL,AUTOMATIC,NULL,NULL,NULL,NULL,NULL,NULL,NULL,NULL,NULL
2f0d221c-f98c-5a12-bb65-75f5ca5802fa,2026-09-08T00:00:00,2026-09-08T00:00:00,0,3c888f44-6096-55f2-97df-22a9553061b1,0,ALWAYS,NULL,ATTACK_ROLL,MELEE,6,FIXED,5,NULL,NULL,NULL,NULL,NULL
8402e9b9-7305-5e40-b49b-48671f284b5e,2026-09-08T00:00:00,2026-09-08T00:00:00,0,0ad2d587-903a-5393-98c2-7582fc08f702,0,ALWAYS,NULL,SAVING_THROW,NULL,NULL,NULL,NULL,NULL,NULL,DEXTERITY,13,FIXED
a63f5973-8f07-5370-94e4-9f342853aebf,2026-09-08T00:00:00,2026-09-08T00:00:00,0,52b18f61-f534-5eab-8d42-c4cf3ae26265,0,ALWAYS,NULL,AUTOMATIC,NULL,NULL,NULL,NULL,NULL,NULL,NULL,NULL,NULL
6fd45e3a-cc96-59cb-8085-2a52538fad4a,2026-09-08T00:00:00,2026-09-08T00:00:00,0,dc3a1d13-0c01-5512-9c61-bcf46ff4ffc9,0,ALWAYS,NULL,ATTACK_ROLL,MELEE,10,FIXED,10,NULL,NULL,NULL,NULL,NULL
746b355d-04d3-570b-8265-1cb0b84bc54d,2026-09-08T00:00:00,2026-09-08T00:00:00,0,98b5b8ec-986e-5ede-8749-90fd971fb99f,0,ALWAYS,NULL,SAVING_THROW,NULL,NULL,NULL,NULL,NULL,NULL,DEXTERITY,17,FIXED
bb233a44-07ab-5137-8dc9-1812ee2ef7ac,2026-09-08T00:00:00,2026-09-08T00:00:00,0,f765ccc4-fd86-513c-a9d9-1ebdd4966c29,0,ALWAYS,NULL,AUTOMATIC,NULL,NULL,NULL,NULL,NULL,NULL,NULL,NULL,NULL
d01e0743-e658-5136-904a-8581572b66a5,2026-09-08T00:00:00,2026-09-08T00:00:00,0,fa2697a9-2f1b-50d4-a853-a7bf9118b38f,0,ALWAYS,NULL,AUTOMATIC,NULL,NULL,NULL,NULL,NULL,NULL,NULL,NULL,NULL
939b7fd6-551e-5a8f-bc85-9e4e5478b1cd,2026-09-08T00:00:00,2026-09-08T00:00:00,0,68846608-77ed-5f14-af57-ca18fac32def,0,ALWAYS,NULL,ATTACK_ROLL,MELEE,14,FIXED,10,NULL,NULL,NULL,NULL,NULL
285c4c62-37be-5416-af45-ad383b346826,2026-09-08T00:00:00,2026-09-08T00:00:00,0,a1d3e8c4-6ba1-54ee-95a4-2f9e918fb7c0,0,ALWAYS,NULL,SAVING_THROW,NULL,NULL,NULL,NULL,NULL,NULL,DEXTERITY,21,FIXED
a059f237-5259-5192-8ff7-ea9d22e49f7f,2026-09-08T00:00:00,2026-09-08T00:00:00,0,0135a9b8-c946-574f-b51a-19bec82de1ef,0,ALWAYS,NULL,AUTOMATIC,NULL,NULL,NULL,NULL,NULL,NULL,NULL,NULL,NULL
a6343169-69fe-5b4c-84a9-b91ad8b6a2d3,2026-09-08T00:00:00,2026-09-08T00:00:00,0,ef0ff144-d122-5190-98ab-72306d8ebda9,0,ALWAYS,NULL,AUTOMATIC,NULL,NULL,NULL,NULL,NULL,NULL,NULL,NULL,NULL
02ba4764-6fc0-52b3-88b6-9506f82d70e1,2026-09-08T00:00:00,2026-09-08T00:00:00,0,ecd30397-15a7-54d1-84d4-6ea02a241195,0,ALWAYS,NULL,AUTOMATIC,NULL,NULL,NULL,NULL,NULL,NULL,NULL,NULL,NULL
55dc1249-e93d-5611-ae63-e6c58972ee55,2026-09-08T00:00:00,2026-09-08T00:00:00,0,1833dfcd-e6d6-5a80-996b-09dce416a801,0,ALWAYS,NULL,AUTOMATIC,NULL,NULL,NULL,NULL,NULL,NULL,NULL,NULL,NULL
64601b80-18c2-56f9-a40a-8a3aa6a6f485,2026-09-08T00:00:00,2026-09-08T00:00:00,0,fe88aac9-aef3-5913-82e6-698826825e71,0,ALWAYS,NULL,AUTOMATIC,NULL,NULL,NULL,NULL,NULL,NULL,NULL,NULL,NULL
4d6e7487-a413-5a39-94a7-9ca08038d8ff,2026-09-08T00:00:00,2026-09-08T00:00:00,0,0b1c5793-88cf-5e8a-9089-8dcc62f7a0a8,0,ALWAYS,NULL,AUTOMATIC,NULL,NULL,NULL,NULL,NULL,NULL,NULL,NULL,NULL
dde4acb2-ba94-5b73-bedc-6e18a6aae1b2,2026-09-08T00:00:00,2026-09-08T00:00:00,0,013ac35f-5685-53e3-ac31-8acdda146a94,0,ALWAYS,NULL,ATTACK_ROLL,MELEE,17,FIXED,15,NULL,NULL,NULL,NULL,NULL
e9b1bec4-1cb6-55e7-9a93-59c0f5e419db,2026-09-08T00:00:00,2026-09-08T00:00:00,0,785c39bb-18bf-598c-8ced-1f546444f0e4,0,ALWAYS,NULL,SAVING_THROW,NULL,NULL,NULL,NULL,NULL,NULL,DEXTERITY,24,FIXED
c3689d35-f966-5747-b6bf-1a6995476ba4,2026-09-08T00:00:00,2026-09-08T00:00:00,0,f9e1da60-40f4-5920-8fae-2adb5811786f,0,ALWAYS,NULL,AUTOMATIC,NULL,NULL,NULL,NULL,NULL,NULL,NULL,NULL,NULL
e306047f-c4f6-5e86-9ae4-6416c5944423,2026-09-08T00:00:00,2026-09-08T00:00:00,0,5150d33d-d999-53bb-ba73-afc0043c5d22,0,ALWAYS,NULL,AUTOMATIC,NULL,NULL,NULL,NULL,NULL,NULL,NULL,NULL,NULL
27d95cb5-ef5a-542a-bd05-64a4071f6ee4,2026-09-08T00:00:00,2026-09-08T00:00:00,0,85283fc5-5427-5223-a12f-12da0ca1fac4,0,ALWAYS,NULL,AUTOMATIC,NULL,NULL,NULL,NULL,NULL,NULL,NULL,NULL,NULL
2d50b28d-cd28-556a-9cfc-8f0b4129fa1c,2026-09-08T00:00:00,2026-09-08T00:00:00,0,a972e5da-5993-50e1-8254-acecc69be493,0,ALWAYS,NULL,AUTOMATIC,NULL,NULL,NULL,NULL,NULL,NULL,NULL,NULL,NULL
1cc7c668-1e43-546e-8e51-c2a11cd6463f,2026-09-08T00:00:00,2026-09-08T00:00:00,0,61cac302-bca5-5660-9550-04052da73cc1,0,ALWAYS,NULL,AUTOMATIC,NULL,NULL,NULL,NULL,NULL,NULL,NULL,NULL,NULL
5cb3ee5d-805d-5be7-8fb1-f3ede49f437c,2026-09-08T00:00:00,2026-09-08T00:00:00,0,78cdcbff-43c9-57ee-9045-e3eef55d33a6,0,ALWAYS,NULL,ATTACK_ROLL,MELEE,11,FIXED,10,NULL,NULL,NULL,NULL,NULL
9b7e91fc-7c13-5926-995c-b3d9b552a949,2026-09-08T00:00:00,2026-09-08T00:00:00,0,4f125613-7aed-545d-8220-20d840cf47ce,0,ALWAYS,NULL,SAVING_THROW,NULL,NULL,NULL,NULL,NULL,NULL,STRENGTH,19,FIXED
31437148-88c8-51ce-9f91-6a28db614148,2026-09-08T00:00:00,2026-09-08T00:00:00,0,4e710854-8e17-55ee-861b-20f53402bcd2,0,ALWAYS,NULL,AUTOMATIC,NULL,NULL,NULL,NULL,NULL,NULL,NULL,NULL,NULL
7ec2e97f-caf2-58d7-a481-5917a74fdf68,2026-09-08T00:00:00,2026-09-08T00:00:00,0,9e7941a1-c9a6-5b07-8cf7-29496a91d2a2,0,ALWAYS,NULL,ATTACK_ROLL,MELEE,13,FIXED,10,NULL,NULL,NULL,NULL,NULL
1e0d762c-bfa6-5c5a-bfc5-2f6734b611a5,2026-09-08T00:00:00,2026-09-08T00:00:00,0,f548cc58-a5b9-554a-b086-205d92386353,0,ALWAYS,NULL,ATTACK_ROLL,MELEE,13,FIXED,5,NULL,NULL,NULL,NULL,NULL
b0b83c0a-1fa6-5fc1-8d99-68baf0ef6c1b,2026-09-08T00:00:00,2026-09-08T00:00:00,0,3ca980b7-b028-597c-aaf3-5fbc2a63b18e,0,ALWAYS,NULL,AUTOMATIC,NULL,NULL,NULL,NULL,NULL,NULL,NULL,NULL,NULL
48cdf2e5-633f-510d-8189-974b0b23365d,2026-09-08T00:00:00,2026-09-08T00:00:00,0,05472a58-1d51-5760-a496-c45058830ccf,0,ALWAYS,NULL,AUTOMATIC,NULL,NULL,NULL,NULL,NULL,NULL,NULL,NULL,NULL
b05b6bef-dbbe-5cbf-bc61-bee91e07bd64,2026-09-08T00:00:00,2026-09-08T00:00:00,0,24ea533b-2d20-54a8-a6c0-ee329c11ec71,0,ALWAYS,NULL,AUTOMATIC,NULL,NULL,NULL,NULL,NULL,NULL,NULL,NULL,NULL
aa8ca58a-e377-5c67-b04f-fe42ad3c0ba7,2026-09-08T00:00:00,2026-09-08T00:00:00,0,909e2d22-45d9-506e-8f57-4dd73af88a4f,0,ALWAYS,NULL,ATTACK_ROLL,MELEE,7,FIXED,5,NULL,NULL,NULL,NULL,NULL
2568e228-10a5-59ea-96d7-6eb2b6363653,2026-09-08T00:00:00,2026-09-08T00:00:00,0,3a05de74-0c79-5094-8086-bd53ed843cf5,0,ALWAYS,NULL,ATTACK_ROLL,MELEE,7,FIXED,60,NULL,NULL,NULL,NULL,NULL
bec7f3b9-e8f9-5b50-8f79-45cc7a18e421,2026-09-08T00:00:00,2026-09-08T00:00:00,0,ddcc28f8-9247-5f65-ba1e-e277a038448b,0,ALWAYS,NULL,AUTOMATIC,NULL,NULL,NULL,NULL,NULL,NULL,NULL,NULL,NULL
3fc68e83-2d28-5b07-b994-60461101b52c,2026-09-08T00:00:00,2026-09-08T00:00:00,0,3c0fc42a-31dc-5968-aa9b-63e1c898582a,0,ALWAYS,NULL,AUTOMATIC,NULL,NULL,NULL,NULL,NULL,NULL,NULL,NULL,NULL
5fa3a6e2-163b-5808-8e08-e6585f881edb,2026-09-08T00:00:00,2026-09-08T00:00:00,0,21b828b7-bc90-576d-aa6d-e215e1a9f343,0,ALWAYS,NULL,AUTOMATIC,NULL,NULL,NULL,NULL,NULL,NULL,NULL,NULL,NULL
2c4b6067-f8db-503e-8dea-b6e537822819,2026-09-08T00:00:00,2026-09-08T00:00:00,0,717e2ae2-31e5-5476-969c-648b5b4a4c0b,0,ALWAYS,NULL,ATTACK_ROLL,MELEE,3,FIXED,5,NULL,NULL,NULL,NULL,NULL
75fde24f-729c-5387-ac4d-d311b4953952,2026-09-08T00:00:00,2026-09-08T00:00:00,0,c3e4e3cd-3375-5d9a-ba77-ec20d79d9e39,0,ALWAYS,NULL,SAVING_THROW,NULL,NULL,NULL,NULL,NULL,NULL,DEXTERITY,11,FIXED
cebe28cd-3866-5c8b-805e-14bf5ecf384c,2026-09-08T00:00:00,2026-09-08T00:00:00,0,89294f0a-7b82-5e5f-bf78-4535e37ddbd4,0,ALWAYS,NULL,AUTOMATIC,NULL,NULL,NULL,NULL,NULL,NULL,NULL,NULL,NULL
fe992a60-8ecc-50e3-bdc4-e7c7e99c04a8,2026-09-08T00:00:00,2026-09-08T00:00:00,0,84d6d671-0827-5401-bdc9-e4f0c426c796,0,ALWAYS,NULL,AUTOMATIC,NULL,NULL,NULL,NULL,NULL,NULL,NULL,NULL,NULL
2da3fa65-4605-5fec-b98f-9b13a2adec87,2026-09-08T00:00:00,2026-09-08T00:00:00,0,12f2de3a-4a12-5ba3-b221-ae3efe1547f5,0,ALWAYS,NULL,AUTOMATIC,NULL,NULL,NULL,NULL,NULL,NULL,NULL,NULL,NULL
343efd4d-780f-5299-9079-ce4695f6d998,2026-09-08T00:00:00,2026-09-08T00:00:00,0,7b732e9a-6200-5471-a76c-9e74da13feb6,0,ALWAYS,NULL,AUTOMATIC,NULL,NULL,NULL,NULL,NULL,NULL,NULL,NULL,NULL
543df5b8-4f9a-51f0-b9cd-aefe90bd68bf,2026-09-08T00:00:00,2026-09-08T00:00:00,0,933bc997-9cd5-5fc9-ae15-102de02d4adc,0,ALWAYS,NULL,AUTOMATIC,NULL,NULL,NULL,NULL,NULL,NULL,NULL,NULL,NULL
35994634-2506-5023-a50b-f2ace5dd2103,2026-09-08T00:00:00,2026-09-08T00:00:00,0,e207e10d-75ba-5d8e-b5f7-3b8eeb40cd72,0,ALWAYS,NULL,AUTOMATIC,NULL,NULL,NULL,NULL,NULL,NULL,NULL,NULL,NULL
03927063-be49-5103-aee8-6c3d64fcf147,2026-09-08T00:00:00,2026-09-08T00:00:00,0,01bb1ccb-fb2c-52dc-a865-f748011739b3,0,ALWAYS,NULL,ATTACK_ROLL,MELEE,3,FIXED,5,NULL,NULL,NULL,NULL,NULL
6875e4d5-3487-5b85-a50b-1f92ddce00e2,2026-09-08T00:00:00,2026-09-08T00:00:00,0,99d2affd-101a-56d8-826a-6196e5f50cd8,0,ALWAYS,NULL,AUTOMATIC,NULL,NULL,NULL,NULL,NULL,NULL,NULL,NULL,NULL
1c9b2ccf-8726-54c6-8b12-3b7a5f604cb3,2026-09-08T00:00:00,2026-09-08T00:00:00,0,2e206d4f-845a-58b7-9b09-006ca945ba43,0,ALWAYS,NULL,AUTOMATIC,NULL,NULL,NULL,NULL,NULL,NULL,NULL,NULL,NULL
f59e2302-8798-57ae-a4f1-aea8d9a1acb9,2026-09-08T00:00:00,2026-09-08T00:00:00,0,c91d9626-10bf-59e6-944a-e05e5174dbda,0,ALWAYS,NULL,AUTOMATIC,NULL,NULL,NULL,NULL,NULL,NULL,NULL,NULL,NULL
ec7d96f5-814a-5217-84d6-9bd0e05a0394,2026-09-08T00:00:00,2026-09-08T00:00:00,0,f6117f96-945b-5d0f-ab4f-e00734299e6b,0,ALWAYS,NULL,ATTACK_ROLL,MELEE_OR_RANGED,7,FIXED,5,NULL,NULL,NULL,NULL,NULL
c0927cec-889f-5b58-a3f5-dbf76acb2421,2026-09-08T00:00:00,2026-09-08T00:00:00,0,b4b0bcaa-0a5d-5a92-9296-71c7b4d0671a,0,ALWAYS,NULL,SAVING_THROW,NULL,NULL,NULL,NULL,10,NULL,STRENGTH,15,FIXED
02b3664f-38da-52f8-8d45-3afbefdfd6cf,2026-09-08T00:00:00,2026-09-08T00:00:00,0,4f83f2d9-db26-5d59-abce-316dc0333726,0,ALWAYS,NULL,AUTOMATIC,NULL,NULL,NULL,NULL,NULL,NULL,NULL,NULL,NULL
f68d9fe0-fdeb-585b-976d-1bac00e462f6,2026-09-08T00:00:00,2026-09-08T00:00:00,0,e38a442b-e289-5e32-9d80-1ce60f531590,0,ALWAYS,NULL,ATTACK_ROLL,MELEE,5,FIXED,5,NULL,NULL,NULL,NULL,NULL
813eaa51-5840-54ee-949a-d1b477a5ef41,2026-09-08T00:00:00,2026-09-08T00:00:00,0,85764622-0d6a-5f9e-bb4e-be1404946fb4,0,ALWAYS,NULL,SAVING_THROW,NULL,NULL,NULL,NULL,90,NULL,WISDOM,12,FIXED
a79de855-fa65-5af0-a8c4-becc353309fa,2026-09-08T00:00:00,2026-09-08T00:00:00,0,b9fb5f49-d330-5eab-b6c3-890c888cf2bf,0,ALWAYS,NULL,AUTOMATIC,NULL,NULL,NULL,NULL,NULL,NULL,NULL,NULL,NULL
9927a54f-d427-50cd-aba4-99093caa59d6,2026-09-08T00:00:00,2026-09-08T00:00:00,0,6b4d2819-41bf-52dc-9344-9b1ac2eb756a,0,ALWAYS,NULL,ATTACK_ROLL,MELEE,4,FIXED,5,NULL,NULL,NULL,NULL,NULL
218fd2ea-d85f-5c1f-9a5a-d47d9c1df635,2026-09-08T00:00:00,2026-09-08T00:00:00,0,01eb812d-2969-59e0-8be5-ebdfc10982a6,0,ALWAYS,NULL,ATTACK_ROLL,RANGED,4,FIXED,NULL,150,600,NULL,NULL,NULL
5300ab41-365c-59b3-8115-3792ee04364c,2026-09-08T00:00:00,2026-09-08T00:00:00,0,f4365a14-2dfd-5461-9d08-daeecc770107,0,ALWAYS,NULL,AUTOMATIC,NULL,NULL,NULL,NULL,NULL,NULL,NULL,NULL,NULL
fdaaf763-7b6a-5c9b-adc2-6777040d5e58,2026-09-08T00:00:00,2026-09-08T00:00:00,0,fb53706e-3602-5bc8-a8c4-9720b2b58c98,0,ALWAYS,NULL,AUTOMATIC,NULL,NULL,NULL,NULL,NULL,NULL,NULL,NULL,NULL
78ecfe73-eb3f-5633-84e4-0a6fed813f88,2026-09-08T00:00:00,2026-09-08T00:00:00,0,c660a54b-c5ae-5f90-8f46-f49c7875d212,0,ALWAYS,NULL,SAVING_THROW,NULL,NULL,NULL,NULL,30,NULL,WISDOM,11,FIXED
5a96b984-0934-5c76-b8a8-e6a722ac821e,2026-09-08T00:00:00,2026-09-08T00:00:00,0,da10306a-c588-5d99-a43b-674532ab4e7c,0,ALWAYS,NULL,ATTACK_ROLL,MELEE,5,FIXED,5,NULL,NULL,NULL,NULL,NULL
4f7eca2b-f238-5c7d-8737-d6522e090db4,2026-09-08T00:00:00,2026-09-08T00:00:00,0,bd9f650c-0248-548e-b302-58d80c58147e,0,ALWAYS,NULL,SAVING_THROW,NULL,NULL,NULL,NULL,30,NULL,WISDOM,11,FIXED
37d10548-0aba-5b27-8ff5-c1f7bdf4fd55,2026-09-08T00:00:00,2026-09-08T00:00:00,0,8dbfbd13-e491-5a71-bf99-c9f42528dc24,0,ALWAYS,NULL,AUTOMATIC,NULL,NULL,NULL,NULL,NULL,NULL,NULL,NULL,NULL
8855b6bf-b7cc-5f38-af54-ea65739c3e89,2026-09-08T00:00:00,2026-09-08T00:00:00,0,3390f887-3742-5e6c-aa42-58c3c9efd6f5,0,ALWAYS,NULL,AUTOMATIC,NULL,NULL,NULL,NULL,NULL,NULL,NULL,NULL,NULL
f71c8af4-72a6-5020-9053-e059a79fb231,2026-09-08T00:00:00,2026-09-08T00:00:00,0,a4f0367a-b71d-537c-973c-99652575f387,0,ALWAYS,NULL,AUTOMATIC,NULL,NULL,NULL,NULL,NULL,NULL,NULL,NULL,NULL
d7e8c14a-2686-5c72-a4b4-81f68322a3a5,2026-09-08T00:00:00,2026-09-08T00:00:00,0,37436cde-3d68-5684-9174-afdcbb7c9103,0,ALWAYS,NULL,ATTACK_ROLL,MELEE,4,FIXED,5,NULL,NULL,NULL,NULL,NULL
e2de7619-f90e-5204-b7c1-733ef91c3c61,2026-09-08T00:00:00,2026-09-08T00:00:00,0,9b5ee976-dbf6-5554-bec4-66f14819c483,0,ALWAYS,NULL,AUTOMATIC,NULL,NULL,NULL,NULL,NULL,NULL,NULL,NULL,NULL
09991d48-e5b8-5f25-97bf-c36a5ac304db,2026-09-08T00:00:00,2026-09-08T00:00:00,0,0d8a2415-6f9d-5f10-94e0-f8664c5838e0,0,ALWAYS,NULL,AUTOMATIC,NULL,NULL,NULL,NULL,NULL,NULL,NULL,NULL,NULL
461ba0b3-7fbb-58ed-8ca0-8f1bef8fa3b1,2026-09-08T00:00:00,2026-09-08T00:00:00,0,5368b2f4-13f5-59c7-85f9-8f4ac06cf31d,0,ALWAYS,NULL,AUTOMATIC,NULL,NULL,NULL,NULL,NULL,NULL,NULL,NULL,NULL
8c3a7499-1645-5439-bb4f-2fe8322d1d49,2026-09-08T00:00:00,2026-09-08T00:00:00,0,b7fdddf5-8c50-50a2-8078-21faaf53ee32,0,ALWAYS,NULL,ATTACK_ROLL,MELEE,7,FIXED,10,NULL,NULL,NULL,NULL,NULL
3c77a6f8-a3a8-5dba-905f-d3c5c042d6ce,2026-09-08T00:00:00,2026-09-08T00:00:00,0,42edf46d-a39d-5e01-95f8-f5d2348986fb,0,ALWAYS,NULL,SAVING_THROW,NULL,NULL,NULL,NULL,5,NULL,STRENGTH,15,FIXED
104070aa-e199-5200-b710-68fc111e1a9d,2026-09-08T00:00:00,2026-09-08T00:00:00,0,57a6fb8c-8fdd-5333-9bec-36c5e544a38e,0,ALWAYS,NULL,AUTOMATIC,NULL,NULL,NULL,NULL,NULL,NULL,NULL,NULL,NULL
a4749562-82b8-5da5-b8b8-8504864d826d,2026-09-08T00:00:00,2026-09-08T00:00:00,0,a4edf030-36a9-5890-91e0-cd3933e1765f,0,ALWAYS,NULL,AUTOMATIC,NULL,NULL,NULL,NULL,NULL,NULL,NULL,NULL,NULL
19684b3e-924c-5332-9864-4f0bdb7bba95,2026-09-08T00:00:00,2026-09-08T00:00:00,0,3f9e66bd-81c8-5059-a7c2-085edf54dbe9,0,ALWAYS,NULL,AUTOMATIC,NULL,NULL,NULL,NULL,NULL,NULL,NULL,NULL,NULL
cdca838f-9b40-5670-8a33-ce0eaf792d98,2026-09-08T00:00:00,2026-09-08T00:00:00,0,e782592f-5364-5187-ba39-7d07c28d8994,0,ALWAYS,NULL,AUTOMATIC,NULL,NULL,NULL,NULL,NULL,NULL,NULL,NULL,NULL
fd3b8a28-4f24-5404-831a-c82a47513979,2026-09-08T00:00:00,2026-09-08T00:00:00,0,15123dac-a5c4-5470-8847-ff8bf3c0b842,0,ALWAYS,NULL,ATTACK_ROLL,MELEE,7,FIXED,10,NULL,NULL,NULL,NULL,NULL
216305b9-36d2-5824-b0ea-8a324d99e344,2026-09-08T00:00:00,2026-09-08T00:00:00,0,e040b39d-66be-55f0-91d7-6e0449ab6a8a,0,ALWAYS,NULL,AUTOMATIC,NULL,NULL,NULL,NULL,NULL,NULL,NULL,NULL,NULL
ee46423f-1538-539c-aefc-666598464187,2026-09-08T00:00:00,2026-09-08T00:00:00,0,2bc6272c-5e3c-5310-be41-80be1c1e9777,0,ALWAYS,NULL,AUTOMATIC,NULL,NULL,NULL,NULL,NULL,NULL,NULL,NULL,NULL
501009dc-5cb2-5a3d-9b44-b899a0942360,2026-09-08T00:00:00,2026-09-08T00:00:00,0,e0d8f1e6-891d-513f-b3ae-6a60fd1b59af,0,ALWAYS,NULL,ATTACK_ROLL,MELEE,6,FIXED,5,NULL,NULL,NULL,NULL,NULL
3a695273-c8ce-5fdc-b04c-5bfcbbb3ed15,2026-09-08T00:00:00,2026-09-08T00:00:00,0,27ef0321-a901-5a1e-a728-044852868db5,0,ALWAYS,NULL,SAVING_THROW,NULL,NULL,NULL,NULL,NULL,NULL,CONSTITUTION,13,FIXED
a1080c17-fa69-5902-87f5-a07f2696c146,2026-09-08T00:00:00,2026-09-08T00:00:00,0,ce84c698-d89f-59f9-98c6-ca442f19b88a,0,ALWAYS,NULL,SAVING_THROW,NULL,NULL,NULL,NULL,NULL,NULL,CONSTITUTION,13,FIXED
10222731-a5f4-559e-b705-ef34a0101af0,2026-09-08T00:00:00,2026-09-08T00:00:00,0,41164863-8a72-5b51-ba9c-4e1e9db0cd7e,0,ALWAYS,NULL,AUTOMATIC,NULL,NULL,NULL,NULL,NULL,NULL,NULL,NULL,NULL
d5c892fc-6910-587d-9aca-8b48985e47fe,2026-09-08T00:00:00,2026-09-08T00:00:00,0,bd755233-bba1-5c96-a8c5-07dca81f784f,0,ALWAYS,NULL,ATTACK_ROLL,MELEE,10,FIXED,10,NULL,NULL,NULL,NULL,NULL
f572475f-97d6-5cb5-a058-d4937d5c5028,2026-09-08T00:00:00,2026-09-08T00:00:00,0,3749955a-902a-55ad-a8cc-faad22cafbcc,0,ALWAYS,NULL,SAVING_THROW,NULL,NULL,NULL,NULL,NULL,NULL,CONSTITUTION,17,FIXED
211e9bc5-b7c8-54ba-a822-9fb58b675994,2026-09-08T00:00:00,2026-09-08T00:00:00,0,59279988-e8e6-514e-aaf2-09b63ce57307,0,ALWAYS,NULL,SAVING_THROW,NULL,NULL,NULL,NULL,NULL,NULL,CONSTITUTION,17,FIXED
36c93e43-1bac-56e8-b19c-93388cbdef76,2026-09-08T00:00:00,2026-09-08T00:00:00,0,f0d35718-5ef6-568d-b15e-0d5d7cc715e8,0,ALWAYS,NULL,AUTOMATIC,NULL,NULL,NULL,NULL,NULL,NULL,NULL,NULL,NULL
4123fafe-9cf6-5a79-b324-c119b94e6533,2026-09-08T00:00:00,2026-09-08T00:00:00,0,124c4aa3-7924-5ce7-b4b6-cc765fb53011,0,ALWAYS,NULL,AUTOMATIC,NULL,NULL,NULL,NULL,NULL,NULL,NULL,NULL,NULL
d7ec5200-009d-534e-8c60-e961a9a4a81a,2026-09-08T00:00:00,2026-09-08T00:00:00,0,9afb9459-db36-5b29-860e-84d19c88a04c,0,ALWAYS,NULL,ATTACK_ROLL,MELEE,13,FIXED,10,NULL,NULL,NULL,NULL,NULL
b52134c3-52e1-55f1-ba67-2619d9e0ff1d,2026-09-08T00:00:00,2026-09-08T00:00:00,0,974f8814-6c0b-5c54-a082-90061c331e8c,0,ALWAYS,NULL,SAVING_THROW,NULL,NULL,NULL,NULL,NULL,NULL,CONSTITUTION,20,FIXED
10b291a8-606b-521e-b6a8-123bb8a6fb67,2026-09-08T00:00:00,2026-09-08T00:00:00,0,fa98f4c3-76d0-5571-8c35-778cc9ba7b2a,0,ALWAYS,NULL,SAVING_THROW,NULL,NULL,NULL,NULL,NULL,NULL,CONSTITUTION,20,FIXED
9e17a40b-13b6-55e3-b185-b96699566b99,2026-09-08T00:00:00,2026-09-08T00:00:00,0,1554d0ee-469c-5d52-9f80-448dc171c96f,0,ALWAYS,NULL,AUTOMATIC,NULL,NULL,NULL,NULL,NULL,NULL,NULL,NULL,NULL
a43f7ff2-a051-5d8c-93b5-3ad20fcc4a9f,2026-09-08T00:00:00,2026-09-08T00:00:00,0,97456e44-ae76-5388-8390-7b127d5bbe51,0,ALWAYS,NULL,AUTOMATIC,NULL,NULL,NULL,NULL,NULL,NULL,NULL,NULL,NULL
e9a53eaa-da66-554d-aa2b-440c1df42941,2026-09-08T00:00:00,2026-09-08T00:00:00,0,9fefb08c-cd7a-5ab1-b943-8c7299e4e62d,0,ALWAYS,NULL,SAVING_THROW,NULL,NULL,NULL,NULL,NULL,NULL,DEXTERITY,19,FIXED
35524b0e-01eb-5942-b57e-1c5518631a01,2026-09-08T00:00:00,2026-09-08T00:00:00,0,67601e4a-86b6-5054-b3af-f98cabe0aa1e,0,ALWAYS,NULL,AUTOMATIC,NULL,NULL,NULL,NULL,NULL,NULL,NULL,NULL,NULL
5ec228b6-8a95-5705-8b31-d122c54e82ac,2026-09-08T00:00:00,2026-09-08T00:00:00,0,309bda8f-ec1f-54f0-9880-e094023cd070,0,ALWAYS,NULL,AUTOMATIC,NULL,NULL,NULL,NULL,NULL,NULL,NULL,NULL,NULL
5e91d8b1-0b47-5cf3-a91e-42985dfbc552,2026-09-08T00:00:00,2026-09-08T00:00:00,0,58dc49e3-8f86-52fe-a071-3071c571b0d7,0,ALWAYS,NULL,AUTOMATIC,NULL,NULL,NULL,NULL,NULL,NULL,NULL,NULL,NULL
9cacf690-4929-57e9-9dc9-83a0ae14d9e8,2026-09-08T00:00:00,2026-09-08T00:00:00,0,c49d7f08-cd27-5b83-b1c3-916e10e29b47,0,ALWAYS,NULL,ATTACK_ROLL,MELEE,17,FIXED,15,NULL,NULL,NULL,NULL,NULL
b0ce8d2b-4464-53fc-a195-4e2bf424394d,2026-09-08T00:00:00,2026-09-08T00:00:00,0,d5260183-ef87-503f-bd0c-67dded1b651f,0,ALWAYS,NULL,SAVING_THROW,NULL,NULL,NULL,NULL,NULL,NULL,CONSTITUTION,24,FIXED
efbd8d6c-dba2-54e0-8c8c-f787d174cad3,2026-09-08T00:00:00,2026-09-08T00:00:00,0,5f18ce41-6993-5edd-89e2-778eecbeded8,0,ALWAYS,NULL,SAVING_THROW,NULL,NULL,NULL,NULL,NULL,NULL,CONSTITUTION,24,FIXED
7f147cb1-5f76-5734-8874-2f070c61b559,2026-09-08T00:00:00,2026-09-08T00:00:00,0,c11c44d9-57ed-5767-b7a6-c41256f2f6a1,0,ALWAYS,NULL,AUTOMATIC,NULL,NULL,NULL,NULL,NULL,NULL,NULL,NULL,NULL
393f0b77-0bbb-568b-9786-9cb69fdffa88,2026-09-08T00:00:00,2026-09-08T00:00:00,0,53728f9a-40bc-5d38-b9a6-bbb00549fe9b,0,ALWAYS,NULL,AUTOMATIC,NULL,NULL,NULL,NULL,NULL,NULL,NULL,NULL,NULL
7c6784d0-42d8-522e-82eb-c4e5f9ebddec,2026-09-08T00:00:00,2026-09-08T00:00:00,0,716f9373-1101-5f12-a9eb-25e473d0dd83,0,ALWAYS,NULL,SAVING_THROW,NULL,NULL,NULL,NULL,NULL,NULL,DEXTERITY,23,FIXED
7403951d-6290-510c-b3c0-0b5649e26a59,2026-09-08T00:00:00,2026-09-08T00:00:00,0,f96d8f75-7892-590b-a532-6524c335b3b3,0,ALWAYS,NULL,AUTOMATIC,NULL,NULL,NULL,NULL,NULL,NULL,NULL,NULL,NULL
d277de85-558b-50fb-97d8-4433efd57d5c,2026-09-08T00:00:00,2026-09-08T00:00:00,0,51c272c9-f107-588e-a979-fc55400f715c,0,ALWAYS,NULL,ATTACK_ROLL,MELEE,5,FIXED,5,NULL,NULL,NULL,NULL,NULL
4a2b86c7-792b-5fdf-af9f-fc0f3a70dd96,2026-09-08T00:00:00,2026-09-08T00:00:00,0,b4ca6797-0b25-5488-97bd-996099927f4e,0,ALWAYS,NULL,ATTACK_ROLL,RANGED,5,FIXED,NULL,80,320,NULL,NULL,NULL
2a00ad4b-919d-5eca-8032-380fc4c81648,2026-09-08T00:00:00,2026-09-08T00:00:00,0,cb5080c7-0498-54fc-954a-007f85dd18dc,0,ALWAYS,NULL,ATTACK_ROLL,MELEE,6,FIXED,5,NULL,NULL,NULL,NULL,NULL
8abad10e-72e0-5893-a977-253265ab6afd,2026-09-08T00:00:00,2026-09-08T00:00:00,0,97baf3a6-c776-5bdc-a7b4-1d576d132b87,0,ALWAYS,NULL,ATTACK_ROLL,MELEE,6,FIXED,5,NULL,NULL,NULL,NULL,NULL
f6874867-7ab8-5921-b79f-24ed768c2727,2026-09-08T00:00:00,2026-09-08T00:00:00,0,eb55d413-09d1-58db-9fdf-d2458792cd3a,0,ALWAYS,NULL,ATTACK_ROLL,MELEE,6,FIXED,5,NULL,NULL,NULL,NULL,NULL
838b5b33-a14b-5df9-b91e-6c581187816d,2026-09-08T00:00:00,2026-09-08T00:00:00,0,2f519352-4f1e-54e3-a168-7ac1a54003a0,0,ALWAYS,NULL,AUTOMATIC,NULL,NULL,NULL,NULL,NULL,NULL,NULL,NULL,NULL
cc0a75aa-aa60-527c-9800-920790f6a065,2026-09-08T00:00:00,2026-09-08T00:00:00,0,6c796239-2c8b-5328-b24b-1927f552a300,0,ALWAYS,NULL,AUTOMATIC,NULL,NULL,NULL,NULL,NULL,NULL,NULL,NULL,NULL
e5e8b181-5218-545e-8def-04c0fe089086,2026-09-08T00:00:00,2026-09-08T00:00:00,0,2ac5e833-1e33-5da8-85ba-0fe196961ad4,0,ALWAYS,NULL,AUTOMATIC,NULL,NULL,NULL,NULL,NULL,NULL,NULL,NULL,NULL
3b34686a-5aa2-5b61-8736-74b9e8454355,2026-09-08T00:00:00,2026-09-08T00:00:00,0,bc65b1b8-1fd9-5665-b178-381f11328251,0,ALWAYS,NULL,AUTOMATIC,NULL,NULL,NULL,NULL,NULL,NULL,NULL,NULL,NULL
8e44b791-7e13-5008-8e13-9d6d2f141f25,2026-09-08T00:00:00,2026-09-08T00:00:00,0,e75f8112-9498-5668-9e74-17ef32d1f5e8,0,ALWAYS,NULL,AUTOMATIC,NULL,NULL,NULL,NULL,NULL,NULL,NULL,NULL,NULL
e335eb13-dfe7-5e3c-bcf8-63e276f34f21,2026-09-08T00:00:00,2026-09-08T00:00:00,0,8cb519d7-2275-5b6a-8017-2ab5c800e892,0,ALWAYS,NULL,ATTACK_ROLL,MELEE_OR_RANGED,15,FIXED,10,NULL,NULL,NULL,NULL,NULL
81172e9d-59dd-5c15-8a86-274551049540,2026-09-08T00:00:00,2026-09-08T00:00:00,0,eb5f37a1-ce3a-5bdf-8c1c-e354f7d4ae19,0,ALWAYS,NULL,SAVING_THROW,NULL,NULL,NULL,NULL,600,NULL,DEXTERITY,21,FIXED
219be8dd-fa72-511a-b08c-d35ea62f8b83,2026-09-08T00:00:00,2026-09-08T00:00:00,0,df2c7fbc-2404-5a92-8744-66660ec105ab,0,ALWAYS,NULL,AUTOMATIC,NULL,NULL,NULL,NULL,NULL,NULL,NULL,NULL,NULL
bb4cb57c-650c-5760-993e-4018c1e237a5,2026-09-08T00:00:00,2026-09-08T00:00:00,0,c182c721-2db3-54ea-9df0-fb80bc794937,0,ALWAYS,NULL,AUTOMATIC,NULL,NULL,NULL,NULL,NULL,NULL,NULL,NULL,NULL
ef4b863e-a0de-5ff3-945d-b727ce64c3b2,2026-09-08T00:00:00,2026-09-08T00:00:00,0,332d161e-bcb9-5262-b9c7-64c932aaff32,0,ALWAYS,NULL,SAVING_THROW,NULL,NULL,NULL,NULL,120,NULL,CONSTITUTION,25,FIXED
719a9cee-7848-5fe7-b01a-056f088cd452,2026-09-08T00:00:00,2026-09-08T00:00:00,0,bde2e075-d8b1-5c9c-b309-61097e6a3753,0,ALWAYS,NULL,SAVING_THROW,NULL,NULL,NULL,NULL,NULL,NULL,DEXTERITY,25,FIXED
d38673a3-c8e4-5bda-9d3c-4992f42aec6b,2026-09-08T00:00:00,2026-09-08T00:00:00,0,41206a29-1c0c-54f5-bf25-26a2eaf88de8,0,ALWAYS,NULL,AUTOMATIC,NULL,NULL,NULL,NULL,NULL,NULL,NULL,NULL,NULL
5f417ec3-ad13-5e15-a333-a59fbfd01bc3,2026-09-08T00:00:00,2026-09-08T00:00:00,0,f1c61ac3-6480-5e49-a126-217a5b282fc3,0,ALWAYS,NULL,AUTOMATIC,NULL,NULL,NULL,NULL,NULL,NULL,NULL,NULL,NULL
e7ac0df8-0aee-507a-a123-4b243a1223e2,2026-09-08T00:00:00,2026-09-08T00:00:00,0,b039c109-0acc-5441-a214-93a23d82c24c,0,ALWAYS,NULL,ATTACK_ROLL,MELEE,4,FIXED,5,NULL,NULL,NULL,NULL,NULL
25220de7-839b-5c8e-ad90-3231a606c8f3,2026-09-08T00:00:00,2026-09-08T00:00:00,0,22b32cf2-523e-525f-b7d3-14dd1b5b0680,0,ALWAYS,NULL,AUTOMATIC,NULL,NULL,NULL,NULL,NULL,NULL,NULL,NULL,NULL
1a0c4b89-49ef-5298-bfd7-f27a31e0e011,2026-09-08T00:00:00,2026-09-08T00:00:00,0,24496cfe-bf6d-52af-8c36-26ae0815b52b,0,ALWAYS,NULL,ATTACK_ROLL,MELEE,5,FIXED,5,NULL,NULL,NULL,NULL,NULL
731baadd-5b9f-5570-adfc-a77a0a14e758,2026-09-08T00:00:00,2026-09-08T00:00:00,0,557542ee-b068-5fb3-a9e9-00f01387d389,0,ALWAYS,NULL,AUTOMATIC,NULL,NULL,NULL,NULL,NULL,NULL,NULL,NULL,NULL
f7152d9b-43fb-5358-a4cf-1ef0bd60d72b,2026-09-08T00:00:00,2026-09-08T00:00:00,0,e2d66231-dee3-59b4-b375-0d2604f9245e,0,ALWAYS,NULL,AUTOMATIC,NULL,NULL,NULL,NULL,NULL,NULL,NULL,NULL,NULL
c0baf57d-ade0-5f8c-a95c-a1c229b69742,2026-09-08T00:00:00,2026-09-08T00:00:00,0,0e7a8176-77f4-5ef6-8a09-3f631671bade,0,ALWAYS,NULL,AUTOMATIC,NULL,NULL,NULL,NULL,NULL,NULL,NULL,NULL,NULL
a1d620d1-1fc9-58c0-8dda-068d32bfbbdd,2026-09-08T00:00:00,2026-09-08T00:00:00,0,38d6b5fe-1ded-5a25-a611-9a8b1425119d,0,ALWAYS,NULL,AUTOMATIC,NULL,NULL,NULL,NULL,NULL,NULL,NULL,NULL,NULL
84ab3678-e211-5cbb-9f65-8c38861c5304,2026-09-08T00:00:00,2026-09-08T00:00:00,0,fd840a78-bc5b-5ed0-9984-b556ed876f1e,0,ALWAYS,NULL,ATTACK_ROLL,MELEE,8,FIXED,5,NULL,NULL,NULL,NULL,NULL
5d1b0a1e-fa9d-5d48-b0c9-105965e41040,2026-09-08T00:00:00,2026-09-08T00:00:00,0,1ce3e943-7133-5f1d-8881-d498b7e50f21,0,ALWAYS,NULL,SAVING_THROW,NULL,NULL,NULL,NULL,NULL,NULL,WISDOM,16,FIXED
a255d492-c198-5cb7-8533-9bf987de1ab7,2026-09-08T00:00:00,2026-09-08T00:00:00,0,693fa2b2-ae05-5a10-95e8-8ea2d247bad5,0,ALWAYS,NULL,AUTOMATIC,NULL,NULL,NULL,NULL,NULL,NULL,NULL,NULL,NULL
65e039b4-83b8-5480-bb62-2a543514b974,2026-09-08T00:00:00,2026-09-08T00:00:00,0,eb667803-2435-59fa-bb24-837a10aa5581,0,ALWAYS,NULL,AUTOMATIC,NULL,NULL,NULL,NULL,NULL,NULL,NULL,NULL,NULL
3e88a663-98c5-5248-989e-5c22456e04b0,2026-09-08T00:00:00,2026-09-08T00:00:00,0,ae7032b6-0505-54c2-b9de-d1dfb090455c,0,ALWAYS,NULL,SAVING_THROW,NULL,NULL,NULL,NULL,120,NULL,CONSTITUTION,16,FIXED
a4a5bed2-3c18-59bd-bc1e-1a239d769b7e,2026-09-08T00:00:00,2026-09-08T00:00:00,0,68fcf094-9c2b-5199-8808-40eaa85fd9b4,0,ALWAYS,NULL,AUTOMATIC,NULL,NULL,NULL,NULL,NULL,NULL,NULL,NULL,NULL
6e4aaba4-acdd-5007-929b-22593b25c8f9,2026-09-08T00:00:00,2026-09-08T00:00:00,0,9f7643c4-0e33-5b90-b266-664757ffbf9a,0,ALWAYS,NULL,AUTOMATIC,NULL,NULL,NULL,NULL,NULL,NULL,NULL,NULL,NULL
7b30e4cf-2ec7-5e7d-b7e8-b24f6f941cab,2026-09-08T00:00:00,2026-09-08T00:00:00,0,5a1ff569-d981-51b7-85ab-3076bcc9a172,0,ALWAYS,NULL,AUTOMATIC,NULL,NULL,NULL,NULL,NULL,NULL,NULL,NULL,NULL
7c519301-58c7-5e68-bc43-cba8bf9d1f65,2026-09-08T00:00:00,2026-09-08T00:00:00,0,e1eea52e-284c-5cdf-9f5c-59dc57721298,0,ALWAYS,NULL,ATTACK_ROLL,MELEE,12,FIXED,5,NULL,NULL,NULL,NULL,NULL
196c37cc-c22b-58d9-bc36-24b043c7aac6,2026-09-08T00:00:00,2026-09-08T00:00:00,0,11816e56-c94c-5aef-ab82-3bbd7f55b6d4,0,ALWAYS,NULL,SAVING_THROW,NULL,NULL,NULL,NULL,NULL,NULL,WISDOM,20,FIXED
ffe81269-cdd4-58a3-b418-9159431f8d22,2026-09-08T00:00:00,2026-09-08T00:00:00,0,109f2acc-ca22-521c-806b-2938a1d27a15,0,ALWAYS,NULL,SAVING_THROW,NULL,NULL,NULL,NULL,NULL,NULL,WISDOM,20,FIXED
47bbbe08-0a08-5c27-844e-dc4ed204af86,2026-09-08T00:00:00,2026-09-08T00:00:00,0,e994ec4b-0513-5ff4-b29b-40f985846f11,0,ALWAYS,NULL,SAVING_THROW,NULL,NULL,NULL,NULL,NULL,NULL,CONSTITUTION,20,FIXED
49f5cead-357d-5b8e-a276-48a089fdfd55,2026-09-08T00:00:00,2026-09-08T00:00:00,0,a9a1f8c1-69f1-5624-addd-81a3f4f0bd68,0,ALWAYS,NULL,AUTOMATIC,NULL,NULL,NULL,NULL,NULL,NULL,NULL,NULL,NULL
48afe47e-00dc-52f8-841a-106f255f4179,2026-09-08T00:00:00,2026-09-08T00:00:00,0,51d82b08-bf54-5595-b9d6-40984d0fc62e,0,ALWAYS,NULL,AUTOMATIC,NULL,NULL,NULL,NULL,NULL,NULL,NULL,NULL,NULL
6f7968bc-cc4a-5c40-931f-46ab28339c6d,2026-09-08T00:00:00,2026-09-08T00:00:00,0,30b4f349-6b76-5481-b82c-3075be016583,0,ALWAYS,NULL,SAVING_THROW,NULL,NULL,NULL,NULL,120,NULL,CONSTITUTION,16,FIXED
86d688f7-1bb9-5839-9bae-b405f863a8a9,2026-09-08T00:00:00,2026-09-08T00:00:00,0,7b0bb909-7cf4-50b0-9a52-041f1fb9fc03,0,ALWAYS,NULL,AUTOMATIC,NULL,NULL,NULL,NULL,NULL,NULL,NULL,NULL,NULL
5246541f-c552-5ff3-b1e5-c9cb340c512d,2026-09-08T00:00:00,2026-09-08T00:00:00,0,38508d9b-95da-5e15-b1ef-446cbcf9d462,0,ALWAYS,NULL,AUTOMATIC,NULL,NULL,NULL,NULL,NULL,NULL,NULL,NULL,NULL
85345238-5d28-505e-99da-22098f827e00,2026-09-08T00:00:00,2026-09-08T00:00:00,0,f8b199d6-519c-550f-a960-3bc5b863671d,0,ALWAYS,NULL,ATTACK_ROLL,MELEE,7,FIXED,10,NULL,NULL,NULL,NULL,NULL
d2305ca2-f14c-54f7-a978-b98bb4a7cbe8,2026-09-08T00:00:00,2026-09-08T00:00:00,0,84ea9f07-8d9f-58f5-85b4-8e3ae3abb2e6,0,ALWAYS,NULL,ATTACK_ROLL,RANGED,6,FIXED,NULL,NULL,NULL,NULL,NULL,NULL
67213ae8-6aca-5242-a4d6-9522f0266fb3,2026-09-08T00:00:00,2026-09-08T00:00:00,0,4adb6050-4998-54cd-a2da-d09d6cf7dbef,0,ALWAYS,NULL,AUTOMATIC,NULL,NULL,NULL,NULL,NULL,NULL,NULL,NULL,NULL
170332a4-cd8e-57b4-b629-49fd6938a958,2026-09-08T00:00:00,2026-09-08T00:00:00,0,228f2114-5890-5ade-b95b-14ca05b03a1a,0,ALWAYS,NULL,ATTACK_ROLL,MELEE,6,FIXED,5,NULL,NULL,NULL,NULL,NULL
321435b6-317f-5fb4-ad0c-7157bd9be5e3,2026-09-08T00:00:00,2026-09-08T00:00:00,0,3db7c05a-009e-54f5-8ef5-2b7c0d2184ed,0,ALWAYS,NULL,ATTACK_ROLL,RANGED,6,FIXED,NULL,40,160,NULL,NULL,NULL
6219d825-a96d-5f83-b2d4-40cc44a40ce7,2026-09-08T00:00:00,2026-09-08T00:00:00,0,542b27e9-05aa-5ad2-9990-7f2f9f130cd1,0,ALWAYS,NULL,SAVING_THROW,NULL,NULL,NULL,NULL,5,NULL,CHARISMA,10,FIXED
1fa0cd11-d77a-5fe3-8cb3-c6975bf633dc,2026-09-08T00:00:00,2026-09-08T00:00:00,0,9832bbfc-626f-50b9-9a46-c690a8e62fb3,0,ALWAYS,NULL,AUTOMATIC,NULL,NULL,NULL,NULL,NULL,NULL,NULL,NULL,NULL
d06ef0bf-d27d-5bba-83c6-dffb766f9485,2026-09-08T00:00:00,2026-09-08T00:00:00,0,219d48b4-d6f7-5046-8081-bd259506ebe4,0,ALWAYS,NULL,ATTACK_ROLL,MELEE,4,FIXED,5,NULL,NULL,NULL,NULL,NULL
9c8d7b27-fe80-5c31-b927-779eb52e9b9f,2026-09-08T00:00:00,2026-09-08T00:00:00,0,2b133d3b-7284-5291-bd37-365bd1029c77,0,ALWAYS,NULL,ATTACK_ROLL,RANGED,4,FIXED,NULL,30,120,NULL,NULL,NULL
e55389ac-a110-59b1-9901-04fa79885cc3,2026-09-08T00:00:00,2026-09-08T00:00:00,0,c2952ce6-5dd4-56c5-a20a-99f20da362d2,0,ALWAYS,NULL,AUTOMATIC,NULL,NULL,NULL,NULL,NULL,NULL,NULL,NULL,NULL
4194a90b-7551-50bf-8b1d-d794645e6b50,2026-09-08T00:00:00,2026-09-08T00:00:00,0,1d83b42e-35d8-51af-a1d1-d28fdbff80ec,0,ALWAYS,NULL,ATTACK_ROLL,MELEE,5,FIXED,5,NULL,NULL,NULL,NULL,NULL
d9e8dbfe-5f64-59a5-8527-f73f3cb09bc8,2026-09-08T00:00:00,2026-09-08T00:00:00,0,827c2e13-5b4a-5631-ae06-c24ff1b623a9,0,ALWAYS,NULL,AUTOMATIC,NULL,NULL,NULL,NULL,NULL,NULL,NULL,NULL,NULL
3a7cb714-9541-5564-a3e6-0b7e38706578,2026-09-08T00:00:00,2026-09-08T00:00:00,0,f85f4090-9059-56a2-aaa9-9746e057a2bc,0,ALWAYS,NULL,ATTACK_ROLL,MELEE,9,FIXED,15,NULL,NULL,NULL,NULL,NULL
64c466e5-f88a-558b-93c1-8355ed68d61a,2026-09-08T00:00:00,2026-09-08T00:00:00,0,724b8d19-ae05-5f2f-b10e-7ada31baac13,0,ALWAYS,NULL,ATTACK_ROLL,RANGED,9,FIXED,NULL,60,240,NULL,NULL,NULL
268b0123-293c-528a-bbde-8c53d5eb4bbe,2026-09-08T00:00:00,2026-09-08T00:00:00,0,eed9f2f1-704e-5567-86f2-3dcdf08bfe0d,0,ALWAYS,NULL,SAVING_THROW,NULL,NULL,NULL,NULL,60,NULL,DEXTERITY,17,FIXED
bc49276b-10cd-533c-858a-65fec325669e,2026-09-08T00:00:00,2026-09-08T00:00:00,0,e3df3fed-56e0-5973-b864-0838e98f919c,0,ALWAYS,NULL,AUTOMATIC,NULL,NULL,NULL,NULL,NULL,NULL,NULL,NULL,NULL
1dcbaeb3-19fb-5ad7-8a73-249ae182c280,2026-09-08T00:00:00,2026-09-08T00:00:00,0,c6bbbc8c-e51a-53a6-86b8-421d934f9c24,0,ALWAYS,NULL,AUTOMATIC,NULL,NULL,NULL,NULL,NULL,NULL,NULL,NULL,NULL
0b422c14-904d-5bcb-b31d-00863e725cf5,2026-09-08T00:00:00,2026-09-08T00:00:00,0,61412b40-c77a-5ba9-baef-c157b2a555f9,0,ALWAYS,NULL,AUTOMATIC,NULL,NULL,NULL,NULL,NULL,NULL,NULL,NULL,NULL
f3814385-9937-5e60-b9c5-b9f77fe1377a,2026-09-08T00:00:00,2026-09-08T00:00:00,0,c49d54f7-a1d7-55ef-8336-7e5daee697db,0,ALWAYS,NULL,ATTACK_ROLL,MELEE,10,FIXED,5,NULL,NULL,NULL,NULL,NULL
af3e7d3a-d4ff-544f-bea9-d59f9f65be25,2026-09-08T00:00:00,2026-09-08T00:00:00,0,45fa2d2e-290d-54af-ab0a-9a8884cb34f3,0,ALWAYS,NULL,ATTACK_ROLL,RANGED,9,FIXED,NULL,NULL,NULL,NULL,NULL,NULL
2aad040b-72e7-52b8-8f8d-0af1a9361560,2026-09-08T00:00:00,2026-09-08T00:00:00,0,895f1e39-1d3e-59e3-9c3d-5fd6448b86da,0,ALWAYS,NULL,AUTOMATIC,NULL,NULL,NULL,NULL,NULL,NULL,NULL,NULL,NULL
72e95335-b972-58e2-88a4-05bdd4890441,2026-09-08T00:00:00,2026-09-08T00:00:00,0,b7874eb7-26b5-525f-85c3-f0ccf3b69243,0,ALWAYS,NULL,AUTOMATIC,NULL,NULL,NULL,NULL,NULL,NULL,NULL,NULL,NULL
50002e58-3009-564d-9769-1797c897a365,2026-09-08T00:00:00,2026-09-08T00:00:00,0,ac2b3f04-f732-5949-8578-8e71ec485e8b,0,ALWAYS,NULL,AUTOMATIC,NULL,NULL,NULL,NULL,NULL,NULL,NULL,NULL,NULL
68ca80e8-b9d1-5839-b358-eb7f37283196,2026-09-08T00:00:00,2026-09-08T00:00:00,0,aeb9a78d-1cc4-5e96-9e6a-ab42d51c5cf9,0,ALWAYS,NULL,ATTACK_ROLL,MELEE,14,FIXED,10,NULL,NULL,NULL,NULL,NULL
8fb7fd64-edef-5e8f-a3cb-d2f0e840e9db,2026-09-08T00:00:00,2026-09-08T00:00:00,0,76d7dd89-f11f-5e91-a393-cf2c1b880ad6,0,ALWAYS,NULL,ATTACK_ROLL,RANGED,14,FIXED,NULL,NULL,NULL,NULL,NULL,NULL
1b762d7c-fbd1-5d78-9ffa-b7fff69b46e5,2026-09-08T00:00:00,2026-09-08T00:00:00,0,88fca534-049a-5b7c-a5bc-fab7e3f4ec62,0,ALWAYS,NULL,SAVING_THROW,NULL,NULL,NULL,NULL,500,NULL,DEXTERITY,18,FIXED
3c255bc3-d801-594f-8079-67f497dc623a,2026-09-08T00:00:00,2026-09-08T00:00:00,0,bc388a42-0eab-53ec-a828-1e08096c77c0,0,ALWAYS,NULL,AUTOMATIC,NULL,NULL,NULL,NULL,NULL,NULL,NULL,NULL,NULL
8455a76c-66ac-5847-9c34-004bad2efa71,2026-09-08T00:00:00,2026-09-08T00:00:00,0,87d233a8-638e-5522-af18-a38880796cc3,0,ALWAYS,NULL,AUTOMATIC,NULL,NULL,NULL,NULL,NULL,NULL,NULL,NULL,NULL
b3f06dfb-e081-5c2b-af27-87f87474c2c7,2026-09-08T00:00:00,2026-09-08T00:00:00,0,37143b23-b833-5c0b-8992-c037be6ee10e,0,ALWAYS,NULL,AUTOMATIC,NULL,NULL,NULL,NULL,NULL,NULL,NULL,NULL,NULL
4fc7d4b3-649b-586b-a85b-2c6cf1d30a38,2026-09-08T00:00:00,2026-09-08T00:00:00,0,16600b3d-b8c6-5883-973e-9f9dd2bb39e1,0,ALWAYS,NULL,ATTACK_ROLL,MELEE,7,FIXED,5,NULL,NULL,NULL,NULL,NULL
b4fe3cad-f6b3-5549-b9e8-52d3cf723fe7,2026-09-08T00:00:00,2026-09-08T00:00:00,0,b1b11d0a-74b8-5674-afeb-a92c9865271d,0,ALWAYS,NULL,AUTOMATIC,NULL,NULL,NULL,NULL,NULL,NULL,NULL,NULL,NULL
3f8118cd-1b8c-5aa1-8cdc-a51b332e7036,2026-09-08T00:00:00,2026-09-08T00:00:00,0,1c2c8e54-26e5-5922-8f37-745c62028c7d,0,ALWAYS,NULL,SAVING_THROW,NULL,NULL,NULL,NULL,5,NULL,CONSTITUTION,15,FIXED
567975ec-79c8-5e5d-82f6-181ed30af84d,2026-09-08T00:00:00,2026-09-08T00:00:00,0,1ef7cc79-c445-5dfb-a02f-47561ae32038,0,ALWAYS,NULL,AUTOMATIC,NULL,NULL,NULL,NULL,NULL,NULL,NULL,NULL,NULL
eb2323e4-add0-5ccb-af25-c800f50c410f,2026-09-08T00:00:00,2026-09-08T00:00:00,0,41a9b725-f7ff-5b34-8f4a-c1ec21908d4d,0,ALWAYS,NULL,AUTOMATIC,NULL,NULL,NULL,NULL,NULL,NULL,NULL,NULL,NULL
fc4a8089-a874-575a-b7ba-5ce182b3fc3f,2026-09-08T00:00:00,2026-09-08T00:00:00,0,914a6e71-3728-57bf-8cb8-4c53ce7f8367,0,ALWAYS,NULL,AUTOMATIC,NULL,NULL,NULL,NULL,NULL,NULL,NULL,NULL,NULL
e2bb8388-f69d-585d-a2ca-18d669b8d105,2026-09-08T00:00:00,2026-09-08T00:00:00,0,20be5bbc-c423-5dad-b06b-041564644fa3,0,ALWAYS,NULL,AUTOMATIC,NULL,NULL,NULL,NULL,NULL,NULL,NULL,NULL,NULL
724e3742-c900-5ee2-80d5-629e01311275,2026-09-08T00:00:00,2026-09-08T00:00:00,0,870e558a-c439-5ced-8aca-eadbd2a91ec5,0,ALWAYS,NULL,AUTOMATIC,NULL,NULL,NULL,NULL,NULL,NULL,NULL,NULL,NULL
506e5943-c3ef-585d-a5b1-b7ef5472057d,2026-09-08T00:00:00,2026-09-08T00:00:00,0,8671636c-ae45-5e5b-833a-24b72a8bd821,0,ALWAYS,NULL,AUTOMATIC,NULL,NULL,NULL,NULL,NULL,NULL,NULL,NULL,NULL
49a98e4e-2437-576d-8404-07d07634d7f0,2026-09-08T00:00:00,2026-09-08T00:00:00,0,6080e753-27d4-59da-af93-fd89f9a76cb8,0,ALWAYS,NULL,ATTACK_ROLL,MELEE,19,FIXED,15,NULL,NULL,NULL,NULL,NULL
a1d71f99-d953-586b-8c1a-9f204690353f,2026-09-08T00:00:00,2026-09-08T00:00:00,0,7d313a9d-60de-5414-a85c-8a2966323e5c,0,ALWAYS,NULL,ATTACK_ROLL,MELEE,19,FIXED,15,NULL,NULL,NULL,NULL,NULL
c5f11389-f21c-5601-8098-00b3df965d2b,2026-09-08T00:00:00,2026-09-08T00:00:00,0,76cd8057-48f2-5fef-a9fb-b562446e8637,0,ALWAYS,NULL,ATTACK_ROLL,MELEE,19,FIXED,30,NULL,NULL,NULL,NULL,NULL
609d1dbf-5fb0-5400-821c-00c8c2536e36,2026-09-08T00:00:00,2026-09-08T00:00:00,0,296a90d2-0688-567c-8b36-a47ac36b32c2,0,ALWAYS,NULL,SAVING_THROW,NULL,NULL,NULL,NULL,NULL,NULL,CONSTITUTION,27,FIXED
162982d4-56d2-5fb8-a7bd-6e1ba24a3790,2026-09-08T00:00:00,2026-09-08T00:00:00,0,f903fcb3-6e13-5320-aadd-761803c04570,0,ALWAYS,NULL,SAVING_THROW,NULL,NULL,NULL,NULL,NULL,NULL,STRENGTH,27,FIXED
c462ef3f-fd35-58ec-940f-fcee2b49d698,2026-09-08T00:00:00,2026-09-08T00:00:00,0,0c404ad6-1dd6-5351-a513-9aa6472b7c1a,0,ALWAYS,NULL,AUTOMATIC,NULL,NULL,NULL,NULL,NULL,NULL,NULL,NULL,NULL
d71662e4-5968-54cb-b211-ed606f0c54f7,2026-09-08T00:00:00,2026-09-08T00:00:00,0,757140e0-2c0f-5948-9706-9bf66587bee2,0,ALWAYS,NULL,AUTOMATIC,NULL,NULL,NULL,NULL,NULL,NULL,NULL,NULL,NULL
1422a79c-4416-5f19-bdef-4ba26370fa50,2026-09-08T00:00:00,2026-09-08T00:00:00,0,f02267a2-46c5-58e1-b5f7-d3e7799b36ce,0,ALWAYS,NULL,AUTOMATIC,NULL,NULL,NULL,NULL,NULL,NULL,NULL,NULL,NULL
be0f4edf-79e1-5f80-b0e7-1c7bb8bfa154,2026-09-08T00:00:00,2026-09-08T00:00:00,0,f623514d-43ae-54e6-bc57-9748536bfb7a,0,ALWAYS,NULL,ATTACK_ROLL,MELEE,4,FIXED,5,NULL,NULL,NULL,NULL,NULL
83954371-c8cb-586c-b534-083c4d857920,2026-09-08T00:00:00,2026-09-08T00:00:00,0,d7742e2a-6947-504c-81b6-008356cc2589,0,ALWAYS,NULL,ATTACK_ROLL,RANGED,3,FIXED,NULL,100,400,NULL,NULL,NULL
0b422f0b-7274-5174-89d6-f885f3bbd801,2026-09-08T00:00:00,2026-09-08T00:00:00,0,7f56d59e-949a-5b95-95bc-9d062b5456d3,0,ALWAYS,NULL,AUTOMATIC,NULL,NULL,NULL,NULL,NULL,NULL,NULL,NULL,NULL
eddf56b7-104f-5fe9-884b-619f2680b45b,2026-09-08T00:00:00,2026-09-08T00:00:00,0,62704a4a-2245-52f5-be2d-4aa14d8b606c,0,ALWAYS,NULL,AUTOMATIC,NULL,NULL,NULL,NULL,NULL,NULL,NULL,NULL,NULL
d4180082-e6a3-554d-8a3d-2214f42dd7a1,2026-09-08T00:00:00,2026-09-08T00:00:00,0,97abf014-7c19-54a9-a18f-b2df76757f8e,0,ALWAYS,NULL,ATTACK_ROLL,MELEE,5,FIXED,5,NULL,NULL,NULL,NULL,NULL
bc22f9a4-d3b4-50ce-a549-52cb30a71591,2026-09-08T00:00:00,2026-09-08T00:00:00,0,939563f3-a93b-5af1-8f00-bfe39b0fc7c4,0,ALWAYS,NULL,ATTACK_ROLL,RANGED,4,FIXED,NULL,100,400,NULL,NULL,NULL
4e8177ae-afb9-5da5-9240-feacc318ca8e,2026-09-08T00:00:00,2026-09-08T00:00:00,0,26842b38-6008-5380-9e33-1629ad2aeff7,0,ALWAYS,NULL,AUTOMATIC,NULL,NULL,NULL,NULL,NULL,NULL,NULL,NULL,NULL
05fcd6d3-5433-5d7c-b18a-de8fed627663,2026-09-08T00:00:00,2026-09-08T00:00:00,0,3a9b9042-b76f-58b2-88ab-615b0c3f78ad,0,ALWAYS,NULL,AUTOMATIC,NULL,NULL,NULL,NULL,NULL,NULL,NULL,NULL,NULL
69ab8674-ef15-59c1-8ad2-2d8da93c3a1e,2026-09-08T00:00:00,2026-09-08T00:00:00,0,82f3034d-968d-5363-be6d-58966b5cacf5,0,ALWAYS,NULL,ATTACK_ROLL,MELEE,10,FIXED,5,NULL,NULL,NULL,NULL,NULL
7cf21bb4-32ba-5c9a-9c61-ca1f25602c5e,2026-09-08T00:00:00,2026-09-08T00:00:00,0,7390f894-13d5-527a-a213-20387109e37c,0,ALWAYS,NULL,ATTACK_ROLL,RANGED,10,FIXED,NULL,NULL,NULL,NULL,NULL,NULL
5aae83e7-3c21-5d53-8974-f0f22682e8e3,2026-09-08T00:00:00,2026-09-08T00:00:00,0,ac0a33b0-57d6-52be-a778-db267e1e1514,0,ALWAYS,NULL,AUTOMATIC,NULL,NULL,NULL,NULL,NULL,NULL,NULL,NULL,NULL
723613cd-f108-5770-b430-32fe6e55f350,2026-09-08T00:00:00,2026-09-08T00:00:00,0,1758cf1f-8759-5f40-b480-5175a9eddd7a,0,ALWAYS,NULL,AUTOMATIC,NULL,NULL,NULL,NULL,NULL,NULL,NULL,NULL,NULL
bab14c09-21c2-5b3b-a880-f119081e71a8,2026-09-08T00:00:00,2026-09-08T00:00:00,0,10260658-ec57-594c-8e2a-5131ae2b43fc,0,ALWAYS,NULL,AUTOMATIC,NULL,NULL,NULL,NULL,NULL,NULL,NULL,NULL,NULL
069a9c84-d0c5-53d3-8b46-a4672003c526,2026-09-08T00:00:00,2026-09-08T00:00:00,0,16875c2f-4f7e-570a-b00e-db0322b0d969,0,ALWAYS,NULL,AUTOMATIC,NULL,NULL,NULL,NULL,NULL,NULL,NULL,NULL,NULL
f279e153-69f3-5a71-94f1-5e8a36c6ac57,2026-09-08T00:00:00,2026-09-08T00:00:00,0,8ffbc928-fb27-5dd3-afa5-c7a18289460c,0,ALWAYS,NULL,ATTACK_ROLL,MELEE,7,FIXED,10,NULL,NULL,NULL,NULL,NULL
621607c1-7d93-59d4-b368-d76b11951903,2026-09-08T00:00:00,2026-09-08T00:00:00,0,fccbd97c-ea15-55c8-80f5-981f2ba9c65a,0,ALWAYS,NULL,AUTOMATIC,NULL,NULL,NULL,NULL,NULL,NULL,NULL,NULL,NULL
1fc47402-b305-5370-bb9c-4425d8f64dfa,2026-09-08T00:00:00,2026-09-08T00:00:00,0,761768fa-63cc-5387-ac79-c4b01aacbe48,0,ALWAYS,NULL,AUTOMATIC,NULL,NULL,NULL,NULL,NULL,NULL,NULL,NULL,NULL
74818bcd-3568-5c4d-b5d5-15769d30ee95,2026-09-08T00:00:00,2026-09-08T00:00:00,0,dcc649cf-6c44-5c6f-bf06-06de74369157,0,ALWAYS,NULL,AUTOMATIC,NULL,NULL,NULL,NULL,NULL,NULL,NULL,NULL,NULL
ee89a760-3fdb-559f-a4e9-a429c4f33abc,2026-09-08T00:00:00,2026-09-08T00:00:00,0,eead6433-fe13-5d94-8b0b-3da0eaf26020,0,ALWAYS,NULL,ATTACK_ROLL,MELEE,6,FIXED,5,NULL,NULL,NULL,NULL,NULL
5dadecde-99d0-5e96-9c06-24f30f1f93ca,2026-09-08T00:00:00,2026-09-08T00:00:00,0,c6f4ac02-771c-5281-934a-7061c626355d,0,ALWAYS,NULL,AUTOMATIC,NULL,NULL,NULL,NULL,NULL,NULL,NULL,NULL,NULL
6794335b-a67f-5088-9a95-aa0b06da0397,2026-09-08T00:00:00,2026-09-08T00:00:00,0,1d1d1781-7b3f-5717-80c2-7b75cd75e1be,0,ALWAYS,NULL,AUTOMATIC,NULL,NULL,NULL,NULL,NULL,NULL,NULL,NULL,NULL
40b5db30-2080-5d37-aa29-ef8775a6f781,2026-09-08T00:00:00,2026-09-08T00:00:00,0,5d59ccbe-68aa-599a-9538-c5489213c7ec,0,ALWAYS,NULL,AUTOMATIC,NULL,NULL,NULL,NULL,NULL,NULL,NULL,NULL,NULL
f52e3474-4d1d-5109-a6ee-38a897b9ad15,2026-09-08T00:00:00,2026-09-08T00:00:00,0,87787a66-0b47-57a7-8327-c84feb8f0ebe,0,ALWAYS,NULL,ATTACK_ROLL,MELEE,7,FIXED,5,NULL,NULL,NULL,NULL,NULL
b7a9aee4-322d-5710-95c2-aacd1941b472,2026-09-08T00:00:00,2026-09-08T00:00:00,0,2f41ccda-11d0-5be8-8bd9-4c88768c255b,0,ALWAYS,NULL,ATTACK_ROLL,MELEE,7,FIXED,5,NULL,NULL,NULL,NULL,NULL
a6987be1-8ce5-5bf6-8b82-7c728cb645a0,2026-09-08T00:00:00,2026-09-08T00:00:00,0,20219ed4-bc73-5c0f-9349-a6b22cdb506d,0,ALWAYS,NULL,AUTOMATIC,NULL,NULL,NULL,NULL,NULL,NULL,NULL,NULL,NULL
25c03350-2339-54b7-b838-9be4b46ee2bb,2026-09-08T00:00:00,2026-09-08T00:00:00,0,245110af-a855-50fb-8de3-2c4ad30ab6f5,0,ALWAYS,NULL,AUTOMATIC,NULL,NULL,NULL,NULL,NULL,NULL,NULL,NULL,NULL
3c6d59f0-6ba5-5cc3-9774-1291fda984d4,2026-09-08T00:00:00,2026-09-08T00:00:00,0,735a8c72-df50-5651-a616-3fe020918c20,0,ALWAYS,NULL,AUTOMATIC,NULL,NULL,NULL,NULL,NULL,NULL,NULL,NULL,NULL
ac3f373d-7901-5d7e-95cc-174744877408,2026-09-08T00:00:00,2026-09-08T00:00:00,0,8dcad5e5-7751-5f15-9fe4-5ab88ed695e4,0,ALWAYS,NULL,AUTOMATIC,NULL,NULL,NULL,NULL,NULL,NULL,NULL,NULL,NULL
bec3c9e0-9cd8-53f7-8274-5509db00802a,2026-09-08T00:00:00,2026-09-08T00:00:00,0,7f45831d-c935-529a-b81b-5c7afd5b8ebd,0,ALWAYS,NULL,AUTOMATIC,NULL,NULL,NULL,NULL,NULL,NULL,NULL,NULL,NULL
3323608d-2092-51be-b13b-021b23944bb6,2026-09-08T00:00:00,2026-09-08T00:00:00,0,d868f715-4af6-5cfd-9adc-2b2fca1dd60c,0,ALWAYS,NULL,AUTOMATIC,NULL,NULL,NULL,NULL,NULL,NULL,NULL,NULL,NULL
2c7b215b-7af1-5def-8bcd-f4f81b6e6685,2026-09-08T00:00:00,2026-09-08T00:00:00,0,1d6ac993-7f50-5e24-a18c-44c80dd42ba3,0,ALWAYS,NULL,ATTACK_ROLL,MELEE_OR_RANGED,5,FIXED,5,NULL,NULL,NULL,NULL,NULL
799fc240-f95d-5b93-aad5-ef11ef0cad09,2026-09-08T00:00:00,2026-09-08T00:00:00,0,7d83c791-c2d9-541a-92dd-10602a1be483,0,ALWAYS,NULL,AUTOMATIC,NULL,NULL,NULL,NULL,NULL,NULL,NULL,NULL,NULL
4556b731-bf7a-593e-9a07-b5cd7ad17437,2026-09-08T00:00:00,2026-09-08T00:00:00,0,1ddf824b-4fa8-5204-b68b-67cb07a986d8,0,ALWAYS,NULL,AUTOMATIC,NULL,NULL,NULL,NULL,NULL,NULL,NULL,NULL,NULL
5f9bf173-8d95-5ed7-923e-9f550a4eca3c,2026-09-08T00:00:00,2026-09-08T00:00:00,0,84e0e596-5b79-57a8-9387-1ef6de74a5c6,0,ALWAYS,NULL,AUTOMATIC,NULL,NULL,NULL,NULL,NULL,NULL,NULL,NULL,NULL
d2efd217-6281-5b5a-82bc-cc498a28ebab,2026-09-08T00:00:00,2026-09-08T00:00:00,0,dca44660-feff-5f37-a93b-1a3cae2b843a,0,ALWAYS,NULL,AUTOMATIC,NULL,NULL,NULL,NULL,NULL,NULL,NULL,NULL,NULL
cad41dad-ff95-58e4-834e-d280f6a69a64,2026-09-08T00:00:00,2026-09-08T00:00:00,0,54d267fb-5dbb-5700-8ba8-7adac14ec987,0,ALWAYS,NULL,AUTOMATIC,NULL,NULL,NULL,NULL,NULL,NULL,NULL,NULL,NULL
5d29225c-49d6-5931-8a37-58358bcba6a7,2026-09-08T00:00:00,2026-09-08T00:00:00,0,c0cfdddd-c02d-58cd-bd82-e285a303986d,0,ALWAYS,NULL,AUTOMATIC,NULL,NULL,NULL,NULL,NULL,NULL,NULL,NULL,NULL
0a479b45-daa0-5a38-8a8f-3b8b5c6ccab0,2026-09-08T00:00:00,2026-09-08T00:00:00,0,1be6c6c9-9574-54ca-a10d-e0eb6600e02e,0,ALWAYS,NULL,AUTOMATIC,NULL,NULL,NULL,NULL,NULL,NULL,NULL,NULL,NULL
ba1005cf-27ab-5e79-bbf9-e3fa2b83ec86,2026-09-08T00:00:00,2026-09-08T00:00:00,0,40f3ebc8-35aa-5c61-bf45-419387fcafe3,0,ALWAYS,NULL,ATTACK_ROLL,MELEE,6,FIXED,5,NULL,NULL,NULL,NULL,NULL
2a0dc1a3-057e-531e-b148-13f5af464f29,2026-09-08T00:00:00,2026-09-08T00:00:00,0,79ea5d46-038c-563c-8be2-8aece986d919,0,ALWAYS,NULL,SAVING_THROW,NULL,NULL,NULL,NULL,5,NULL,CONSTITUTION,14,FIXED
41c75dad-ba7c-51f2-8464-7b2168079fd1,2026-09-08T00:00:00,2026-09-08T00:00:00,0,9220cff7-dc86-5063-a4a8-f68a3334bd85,0,ALWAYS,NULL,AUTOMATIC,NULL,NULL,NULL,NULL,NULL,NULL,NULL,NULL,NULL
8031d758-8eb3-58ea-b729-848c6872d44a,2026-09-08T00:00:00,2026-09-08T00:00:00,0,6ea4faae-a7cb-5dfb-af02-f9d43992e99a,0,ALWAYS,NULL,AUTOMATIC,NULL,NULL,NULL,NULL,NULL,NULL,NULL,NULL,NULL
5283bf85-bea9-568a-af39-220fa325b55a,2026-09-08T00:00:00,2026-09-08T00:00:00,0,33534c2c-6252-5fb8-8508-0e125e2dcec8,0,ALWAYS,NULL,AUTOMATIC,NULL,NULL,NULL,NULL,NULL,NULL,NULL,NULL,NULL
64e811e1-1195-5c8f-b65e-59753f86c34d,2026-09-08T00:00:00,2026-09-08T00:00:00,0,7ff19e92-906e-5790-9e49-236060783154,0,ALWAYS,NULL,AUTOMATIC,NULL,NULL,NULL,NULL,NULL,NULL,NULL,NULL,NULL
8574c123-0753-59d7-a322-5e090a715886,2026-09-08T00:00:00,2026-09-08T00:00:00,0,d8ca6e25-5682-5d43-b3ca-75c822ad1370,0,ALWAYS,NULL,AUTOMATIC,NULL,NULL,NULL,NULL,NULL,NULL,NULL,NULL,NULL
55aa69c5-6464-57b1-8380-fffd0506c3a6,2026-09-08T00:00:00,2026-09-08T00:00:00,0,a2f858e4-2e0d-565b-8436-437e1982dd38,0,ALWAYS,NULL,AUTOMATIC,NULL,NULL,NULL,NULL,NULL,NULL,NULL,NULL,NULL
088217d2-f441-50bc-9f5d-c7546273db75,2026-09-08T00:00:00,2026-09-08T00:00:00,0,db27b675-c9cd-5b1a-ab42-41d7c6ebb264,0,ALWAYS,NULL,AUTOMATIC,NULL,NULL,NULL,NULL,NULL,NULL,NULL,NULL,NULL
7e2b4e9b-08cb-5ff3-aa0f-e495f3c22068,2026-09-08T00:00:00,2026-09-08T00:00:00,0,b3413279-94f6-5e37-af76-29a3ce1bec2a,0,ALWAYS,NULL,AUTOMATIC,NULL,NULL,NULL,NULL,NULL,NULL,NULL,NULL,NULL
1b3ca11d-b337-5d6f-9506-98e9b3b40968,2026-09-08T00:00:00,2026-09-08T00:00:00,0,4681538b-40a2-56bb-a4f6-d85a7ecf72a4,0,ALWAYS,NULL,AUTOMATIC,NULL,NULL,NULL,NULL,NULL,NULL,NULL,NULL,NULL
ee19768c-d0b2-53bb-9c8e-ab24703f7ed2,2026-09-08T00:00:00,2026-09-08T00:00:00,0,3eeb2456-5f4d-525f-9a02-d3c8980c1eab,0,ALWAYS,NULL,ATTACK_ROLL,MELEE,9,FIXED,5,NULL,NULL,NULL,NULL,NULL
5c2d1502-0622-51f0-96f5-afce0ae36019,2026-09-08T00:00:00,2026-09-08T00:00:00,0,1b330efe-e044-57fe-943c-7c16613ebb50,0,ALWAYS,NULL,SAVING_THROW,NULL,NULL,NULL,NULL,5,NULL,CONSTITUTION,17,FIXED
d13a74f8-bd5b-5945-98cc-fd60f0dcee3d,2026-09-08T00:00:00,2026-09-08T00:00:00,0,28f4878f-de79-5478-a464-50f84e44db8d,0,ALWAYS,NULL,AUTOMATIC,NULL,NULL,NULL,NULL,NULL,NULL,NULL,NULL,NULL
b8a8e608-ebe4-5ffe-9733-ece24586750d,2026-09-08T00:00:00,2026-09-08T00:00:00,0,e8cafade-9c10-50c9-9d3e-4b1470c4c247,0,ALWAYS,NULL,AUTOMATIC,NULL,NULL,NULL,NULL,NULL,NULL,NULL,NULL,NULL
df315c3b-66da-5b6c-82d8-2b34183592f7,2026-09-08T00:00:00,2026-09-08T00:00:00,0,edd0d2fb-0551-5ee6-9b6b-ddd2afbee5a7,0,ALWAYS,NULL,AUTOMATIC,NULL,NULL,NULL,NULL,NULL,NULL,NULL,NULL,NULL
dd398649-8919-50ff-8a8c-8e2e97834440,2026-09-08T00:00:00,2026-09-08T00:00:00,0,b156781a-96ea-5fd4-a972-d550edc80358,0,ALWAYS,NULL,AUTOMATIC,NULL,NULL,NULL,NULL,NULL,NULL,NULL,NULL,NULL
19c3b5bc-c72b-50df-8d9c-47d5a5a0b6df,2026-09-08T00:00:00,2026-09-08T00:00:00,0,465f9162-356b-5ace-a52a-9b00384429e7,0,ALWAYS,NULL,AUTOMATIC,NULL,NULL,NULL,NULL,NULL,NULL,NULL,NULL,NULL
e9dfe488-eb81-5c5c-8523-762de84fc78b,2026-09-08T00:00:00,2026-09-08T00:00:00,0,c98d1946-5882-5abb-af79-b31b33782f7e,0,ALWAYS,NULL,AUTOMATIC,NULL,NULL,NULL,NULL,NULL,NULL,NULL,NULL,NULL
e39c98d4-edc1-56f5-876e-0ca277835838,2026-09-08T00:00:00,2026-09-08T00:00:00,0,52d11f1e-c588-5ab8-8a1d-bdb82b754e50,0,ALWAYS,NULL,AUTOMATIC,NULL,NULL,NULL,NULL,NULL,NULL,NULL,NULL,NULL
199971a9-62cf-5a58-849e-c18e6bd4053f,2026-09-08T00:00:00,2026-09-08T00:00:00,0,f0ed367f-ae85-5197-8d0d-4ec7f582520b,0,ALWAYS,NULL,AUTOMATIC,NULL,NULL,NULL,NULL,NULL,NULL,NULL,NULL,NULL
ac080afd-2f48-5abf-b9a4-2cb6ffa99147,2026-09-08T00:00:00,2026-09-08T00:00:00,0,27b1a982-ff29-5863-8025-97eccad69c4d,0,ALWAYS,NULL,ATTACK_ROLL,MELEE,6,FIXED,5,NULL,NULL,NULL,NULL,NULL
e6164bce-138a-5a6c-a42a-7353854fafec,2026-09-08T00:00:00,2026-09-08T00:00:00,0,7438ed17-71e7-564f-adba-1e004ba53e8f,0,ALWAYS,NULL,SAVING_THROW,NULL,NULL,NULL,NULL,NULL,NULL,CONSTITUTION,15,FIXED
fa9d8c73-f00e-58c2-9802-7de9d8ef30d0,2026-09-08T00:00:00,2026-09-08T00:00:00,0,2e5d9a95-5906-5fd8-95ea-1af57969bb0f,0,ALWAYS,NULL,SAVING_THROW,NULL,NULL,NULL,NULL,NULL,NULL,CONSTITUTION,15,FIXED
b262b94c-677b-5454-8ab7-1476bad76f4f,2026-09-08T00:00:00,2026-09-08T00:00:00,0,2527d4a2-87ca-55c8-bf5e-a8994152b534,0,ALWAYS,NULL,AUTOMATIC,NULL,NULL,NULL,NULL,NULL,NULL,NULL,NULL,NULL
09d538b6-01fb-523a-8c3f-7070b745fd10,2026-09-08T00:00:00,2026-09-08T00:00:00,0,e9d04e86-6715-527e-b568-76ddddb4558b,0,ALWAYS,NULL,ATTACK_ROLL,MELEE_OR_RANGED,3,FIXED,5,NULL,NULL,NULL,NULL,NULL
088cc4b7-8abf-586a-b290-8a05a0b9073f,2026-09-08T00:00:00,2026-09-08T00:00:00,0,7efbafdb-989a-5452-a9a2-4f64547def0c,0,ALWAYS,NULL,AUTOMATIC,NULL,NULL,NULL,NULL,NULL,NULL,NULL,NULL,NULL
bba91a13-974f-5d2e-8244-6d91958694ab,2026-09-08T00:00:00,2026-09-08T00:00:00,0,a7d5c86d-dbfe-51ad-9224-c37c86fed9bf,0,ALWAYS,NULL,ATTACK_ROLL,MELEE,5,FIXED,5,NULL,NULL,NULL,NULL,NULL
f24adfbe-9389-5b24-b102-72d6b0157589,2026-09-08T00:00:00,2026-09-08T00:00:00,0,3a160365-1e3a-5d5e-b2eb-c29e40335986,0,ALWAYS,NULL,ATTACK_ROLL,RANGED,3,FIXED,NULL,100,400,NULL,NULL,NULL
f275c21a-1842-5a1f-af49-c459f70c6582,2026-09-08T00:00:00,2026-09-08T00:00:00,0,be7d4c70-8938-50a8-9616-fad6d66d0860,0,ALWAYS,NULL,AUTOMATIC,NULL,NULL,NULL,NULL,NULL,NULL,NULL,NULL,NULL
a707326f-3850-5176-9e39-997db2a7f5f1,2026-09-08T00:00:00,2026-09-08T00:00:00,0,3759e2fa-2510-5486-86a5-67d73d71cd29,0,ALWAYS,NULL,AUTOMATIC,NULL,NULL,NULL,NULL,NULL,NULL,NULL,NULL,NULL
060c72ff-ed8c-5014-9e7e-6e83854c2693,2026-09-08T00:00:00,2026-09-08T00:00:00,0,3d74b560-9522-50f6-aa4d-6d8f378fec71,0,ALWAYS,NULL,AUTOMATIC,NULL,NULL,NULL,NULL,NULL,NULL,NULL,NULL,NULL
09a06706-ec1b-582b-81a8-8a84d873726b,2026-09-08T00:00:00,2026-09-08T00:00:00,0,f3c6cdf7-aee8-5e26-8e5a-6829e39592c7,0,ALWAYS,NULL,AUTOMATIC,NULL,NULL,NULL,NULL,NULL,NULL,NULL,NULL,NULL
2dda217f-6497-5df3-80fd-485abc2cb68b,2026-09-08T00:00:00,2026-09-08T00:00:00,0,b9fb9d67-3a7c-55fc-a5e7-011d1486572e,0,ALWAYS,NULL,ATTACK_ROLL,MELEE,7,FIXED,5,NULL,NULL,NULL,NULL,NULL
a246f942-f01c-5b1e-b7e4-43bfa68b92a1,2026-09-08T00:00:00,2026-09-08T00:00:00,0,f19a4692-c465-5875-8473-5ea3cb731384,0,ALWAYS,NULL,SAVING_THROW,NULL,NULL,NULL,NULL,NULL,NULL,STRENGTH,15,FIXED
caf093dd-ca56-55e7-8b14-c23eb5f81b90,2026-09-08T00:00:00,2026-09-08T00:00:00,0,b2df9357-b44a-59b8-abb5-8ad8bc04cc55,0,ALWAYS,NULL,AUTOMATIC,NULL,NULL,NULL,NULL,NULL,NULL,NULL,NULL,NULL
8ca8d416-439d-5ff4-b07d-103570b142e9,2026-09-08T00:00:00,2026-09-08T00:00:00,0,137315d2-809f-5b67-ad20-4dc17f033bb1,0,ALWAYS,NULL,ATTACK_ROLL,MELEE,7,FIXED,5,NULL,NULL,NULL,NULL,NULL
4c947378-3052-5d29-80ca-f8e794ddf68e,2026-09-08T00:00:00,2026-09-08T00:00:00,0,137315d2-809f-5b67-ad20-4dc17f033bb1,1,ON_PREVIOUS_HIT,If the target is a Humanoid,SAVING_THROW,NULL,NULL,NULL,NULL,NULL,NULL,CONSTITUTION,14,FIXED
5b237f68-a000-5c2d-94ae-12bafbcd7b7b,2026-09-08T00:00:00,2026-09-08T00:00:00,0,eae767af-0388-5484-b166-ee9b821bee83,0,ALWAYS,NULL,ATTACK_ROLL,MELEE_OR_RANGED,7,FIXED,5,20,60,NULL,NULL,NULL
309c72f5-7ab9-591f-8463-b8267c3e2aa9,2026-09-08T00:00:00,2026-09-08T00:00:00,0,4d0e68c8-41c5-5782-a710-1c5c7c6c3258,0,ALWAYS,NULL,ATTACK_ROLL,MELEE,7,FIXED,5,NULL,NULL,NULL,NULL,NULL
da853094-442b-5cd9-9f07-59a7482c9b38,2026-09-08T00:00:00,2026-09-08T00:00:00,0,f98cdb1a-b4e3-5d5a-8fdb-251cc2f24189,0,ALWAYS,NULL,AUTOMATIC,NULL,NULL,NULL,NULL,NULL,NULL,NULL,NULL,NULL
acccf02f-9d3f-59c9-a285-2bf44320d423,2026-09-08T00:00:00,2026-09-08T00:00:00,0,37fae6ea-94cd-578f-8f6f-437ffc22727d,0,ALWAYS,NULL,AUTOMATIC,NULL,NULL,NULL,NULL,NULL,NULL,NULL,NULL,NULL
0bd79f4b-cb85-55b2-99ae-42b03e455056,2026-09-08T00:00:00,2026-09-08T00:00:00,0,7096c762-896d-5412-954c-5ad3ef9076e9,0,ALWAYS,NULL,ATTACK_ROLL,MELEE,5,FIXED,5,NULL,NULL,NULL,NULL,NULL
037d56a4-2d25-5b1f-b6ab-17d0f9878fa8,2026-09-08T00:00:00,2026-09-08T00:00:00,0,7096c762-896d-5412-954c-5ad3ef9076e9,1,ON_PREVIOUS_HIT,If the target is a Humanoid,SAVING_THROW,NULL,NULL,NULL,NULL,NULL,NULL,CONSTITUTION,12,FIXED
2ba4a86d-7ccf-5251-8698-411b79e2b8bd,2026-09-08T00:00:00,2026-09-08T00:00:00,0,6ce2c907-280b-51a0-97c3-b4bbc89d176c,0,ALWAYS,NULL,ATTACK_ROLL,MELEE_OR_RANGED,5,FIXED,5,NULL,NULL,NULL,NULL,NULL
a79db548-ed44-58ea-bfd2-a7084387a4ba,2026-09-08T00:00:00,2026-09-08T00:00:00,0,80f9a819-bbf9-5882-aa01-7aa9093cdbe6,0,ALWAYS,NULL,ATTACK_ROLL,MELEE,5,FIXED,5,NULL,NULL,NULL,NULL,NULL
7c6c08ff-dfb8-597f-940e-e958d9448ae2,2026-09-08T00:00:00,2026-09-08T00:00:00,0,d69660f8-ecb3-587e-a8a9-ae7dc590b624,0,ALWAYS,NULL,AUTOMATIC,NULL,NULL,NULL,NULL,NULL,NULL,NULL,NULL,NULL
1627d087-8d68-5c7b-a227-b1f5bfbd7af2,2026-09-08T00:00:00,2026-09-08T00:00:00,0,c21f57c0-93e5-5126-8858-81ab994ca707,0,ALWAYS,NULL,AUTOMATIC,NULL,NULL,NULL,NULL,NULL,NULL,NULL,NULL,NULL
63fe3e1e-435f-5a0d-8b98-0c650a15d17f,2026-09-08T00:00:00,2026-09-08T00:00:00,0,195c6323-4095-5797-b0be-b8aadda14204,0,ALWAYS,NULL,ATTACK_ROLL,MELEE,5,FIXED,5,NULL,NULL,NULL,NULL,NULL
f7a24e01-9391-5eb3-aab8-e8726eeda94b,2026-09-08T00:00:00,2026-09-08T00:00:00,0,195c6323-4095-5797-b0be-b8aadda14204,1,ON_PREVIOUS_HIT,If the target is a Humanoid,SAVING_THROW,NULL,NULL,NULL,NULL,NULL,NULL,CONSTITUTION,11,FIXED
4f12b5af-975f-590d-a676-bf3a02d6890e,2026-09-08T00:00:00,2026-09-08T00:00:00,0,0e0e365f-778a-5df9-95be-a70429854be9,0,ALWAYS,NULL,ATTACK_ROLL,MELEE,5,FIXED,5,NULL,NULL,NULL,NULL,NULL
b6242fec-43df-5520-8114-674e0e7d6fc3,2026-09-08T00:00:00,2026-09-08T00:00:00,0,0e0e365f-778a-5df9-95be-a70429854be9,1,ON_PREVIOUS_HIT,NULL,ATTACK_ROLL,RANGED,5,FIXED,NULL,30,120,NULL,NULL,NULL
9345f7f5-8c18-56e0-acec-ca3af4ffdb42,2026-09-08T00:00:00,2026-09-08T00:00:00,0,18212174-4e9f-517f-9d09-05b5387a66fa,0,ALWAYS,NULL,AUTOMATIC,NULL,NULL,NULL,NULL,NULL,NULL,NULL,NULL,NULL
7265c1b5-c1a6-5bb1-a2bf-254c9748505e,2026-09-08T00:00:00,2026-09-08T00:00:00,0,4b9c1bd5-eb60-59bc-b9f0-679e6fc3d9cb,0,ALWAYS,NULL,AUTOMATIC,NULL,NULL,NULL,NULL,NULL,NULL,NULL,NULL,NULL
7f4efbae-d659-51a0-90d0-c8c6e17fc1fe,2026-09-08T00:00:00,2026-09-08T00:00:00,0,154836c8-f669-587b-a9af-db13a53deb00,0,ALWAYS,NULL,ATTACK_ROLL,MELEE,5,FIXED,5,NULL,NULL,NULL,NULL,NULL
3a997abc-71f9-5cd9-91bf-cd81200afc2b,2026-09-08T00:00:00,2026-09-08T00:00:00,0,154836c8-f669-587b-a9af-db13a53deb00,1,ON_PREVIOUS_HIT,If the target is a Humanoid,SAVING_THROW,NULL,NULL,NULL,NULL,NULL,NULL,CONSTITUTION,13,FIXED
eb0ffd37-9ea5-57ec-b3e7-f841cf98634e,2026-09-08T00:00:00,2026-09-08T00:00:00,0,9a69e478-d623-5a5b-a425-5077ba959d75,0,ALWAYS,NULL,ATTACK_ROLL,MELEE,5,FIXED,5,NULL,NULL,NULL,NULL,NULL
f8365bef-b7fd-51bb-a126-fe56e6333fde,2026-09-08T00:00:00,2026-09-08T00:00:00,0,a842cba4-b86e-55d7-b99b-6f13337201b7,0,ALWAYS,NULL,ATTACK_ROLL,RANGED,4,FIXED,NULL,150,600,NULL,NULL,NULL
606dae1c-d16c-53b1-8c63-d997f317b8b4,2026-09-08T00:00:00,2026-09-08T00:00:00,0,05bbf8fa-d170-5a42-9d37-0fcc5921d89b,0,ALWAYS,NULL,AUTOMATIC,NULL,NULL,NULL,NULL,NULL,NULL,NULL,NULL,NULL
27ca31f6-d18b-53f9-a50d-4301f55bfff1,2026-09-08T00:00:00,2026-09-08T00:00:00,0,a9454e6e-efc1-52a1-b2b1-e403e14a3e47,0,ALWAYS,NULL,AUTOMATIC,NULL,NULL,NULL,NULL,NULL,NULL,NULL,NULL,NULL
6d19e4b6-c9e1-5cf7-b000-590dff546627,2026-09-08T00:00:00,2026-09-08T00:00:00,0,7d6ef699-aa91-570d-b3f7-39d6c1fc1337,0,ALWAYS,NULL,AUTOMATIC,NULL,NULL,NULL,NULL,NULL,NULL,NULL,NULL,NULL
dc90efe7-dcdd-5445-a0cb-f86a0d49d0af,2026-09-08T00:00:00,2026-09-08T00:00:00,0,8808e517-3968-51c1-b738-f4c544b14525,0,ALWAYS,NULL,AUTOMATIC,NULL,NULL,NULL,NULL,NULL,NULL,NULL,NULL,NULL
156d0270-74a5-571d-8bbe-ab387825e055,2026-09-08T00:00:00,2026-09-08T00:00:00,0,dbd07785-4fc6-56b1-a13c-4febe5b0f2ff,0,ALWAYS,NULL,ATTACK_ROLL,MELEE,5,FIXED,5,NULL,NULL,NULL,NULL,NULL
01f292c5-b843-5a19-9ab5-892137308948,2026-09-08T00:00:00,2026-09-08T00:00:00,0,dbd07785-4fc6-56b1-a13c-4febe5b0f2ff,1,ON_PREVIOUS_HIT,If the target is a Humanoid,SAVING_THROW,NULL,NULL,NULL,NULL,NULL,NULL,CONSTITUTION,12,FIXED
2ec42e81-d416-52f0-9a61-013f524f2c90,2026-09-08T00:00:00,2026-09-08T00:00:00,0,f82fe2f8-2b97-5683-8159-3413a046ed6e,0,ALWAYS,NULL,ATTACK_ROLL,MELEE,5,FIXED,5,NULL,NULL,NULL,NULL,NULL
4b3ffe35-7f79-5af1-8f80-d81183b4177d,2026-09-08T00:00:00,2026-09-08T00:00:00,0,2626c87f-0664-56d3-88d7-4e92f3acca17,0,ALWAYS,NULL,ATTACK_ROLL,RANGED,4,FIXED,NULL,150,600,NULL,NULL,NULL
f4047725-8660-5eaf-b67d-9622ea33ac2b,2026-09-08T00:00:00,2026-09-08T00:00:00,0,724e865d-9872-5723-a0d0-46b13c5cba7f,0,ALWAYS,NULL,AUTOMATIC,NULL,NULL,NULL,NULL,NULL,NULL,NULL,NULL,NULL
67d94957-2b3a-5153-8a4b-7d343696e167,2026-09-08T00:00:00,2026-09-08T00:00:00,0,eccab190-c757-5e80-8a4e-e597b6cec01d,0,ALWAYS,NULL,AUTOMATIC,NULL,NULL,NULL,NULL,NULL,NULL,NULL,NULL,NULL
52f10c5a-4bdd-5ba5-8344-e54d7ff8425c,2026-09-08T00:00:00,2026-09-08T00:00:00,0,7e07122e-ca04-5d83-a91e-7adb009eaa2e,0,ALWAYS,NULL,AUTOMATIC,NULL,NULL,NULL,NULL,NULL,NULL,NULL,NULL,NULL
755a73c1-1ab4-565f-b84c-35235e5ad9ce,2026-09-08T00:00:00,2026-09-08T00:00:00,0,8d0692d9-2256-5e35-b105-170eecea9a8b,0,ALWAYS,NULL,ATTACK_ROLL,MELEE,4,FIXED,5,NULL,NULL,NULL,NULL,NULL
a692cd77-2fa5-5c98-83a3-c9b7d4054919,2026-09-08T00:00:00,2026-09-08T00:00:00,0,22b90619-05ad-5e2e-89b7-67d08eae52be,0,ALWAYS,NULL,SAVING_THROW,NULL,NULL,NULL,NULL,NULL,NULL,CONSTITUTION,12,FIXED
0aab42ef-f1ec-5ec5-b85e-2c58ece501ac,2026-09-08T00:00:00,2026-09-08T00:00:00,0,7b8aca01-5125-5fc1-9bfa-5907a8753b5e,0,ALWAYS,NULL,AUTOMATIC,NULL,NULL,NULL,NULL,NULL,NULL,NULL,NULL,NULL
bab04c03-ab5e-5c95-a8bb-4647f5d7c308,2026-09-08T00:00:00,2026-09-08T00:00:00,0,c47d2855-32e7-55b1-9395-84964849e55d,0,ALWAYS,NULL,AUTOMATIC,NULL,NULL,NULL,NULL,NULL,NULL,NULL,NULL,NULL
a5143e01-db09-536f-a5dc-2760db2434e7,2026-09-08T00:00:00,2026-09-08T00:00:00,0,26bcecb6-3273-5bf8-9ce3-c121db788f78,0,ALWAYS,NULL,ATTACK_ROLL,MELEE,7,FIXED,10,NULL,NULL,NULL,NULL,NULL
49c5f29c-33e5-520c-b85d-f7b9521bb8a4,2026-09-08T00:00:00,2026-09-08T00:00:00,0,950fd2b1-8c97-5c1f-a655-fdc04950fe53,0,ALWAYS,NULL,SAVING_THROW,NULL,NULL,NULL,NULL,NULL,NULL,CONSTITUTION,15,FIXED
4a2d5e40-a213-5938-88dc-84649d123ca0,2026-09-08T00:00:00,2026-09-08T00:00:00,0,7f5f4307-a956-528c-993c-856fa5231d05,0,ALWAYS,NULL,AUTOMATIC,NULL,NULL,NULL,NULL,NULL,NULL,NULL,NULL,NULL
9bcd2741-3528-5e12-9444-2b97d19e02f9,2026-09-08T00:00:00,2026-09-08T00:00:00,0,67591069-7e09-5f06-8d17-98282fd479fd,0,ALWAYS,NULL,AUTOMATIC,NULL,NULL,NULL,NULL,NULL,NULL,NULL,NULL,NULL
82c814f1-d23c-5940-a312-7fee9c70c1d5,2026-09-08T00:00:00,2026-09-08T00:00:00,0,a911cf5c-a713-5978-adde-26f56edb415e,0,ALWAYS,NULL,AUTOMATIC,NULL,NULL,NULL,NULL,NULL,NULL,NULL,NULL,NULL
793e2d81-5088-5d06-9a9c-ba1a01d3a5a5,2026-09-08T00:00:00,2026-09-08T00:00:00,0,b7cf10fc-e842-5385-907c-a54bad6d14fb,0,ALWAYS,NULL,ATTACK_ROLL,MELEE,11,FIXED,10,NULL,NULL,NULL,NULL,NULL
90ad475b-d0dd-5c8c-bd4b-5d32cf8d8ab9,2026-09-08T00:00:00,2026-09-08T00:00:00,0,0ca4780f-e04f-545e-8a1d-2fdc3488faad,0,ALWAYS,NULL,SAVING_THROW,NULL,NULL,NULL,NULL,NULL,NULL,CONSTITUTION,19,FIXED
79f88217-70f0-5123-8ef4-6b838ea9c11d,2026-09-08T00:00:00,2026-09-08T00:00:00,0,5c80ced1-81b3-5816-925a-1151604f5c13,0,ALWAYS,NULL,SAVING_THROW,NULL,NULL,NULL,NULL,120,NULL,CONSTITUTION,14,FIXED
7f30d8a2-e82e-5f8b-b6ba-7396ae782a14,2026-09-08T00:00:00,2026-09-08T00:00:00,0,80394cd7-45df-5cdb-a098-45a9fdd92d83,0,ALWAYS,NULL,AUTOMATIC,NULL,NULL,NULL,NULL,NULL,NULL,NULL,NULL,NULL
a387e77c-d67e-5e81-8d1e-25120b7874fc,2026-09-08T00:00:00,2026-09-08T00:00:00,0,3938016d-80aa-5e50-9576-4f863ac7dab8,0,ALWAYS,NULL,AUTOMATIC,NULL,NULL,NULL,NULL,NULL,NULL,NULL,NULL,NULL
ddae83cf-51ed-5f37-acaf-16950e11c7fd,2026-09-08T00:00:00,2026-09-08T00:00:00,0,b7e3073d-4795-5ca4-aa0d-ae8befbf76c1,0,ALWAYS,NULL,AUTOMATIC,NULL,NULL,NULL,NULL,NULL,NULL,NULL,NULL,NULL
36ab9ad5-a54e-5979-ade6-df8238f894b5,2026-09-08T00:00:00,2026-09-08T00:00:00,0,52a7f6c1-56b2-5d2b-86d1-d7441079e9d8,0,ALWAYS,NULL,AUTOMATIC,NULL,NULL,NULL,NULL,NULL,NULL,NULL,NULL,NULL
20e80daa-87cd-5b4b-bffc-f5c86691b4a3,2026-09-08T00:00:00,2026-09-08T00:00:00,0,8ce42db7-a336-5666-b1b5-740a1b932461,0,ALWAYS,NULL,AUTOMATIC,NULL,NULL,NULL,NULL,NULL,NULL,NULL,NULL,NULL
aa060b86-cca1-53d9-aea6-c8ae00f2b477,2026-09-08T00:00:00,2026-09-08T00:00:00,0,8e7186f4-ee88-5f67-8711-6e3e2051a2d6,0,ALWAYS,NULL,ATTACK_ROLL,MELEE,14,FIXED,15,NULL,NULL,NULL,NULL,NULL
42b8550b-5a18-59ff-a985-cd316d535bd5,2026-09-08T00:00:00,2026-09-08T00:00:00,0,49dbb278-d4dc-54e8-b379-99931b79af39,0,ALWAYS,NULL,SAVING_THROW,NULL,NULL,NULL,NULL,NULL,NULL,CONSTITUTION,22,FIXED
77f1cc6e-2bb3-50c3-ad88-16cdfae95901,2026-09-08T00:00:00,2026-09-08T00:00:00,0,86dfc739-e54c-5fe7-87e0-d8be4e150a31,0,ALWAYS,NULL,SAVING_THROW,NULL,NULL,NULL,NULL,120,NULL,CONSTITUTION,20,FIXED
744b46cc-c944-5cc3-8b07-477d83f2506c,2026-09-08T00:00:00,2026-09-08T00:00:00,0,51c29e7d-0a74-5769-b393-9bc7d3cc96f5,0,ALWAYS,NULL,AUTOMATIC,NULL,NULL,NULL,NULL,NULL,NULL,NULL,NULL,NULL
ac39de10-111d-5b15-8e65-8cca83e0d7ed,2026-09-08T00:00:00,2026-09-08T00:00:00,0,f83920dd-c42d-52b0-87d9-e28cc6a51029,0,ALWAYS,NULL,AUTOMATIC,NULL,NULL,NULL,NULL,NULL,NULL,NULL,NULL,NULL
363561cd-9ac1-5739-ad3c-fcf818c5ae97,2026-09-08T00:00:00,2026-09-08T00:00:00,0,dc2599bb-3945-5391-9193-02007b4d0513,0,ALWAYS,NULL,AUTOMATIC,NULL,NULL,NULL,NULL,NULL,NULL,NULL,NULL,NULL
61b73030-589d-5b49-b95e-8f4cf1d0ad69,2026-09-08T00:00:00,2026-09-08T00:00:00,0,fa6f600a-418b-5c7a-b4d9-e240720f98ff,0,ALWAYS,NULL,AUTOMATIC,NULL,NULL,NULL,NULL,NULL,NULL,NULL,NULL,NULL
3d86cf85-b739-56c0-b9bd-999920d9961a,2026-09-08T00:00:00,2026-09-08T00:00:00,0,52fb668b-682e-5383-b304-acdb588db058,0,ALWAYS,NULL,ATTACK_ROLL,MELEE,4,FIXED,5,NULL,NULL,NULL,NULL,NULL
9a8f8ba3-a08b-5ee0-9a70-4d3fdf3070b2,2026-09-08T00:00:00,2026-09-08T00:00:00,0,58304bb8-4d84-5691-afad-3b8f85894c4a,0,ALWAYS,NULL,ATTACK_ROLL,RANGED,4,FIXED,NULL,150,600,NULL,NULL,NULL
24c1304c-9f76-5eae-9cb1-8ce2b45919e8,2026-09-08T00:00:00,2026-09-08T00:00:00,0,3263cfd8-2edb-5ce6-a4a3-d27b14b9d9ea,0,ALWAYS,NULL,SAVING_THROW,NULL,NULL,NULL,NULL,5,NULL,CONSTITUTION,13,FIXED
65af0a95-2432-5385-9a6a-23961510db82,2026-09-08T00:00:00,2026-09-08T00:00:00,0,96442264-bf5c-571e-b80c-85097349f43d,0,ALWAYS,NULL,AUTOMATIC,NULL,NULL,NULL,NULL,NULL,NULL,NULL,NULL,NULL
b4bb3081-688d-5259-9b85-41937a16a8a8,2026-09-08T00:00:00,2026-09-08T00:00:00,0,da5bcab2-dd61-5243-b48a-859c9654a5ac,0,ALWAYS,NULL,AUTOMATIC,NULL,NULL,NULL,NULL,NULL,NULL,NULL,NULL,NULL
08f7b3a3-cdc7-5858-b3b3-0b45a8d43da9,2026-09-08T00:00:00,2026-09-08T00:00:00,0,d334daac-6f57-5ccf-a1bd-2d33c52f1955,0,ALWAYS,NULL,AUTOMATIC,NULL,NULL,NULL,NULL,NULL,NULL,NULL,NULL,NULL
1262629a-73d4-53d0-beee-4f1675fe3e56,2026-09-08T00:00:00,2026-09-08T00:00:00,0,fd8117bb-df31-5761-b3f9-bc3ef05ee814,0,ALWAYS,NULL,ATTACK_ROLL,MELEE,4,FIXED,5,NULL,NULL,NULL,NULL,NULL
fb4f2d86-e99e-5383-9fb0-d5dc4c80fef4,2026-09-08T00:00:00,2026-09-08T00:00:00,0,f09fa93c-7ed3-56f2-8b00-b042270558be,0,ALWAYS,NULL,SAVING_THROW,NULL,NULL,NULL,NULL,5,NULL,CONSTITUTION,10,FIXED
47a2fb9d-0b54-58ce-9509-4042acaad600,2026-09-08T00:00:00,2026-09-08T00:00:00,0,2c4f6608-56b0-5d87-8b63-92ff79304752,0,ALWAYS,NULL,AUTOMATIC,NULL,NULL,NULL,NULL,NULL,NULL,NULL,NULL,NULL
68742998-2b5b-5521-9e02-4b447033a129,2026-09-08T00:00:00,2026-09-08T00:00:00,0,e07ae59d-c7e9-5f05-9829-65958db405f6,0,ALWAYS,NULL,AUTOMATIC,NULL,NULL,NULL,NULL,NULL,NULL,NULL,NULL,NULL
f6164396-d23d-5f4a-9efc-f0f45af9f422,2026-09-08T00:00:00,2026-09-08T00:00:00,0,35851650-4d43-50e7-ada1-f991d9e728a7,0,ALWAYS,NULL,ATTACK_ROLL,MELEE,6,FIXED,5,NULL,NULL,NULL,NULL,NULL
2ae4f889-73b2-55ec-a5e5-5f972ca181a7,2026-09-08T00:00:00,2026-09-08T00:00:00,0,e04d4d4a-58cd-5d6a-9267-3afc560f2a9f,0,ALWAYS,NULL,SAVING_THROW,NULL,NULL,NULL,NULL,NULL,NULL,CONSTITUTION,12,FIXED
607b3451-7f03-50ca-ae95-60416fcaf2a6,2026-09-08T00:00:00,2026-09-08T00:00:00,0,7cc95d0a-8ff8-52b7-a3b7-69af65c101f8,0,ALWAYS,NULL,ATTACK_ROLL,MELEE,5,FIXED,5,NULL,NULL,NULL,NULL,NULL
5e16a2be-fd2c-537b-99a6-7efd4ece8df4,2026-09-08T00:00:00,2026-09-08T00:00:00,0,dea624d3-b16b-5800-9097-76cf353ae521,0,ALWAYS,NULL,AUTOMATIC,NULL,NULL,NULL,NULL,NULL,NULL,NULL,NULL,NULL
04878e98-43de-5928-b91f-de4af1e65948,2026-09-08T00:00:00,2026-09-08T00:00:00,0,a9613f5c-3124-542f-88aa-6531a28437d1,0,ALWAYS,NULL,AUTOMATIC,NULL,NULL,NULL,NULL,NULL,NULL,NULL,NULL,NULL
872b9e68-2631-5240-b968-ddf10018ff4d,2026-09-08T00:00:00,2026-09-08T00:00:00,0,875e6f07-7212-5834-9ec8-897db2d19126,0,ALWAYS,NULL,ATTACK_ROLL,MELEE,6,FIXED,5,NULL,NULL,NULL,NULL,NULL
5a85a16f-1f82-5307-95e2-456fdfb9000b,2026-09-08T00:00:00,2026-09-08T00:00:00,0,bfa6b35d-29c4-5fd0-a864-6c51f02fa912,0,ALWAYS,NULL,AUTOMATIC,NULL,NULL,NULL,NULL,NULL,NULL,NULL,NULL,NULL
3f99c165-cd5d-5661-b554-d81b307f3770,2026-09-08T00:00:00,2026-09-08T00:00:00,0,82216d10-3f46-54fc-b7be-92d3c6427f55,0,ALWAYS,NULL,AUTOMATIC,NULL,NULL,NULL,NULL,NULL,NULL,NULL,NULL,NULL
6ba8f452-ae61-5ac9-bd43-be8b1f96b674,2026-09-08T00:00:00,2026-09-08T00:00:00,0,a6d57d75-8787-58b8-8fc7-62c66ef0a531,0,ALWAYS,NULL,ATTACK_ROLL,MELEE,7,FIXED,5,NULL,NULL,NULL,NULL,NULL
e7004400-685b-560b-a5ca-47f94c562a5d,2026-09-08T00:00:00,2026-09-08T00:00:00,0,633fd8dd-bbc6-5f17-b6ba-bf6b16372ba3,0,ALWAYS,NULL,ATTACK_ROLL,MELEE,7,FIXED,10,NULL,NULL,NULL,NULL,NULL
7c9da9c1-cacc-51dc-9637-46f52759208f,2026-09-08T00:00:00,2026-09-08T00:00:00,0,f78f767b-c0ca-5ec0-9948-481ffe7cfd74,0,ALWAYS,NULL,AUTOMATIC,NULL,NULL,NULL,NULL,NULL,NULL,NULL,NULL,NULL
03faf006-e997-5fa1-b4cd-248cb76f7877,2026-09-08T00:00:00,2026-09-08T00:00:00,0,0c146569-eeb4-5b74-be51-696751d0d4aa,0,ALWAYS,NULL,AUTOMATIC,NULL,NULL,NULL,NULL,NULL,NULL,NULL,NULL,NULL
b7693d12-4df1-52da-ad66-97ee45f16f15,2026-09-08T00:00:00,2026-09-08T00:00:00,0,f23372ce-8fe9-5c67-b060-e3ea72429d94,0,ALWAYS,NULL,AUTOMATIC,NULL,NULL,NULL,NULL,NULL,NULL,NULL,NULL,NULL
35706718-89b2-5c00-ab09-190457d11881,2026-09-08T00:00:00,2026-09-08T00:00:00,0,59d18599-0e76-5769-aaa6-b2e3ca0bc74d,0,ALWAYS,NULL,ATTACK_ROLL,MELEE,6,FIXED,5,NULL,NULL,NULL,NULL,NULL
8a0c28af-a005-54a2-83d5-440b98a6ffc5,2026-09-08T00:00:00,2026-09-08T00:00:00,0,ea990faa-3d19-5fff-8f61-b5ab7562afc1,0,ALWAYS,NULL,ATTACK_ROLL,MELEE,6,FIXED,5,NULL,NULL,NULL,NULL,NULL
d792bf1c-10fe-5c65-b0f0-9b69663095b9,2026-09-08T00:00:00,2026-09-08T00:00:00,0,e4648769-5321-5b3d-a8b9-ff162c00f31b,0,ALWAYS,NULL,AUTOMATIC,NULL,NULL,NULL,NULL,NULL,NULL,NULL,NULL,NULL
89178f13-05ed-52c5-9e13-26bec20b7cac,2026-09-08T00:00:00,2026-09-08T00:00:00,0,264b8507-d11b-55d9-af84-ece3ea668207,0,ALWAYS,NULL,AUTOMATIC,NULL,NULL,NULL,NULL,NULL,NULL,NULL,NULL,NULL
5e7852c1-f75d-58cd-843d-ef153fd6dbf3,2026-09-08T00:00:00,2026-09-08T00:00:00,0,176956e1-fc1b-57aa-9fb9-3a34fbd5453f,0,ALWAYS,NULL,ATTACK_ROLL,MELEE,3,FIXED,5,NULL,NULL,NULL,NULL,NULL
9381427e-4dbe-556b-8427-0a818065c3d7,2026-09-08T00:00:00,2026-09-08T00:00:00,0,916f8c55-ed2d-5dee-90a9-9e8549abd4b3,0,ALWAYS,NULL,AUTOMATIC,NULL,NULL,NULL,NULL,NULL,NULL,NULL,NULL,NULL
817c51d6-0131-570d-9837-95d42d20674d,2026-09-08T00:00:00,2026-09-08T00:00:00,0,e4b0a948-742b-5b84-9f1c-a306ddffc301,0,ALWAYS,NULL,ATTACK_ROLL,MELEE,6,FIXED,5,NULL,NULL,NULL,NULL,NULL
8087db57-bc12-5431-a2d1-ae548656393f,2026-09-08T00:00:00,2026-09-08T00:00:00,0,6c01554c-339a-5886-bd1e-91d5b797e5ec,0,ALWAYS,NULL,ATTACK_ROLL,MELEE,6,FIXED,5,NULL,NULL,NULL,NULL,NULL
ed07d4c8-0359-5a8c-a124-189c77eade4b,2026-09-08T00:00:00,2026-09-08T00:00:00,0,c3ce15a0-d09f-5a11-b104-54dc1f5d598a,0,ALWAYS,NULL,ATTACK_ROLL,MELEE,6,FIXED,5,NULL,NULL,NULL,NULL,NULL
1ac61b21-1a2e-59a9-aa3f-794eded5b574,2026-09-08T00:00:00,2026-09-08T00:00:00,0,10219d43-7caf-5fb3-9f9d-41c8db6a4ec7,0,ALWAYS,NULL,AUTOMATIC,NULL,NULL,NULL,NULL,NULL,NULL,NULL,NULL,NULL
0dcc5a16-0ab7-5471-a509-9afdb3b17d5d,2026-09-08T00:00:00,2026-09-08T00:00:00,0,e31349a4-63d3-5079-aaa8-1247e2c0a7ae,0,ALWAYS,NULL,ATTACK_ROLL,MELEE,6,FIXED,10,NULL,NULL,NULL,NULL,NULL
27ac47f0-5a01-50a3-93bb-fe14bf217d97,2026-09-08T00:00:00,2026-09-08T00:00:00,0,fde0aff5-541f-5328-9003-a8a91022d0c7,0,ALWAYS,NULL,AUTOMATIC,NULL,NULL,NULL,NULL,NULL,NULL,NULL,NULL,NULL
ee3b92ae-c7c0-57f5-a733-c17f266d6fcb,2026-09-08T00:00:00,2026-09-08T00:00:00,0,c33f3696-0be4-5955-b728-b3697ff9b45f,0,ALWAYS,NULL,ATTACK_ROLL,MELEE,5,FIXED,5,NULL,NULL,NULL,NULL,NULL
501a9924-39e7-54eb-bbe2-1d423e5e81cd,2026-09-08T00:00:00,2026-09-08T00:00:00,0,d2881cba-0fe8-5ab2-8b8d-74dec8789ce9,0,ALWAYS,NULL,ATTACK_ROLL,RANGED,5,FIXED,NULL,25,50,NULL,NULL,NULL
a1bae2ec-360d-53e6-8283-6165c56243f1,2026-09-08T00:00:00,2026-09-08T00:00:00,0,423087b3-7fba-5a9a-b849-ff1c5fb56614,0,ALWAYS,NULL,AUTOMATIC,NULL,NULL,NULL,NULL,NULL,NULL,NULL,NULL,NULL
ed89cdf9-3ec5-5e7d-906a-abac8ac58a91,2026-09-08T00:00:00,2026-09-08T00:00:00,0,62e9f9cb-1ec8-5562-92e8-28c7540e0e98,0,ALWAYS,NULL,AUTOMATIC,NULL,NULL,NULL,NULL,NULL,NULL,NULL,NULL,NULL
266668cc-6e1c-5892-bc16-abfd73e8f6d5,2026-09-08T00:00:00,2026-09-08T00:00:00,0,cd0315c1-cb5a-582e-8747-c599c302eb61,0,ALWAYS,NULL,ATTACK_ROLL,MELEE,6,FIXED,5,NULL,NULL,NULL,NULL,NULL
a02df4a2-8b28-5704-ab08-bc032fb28416,2026-09-08T00:00:00,2026-09-08T00:00:00,0,069b392c-b4db-5de7-8d2a-49e65be889b5,0,ALWAYS,NULL,AUTOMATIC,NULL,NULL,NULL,NULL,NULL,NULL,NULL,NULL,NULL
5b733d2a-9d5c-5b79-91af-b05bff2d24cd,2026-09-08T00:00:00,2026-09-08T00:00:00,0,6044a31b-896b-5323-828c-5b74a562008f,0,ALWAYS,NULL,ATTACK_ROLL,MELEE,1,FIXED,5,NULL,NULL,NULL,NULL,NULL
0d632edd-7cc9-5f6c-a8f9-09aee250ba95,2026-09-08T00:00:00,2026-09-08T00:00:00,0,b9329fa4-3327-568d-99e5-a643daf1384c,0,ALWAYS,NULL,ATTACK_ROLL,MELEE,2,FIXED,5,NULL,NULL,NULL,NULL,NULL
346e9696-f5e7-59a3-ac8b-ab2aa1381c0b,2026-09-08T00:00:00,2026-09-08T00:00:00,0,494fbc60-327b-525f-8b9f-a9ac392a72ca,0,ALWAYS,NULL,ATTACK_ROLL,MELEE,4,FIXED,5,NULL,NULL,NULL,NULL,NULL
e371b946-33af-5ac9-9b4f-283e411d4423,2026-09-08T00:00:00,2026-09-08T00:00:00,0,585ac9cc-e309-5054-8126-7e3135037354,0,ALWAYS,NULL,AUTOMATIC,NULL,NULL,NULL,NULL,NULL,NULL,NULL,NULL,NULL
fe1cfff6-c4e7-50d0-91ab-473890a01c4d,2026-09-08T00:00:00,2026-09-08T00:00:00,0,82ff6833-8b24-59dc-9215-c29135c943ca,0,ALWAYS,NULL,ATTACK_ROLL,MELEE,4,FIXED,5,NULL,NULL,NULL,NULL,NULL
c6a1bb39-f942-5f40-a393-1ddaffdb582d,2026-09-08T00:00:00,2026-09-08T00:00:00,0,8e27c169-af6b-5dfd-9355-cee1f29fda4f,0,ALWAYS,NULL,AUTOMATIC,NULL,NULL,NULL,NULL,NULL,NULL,NULL,NULL,NULL
2af115fa-75dd-50f5-b3f1-7426dbb057a8,2026-09-08T00:00:00,2026-09-08T00:00:00,0,b6f925f3-aa30-5d6e-81fb-1acb7a93ac70,0,ALWAYS,NULL,ATTACK_ROLL,MELEE,4,FIXED,5,NULL,NULL,NULL,NULL,NULL
7fbe8d9d-96f2-5fa4-870a-6eafb134a073,2026-09-08T00:00:00,2026-09-08T00:00:00,0,ccc2ebef-01a5-5bab-8530-d94d81acf340,0,ALWAYS,NULL,AUTOMATIC,NULL,NULL,NULL,NULL,NULL,NULL,NULL,NULL,NULL
a9b0fa61-0be7-5e4c-a17c-521cce0333fb,2026-09-08T00:00:00,2026-09-08T00:00:00,0,a28c804d-3ca0-57f1-b377-30150784960f,0,ALWAYS,NULL,ATTACK_ROLL,MELEE,3,FIXED,5,NULL,NULL,NULL,NULL,NULL
f3b826c9-04f7-56aa-8857-f9bac07ee400,2026-09-08T00:00:00,2026-09-08T00:00:00,0,b9e20335-881c-5b16-94cf-50e8713b2495,0,ALWAYS,NULL,AUTOMATIC,NULL,NULL,NULL,NULL,NULL,NULL,NULL,NULL,NULL
b9932276-a8f7-5301-9964-d0eaaf0d19d3,2026-09-08T00:00:00,2026-09-08T00:00:00,0,025ff93d-7da0-5490-916c-c541f1138e4e,0,ALWAYS,NULL,ATTACK_ROLL,MELEE,5,FIXED,5,NULL,NULL,NULL,NULL,NULL
f8606ea5-95fc-5c6f-9a76-98e6c88295e3,2026-09-08T00:00:00,2026-09-08T00:00:00,0,901bdcc7-a261-5372-a1cd-a42040e311aa,0,ALWAYS,NULL,ATTACK_ROLL,MELEE,5,FIXED,5,NULL,NULL,NULL,NULL,NULL
c39ceb10-e9c3-574e-adc6-d891d3f6f5d3,2026-09-08T00:00:00,2026-09-08T00:00:00,0,725e5977-c1e6-5778-9c31-f427d233dbe3,0,ALWAYS,NULL,ATTACK_ROLL,MELEE,4,FIXED,5,NULL,NULL,NULL,NULL,NULL
a92c1b3e-4733-5e38-9ce2-5a96e37bd45c,2026-09-08T00:00:00,2026-09-08T00:00:00,0,15074a39-9f7e-5115-abaa-270593b14bda,0,ALWAYS,NULL,AUTOMATIC,NULL,NULL,NULL,NULL,NULL,NULL,NULL,NULL,NULL
87f68415-29fe-5b5d-af73-14418aecbeee,2026-09-08T00:00:00,2026-09-08T00:00:00,0,053cfa42-ffbd-5423-a6a3-c4d0b1c16d2e,0,ALWAYS,NULL,ATTACK_ROLL,MELEE,4,FIXED,5,NULL,NULL,NULL,NULL,NULL
fd1e81b0-d5a3-5ff4-bf89-21ee384649c8,2026-09-08T00:00:00,2026-09-08T00:00:00,0,0cae2dfb-d310-5f16-ad98-b43fff4cc166,0,ALWAYS,NULL,ATTACK_ROLL,MELEE,4,FIXED,5,NULL,NULL,NULL,NULL,NULL
6cc66d0d-c9e0-54ab-9469-752efb225e28,2026-09-08T00:00:00,2026-09-08T00:00:00,0,5fa9f5b6-f533-50e9-859b-4d6cfe943ce3,0,ALWAYS,NULL,SAVING_THROW,NULL,NULL,NULL,NULL,5,NULL,STRENGTH,12,FIXED
41551f7b-f0d3-540d-90dd-f6ef147aee9e,2026-09-08T00:00:00,2026-09-08T00:00:00,0,2b178a1a-1217-5b28-bdf5-2eea0f8a4c5d,0,ALWAYS,NULL,AUTOMATIC,NULL,NULL,NULL,NULL,NULL,NULL,NULL,NULL,NULL
408aec51-8628-5d67-a2f2-c3e82c0b3457,2026-09-08T00:00:00,2026-09-08T00:00:00,0,74692b17-17fe-5c74-846b-4357233aabdf,0,ALWAYS,NULL,ATTACK_ROLL,MELEE,2,FIXED,5,NULL,NULL,NULL,NULL,NULL
27d0e18d-2abf-50a1-bd94-74b4df28ec5d,2026-09-08T00:00:00,2026-09-08T00:00:00,0,7f9df810-6a78-51bb-bb17-f00a25ed375d,0,ALWAYS,NULL,AUTOMATIC,NULL,NULL,NULL,NULL,NULL,NULL,NULL,NULL,NULL
672da9d3-f2c2-5b0e-9e97-90ab9d1cb05f,2026-09-08T00:00:00,2026-09-08T00:00:00,0,2842ff3b-0421-5f80-94b2-f2f10c9bc930,0,ALWAYS,NULL,ATTACK_ROLL,MELEE,4,FIXED,5,NULL,NULL,NULL,NULL,NULL
ee56c84d-b763-5b1d-b960-517e4c704bf5,2026-09-08T00:00:00,2026-09-08T00:00:00,0,73b2b493-abbe-54cb-912c-c393b0e68281,0,ALWAYS,NULL,AUTOMATIC,NULL,NULL,NULL,NULL,NULL,NULL,NULL,NULL,NULL
db6fece5-356b-525e-a40a-89efbc733ca2,2026-09-08T00:00:00,2026-09-08T00:00:00,0,f69b90fd-c5d1-5744-b1b4-4cf3a29113f3,0,ALWAYS,NULL,ATTACK_ROLL,MELEE,2,FIXED,5,NULL,NULL,NULL,NULL,NULL
222e829c-1d4d-52c3-bbb9-0e76c8b6c5b8,2026-09-08T00:00:00,2026-09-08T00:00:00,0,302c993d-a624-5aaf-a7b5-d7eaae17c82d,0,ALWAYS,NULL,AUTOMATIC,NULL,NULL,NULL,NULL,NULL,NULL,NULL,NULL,NULL
0d46b627-bb03-588f-87c0-2e7071e13a8e,2026-09-08T00:00:00,2026-09-08T00:00:00,0,c2c400ed-a8d1-5770-ac1c-45c7a949246e,0,ALWAYS,NULL,ATTACK_ROLL,MELEE,5,FIXED,5,NULL,NULL,NULL,NULL,NULL
720faabe-d165-5b8e-91eb-e71c6c5e03db,2026-09-08T00:00:00,2026-09-08T00:00:00,0,cc638593-7523-5aac-babb-ad7b0ac8d654,0,ALWAYS,NULL,ATTACK_ROLL,MELEE,6,FIXED,5,NULL,NULL,NULL,NULL,NULL
39c04b2f-b63d-5086-92e4-744dcdd0d71e,2026-09-08T00:00:00,2026-09-08T00:00:00,0,882cb0ba-a65c-57bb-a406-a1da47d108c0,0,ALWAYS,NULL,ATTACK_ROLL,MELEE,4,FIXED,NULL,NULL,NULL,NULL,NULL,NULL
9098955c-8e80-5962-9d15-490a4f503608,2026-09-08T00:00:00,2026-09-08T00:00:00,0,916ba0fc-9fa3-5933-889c-ac98868e6d73,0,ALWAYS,NULL,AUTOMATIC,NULL,NULL,NULL,NULL,NULL,NULL,NULL,NULL,NULL
791b1c79-8e61-5bd4-a92d-97966238275d,2026-09-08T00:00:00,2026-09-08T00:00:00,0,5d414347-d668-5393-aff2-b39fa9c992a2,0,ALWAYS,NULL,ATTACK_ROLL,MELEE,8,FIXED,5,NULL,NULL,NULL,NULL,NULL
a369845b-d67a-5e5d-b452-7b929ad3c9b0,2026-09-08T00:00:00,2026-09-08T00:00:00,0,1f4b4eb2-70ce-5d50-bddf-6dd176bdbc1a,0,ALWAYS,NULL,SAVING_THROW,NULL,NULL,NULL,NULL,5,NULL,DEXTERITY,16,FIXED
4448a411-f079-5293-8e70-b4fa64ac66f6,2026-09-08T00:00:00,2026-09-08T00:00:00,0,1b546907-d165-51b6-a6f7-6318225db58c,0,ALWAYS,NULL,ATTACK_ROLL,MELEE,5,FIXED,5,NULL,NULL,NULL,NULL,NULL
247b18bb-bca0-562c-a8c3-ef3587e03829,2026-09-08T00:00:00,2026-09-08T00:00:00,0,daed80ff-71f0-5435-addc-48c91dea4bbd,0,ALWAYS,NULL,AUTOMATIC,NULL,NULL,NULL,NULL,NULL,NULL,NULL,NULL,NULL
099e265d-759e-5c4f-b839-fbf64c9a69fe,2026-09-08T00:00:00,2026-09-08T00:00:00,0,7e7e9dc8-3a72-57f1-b1aa-c06c06867561,0,ALWAYS,NULL,ATTACK_ROLL,MELEE,4,FIXED,5,NULL,NULL,NULL,NULL,NULL
f4e7ea38-309c-5f67-96a0-9a604c09be30,2026-09-08T00:00:00,2026-09-08T00:00:00,0,a0ea3062-7475-5401-a73e-c3210c94dc54,0,ALWAYS,NULL,AUTOMATIC,NULL,NULL,NULL,NULL,NULL,NULL,NULL,NULL,NULL
a8ff12dd-a5a8-57cb-b5ec-7cae1773584e,2026-09-08T00:00:00,2026-09-08T00:00:00,0,34c631ce-85bc-5c5a-aeca-2eff6ea93e15,0,ALWAYS,NULL,AUTOMATIC,NULL,NULL,NULL,NULL,NULL,NULL,NULL,NULL,NULL
816a1ce0-d05d-553c-a194-119d493f6506,2026-09-08T00:00:00,2026-09-08T00:00:00,0,8c887edc-9e93-50ec-90d9-94aac131f406,0,ALWAYS,NULL,ATTACK_ROLL,MELEE,3,FIXED,5,NULL,NULL,NULL,NULL,NULL
bb10be7e-c0be-5c95-8733-c7c7e16eebdf,2026-09-08T00:00:00,2026-09-08T00:00:00,0,2723a32a-75cc-5411-bc9b-3a357ee968ab,0,ALWAYS,NULL,AUTOMATIC,NULL,NULL,NULL,NULL,NULL,NULL,NULL,NULL,NULL
215f67be-5620-51cc-aec7-13037192283e,2026-09-08T00:00:00,2026-09-08T00:00:00,0,e72bd41e-2d9f-51b6-aef3-453006faa29c,0,ALWAYS,NULL,ATTACK_ROLL,MELEE,9,FIXED,10,NULL,NULL,NULL,NULL,NULL
12288db0-caed-561b-a7e9-4b40b01f4851,2026-09-08T00:00:00,2026-09-08T00:00:00,0,acf92c6c-3019-508c-8e1a-8ca3deefc534,0,ALWAYS,NULL,SAVING_THROW,NULL,NULL,NULL,NULL,NULL,NULL,DEXTERITY,17,FIXED
caebdeb9-73bd-5faf-a5a3-2903d4e57af5,2026-09-08T00:00:00,2026-09-08T00:00:00,0,9c1855d3-ff89-5756-b69e-21bbaf3902a3,0,ALWAYS,NULL,AUTOMATIC,NULL,NULL,NULL,NULL,NULL,NULL,NULL,NULL,NULL
f7b3c19c-6bfa-5bfa-814d-51fec2546627,2026-09-08T00:00:00,2026-09-08T00:00:00,0,5f758ef0-4f35-5cf5-8aea-3ffe0d001fb8,0,ALWAYS,NULL,ATTACK_ROLL,MELEE,3,FIXED,5,NULL,NULL,NULL,NULL,NULL
6c252bb2-08e1-5420-9937-e17f161987fe,2026-09-08T00:00:00,2026-09-08T00:00:00,0,b46720cc-d1aa-5262-ab3e-be27c390409b,0,ALWAYS,NULL,ATTACK_ROLL,MELEE,5,FIXED,5,NULL,NULL,NULL,NULL,NULL
3ab58fc2-0365-59d5-ae9f-97a5ec66b3ab,2026-09-08T00:00:00,2026-09-08T00:00:00,0,e5308ecd-667e-5a34-9a69-507ccf4a11cf,0,ALWAYS,NULL,AUTOMATIC,NULL,NULL,NULL,NULL,NULL,NULL,NULL,NULL,NULL
b1b4a5c0-fb42-577c-b78b-7017a1f744be,2026-09-08T00:00:00,2026-09-08T00:00:00,0,2529fe63-d6ca-53bd-9dac-ea049f8a5d2b,0,ALWAYS,NULL,ATTACK_ROLL,MELEE,5,FIXED,5,NULL,NULL,NULL,NULL,NULL
1e6b1b6c-c9ea-5832-932f-31cd7ab3326c,2026-09-08T00:00:00,2026-09-08T00:00:00,0,57081f19-42d1-51b1-82c9-2274a8e08ede,0,ALWAYS,NULL,ATTACK_ROLL,MELEE,4,FIXED,5,NULL,NULL,NULL,NULL,NULL
fa379965-bee3-5840-81bf-d4c11845c4ab,2026-09-08T00:00:00,2026-09-08T00:00:00,0,8b3ca206-1846-52fc-9562-f31ef068ae11,0,ALWAYS,NULL,AUTOMATIC,NULL,NULL,NULL,NULL,NULL,NULL,NULL,NULL,NULL
4f0796e6-934d-54f7-b128-6b4aec49a357,2026-09-08T00:00:00,2026-09-08T00:00:00,0,bf2bbef8-598a-5eef-a7d2-13866cb3bd75,0,ALWAYS,NULL,ATTACK_ROLL,MELEE,6,FIXED,10,NULL,NULL,NULL,NULL,NULL
a7805433-58a3-5acc-9fe8-80a4ec65238b,2026-09-08T00:00:00,2026-09-08T00:00:00,0,c8dccfe5-4326-5b28-99bd-63825e9d6f72,0,ALWAYS,NULL,SAVING_THROW,NULL,NULL,NULL,NULL,10,NULL,STRENGTH,14,FIXED
6326ed29-0ecd-5f29-a719-a2a95dc58d0b,2026-09-08T00:00:00,2026-09-08T00:00:00,0,c2ce200f-de52-5f48-b2af-8d04297f2bcb,0,ALWAYS,NULL,AUTOMATIC,NULL,NULL,NULL,NULL,NULL,NULL,NULL,NULL,NULL
b39663e8-6e54-55db-80cf-812048992095,2026-09-08T00:00:00,2026-09-08T00:00:00,0,588357a0-40ba-52de-86b9-fb26588a8ae1,0,ALWAYS,NULL,ATTACK_ROLL,MELEE,3,FIXED,5,NULL,NULL,NULL,NULL,NULL
308b2597-38fa-562d-a705-be879073e429,2026-09-08T00:00:00,2026-09-08T00:00:00,0,c0c0b5f4-a08c-5d83-a11b-12a5fc84839b,0,ALWAYS,NULL,AUTOMATIC,NULL,NULL,NULL,NULL,NULL,NULL,NULL,NULL,NULL
2cb31a37-31f3-5c33-9e1d-a90c129ebc90,2026-09-08T00:00:00,2026-09-08T00:00:00,0,b9ebb954-3e84-555c-9367-f286d79976da,0,ALWAYS,NULL,AUTOMATIC,NULL,NULL,NULL,NULL,NULL,NULL,NULL,NULL,NULL
03280112-69e4-5e0a-bd1e-bd1b990303e1,2026-09-08T00:00:00,2026-09-08T00:00:00,0,a6a5c8a4-f943-58e8-8e7c-7b88a5899167,0,ALWAYS,NULL,ATTACK_ROLL,MELEE,8,FIXED,5,NULL,NULL,NULL,NULL,NULL
de1e4ad7-7c3d-59b2-a37f-77e4b4250706,2026-09-08T00:00:00,2026-09-08T00:00:00,0,a04dfc44-2a3e-57b5-8983-aead875de53b,0,ALWAYS,NULL,ATTACK_ROLL,MELEE,8,FIXED,10,NULL,NULL,NULL,NULL,NULL
c01f778f-11a2-53a9-b70f-67ea690e5f55,2026-09-08T00:00:00,2026-09-08T00:00:00,0,a4c01ee4-7715-5966-ae5d-f1299a2ae98b,0,ALWAYS,NULL,AUTOMATIC,NULL,NULL,NULL,NULL,NULL,NULL,NULL,NULL,NULL
e26654df-1bbb-5144-ad9e-068a2f6440d8,2026-09-08T00:00:00,2026-09-08T00:00:00,0,f61bcef1-c0b9-5873-9a23-3a5830ee6ec8,0,ALWAYS,NULL,ATTACK_ROLL,MELEE,5,FIXED,5,NULL,NULL,NULL,NULL,NULL
6120e6fb-d920-5b7e-8088-bd794d1f3fe0,2026-09-08T00:00:00,2026-09-08T00:00:00,0,6a2bccd3-8fb4-5707-8609-f5f7eebe71dc,0,ALWAYS,NULL,ATTACK_ROLL,MELEE,6,FIXED,10,NULL,NULL,NULL,NULL,NULL
b1e612c6-fdc8-5269-a9c3-6ca41a8aa88e,2026-09-08T00:00:00,2026-09-08T00:00:00,0,5700038c-b918-562c-b19d-ddf694975085,0,ALWAYS,NULL,AUTOMATIC,NULL,NULL,NULL,NULL,NULL,NULL,NULL,NULL,NULL
093ead30-6be2-51b1-8ce9-86eaea15d2db,2026-09-08T00:00:00,2026-09-08T00:00:00,0,36552017-d99d-59ca-9609-ed55b2537bf3,0,ALWAYS,NULL,ATTACK_ROLL,MELEE,1,FIXED,5,NULL,NULL,NULL,NULL,NULL
74a07d4e-c4ff-5602-96a2-c47c19dae097,2026-09-08T00:00:00,2026-09-08T00:00:00,0,a0684de9-c3b7-55f6-882c-bfabaf894090,0,ALWAYS,NULL,AUTOMATIC,NULL,NULL,NULL,NULL,NULL,NULL,NULL,NULL,NULL
ee93adf9-acef-5599-a73e-23049d7c7a26,2026-09-08T00:00:00,2026-09-08T00:00:00,0,56be0b8a-5bca-58b6-bb14-620dd371c5f0,0,ALWAYS,NULL,AUTOMATIC,NULL,NULL,NULL,NULL,NULL,NULL,NULL,NULL,NULL
44c44e4d-b763-52f0-9891-96340ead5b2a,2026-09-08T00:00:00,2026-09-08T00:00:00,0,d1b2a15c-47d7-5d7a-8ff3-064c9b556b9c,0,ALWAYS,NULL,ATTACK_ROLL,MELEE,3,FIXED,5,NULL,NULL,NULL,NULL,NULL
471f6630-ca60-510c-8733-29b68d30b49e,2026-09-08T00:00:00,2026-09-08T00:00:00,0,c1021ce0-e291-5463-be34-aeaad3132947,0,ALWAYS,NULL,AUTOMATIC,NULL,NULL,NULL,NULL,NULL,NULL,NULL,NULL,NULL
5a4e776b-c328-5d24-be76-a7bf7787a895,2026-09-08T00:00:00,2026-09-08T00:00:00,0,20bb0a15-e8d6-5000-a15f-49ef8ac8db4c,0,ALWAYS,NULL,ATTACK_ROLL,MELEE,5,FIXED,5,NULL,NULL,NULL,NULL,NULL
1cc31c9c-3c70-5878-9bd7-2f5b6edc6233,2026-09-08T00:00:00,2026-09-08T00:00:00,0,2e016456-91c0-50f4-9f42-7dde4d39418a,0,ALWAYS,NULL,ATTACK_ROLL,MELEE,5,FIXED,5,NULL,NULL,NULL,NULL,NULL
68b8df08-aeac-5680-8ffb-5efe64cb5408,2026-09-08T00:00:00,2026-09-08T00:00:00,0,12f1d0f1-438a-5226-9e60-a276015e1cda,0,ALWAYS,NULL,AUTOMATIC,NULL,NULL,NULL,NULL,NULL,NULL,NULL,NULL,NULL
f65af04a-0873-526c-92d9-739d6d4b9618,2026-09-08T00:00:00,2026-09-08T00:00:00,0,23a73c58-2df9-575b-aa80-b3300fc95882,0,ALWAYS,NULL,AUTOMATIC,NULL,NULL,NULL,NULL,NULL,NULL,NULL,NULL,NULL
be0b28a2-876c-58d7-b752-c5d9a35d6627,2026-09-08T00:00:00,2026-09-08T00:00:00,0,77d8f6a1-fcaa-505a-b655-55dff0123cc0,0,ALWAYS,NULL,ATTACK_ROLL,MELEE,4,FIXED,5,NULL,NULL,NULL,NULL,NULL
cb483202-80f2-5281-ada3-54539ba7e834,2026-09-08T00:00:00,2026-09-08T00:00:00,0,6cba6307-18ba-57e9-ba13-da7670bf36f4,0,ALWAYS,NULL,AUTOMATIC,NULL,NULL,NULL,NULL,NULL,NULL,NULL,NULL,NULL
0d23c55f-5790-53a4-8eb3-ace40d1ca2eb,2026-09-08T00:00:00,2026-09-08T00:00:00,0,514de89a-d41d-5116-ae85-38d6b30bafd5,0,ALWAYS,NULL,ATTACK_ROLL,MELEE,5,FIXED,10,NULL,NULL,NULL,NULL,NULL
f4db16b4-2537-59d5-b538-25eee188f9a2,2026-09-08T00:00:00,2026-09-08T00:00:00,0,7608af85-95ad-5283-95c2-932c8c7adb93,0,ALWAYS,NULL,AUTOMATIC,NULL,NULL,NULL,NULL,NULL,NULL,NULL,NULL,NULL
b0c94a8d-354c-5465-a2f5-d6be6984f92c,2026-09-08T00:00:00,2026-09-08T00:00:00,0,b4556f3c-e3b8-5eaf-a092-a6b21f28bc65,0,ALWAYS,NULL,AUTOMATIC,NULL,NULL,NULL,NULL,NULL,NULL,NULL,NULL,NULL
647b2802-8b55-5ed7-819c-120b93d94c40,2026-09-08T00:00:00,2026-09-08T00:00:00,0,f31bbcf7-e3c0-567e-addd-42193f7c592d,0,ALWAYS,NULL,ATTACK_ROLL,MELEE,4,FIXED,5,NULL,NULL,NULL,NULL,NULL
3b56b5b1-702b-57a1-b9d9-9c3eaf226dd0,2026-09-08T00:00:00,2026-09-08T00:00:00,0,6b98f28e-30c9-5b5b-9d6f-3643d254acf7,0,ALWAYS,NULL,AUTOMATIC,NULL,NULL,NULL,NULL,NULL,NULL,NULL,NULL,NULL
5d61df76-e4e3-5e81-83df-b1cb59d25a8d,2026-09-08T00:00:00,2026-09-08T00:00:00,0,099642ca-f6e6-597b-a013-c1382e3c041c,0,ALWAYS,NULL,AUTOMATIC,NULL,NULL,NULL,NULL,NULL,NULL,NULL,NULL,NULL
23495d55-ea8f-5f8a-b712-6ed606a1d43f,2026-09-08T00:00:00,2026-09-08T00:00:00,0,b26afb36-7a0e-5785-bc20-12c8c61d969c,0,ALWAYS,NULL,ATTACK_ROLL,MELEE,5,FIXED,NULL,NULL,NULL,NULL,NULL,NULL
86119452-212a-538b-a4d3-066e89ac4e94,2026-09-08T00:00:00,2026-09-08T00:00:00,0,06d80ed4-8a9f-5883-b811-424d5beff68a,0,ALWAYS,NULL,AUTOMATIC,NULL,NULL,NULL,NULL,NULL,NULL,NULL,NULL,NULL
1c9c7737-6665-51e2-b33c-2b25f0f16f6f,2026-09-08T00:00:00,2026-09-08T00:00:00,0,300d74b9-f80b-5da2-9023-f0e56dc40901,0,ALWAYS,NULL,ATTACK_ROLL,MELEE,5,FIXED,5,NULL,NULL,NULL,NULL,NULL
06e6b4b6-58ce-5156-b0d1-6f66b5ed6ce6,2026-09-08T00:00:00,2026-09-08T00:00:00,0,8cebc7fc-c565-52ce-8340-58ebcc6b32d3,0,ALWAYS,NULL,ATTACK_ROLL,MELEE,5,FIXED,5,NULL,NULL,NULL,NULL,NULL
d4aa4812-5a84-5eea-9998-455ca6761e34,2026-09-08T00:00:00,2026-09-08T00:00:00,0,f882a941-cdf8-586a-8a15-afcf342a4a11,0,ALWAYS,NULL,AUTOMATIC,NULL,NULL,NULL,NULL,NULL,NULL,NULL,NULL,NULL
f09b6d82-45fc-5c02-bbc8-2a7481290e37,2026-09-08T00:00:00,2026-09-08T00:00:00,0,077202d4-ab3d-5152-abd8-0e9373fb2bfb,0,ALWAYS,NULL,ATTACK_ROLL,MELEE,4,FIXED,5,NULL,NULL,NULL,NULL,NULL
84b83fbf-ae67-5bde-b672-8c613793f572,2026-09-08T00:00:00,2026-09-08T00:00:00,0,709ddf34-a12f-5c03-a353-c04a6cca1896,0,ALWAYS,NULL,AUTOMATIC,NULL,NULL,NULL,NULL,NULL,NULL,NULL,NULL,NULL
0194ed87-9d92-56e7-97e5-b56913f0e009,2026-09-08T00:00:00,2026-09-08T00:00:00,0,4504725e-862a-5af5-bb8d-a7f09f459a43,0,ALWAYS,NULL,AUTOMATIC,NULL,NULL,NULL,NULL,NULL,NULL,NULL,NULL,NULL
10cf1ffb-e575-5ae5-9763-d1e05ab22055,2026-09-08T00:00:00,2026-09-08T00:00:00,0,55274bfa-16bb-5cb1-9345-74d079fb5301,0,ALWAYS,NULL,AUTOMATIC,NULL,NULL,NULL,NULL,NULL,NULL,NULL,NULL,NULL
93ab2a3e-bcd3-5099-8a5b-3b5655454680,2026-09-08T00:00:00,2026-09-08T00:00:00,0,b655fef0-c1cd-5cda-a858-81b9615dd5b6,0,ALWAYS,NULL,ATTACK_ROLL,MELEE,9,FIXED,5,NULL,NULL,NULL,NULL,NULL
bac83d6d-5c47-57cf-bf21-5ceb47d73910,2026-09-08T00:00:00,2026-09-08T00:00:00,0,959fb3cd-5522-5ccf-b30c-44555c3d71a9,0,ALWAYS,NULL,AUTOMATIC,NULL,NULL,NULL,NULL,NULL,NULL,NULL,NULL,NULL
7ac34905-f1bb-544e-be51-f9490eb96442,2026-09-08T00:00:00,2026-09-08T00:00:00,0,19cb777a-b4fd-5f17-b7ba-853424da8d91,0,ALWAYS,NULL,AUTOMATIC,NULL,NULL,NULL,NULL,NULL,NULL,NULL,NULL,NULL
94f9fa0f-d1a5-5caf-a486-c399c9c125ff,2026-09-08T00:00:00,2026-09-08T00:00:00,0,e878bcb0-e261-5af0-af75-610524c53489,0,ALWAYS,NULL,ATTACK_ROLL,MELEE,5,FIXED,5,NULL,NULL,NULL,NULL,NULL
b1cb6062-88e1-5cfb-8144-972248916aec,2026-09-08T00:00:00,2026-09-08T00:00:00,0,3828374a-7f85-50b4-8ac0-ec7b48391dd8,0,ALWAYS,NULL,SAVING_THROW,NULL,NULL,NULL,NULL,60,NULL,DEXTERITY,13,FIXED
1e3f8c74-227d-5c82-bf2a-6707bded5d91,2026-09-08T00:00:00,2026-09-08T00:00:00,0,fcef6821-bcf5-525f-b0cc-dd9822fb263c,0,ALWAYS,NULL,AUTOMATIC,NULL,NULL,NULL,NULL,NULL,NULL,NULL,NULL,NULL
b00e0027-e0bf-5bf6-893d-e49b3e869dbc,2026-09-08T00:00:00,2026-09-08T00:00:00,0,09625efe-36a3-5474-8d12-2316a1415ce7,0,ALWAYS,NULL,AUTOMATIC,NULL,NULL,NULL,NULL,NULL,NULL,NULL,NULL,NULL
39df268e-7fc8-5d2d-a59b-c939cc354eea,2026-09-08T00:00:00,2026-09-08T00:00:00,0,b8964d59-efbd-503c-8bc7-7e16c7538cf9,0,ALWAYS,NULL,ATTACK_ROLL,MELEE,4,FIXED,5,NULL,NULL,NULL,NULL,NULL
76f13d98-a965-5a7d-9b58-07c6f85d9b56,2026-09-08T00:00:00,2026-09-08T00:00:00,0,884ba691-67ea-5f7f-a259-2a0ea0dc9c07,0,ALWAYS,NULL,AUTOMATIC,NULL,NULL,NULL,NULL,NULL,NULL,NULL,NULL,NULL
20a333e8-4244-5e13-8392-f79549277374,2026-09-08T00:00:00,2026-09-08T00:00:00,0,519e4cc8-fda0-5ec7-8885-c1c1f472974e,0,ALWAYS,NULL,ATTACK_ROLL,MELEE,6,FIXED,10,NULL,NULL,NULL,NULL,NULL
9142c91f-c128-5585-9fc8-f104ef159280,2026-09-08T00:00:00,2026-09-08T00:00:00,0,f7d609e7-7b7c-5479-b182-d0e8e0d5aa8b,0,ALWAYS,NULL,AUTOMATIC,NULL,NULL,NULL,NULL,NULL,NULL,NULL,NULL,NULL
9e2c0f35-e073-52ba-9ad9-34424a081eae,2026-09-08T00:00:00,2026-09-08T00:00:00,0,be7b61b5-20e7-56c1-a40c-0da5127fe4c8,0,ALWAYS,NULL,ATTACK_ROLL,MELEE,4,FIXED,5,NULL,NULL,NULL,NULL,NULL
aeb7a73a-ba6c-535f-9716-6dc8541588c1,2026-09-08T00:00:00,2026-09-08T00:00:00,0,ce42c1c7-3057-5285-9238-9982db15b063,0,ALWAYS,NULL,AUTOMATIC,NULL,NULL,NULL,NULL,NULL,NULL,NULL,NULL,NULL
71a778f8-9a59-5855-a530-51d2fd232f71,2026-09-08T00:00:00,2026-09-08T00:00:00,0,807b5ff2-dac5-5932-b9f1-bec88e9ab039,0,ALWAYS,NULL,ATTACK_ROLL,MELEE,4,FIXED,5,NULL,NULL,NULL,NULL,NULL
d8b3199c-2bf0-5f84-b307-a44ae45dbd19,2026-09-08T00:00:00,2026-09-08T00:00:00,0,a849f6b1-2558-51ee-a35a-b44f28b4340e,0,ALWAYS,NULL,ATTACK_ROLL,MELEE,5,FIXED,5,NULL,NULL,NULL,NULL,NULL
2e146314-91a3-5825-94c8-0412ca74ba4d,2026-09-08T00:00:00,2026-09-08T00:00:00,0,0dc3ffe3-21ae-5028-bf31-0c57b79e1d48,0,ALWAYS,NULL,AUTOMATIC,NULL,NULL,NULL,NULL,NULL,NULL,NULL,NULL,NULL
bf10f96b-eace-599c-b828-33d01575d94f,2026-09-08T00:00:00,2026-09-08T00:00:00,0,96b96f93-bdbc-5042-aaa1-dfa51305afaa,0,ALWAYS,NULL,ATTACK_ROLL,MELEE,5,FIXED,5,NULL,NULL,NULL,NULL,NULL
042c4a6f-4a29-5db0-a4db-28145d5e6805,2026-09-08T00:00:00,2026-09-08T00:00:00,0,46b92fc0-46a2-5460-b436-42f9918f8fd2,0,ALWAYS,NULL,ATTACK_ROLL,MELEE,2,FIXED,5,NULL,NULL,NULL,NULL,NULL
6e30ccd3-9aa2-5ac4-ad76-a0b94a1660a7,2026-09-08T00:00:00,2026-09-08T00:00:00,0,cb84c800-de42-549a-b226-f9d474eb88cb,0,ALWAYS,NULL,ATTACK_ROLL,MELEE,5,FIXED,5,NULL,NULL,NULL,NULL,NULL
757ede9a-245d-5be9-8cc1-ee1bf764a6f1,2026-09-08T00:00:00,2026-09-08T00:00:00,0,893cf81e-8a78-54dc-89a3-b8db3b86e8d5,0,ALWAYS,NULL,AUTOMATIC,NULL,NULL,NULL,NULL,NULL,NULL,NULL,NULL,NULL
4f12a6b1-8452-550c-be94-8cd1e0aaca32,2026-09-08T00:00:00,2026-09-08T00:00:00,0,66c6275d-44ff-5e24-a5db-d46521ee06b5,0,ALWAYS,NULL,AUTOMATIC,NULL,NULL,NULL,NULL,NULL,NULL,NULL,NULL,NULL
a70e9903-d8e0-5788-89ad-4789c3b72227,2026-09-08T00:00:00,2026-09-08T00:00:00,0,356aabf9-c7c0-5364-9c81-592d45435917,0,ALWAYS,NULL,ATTACK_ROLL,MELEE,7,FIXED,5,NULL,NULL,NULL,NULL,NULL
4c83f75f-3209-53cb-9439-54632384c3cf,2026-09-08T00:00:00,2026-09-08T00:00:00,0,0cec32bf-70e0-5bf9-b7c2-d9856a5085b3,0,ALWAYS,NULL,AUTOMATIC,NULL,NULL,NULL,NULL,NULL,NULL,NULL,NULL,NULL
854368e8-75de-58b5-8837-9b0ebbc6bebb,2026-09-08T00:00:00,2026-09-08T00:00:00,0,532c1090-be2f-5d63-8499-cc8c362d6f26,0,ALWAYS,NULL,ATTACK_ROLL,MELEE,6,FIXED,5,NULL,NULL,NULL,NULL,NULL
1bfc9993-d140-53cf-9b4f-76ef1ca6c5be,2026-09-08T00:00:00,2026-09-08T00:00:00,0,5cb60bf2-a338-5d17-8551-de76d2fe311d,0,ALWAYS,NULL,AUTOMATIC,NULL,NULL,NULL,NULL,NULL,NULL,NULL,NULL,NULL
409fb762-021d-543a-aba7-29b9ac0a2913,2026-09-08T00:00:00,2026-09-08T00:00:00,0,5884d9b8-4755-55ef-ad90-d1abbcbba689,0,ALWAYS,NULL,ATTACK_ROLL,MELEE,2,FIXED,5,NULL,NULL,NULL,NULL,NULL
3afe9fdf-260c-512a-8e11-96eefc580989,2026-09-08T00:00:00,2026-09-08T00:00:00,0,194c7c35-9e60-5381-a68d-66253fa30e43,0,ALWAYS,NULL,ATTACK_ROLL,MELEE,1,FIXED,5,NULL,NULL,NULL,NULL,NULL
27484db2-d7e5-5a68-b54e-a6179d28d076,2026-09-08T00:00:00,2026-09-08T00:00:00,0,97374fab-78ee-58ee-96d4-a30efa9f603b,0,ALWAYS,NULL,AUTOMATIC,NULL,NULL,NULL,NULL,NULL,NULL,NULL,NULL,NULL
626f7084-aea9-59ad-96bd-3ebc80023bfa,2026-09-08T00:00:00,2026-09-08T00:00:00,0,36b38dec-f2c8-5af1-a675-1dd2b2c74b1a,0,ALWAYS,NULL,ATTACK_ROLL,MELEE,6,FIXED,5,NULL,NULL,NULL,NULL,NULL
4dde09de-87ce-5384-8d8c-b3d43e9d0527,2026-09-08T00:00:00,2026-09-08T00:00:00,0,f5ff28e3-93d4-5267-ac7a-8cab6bfbf067,0,ALWAYS,NULL,AUTOMATIC,NULL,NULL,NULL,NULL,NULL,NULL,NULL,NULL,NULL
d79007c2-a436-5761-b07b-d04e4546f76b,2026-09-08T00:00:00,2026-09-08T00:00:00,0,ce30a4fe-05f7-583f-ab55-562a8c72b345,0,ALWAYS,NULL,AUTOMATIC,NULL,NULL,NULL,NULL,NULL,NULL,NULL,NULL,NULL
7ba43d12-f918-53cc-bb97-90076dfb3b27,2026-09-08T00:00:00,2026-09-08T00:00:00,0,71faf9cb-89ea-5531-80bc-812f7730478d,0,ALWAYS,NULL,AUTOMATIC,NULL,NULL,NULL,NULL,NULL,NULL,NULL,NULL,NULL
780c9f39-effe-5994-9cd0-961c11e12783,2026-09-08T00:00:00,2026-09-08T00:00:00,0,e3848210-509a-5508-bdc6-35b4b0006f2d,0,ALWAYS,NULL,ATTACK_ROLL,MELEE,5,FIXED,5,NULL,NULL,NULL,NULL,NULL
06e51c08-6fc1-54da-82b7-25f0fd1df66d,2026-09-08T00:00:00,2026-09-08T00:00:00,0,58d97220-ff2f-587a-85e9-957b3c81defb,0,ALWAYS,NULL,SAVING_THROW,NULL,NULL,NULL,NULL,15,NULL,WISDOM,11,FIXED
e81201eb-6390-59af-a65a-dbfcb0b25dc0,2026-09-08T00:00:00,2026-09-08T00:00:00,0,03c40f71-710d-5e9d-b006-0de4664943ae,0,ALWAYS,NULL,AUTOMATIC,NULL,NULL,NULL,NULL,NULL,NULL,NULL,NULL,NULL
d020d079-2946-5144-86f6-510810e559b2,2026-09-08T00:00:00,2026-09-08T00:00:00,0,a7e9e09a-9c07-5f89-88f8-9222f2c3dcc3,0,ALWAYS,NULL,ATTACK_ROLL,MELEE,2,FIXED,5,NULL,NULL,NULL,NULL,NULL
33802be4-84be-5b06-a2d4-2dfb9d4d68b6,2026-09-08T00:00:00,2026-09-08T00:00:00,0,a2df0027-62bb-5c08-b403-5f188aefe9ed,0,ALWAYS,NULL,AUTOMATIC,NULL,NULL,NULL,NULL,NULL,NULL,NULL,NULL,NULL
30e3d1b0-bf73-595e-91af-db5226984e88,2026-09-08T00:00:00,2026-09-08T00:00:00,0,1c905f13-3ab7-5af8-81bf-704a7b3b2520,0,ALWAYS,NULL,ATTACK_ROLL,MELEE,10,FIXED,10,NULL,NULL,NULL,NULL,NULL
837c9dec-ddd0-522e-bdff-8b82c92410e0,2026-09-08T00:00:00,2026-09-08T00:00:00,0,be58eb6d-7f95-5b26-b759-44f653c1b20b,0,ALWAYS,NULL,SAVING_THROW,NULL,NULL,NULL,NULL,5,NULL,DEXTERITY,18,FIXED
a59b9425-ec99-5515-a0a7-b86b3a891360,2026-09-08T00:00:00,2026-09-08T00:00:00,0,6cfefc5e-a5c1-5668-8bb9-770c88a16c9d,0,ALWAYS,NULL,ATTACK_ROLL,MELEE,3,FIXED,5,NULL,NULL,NULL,NULL,NULL
d712709c-05bb-5483-89d3-9fc63932fcf1,2026-09-08T00:00:00,2026-09-08T00:00:00,0,058d5a86-3d4b-53bd-b659-04719f8e2b51,0,ALWAYS,NULL,AUTOMATIC,NULL,NULL,NULL,NULL,NULL,NULL,NULL,NULL,NULL
6de18c99-2b60-5443-a70c-2f0b4703f2a1,2026-09-08T00:00:00,2026-09-08T00:00:00,0,0fc06aca-4f94-5b9c-bc8b-dad0616c85db,0,ALWAYS,NULL,ATTACK_ROLL,MELEE,4,FIXED,5,NULL,NULL,NULL,NULL,NULL
4e22a878-2512-5f6d-b76f-398acb549aa1,2026-09-08T00:00:00,2026-09-08T00:00:00,0,c8c3749b-ef3c-5a33-b9bc-2daf443bed57,0,ALWAYS,NULL,AUTOMATIC,NULL,NULL,NULL,NULL,NULL,NULL,NULL,NULL,NULL
d0990a37-372a-5da9-a43d-46ecd131b29c,2026-09-08T00:00:00,2026-09-08T00:00:00,0,15f6953a-7efa-5bc7-9ee7-e5227b6bb727,0,ALWAYS,NULL,AUTOMATIC,NULL,NULL,NULL,NULL,NULL,NULL,NULL,NULL,NULL
b9006fe0-2c84-5861-9c23-cf731589810b,2026-09-08T00:00:00,2026-09-08T00:00:00,0,3ec15f4d-fc4d-514e-a5a5-ed13eb275e28,0,ALWAYS,NULL,ATTACK_ROLL,MELEE,4,FIXED,5,NULL,NULL,NULL,NULL,NULL
a6ede215-6a64-5d39-b590-fda0d992c738,2026-09-08T00:00:00,2026-09-08T00:00:00,0,d89907d2-5775-5616-b297-250cbfc09ea6,0,ALWAYS,NULL,AUTOMATIC,NULL,NULL,NULL,NULL,NULL,NULL,NULL,NULL,NULL
71ab4590-b590-5281-8ef6-e6d1265f8888,2026-09-08T00:00:00,2026-09-08T00:00:00,0,b03c7d21-fee6-53fb-9b1c-0ea3a3239ce8,0,ALWAYS,NULL,AUTOMATIC,NULL,NULL,NULL,NULL,NULL,NULL,NULL,NULL,NULL
2845e7cc-ef95-5752-ba8e-c064fd5d25a9,2026-09-08T00:00:00,2026-09-08T00:00:00,0,9ae783cc-1554-5d72-9c5c-9dd1bccbb376,0,ALWAYS,NULL,ATTACK_ROLL,MELEE,3,FIXED,5,NULL,NULL,NULL,NULL,NULL
2dd24a34-b902-5179-af68-291372387d9d,2026-09-08T00:00:00,2026-09-08T00:00:00,0,ea3f07e9-9d6a-53fc-892b-426ac3ef102f,0,ALWAYS,NULL,ATTACK_ROLL,MELEE,5,FIXED,5,NULL,NULL,NULL,NULL,NULL
9628f173-6a6e-5b98-b8cf-0a3736411eec,2026-09-08T00:00:00,2026-09-08T00:00:00,0,7df727c7-82f3-566a-9efa-0a0cb22b18ec,0,ALWAYS,NULL,AUTOMATIC,NULL,NULL,NULL,NULL,NULL,NULL,NULL,NULL,NULL
a2a4d9b9-4fc3-5a4e-8868-f8b840492690,2026-09-08T00:00:00,2026-09-08T00:00:00,0,eea6d760-f1f0-536d-8cc7-01d223be8916,0,ALWAYS,NULL,AUTOMATIC,NULL,NULL,NULL,NULL,NULL,NULL,NULL,NULL,NULL
5bb3325c-9731-56ee-9215-fe8a407cdeab,2026-09-08T00:00:00,2026-09-08T00:00:00,0,4449af77-d08d-5c56-98cf-877d6beccba6,0,ALWAYS,NULL,ATTACK_ROLL,MELEE,5,FIXED,5,NULL,NULL,NULL,NULL,NULL
5af4f440-8a13-5ea7-9162-b423d05dbcf4,2026-09-08T00:00:00,2026-09-08T00:00:00,0,1045d67e-c216-5476-abcf-f52b1920a390,0,ALWAYS,NULL,AUTOMATIC,NULL,NULL,NULL,NULL,NULL,NULL,NULL,NULL,NULL
b34ed138-5d9e-57d9-9756-10fb694e268d,2026-09-08T00:00:00,2026-09-08T00:00:00,0,0fd8702d-1661-543a-88d6-1a347143d1f2,0,ALWAYS,NULL,ATTACK_ROLL,MELEE,6,FIXED,10,NULL,NULL,NULL,NULL,NULL
ddb6192f-c999-5ba0-a18d-f79d81704b0f,2026-09-08T00:00:00,2026-09-08T00:00:00,0,4b3a24f2-4c07-56d7-9926-a47915b1dbc0,0,ALWAYS,NULL,AUTOMATIC,NULL,NULL,NULL,NULL,NULL,NULL,NULL,NULL,NULL
0e19998f-6d73-52e8-b642-4f7790a72b12,2026-09-08T00:00:00,2026-09-08T00:00:00,0,08ce7132-bfe7-5642-bce3-4fe716cd1117,0,ALWAYS,NULL,ATTACK_ROLL,MELEE,7,FIXED,5,NULL,NULL,NULL,NULL,NULL
42ea6cb3-cb90-5b68-9c52-a17e2ad5666a,2026-09-08T00:00:00,2026-09-08T00:00:00,0,dc4f5901-0a28-5ae2-9931-64ad2a6bbea6,0,ALWAYS,NULL,ATTACK_ROLL,MELEE,4,FIXED,5,NULL,NULL,NULL,NULL,NULL
8bc02655-aaf2-513f-b0fb-cbbf9fb90e67,2026-09-08T00:00:00,2026-09-08T00:00:00,0,3d81051c-d86b-5712-ac65-06ced311be8a,0,ALWAYS,NULL,AUTOMATIC,NULL,NULL,NULL,NULL,NULL,NULL,NULL,NULL,NULL
dc94adae-48e5-5c49-acb3-114ed3fe80fc,2026-09-08T00:00:00,2026-09-08T00:00:00,0,e1517086-5b07-5b02-a219-fdafbd350f31,0,ALWAYS,NULL,ATTACK_ROLL,MELEE,4,FIXED,5,NULL,NULL,NULL,NULL,NULL
da252ffe-afa3-534f-a697-07ea6fa46483,2026-09-08T00:00:00,2026-09-08T00:00:00,0,9f71757a-394f-56c2-af97-c65986a19da1,0,ALWAYS,NULL,AUTOMATIC,NULL,NULL,NULL,NULL,NULL,NULL,NULL,NULL,NULL
cc9af931-d4ed-58e4-8433-3405928c12b4,2026-09-08T00:00:00,2026-09-08T00:00:00,0,f500d9ae-2991-5cac-83e7-de137d885004,0,ALWAYS,NULL,ATTACK_ROLL,MELEE,2,FIXED,5,NULL,NULL,NULL,NULL,NULL
36fdd3fc-b1d9-59eb-b117-9fea37d40757,2026-09-08T00:00:00,2026-09-08T00:00:00,0,9d84d5d1-de63-5b0c-8873-d6df4570ca53,0,ALWAYS,NULL,AUTOMATIC,NULL,NULL,NULL,NULL,NULL,NULL,NULL,NULL,NULL
95504b61-9bf2-556e-a544-dd10f2cb6c5a,2026-09-08T00:00:00,2026-09-08T00:00:00,0,e0017f5b-cd91-52d0-824c-980c02dcc159,0,ALWAYS,NULL,ATTACK_ROLL,MELEE,4,FIXED,5,NULL,NULL,NULL,NULL,NULL
029100c8-5227-5add-867d-d7014c37bf43,2026-09-08T00:00:00,2026-09-08T00:00:00,0,5d5893a0-58b8-5f9a-a743-2cd77c59662b,0,ALWAYS,NULL,AUTOMATIC,NULL,NULL,NULL,NULL,NULL,NULL,NULL,NULL,NULL
53304045-9df9-5886-8b73-c37c613f2e1d,2026-09-08T00:00:00,2026-09-08T00:00:00,0,b23555ac-8ac6-5ad4-9046-551b0824e6d2,0,ALWAYS,NULL,AUTOMATIC,NULL,NULL,NULL,NULL,NULL,NULL,NULL,NULL,NULL
d20eb884-770c-5908-b4f1-861f42bfd8da,2026-09-08T00:00:00,2026-09-08T00:00:00,0,7c0ef8bc-9fe5-5164-a9e9-a5bf95d5912c,0,ALWAYS,NULL,ATTACK_ROLL,MELEE,4,FIXED,5,NULL,NULL,NULL,NULL,NULL
813a4840-108c-5c03-b0cd-c8bac435f44c,2026-09-08T00:00:00,2026-09-08T00:00:00,0,ecc7ed6d-53af-58da-895a-cf43bd926233,0,ALWAYS,NULL,ATTACK_ROLL,MELEE,7,FIXED,5,NULL,NULL,NULL,NULL,NULL
c9720858-77d4-5f50-8ca8-3b0d37a9027f,2026-09-08T00:00:00,2026-09-08T00:00:00,0,78315d73-d115-52c7-bfe3-53192b34e9e5,0,ALWAYS,NULL,ATTACK_ROLL,MELEE,5,FIXED,5,NULL,NULL,NULL,NULL,NULL
e3ad3858-5e12-5bbb-b37f-271d0d9a82f5,2026-09-08T00:00:00,2026-09-08T00:00:00,0,35330d89-08a5-51fd-8c6b-517336798f86,0,ALWAYS,NULL,AUTOMATIC,NULL,NULL,NULL,NULL,NULL,NULL,NULL,NULL,NULL
00e3d5c5-c7b2-5acd-ad34-9febed6cc6b9,2026-09-08T00:00:00,2026-09-08T00:00:00,0,5306fea3-9179-50c9-b675-a7049791a43b,0,ALWAYS,NULL,AUTOMATIC,NULL,NULL,NULL,NULL,NULL,NULL,NULL,NULL,NULL
e874aef1-1106-5f85-b0e4-440f120bd931,2026-09-08T00:00:00,2026-09-08T00:00:00,0,7903711c-e46d-564c-9479-94800ae86192,0,ALWAYS,NULL,ATTACK_ROLL,MELEE,6,FIXED,5,NULL,NULL,NULL,NULL,NULL
160b92d2-15f9-5f2d-89c0-7ddbf9069c76,2026-09-08T00:00:00,2026-09-08T00:00:00,0,dc555d5d-afaa-5173-9d24-0354369a7c99,0,ALWAYS,NULL,AUTOMATIC,NULL,NULL,NULL,NULL,NULL,NULL,NULL,NULL,NULL
6c5eec7d-e05b-58a9-92c6-48b54e80cf99,2026-09-08T00:00:00,2026-09-08T00:00:00,0,953e7cd4-832b-5d9b-a2ea-76610044fdf2,0,ALWAYS,NULL,ATTACK_ROLL,MELEE,2,FIXED,5,NULL,NULL,NULL,NULL,NULL
b08e057b-73fa-5056-842d-630c38d7b8fc,2026-09-08T00:00:00,2026-09-08T00:00:00,0,00e4db2e-c4ae-52c5-93c5-0f4782fdf962,0,ALWAYS,NULL,AUTOMATIC,NULL,NULL,NULL,NULL,NULL,NULL,NULL,NULL,NULL
ad95ab24-a0f9-57a8-a349-f3e85ecb5947,2026-09-08T00:00:00,2026-09-08T00:00:00,0,ebe7a2e2-154d-5496-80b0-960c0025df5d,0,ALWAYS,NULL,AUTOMATIC,NULL,NULL,NULL,NULL,NULL,NULL,NULL,NULL,NULL
d161710c-9665-5f31-8686-788e8fb08063,2026-09-08T00:00:00,2026-09-08T00:00:00,0,0fc06221-9c42-5ac8-9be3-43fefde3529d,0,ALWAYS,NULL,AUTOMATIC,NULL,NULL,NULL,NULL,NULL,NULL,NULL,NULL,NULL
0dfea2b4-525b-5500-b64e-9feca1623a7b,2026-09-08T00:00:00,2026-09-08T00:00:00,0,a09853a8-1927-5e67-90b6-f3eaf0782624,0,ALWAYS,NULL,AUTOMATIC,NULL,NULL,NULL,NULL,NULL,NULL,NULL,NULL,NULL
a4a63cb2-87ed-584b-a91a-353babeebd01,2026-09-08T00:00:00,2026-09-08T00:00:00,0,cf28cdfd-e4a3-5735-8119-cee11e6a751a,0,ALWAYS,NULL,ATTACK_ROLL,MELEE,4,FIXED,5,NULL,NULL,NULL,NULL,NULL
9fc7cbdb-13af-5cf4-a5ab-0f89fdc7b850,2026-09-08T00:00:00,2026-09-08T00:00:00,0,8598cbd1-d86e-5996-84f0-85ebb3a1804f,0,ALWAYS,NULL,AUTOMATIC,NULL,NULL,NULL,NULL,NULL,NULL,NULL,NULL,NULL
724fdf79-bd99-54e8-b6b3-e8efb3783f47,2026-09-08T00:00:00,2026-09-08T00:00:00,0,7d6fd4b1-a152-526b-b17a-2324d20eccb3,0,ALWAYS,NULL,ATTACK_ROLL,MELEE,4,FIXED,5,NULL,NULL,NULL,NULL,NULL
5ca1aa51-c7b3-5a8e-b7fe-168ca10d2d14,2026-09-08T00:00:00,2026-09-08T00:00:00,0,40d166c9-1d1f-51ac-b924-d3d65691b2aa,0,ALWAYS,NULL,AUTOMATIC,NULL,NULL,NULL,NULL,NULL,NULL,NULL,NULL,NULL
dfd50f67-7579-53dd-83c1-7bbf2dd3b674,2026-09-08T00:00:00,2026-09-08T00:00:00,0,07efe51c-8374-5285-be6e-8ddccbba6c5e,0,ALWAYS,NULL,AUTOMATIC,NULL,NULL,NULL,NULL,NULL,NULL,NULL,NULL,NULL
b5be5fe0-de86-5a12-bddc-ccb00becb1fc,2026-09-08T00:00:00,2026-09-08T00:00:00,0,0b5f7965-0e9c-5b7a-916e-d00afbed78ef,0,ALWAYS,NULL,ATTACK_ROLL,MELEE,3,FIXED,5,NULL,NULL,NULL,NULL,NULL
5cb48345-657c-5a87-80a9-cf37e1bff25c,2026-09-08T00:00:00,2026-09-08T00:00:00,0,b7e7efbe-acb5-59f2-8fbc-5f71a4d0b122,0,ALWAYS,NULL,AUTOMATIC,NULL,NULL,NULL,NULL,NULL,NULL,NULL,NULL,NULL
5c1ec80e-c87d-549b-83d9-3d66ad20e017,2026-09-08T00:00:00,2026-09-08T00:00:00,0,13236a90-f77c-5659-8c47-e9dbcded0f09,0,ALWAYS,NULL,AUTOMATIC,NULL,NULL,NULL,NULL,NULL,NULL,NULL,NULL,NULL
78cffe06-a727-5a1a-a3d6-fad743a1fb65,2026-09-08T00:00:00,2026-09-08T00:00:00,0,a0d99255-358b-56ab-98b2-5ec593fbc71b,0,ALWAYS,NULL,ATTACK_ROLL,MELEE,5,FIXED,5,NULL,NULL,NULL,NULL,NULL
17e5b2e5-09df-5d05-8d6d-a5ea97a205e1,2026-09-08T00:00:00,2026-09-08T00:00:00,0,7819edb9-c626-50ef-a89a-7b89481dcd93,0,ALWAYS,NULL,AUTOMATIC,NULL,NULL,NULL,NULL,NULL,NULL,NULL,NULL,NULL
f66718dd-ad9c-55c0-8b92-4e77f42a88b1,2026-09-08T00:00:00,2026-09-08T00:00:00,0,87271684-c6db-5055-ac72-4672bcc5e8ec,0,ALWAYS,NULL,ATTACK_ROLL,MELEE,2,FIXED,5,NULL,NULL,NULL,NULL,NULL
43d98b60-593e-5d8d-8c2c-b3006d5c0009,2026-09-08T00:00:00,2026-09-08T00:00:00,0,2699548d-3273-5395-b750-4689d670935b,0,ALWAYS,NULL,AUTOMATIC,NULL,NULL,NULL,NULL,NULL,NULL,NULL,NULL,NULL
b89e4c21-fb76-55e9-9470-4aa2d5829cb9,2026-09-08T00:00:00,2026-09-08T00:00:00,0,ff347143-1417-5f07-934d-74615994af16,0,ALWAYS,NULL,ATTACK_ROLL,MELEE,4,FIXED,5,NULL,NULL,NULL,NULL,NULL
97e8e2e7-8f2a-5663-a2d1-9fa385754fce,2026-09-08T00:00:00,2026-09-08T00:00:00,0,aaf2a3af-a399-5fbf-86d7-17c4a7922f86,0,ALWAYS,NULL,SAVING_THROW,NULL,NULL,NULL,NULL,NULL,NULL,WISDOM,10,FIXED
1a48681d-9c3e-52a5-832c-6d37b8e52f58,2026-09-08T00:00:00,2026-09-08T00:00:00,0,5127d7e8-7649-5b56-a24e-4792f8315eec,0,ALWAYS,NULL,AUTOMATIC,NULL,NULL,NULL,NULL,NULL,NULL,NULL,NULL,NULL
568fca54-e8a9-576b-a287-030ed53528d8,2026-09-08T00:00:00,2026-09-08T00:00:00,0,801037e4-23c9-5803-9152-634e4275211d,0,ALWAYS,NULL,ATTACK_ROLL,MELEE,6,FIXED,5,NULL,NULL,NULL,NULL,NULL
ab835042-af2f-54a6-a8d0-ff8e1911d599,2026-09-08T00:00:00,2026-09-08T00:00:00,0,652401cb-96d1-578a-b932-5839f207d7d8,0,ALWAYS,NULL,ATTACK_ROLL,MELEE,5,FIXED,5,NULL,NULL,NULL,NULL,NULL
44d9adb4-e16c-5ccc-9c90-25f616115b96,2026-09-08T00:00:00,2026-09-08T00:00:00,0,d91d3605-37b4-5518-bd36-60dfa0915432,0,ALWAYS,NULL,AUTOMATIC,NULL,NULL,NULL,NULL,NULL,NULL,NULL,NULL,NULL
d536a614-2f79-5066-93cc-015c78843798,2026-09-08T00:00:00,2026-09-08T00:00:00,0,145e84b8-e9cc-5990-8bf2-079baed5018a,0,ALWAYS,NULL,AUTOMATIC,NULL,NULL,NULL,NULL,NULL,NULL,NULL,NULL,NULL
a41de5c8-eb88-5a5a-935c-d2981c948d63,2026-09-08T00:00:00,2026-09-08T00:00:00,0,2bf5f4b1-3ab1-571c-91ef-ddae7b183a67,0,ALWAYS,NULL,ATTACK_ROLL,MELEE,9,FIXED,5,NULL,NULL,NULL,NULL,NULL
b3d76457-8572-5311-b347-3c63f3511a0b,2026-09-08T00:00:00,2026-09-08T00:00:00,0,2e9ff2ca-a727-506d-8f41-635bc85bc34a,0,ALWAYS,NULL,AUTOMATIC,NULL,NULL,NULL,NULL,NULL,NULL,NULL,NULL,NULL
f4e7d20c-6ef0-5b89-a0a9-46718330ecc4,2026-09-08T00:00:00,2026-09-08T00:00:00,0,33810136-df85-5553-b385-e5cffb20b1f9,0,ALWAYS,NULL,ATTACK_ROLL,MELEE,10,FIXED,10,NULL,NULL,NULL,NULL,NULL
fbdfc1dc-23bc-551e-ada3-3758e5dcf5b8,2026-09-08T00:00:00,2026-09-08T00:00:00,0,9a46a91c-d495-5c96-a132-a00da506bb87,0,ALWAYS,NULL,ATTACK_ROLL,MELEE,10,FIXED,15,NULL,NULL,NULL,NULL,NULL
c3290bb6-2206-5470-b6ab-e40d3676272a,2026-09-08T00:00:00,2026-09-08T00:00:00,0,cb6e3cfc-9b2d-5196-b7c1-08b44904df92,0,ALWAYS,NULL,ATTACK_ROLL,MELEE,4,FIXED,5,NULL,NULL,NULL,NULL,NULL
aac164da-69a3-565e-a2b1-278a7c665579,2026-09-08T00:00:00,2026-09-08T00:00:00,0,daff64e6-2a95-5822-8038-518e2fa4d319,0,ALWAYS,NULL,AUTOMATIC,NULL,NULL,NULL,NULL,NULL,NULL,NULL,NULL,NULL
93519762-0010-5783-bbf9-01ef75853270,2026-09-08T00:00:00,2026-09-08T00:00:00,0,a4b87d57-c1d7-5562-96ac-0252bea8ee58,0,ALWAYS,NULL,ATTACK_ROLL,MELEE,2,FIXED,5,NULL,NULL,NULL,NULL,NULL
dce84f2f-8bd5-553c-9d2e-43871fe6a1c8,2026-09-08T00:00:00,2026-09-08T00:00:00,0,2b3ee06a-45c3-56f1-b52d-5149166b7a0f,0,ALWAYS,NULL,ATTACK_ROLL,MELEE,6,FIXED,5,NULL,NULL,NULL,NULL,NULL
6102dd88-53ca-5f54-88ab-760c9f9bd4f3,2026-09-08T00:00:00,2026-09-08T00:00:00,0,1a5875a1-4455-5ebf-acd7-cf06ca152465,0,ALWAYS,NULL,ATTACK_ROLL,MELEE,5,FIXED,5,NULL,NULL,NULL,NULL,NULL
329e98a8-e590-5d5a-8ac7-a7a971d98b7f,2026-09-08T00:00:00,2026-09-08T00:00:00,0,cab7dd70-2c45-5d02-a96f-fb4ad253c0af,0,ALWAYS,NULL,AUTOMATIC,NULL,NULL,NULL,NULL,NULL,NULL,NULL,NULL,NULL
5d625354-be73-57d0-bd95-b0eb845d32a6,2026-09-08T00:00:00,2026-09-08T00:00:00,0,8488441a-c4c9-5088-b245-4f3b53872233,0,ALWAYS,NULL,ATTACK_ROLL,MELEE,4,FIXED,5,NULL,NULL,NULL,NULL,NULL
